date;time;status;reference;description;assetType;type;isin;shares;price;amount;fee;tax;currency
2026-02-20;05:05:43;Pending;"JTSJXI4Y1YKUSWNTSBQHDF";"Scalable Capital Broker 4x Sparplan";Cash;Deposit;;;;1.200,00;0,00;;EUR
2026-02-19;00:13:16;Pending;"SCALkwT3rcGtfzp";"Western Digital";Security;Sell;US9581021055;0;0,00;0,00;0,00;0,00;EUR
2026-02-18;08:41:39;Pending;"SCALod7ET1JPFWu";"freenet";Security;Sell;DE000A0Z2ZZ5;0;0,00;0,00;0,00;0,00;EUR
2026-02-09;17:28:29;Pending;"SCALXAX5M4vxmqm";"Intel Corp";Security;Sell;US4581401001;0;0,00;0,00;0,00;0,00;EUR
2026-02-20;18:32:08;Executed;"SCALroBdv8dnZ33";"Münchener Rück";Security;Sell;DE0008430026;1;542,00;542,00;0,00;0,00;EUR
2026-02-20;16:10:14;Executed;"SCALgiC5UkiiXPZ";"Nasdaq 100 Long 5x Factor GS";Security;Sell;DE000GX82HZ4;25;19,593;489,825;0,00;0,00;EUR
2026-02-20;16:00:45;Executed;"SCALmWcjU9JtCsq";"Micron Technology";Security;Sell;US5951121038;2;360,00;720,00;0,00;0,00;EUR
2026-02-20;14:56:19;Executed;"SCALtk76eCrXU6J";"DAX Long 5x Factor GS";Security;Sell;DE000GH1L183;87;5,679;494,073;0,00;0,00;EUR
2026-02-20;14:56:08;Cancelled;"SCALENNzyUsR7DZ";"DAX Long 5x Factor GS";Security;Sell;DE000GH1L183;0;0,00;0,00;0,00;0,00;EUR
2026-02-20;12:29:11;Cancelled;"SCALwjpuzpr2Kqg";"DAX Long 5x Factor GS";Security;Sell;DE000GH1L183;0;0,00;0,00;0,00;0,00;EUR
2026-02-20;10:55:38;Executed;"SCALKMzQen9drna";"TeamViewer Short -2x Factor HVB";Security;Sell;DE000UG3X8A2;13;38,06;494,78;0,00;0,00;EUR
2026-02-20;10:54:41;Executed;"SCALzunfUgqFkHQ";"Invesco Physical Silver";Security;Sell;IE00B43VDT70;8;65,15;521,20;0,00;0,00;EUR
2026-02-20;08:33:50;Executed;"SCALALUBRMN5nqd";"E.ON";Security;Sell;DE000ENAG999;26;18,56;482,56;0,00;0,00;EUR
2026-02-20;08:22:54;Executed;"SCALzfEov4Mpggy";"Vonovia";Security;Buy;DE000A1ML7J1;18;27,41;-493,38;0,00;0,00;EUR
2026-02-20;08:21:54;Executed;"SCAL32xJXsaeFrf";"Merck";Security;Buy;DE0006599905;4;128,30;-513,20;0,00;0,00;EUR
2026-02-20;07:33:27;Executed;"SCALWjRaeUPTiDk";"SK HYNIX GDR";Security;Sell;US78392B1070;1;548,00;548,00;0,00;0,00;EUR
2026-02-20;07:30:11;Executed;"SCAL4FYnMfuhEtL";"Xtrackers MSCI Emerging Markets (Acc)";Security;Buy;IE00BTJRMP35;4;72,182;-288,728;0,00;0,00;EUR
2026-02-19;19:10:03;Executed;"SCALWeoGu33f2AC";"freenet";Security;Buy;DE000A0Z2ZZ5;16;30,74;-491,84;0,00;0,00;EUR
2026-02-19;15:43:04;Executed;"SCALbRtjK7P17Vp";"Micron Technology";Security;Buy;US5951121038;2;349,40;-698,80;0,00;0,00;EUR
2026-02-19;09:00:36;Executed;"SCALebXYQw7sqnZ";"Deutsche Lufthansa";Security;Sell;DE0008232125;55;9,30;511,50;0,00;0,00;EUR
2026-02-19;09:00:24;Cancelled;"SCALYaSN1ivkYLr";"Deutsche Lufthansa";Security;Sell;DE0008232125;0;0,00;0,00;0,00;0,00;EUR
2026-02-19;09:00:23;Executed;"SCALndoF9PfpDrp";"TeamViewer Short -2x Factor HVB";Security;Buy;DE000UG3X8A2;13;37,99;-493,87;0,00;0,00;EUR
2026-02-19;08:58:13;Executed;"SCAL8PaSMUv1tsK";"Renk Group";Security;Buy;DE000RENK730;8;61,60;-492,80;0,00;0,00;EUR
2026-02-19;08:57:55;Executed;"SCALDvC3wNP9Ycx";"Porsche Vz";Security;Buy;DE000PAG9113;11;42,22;-464,42;0,00;0,00;EUR
2026-02-19;08:54:36;Executed;"SCALLWdZqAY6TGv";"Infineon Technologies";Security;Buy;DE0006231004;10;46,18;-461,80;0,00;0,00;EUR
2026-02-19;08:36:41;Executed;"SCALL6WJ6fxtHMQ";"Nasdaq 100 Long 5x Factor GS";Security;Buy;DE000GX82HZ4;25;19,726;-493,15;0,00;0,00;EUR
2026-02-19;07:51:11;Executed;"SCALCSKnWkoEviU";"Rheinmetall";Security;Sell;DE0007030009;1;1.700,00;1.700,00;0,00;0,00;EUR
2026-02-19;01:00:00;Executed;"395674_cns3t2c78AFERemuBBek9Q";"ASML Holding";Cash;Distribution;NL0010273215;;;1,36;0,00;0,00;EUR
2026-02-19;00:12:31;Cancelled;"SCALSx6467PnUoS";"Western Digital";Security;Sell;US9581021055;0;0,00;0,00;0,00;0,00;EUR
2026-02-18;17:31:12;Executed;"SCALL56usfgPQZF";"Micron Technology";Security;Sell;US5951121038;2;360,05;720,10;0,00;0,00;EUR
2026-02-18;16:15:23;Executed;"SCALE6vT5P7fgfM";"ASML Holding";Security;Sell;NL0010273215;1;1.230,20;1.230,20;0,00;0,00;EUR
2026-02-18;09:23:53;Executed;"SCALcMy5Fwp4rJW";"DAX Long 5x Factor GS";Security;Buy;DE000GH1L183;87;5,748;-500,076;0,00;0,00;EUR
2026-02-18;09:23:24;Executed;"SCALJREqiRvdz4N";"Scout24 Short 5x Factor GS";Security;Sell;DE000GV6LA56;7;62,60;438,20;0,00;0,00;EUR
2026-02-18;08:43:15;Executed;"SCALqpKv2AnjMqP";"Fresenius";Security;Buy;DE0005785604;9;52,18;-469,62;0,00;0,00;EUR
2026-02-18;08:41:53;Executed;"SCALW4MitjsVD7F";"Heidelberg Materials";Security;Sell;DE0006047004;3;196,30;588,90;0,00;0,00;EUR
2026-02-18;01:00:00;Executed;"410480_cns3t2c78AFERemuBBek9Q";"Apple";Cash;Distribution;US0378331005;;;0,46;0,00;0,20;EUR
2026-02-17;21:21:11;Executed;"SCALyJ6BFpN3kSo";"Invesco Physical Silver";Security;Buy;IE00B43VDT70;8;59,135;-473,08;0,00;0,00;EUR
2026-02-17;21:20:30;Executed;"SCALg1FQF2c2UDJ";"Invesco Physical Gold A";Security;Buy;IE00B579F325;1;396,60;-396,60;0,00;0,00;EUR
2026-02-17;17:05:56;Executed;"SCALSQWoBtUpfGk";"MTU Aero Engines";Security;Sell;DE000A0D9PT0;1;400,00;400,00;0,00;0,00;EUR
2026-02-17;16:12:17;Executed;"SCALAvBmGdvHYbE";"Oracle";Security;Buy;US68389X1054;4;130,02;-520,08;0,00;0,00;EUR
2026-02-17;16:03:55;Cancelled;"SCAL8zsScWFMygF";"Scout24 Short 5x Factor GS";Security;Sell;DE000GV6LA56;0;0,00;0,00;0,00;0,00;EUR
2026-02-17;10:29:29;Executed;"SCALkykUp1ZU1KV";"Aroundtown";Security;Sell;LU1673108939;167;2,90;484,30;0,00;0,00;EUR
2026-02-17;09:59:16;Executed;"SCALByDngVs59Uy";"Henkel Vz";Security;Sell;DE0006048432;6;83,50;501,00;0,00;0,00;EUR
2026-02-17;09:00:04;Executed;"SCALEi1hzcxwuLT";"Scout24 Short 5x Factor GS";Security;Buy;DE000GV6LA56;7;65,44;-458,08;0,00;0,00;EUR
2026-02-17;07:48:01;Executed;"SCALm7jMZraSQrP";"K+S AG";Security;Sell;DE000KSAG888;34;14,42;490,28;0,00;0,00;EUR
2026-02-16;22:03:02;Executed;"SCALsXVKA9uX5PN";"SK HYNIX GDR";Security;Buy;US78392B1070;1;534,00;-534,00;0,00;0,00;EUR
2026-02-16;09:33:51;Executed;"SCAL1GCa9XkmFEc";"Heidelberg Materials";Security;Buy;DE0006047004;3;190,80;-572,40;0,00;0,00;EUR
2026-02-16;07:42:09;Executed;"SCALcdHuDku5RDF";"Henkel Vz";Security;Buy;DE0006048432;6;82,88;-497,28;0,00;0,00;EUR
2026-02-16;07:40:34;Executed;"SCALGmFGWABHGQ4";"Brenntag";Security;Buy;DE000A1DAHH0;8;58,40;-467,20;0,00;0,00;EUR
2026-02-16;07:40:03;Executed;"SCALKXoVx2LY1pA";"E.ON";Security;Buy;DE000ENAG999;26;18,58;-483,08;0,00;0,00;EUR
2026-02-16;07:38:20;Executed;"SCALNWxt2ZoYtz9";"Deutsche Post";Security;Sell;DE0005552004;20;49,03;980,60;0,00;0,00;EUR
2026-02-16;07:37:57;Executed;"SCALBGrhwdzgixD";"Micron Technology";Security;Buy;US5951121038;2;345,95;-691,90;0,00;0,00;EUR
2026-02-16;07:30:03;Executed;"SCALVwUKivupaGo";"SK HYNIX GDR";Security;Sell;US78392B1070;1;540,00;540,00;0,00;0,00;EUR
2026-02-13;21:36:55;Executed;"SCALb9orAY5e1J2";"Oracle";Security;Buy;US68389X1054;8;134,62;-1.076,96;0,00;0,00;EUR
2026-02-13;18:49:00;Executed;"SCAL37fH2f3Gctp";"Micron Technology";Security;Sell;US5951121038;1;353,15;353,15;0,00;0,00;EUR
2026-02-13;18:48:01;Executed;"SCALVmRxvWay19J";"Oracle";Security;Sell;US68389X1054;7;135,56;948,92;0,00;0,00;EUR
2026-02-13;13:32:28;Executed;"SCAL34CXwVkDwS1";"Sartorius Vz Short -3x Factor HVB";Security;Sell;DE000HD432Q0;109;4,11;447,99;0,00;0,00;EUR
2026-02-13;11:55:40;Executed;"SCALtxzSK7q8nK7";"iShares Core MSCI World (Acc)";Security;Savings plan;IE00B4L5Y983;2,681684;111,87;-299,99998908;0,00;0,00;EUR
2026-02-13;09:44:08;Executed;"SCALMSw2ArWCsua";"TeamViewer Short 2x Factor GS";Security;Sell;DE000GU3SA96;24;21,23;509,52;0,00;0,00;EUR
2026-02-13;09:09:36;Executed;"SCALv6i5pYeLUdR";"Sartorius Vz Short -3x Factor HVB";Security;Buy;DE000HD432Q0;109;4,39;-478,51;0,00;0,00;EUR
2026-02-13;09:00:16;Executed;"SCALx88nnkUxWw1";"TeamViewer Short 2x Factor GS";Security;Buy;DE000GU3SA96;24;20,68;-496,32;0,00;0,00;EUR
2026-02-13;08:26:24;Executed;"SCAL4M7HESmffVi";"K+S AG";Security;Buy;DE000KSAG888;34;14,51;-493,34;0,00;0,00;EUR
2026-02-13;08:08:14;Executed;"SCALSDDfHWU6iZp";"Siemens Energy";Security;Buy;DE000ENER6Y0;3;161,85;-485,55;0,00;0,00;EUR
2026-02-13;08:06:51;Executed;"SCALvvS69X4ye7g";"Münchener Rück";Security;Buy;DE0008430026;1;541,40;-541,40;0,00;0,00;EUR
2026-02-13;07:45:00;Executed;"SCAL7E7TSkjYaxt";"Micron Technology";Security;Buy;US5951121038;1;343,95;-343,95;0,00;0,00;EUR
2026-02-12;22:23:26;Executed;"SCAL69CH79d7JRh";"Invesco Physical Silver";Security;Buy;IE00B43VDT70;8;60,82;-486,56;0,00;0,00;EUR
2026-02-12;22:21:29;Executed;"SCAL5fbYud38k7C";"Novo-Nordisk B";Security;Sell;DK0062498333;12;41,01;492,12;0,00;0,00;EUR
2026-02-12;22:21:07;Cancelled;"SCAL8snooEKYcjx";"Novo-Nordisk B";Security;Sell;DK0062498333;0;0,00;0,00;0,00;0,00;EUR
2026-02-12;22:01:20;Executed;"SCAL5Zk9BfykcZd";"Allianz";Security;Sell;DE0008404005;3;367,70;1.103,10;0,00;0,00;EUR
2026-02-12;22:01:08;Cancelled;"SCALJ8MT6ecKGwt";"Allianz";Security;Sell;DE0008404005;0;0,00;0,00;0,00;0,00;EUR
2026-02-12;21:59:24;Executed;"SCALjcrmR5YRcvE";"Western Digital";Security;Buy;US9581021055;2;239,65;-479,30;0,00;0,00;EUR
2026-02-12;21:56:44;Executed;"SCALff5jyqejMqX";"Taiwan Semiconductor Manufact. ADR";Security;Buy;US8740391003;1;311,00;-311,00;0,00;0,00;EUR
2026-02-12;21:56:36;Executed;"SCALLQQSciptpQE";"Taiwan Semiconductor Manufact. ADR";Security;Buy;US8740391003;1;311,00;-311,00;0,00;0,00;EUR
2026-02-12;19:35:29;Executed;"SCALka17pemKdFK";"Invesco Physical Gold A";Security;Buy;IE00B579F325;1;400,92;-400,92;0,00;0,00;EUR
2026-02-12;18:58:53;Executed;"SCALiU8yxG8NQLQ";"Deutsche Post";Security;Buy;DE0005552004;20;48,97;-979,40;0,00;0,00;EUR
2026-02-12;15:31:32;Executed;"SCALqUn3wacRu6R";"Western Digital";Security;Sell;US9581021055;2;250,15;500,30;0,00;0,00;EUR
2026-02-12;15:21:16;Executed;"SCAL5b3iEpC6NPY";"Knorr-Bremse";Security;Sell;DE000KBX1006;4;107,00;428,00;0,00;0,00;EUR
2026-02-12;15:20:29;Executed;"SCALKg9aLLyVHpX";"freenet";Security;Buy;DE000A0Z2ZZ5;15;33,02;-495,30;0,00;0,00;EUR
2026-02-12;14:23:06;Executed;"SCALwmzGaPeQrEN";"Deutsche Post";Security;Sell;DE0005552004;20;51,50;1.030,00;0,00;0,00;EUR
2026-02-12;11:12:45;Cancelled;"SCALg8n9xzcWm8G";"Novo-Nordisk B";Security;Sell;DK0062498333;0;0,00;0,00;0,00;0,00;EUR
2026-02-11;21:50:45;Executed;"SCALKzMxsWkvGTo";"Daimler Truck Holding";Security;Sell;DE000DTR0CK8;11;43,83;482,13;0,00;0,00;EUR
2026-02-11;21:46:13;Executed;"SCALApbp21zcHF1";"Nasdaq";Security;Buy;US6311031081;15;67,86;-1.017,90;0,00;0,00;EUR
2026-02-11;21:36:43;Executed;"SCALaw4Lzjdc8od";"Micron Technology";Security;Sell;US5951121038;2;348,00;696,00;0,00;0,00;EUR
2026-02-11;19:04:02;Executed;"SCALGFsNWeiCvRq";"Nasdaq Long 5x Factor GS";Security;Sell;DE000GK5U8Q0;129;3,077;396,933;0,00;0,00;EUR
2026-02-11;15:32:30;Executed;"SCALZUxEst6ht6a";"Münchener Rück";Security;Sell;DE0008430026;1;535,00;535,00;0,00;0,00;EUR
2026-02-11;07:52:07;Executed;"SCAL886BM7J9f5t";"Knorr-Bremse";Security;Buy;DE000KBX1006;4;106,10;-424,40;0,00;0,00;EUR
2026-02-11;07:50:43;Executed;"SCALWZVaTML1NFM";"Deutsche Lufthansa";Security;Buy;DE0008232125;55;9,044;-497,42;0,00;0,00;EUR
2026-02-11;07:50:04;Executed;"SCAL4PR5cqxJ83U";"Aroundtown";Security;Buy;LU1673108939;167;2,982;-497,994;0,00;0,00;EUR
2026-02-11;07:30:00;Executed;"SCALWnWzEj6L9Ds";"Invesco Physical Gold A";Security;Buy;IE00B579F325;5;408,88;-2.044,40;0,00;0,00;EUR
2026-02-11;01:00:00;Executed;"43VFUABN8PM7FSIKYHTMRR";"Scalable Capital Broker Sparplan";Cash;Deposit;;;;300,00;0,00;;EUR
2026-02-10;17:07:58;Cancelled;"SCAL7WSktVathEH";"Nasdaq Long 5x Factor GS";Security;Sell;DE000GK5U8Q0;0;0,00;0,00;0,00;0,00;EUR
2026-02-10;16:48:50;Executed;"SCALRWrwzyAdqBm";"Alphabet A";Security;Buy;US02079K3059;2;267,50;-535,00;0,00;0,00;EUR
2026-02-10;16:16:03;Executed;"SCALBqknCZfXDNs";"Nasdaq Long 5x Factor GS";Security;Buy;DE000GK5U8Q0;129;3,816;-492,264;0,00;0,00;EUR
2026-02-10;12:23:31;Executed;"SCALz7Rvv8CtAbX";"Oracle";Security;Buy;US68389X1054;7;133,56;-934,92;0,00;0,00;EUR
2026-02-10;09:29:28;Executed;"SCALiPQ1Tp7oDyL";"Henkel Vz";Security;Sell;DE0006048432;6;80,04;480,24;0,00;0,00;EUR
2026-02-10;08:46:57;Executed;"SCALbYzjQ6ZjZYQ";"Zalando";Security;Buy;DE000ZAL1111;23;21,60;-496,80;0,00;0,00;EUR
2026-02-10;07:30:01;Executed;"SCALA6aaPamK9Bf";"Taiwan Semiconductor Manufact. ADR";Security;Sell;US8740391003;2;304,50;609,00;0,00;0,00;EUR
2026-02-10;07:30:01;Executed;"SCALptNCN54A5Gw";"Invesco Physical Gold A";Security;Buy;IE00B579F325;1;407,50;-407,50;0,00;0,00;EUR
2026-02-10;07:30:00;Executed;"SCALY6XSYjkGPJC";"Invesco Physical Gold A";Security;Buy;IE00B579F325;2;407,50;-815,00;0,00;0,00;EUR
2026-02-09;20:29:35;Executed;"SCAL4VG4WimPqTE";"MTU Aero Engines";Security;Buy;DE000A0D9PT0;1;387,30;-387,30;0,00;0,00;EUR
2026-02-09;20:26:46;Executed;"SCAL5avtXw53kbU";"Micron Technology";Security;Buy;US5951121038;2;323,60;-647,20;0,00;0,00;EUR
2026-02-09;19:49:35;Executed;"SCALC71pUdQc93x";"E.ON";Security;Sell;DE000ENAG999;56;17,95;1.005,20;0,00;0,00;EUR
2026-02-09;18:50:02;Cancelled;"SCALtpAE7dPsw8q";"E.ON";Security;Sell;DE000ENAG999;0;0,00;0,00;0,00;0,00;EUR
2026-02-09;17:45:21;Executed;"SCALr3BidV2dhuW";"Oracle";Security;Sell;US68389X1054;8;132,00;1.056,00;0,00;0,00;EUR
2026-02-09;17:28:13;Cancelled;"SCALGVZoL58sm2z";"Intel Corp";Security;Sell;US4581401001;0;0,00;0,00;0,00;0,00;EUR
2026-02-09;09:06:46;Executed;"SCAL8AbugPyendf";"Scout24 Short 5x Factor GS";Security;Sell;DE000GV6LA56;10;40,59;405,90;0,00;0,00;EUR
2026-02-09;09:02:47;Executed;"SCALZVwebLeQtSS";"Scout24 Short 5x Factor GS";Security;Buy;DE000GV6LA56;10;39,53;-395,30;0,00;0,00;EUR
2026-02-09;07:30:05;Executed;"SCAL4Bh5i8kZE5o";"Allianz";Security;Buy;DE0008404005;3;388,00;-1.164,00;0,00;0,00;EUR
2026-02-09;07:30:04;Executed;"SCAL2ANki8EZxHv";"Münchener Rück";Security;Buy;DE0008430026;1;533,00;-533,00;0,00;0,00;EUR
2026-02-09;07:30:04;Executed;"SCALxVU3aRjSVfh";"Deutsche Post";Security;Buy;DE0005552004;20;49,82;-996,40;0,00;0,00;EUR
2026-02-09;07:30:03;Executed;"SCALboLeMzhuheU";"Daimler Truck Holding";Security;Buy;DE000DTR0CK8;11;43,74;-481,14;0,00;0,00;EUR
2026-02-09;01:00:00;Executed;"BULK_WITHHOLDING_TAX_cns3t2c78AFERemuBBek9Q_2025121977251366";;Cash;Deposit;;;;0,00;0,00;;EUR
2026-02-06;13:03:40;Executed;"SCALxMDjvJt58Hx";"Oracle";Security;Buy;US68389X1054;8;117,34;-938,72;0,00;0,00;EUR
2026-02-06;11:38:19;Executed;"SCALmtxiAbNx9rJ";"Novo-Nordisk B";Security;Buy;DK0062498333;12;39,645;-475,74;0,00;0,00;EUR
2026-02-06;09:08:46;Executed;"SCALvWc6PqM71Bp";"Rheinmetall";Security;Buy;DE0007030009;1;1.579,50;-1.579,50;0,00;0,00;EUR
2026-02-06;09:06:43;Executed;"SCALojTkKRNR41J";"E.ON";Security;Buy;DE000ENAG999;56;17,68;-990,08;0,00;0,00;EUR
2026-02-05;17:42:16;Executed;"SCALS5Gz5MVHK54";"Invesco Physical Silver";Security;Buy;IE00B43VDT70;8;62,095;-496,76;0,00;0,00;EUR
2026-02-05;17:41:09;Executed;"SCALs7dsjBS3uZP";"Invesco Physical Silver";Security;Buy;IE00B43VDT70;8;61,915;-495,32;0,00;0,00;EUR
2026-02-05;15:50:07;Executed;"SCALvc7XkDxK9co";"Bayer";Security;Sell;DE000BAY0017;12;45,005;540,06;0,00;0,00;EUR
2026-02-05;12:41:54;Cancelled;"SCAL5urpCFpDy2Y";"Bayer";Security;Sell;DE000BAY0017;0;0,00;0,00;0,00;0,00;EUR
2026-02-05;12:39:09;Executed;"SCALg48CCq1AKuT";"DAX Long 5x Factor GS";Security;Sell;DE000GH1L183;91;5,153;468,923;0,00;0,00;EUR
2026-02-05;09:49:10;Executed;"SCALnqKRdS6gNiE";"Nasdaq Long 5x Factor GS";Security;Sell;DE000GK5U8Q0;93;5,29;491,97;0,00;0,00;EUR
2026-02-05;09:34:24;Cancelled;"SCAL1qux5im2mXJ";"Nasdaq Long 5x Factor GS";Security;Sell;DE000GK5U8Q0;0;0,00;0,00;0,00;0,00;EUR
2026-02-04;10:02:58;Executed;"SCALsSZo9F2MtKL";"Henkel Vz";Security;Buy;DE0006048432;6;76,36;-458,16;0,00;0,00;EUR
2026-02-03;19:05:22;Executed;"SCALAyGCA453Epr";"Nasdaq Long 5x Factor GS";Security;Buy;DE000GK5U8Q0;93;5,373;-499,689;0,00;0,00;EUR
2026-02-03;18:38:22;Executed;"SCAL6Qk25YwKW1C";"Advanced Micro Devices Short 5x Factor GS";Security;Sell;DE000GU5BX47;91;5,613;510,783;0,00;0,00;EUR
2026-02-03;18:14:36;Executed;"SCALRtegDEmwHMA";"Advanced Micro Devices Short 5x Factor GS";Security;Buy;DE000GU5BX47;91;5,461;-496,951;0,00;0,00;EUR
2026-02-03;16:16:41;Executed;"SCAL87U6ZX2WPHV";"Heidelberg Materials";Security;Sell;DE0006047004;2;238,00;476,00;0,00;0,00;EUR
2026-02-03;13:21:07;Executed;"SCALX8MQKsppdFG";"Siemens Energy";Security;Sell;DE000ENER6Y0;3;153,10;459,30;0,00;0,00;EUR
2026-02-03;13:10:45;Cancelled;"SCALQoXnrJYVS1z";"Siemens Energy";Security;Sell;DE000ENER6Y0;0;0,00;0,00;0,00;0,00;EUR
2026-02-03;10:29:51;Executed;"SCALcAMGKcUwbtN";"MDAX Long 5x Factor GS";Security;Sell;DE000GP0R521;29;16,52;479,08;0,00;0,00;EUR
2026-02-03;08:09:47;Executed;"SCALsSAAR6PcZxe";"MDAX Long 5x Factor GS";Security;Buy;DE000GP0R521;29;16,83;-488,07;0,00;0,00;EUR
2026-02-03;08:00:02;Executed;"SCALegDZdiLhW4T";"DAX Long 5x Factor GS";Security;Buy;DE000GH1L183;91;5,559;-505,869;0,00;0,00;EUR
2026-02-03;07:30:01;Executed;"SCALUZb7ZowfL6Q";"Intel Corp";Security;Buy;US4581401001;12;42,285;-507,42;0,00;0,00;EUR
2026-02-03;01:00:00;Executed;"327657_cns3t2c78AFERemuBBek9Q";"thyssenkrupp";Cash;Distribution;DE0007500001;;;6,00;0,00;0,00;EUR
2026-02-02;12:48:32;Executed;"SCALhbAyBkk88Vb";"DAX Long 5x Factor GS";Security;Sell;DE000GH1L183;94;5,303;498,482;0,00;0,00;EUR
2026-02-02;08:18:24;Executed;"SCALhoqTnnaYMKw";"Invesco Physical Bitcoin";Security;Buy;XS2376095068;8;63,50;-508,00;3,50;0,00;EUR
2026-02-01;01:00:00;Executed;"B91PFASRVYNJHP3B";"Entgelt PRIME+ Broker";Cash;Fee;;;;-4,99;0,00;;EUR
2026-01-30;21:28:01;Executed;"SCALjGnMoMkfTxa";"Intel Corp";Security;Sell;US4581401001;12;38,78;465,36;0,00;0,00;EUR
2026-01-30;20:32:16;Executed;"SCALSWZUKUicb9C";"SK HYNIX GDR";Security;Buy;US78392B1070;1;520,00;-520,00;0,00;0,00;EUR
2026-01-30;19:21:37;Executed;"SCALVYURw4w4ZgN";"Invesco Physical Silver";Security;Sell;IE00B43VDT70;10;64,51;645,10;0,00;0,00;EUR
2026-01-30;16:34:48;Executed;"SCALaeo44JW7TgT";"Siemens Healthineers Short -2x Factor HVB";Security;Sell;DE000UG51LS2;53;9,40;498,20;0,00;0,00;EUR
2026-01-30;16:20:01;Cancelled;"SCALBjuS5iEwTX2";"DAX Long 5x Factor GS";Security;Sell;DE000GH1L183;0;0,00;0,00;0,00;0,00;EUR
2026-01-30;16:00:40;Executed;"SCALdixKg4qtQEt";"SK HYNIX GDR";Security;Sell;US78392B1070;1;530,00;530,00;0,00;0,00;EUR
2026-01-30;15:59:57;Executed;"SCALdwvKeKyqBJr";"SAP SE Long Factor BNP";Security;Sell;DE000PK22H22;75;6,88;516,00;0,00;0,00;EUR
2026-01-30;15:42:54;Cancelled;"SCAL4JE9YTxkcH7";"SAP SE Long Factor BNP";Security;Sell;DE000PK22H22;0;0,00;0,00;0,00;0,00;EUR
2026-01-30;15:26:49;Executed;"SCALTFtPcdtPkAt";"Western Digital";Security;Buy;US9581021055;2;236,30;-472,60;0,00;0,00;EUR
2026-01-30;15:21:12;Executed;"SCALQNH8yWrUWz7";"Tkms Ag & Co. Kgaa";Security;Buy;DE000TKMS001;5;99,75;-498,75;0,00;0,00;EUR
2026-01-30;15:00:51;Executed;"SCALvCF42bFQJc4";"SAP SE";Security;Buy;DE0007164600;3;171,22;-513,66;0,00;0,00;EUR
2026-01-30;14:18:12;Executed;"SCALAuoXKWyXxE1";"Western Digital";Security;Sell;US9581021055;2;245,95;491,90;0,00;0,00;EUR
2026-01-30;09:00:32;Executed;"SCALAd2LQck6gnZ";"Siemens Healthineers Short -2x Factor HVB";Security;Buy;DE000UG51LS2;53;9,64;-510,92;0,00;0,00;EUR
2026-01-30;07:32:45;Executed;"SCALcxEQ5fzhHXA";"Global X Copper Miners (Acc)";Security;Buy;IE0003Z9E2Y3;8;61,20;-489,60;0,00;0,00;EUR
2026-01-29;12:29:13;Executed;"SCALZBjQJ6sGDtu";"SAP SE Long Factor BNP";Security;Buy;DE000PK22H22;75;6,68;-501,00;0,00;0,00;EUR
2026-01-29;12:22:26;Executed;"SCALv2SUmyHYDYN";"DAX Long 5x Factor GS";Security;Buy;DE000GH1L183;94;5,266;-495,004;0,00;0,00;EUR
2026-01-29;12:09:24;Executed;"SCALkG8NMJ3c1Ae";"Nasdaq Long 5x Factor GS";Security;Sell;DE000GK5U8Q0;51;9,95;507,45;0,00;0,00;EUR
2026-01-29;11:48:07;Executed;"SCALRvSScJb5qkn";"Micron Technology";Security;Sell;US5951121038;1;369,15;369,15;0,00;0,00;EUR
2026-01-28;22:09:37;Executed;"SCALEc9V2As884J";"Intel Corp";Security;Buy;US4581401001;12;40,9125;-490,95;0,00;0,00;EUR
2026-01-28;21:37:17;Executed;"SCAL5DU7c5ZUisY";"Nasdaq Long 5x Factor GS";Security;Buy;DE000GK5U8Q0;51;9,88;-503,88;0,00;0,00;EUR
2026-01-28;18:02:52;Executed;"SCAL612UAohTYDM";"Micron Technology Long 5x Factor HVB";Security;Sell;DE000UN0W9V6;5;111,80;559,00;0,00;0,00;EUR
2026-01-28;18:02:39;Cancelled;"SCALExc9m7ek5S2";"Micron Technology Long 5x Factor HVB";Security;Sell;DE000UN0W9V6;0;0,00;0,00;0,00;0,00;EUR
2026-01-28;17:43:04;Cancelled;"SCALtKYXnbti5u3";"Micron Technology Long 5x Factor HVB";Security;Sell;DE000UN0W9V6;0;0,00;0,00;0,00;0,00;EUR
2026-01-28;16:29:25;Executed;"SCALuxiesSfJ1K5";"Micron Technology Long 5x Factor HVB";Security;Buy;DE000UN0W9V6;5;105,64;-528,20;0,00;0,00;EUR
2026-01-28;10:18:21;Executed;"SCAL6vUReo6nFz8";"SK HYNIX GDR";Security;Buy;US78392B1070;1;512,00;-512,00;0,00;0,00;EUR
2026-01-28;10:17:26;Executed;"SCALQVrVjBZvf7x";"Western Digital";Security;Buy;US9581021055;2;227,80;-455,60;0,00;0,00;EUR
2026-01-27;19:06:26;Cancelled;"SCAL41XGcRUG7JL";"Siemens Energy";Security;Sell;DE000ENER6Y0;0;0,00;0,00;0,00;0,00;EUR
2026-01-27;19:05:48;Executed;"SCAL1vYofdBGdGm";"Xtrackers MSCI Emerging Markets (Acc)";Security;Buy;IE00BTJRMP35;8;69,462;-555,696;0,00;0,00;EUR
2026-01-27;10:14:18;Executed;"SCAL8QSGv8MUx94";"Heidelberg Materials";Security;Buy;DE0006047004;2;237,40;-474,80;0,00;0,00;EUR
2026-01-27;10:13:04;Executed;"SCALKDLFvPTP6Cm";"Siemens Energy";Security;Buy;DE000ENER6Y0;3;141,20;-423,60;0,00;0,00;EUR
2026-01-27;10:12:32;Executed;"SCALqCfNVAstPjh";"RWE";Security;Sell;DE0007037129;10;52,04;520,40;0,00;0,00;EUR
2026-01-27;10:11:30;Executed;"SCALkv6KHZ8jLpN";"E.ON";Security;Sell;DE000ENAG999;31;17,39;539,09;0,00;0,00;EUR
2026-01-27;09:57:40;Executed;"SCALBKvz6ZjYQee";"ASML Holding";Security;Buy;NL0010273215;1;1.193,20;-1.193,20;0,00;0,00;EUR
2026-01-26;11:54:14;Executed;"SCALppiEdewHu6U";"Invesco Physical Platinum";Security;Buy;IE00B40QP990;2;235,32;-470,64;0,00;0,00;EUR
2026-01-26;11:52:04;Executed;"SCALcD7q14YHHVP";"Xtrackers MSCI World Information Technology (Acc)";Security;Savings plan;IE00BM67HT60;3,062474;97,96;-299,99995304;0,00;0,00;EUR
2026-01-26;11:49:04;Executed;"SCALUgULEhHKt14";"Invesco Physical Gold A";Security;Savings plan;IE00B579F325;0,725864;413,30;-299,9995912;0,00;0,00;EUR
2026-01-26;11:38:52;Executed;"SCALkeofRyS6D1v";"iShares Core S&P 500 (Acc)";Security;Savings plan;IE00B5BMR087;0,480338;624,56;-299,99990128;0,00;0,00;EUR
2026-01-26;11:10:38;Executed;"SCALqpYftYCAuhd";"iShares Nasdaq 100 (Acc)";Security;Savings plan;IE00B53SZB19;0,243309;1.233,00;-299,999997;0,00;0,00;EUR
2026-01-22;01:00:00;Executed;"RANAVEF6YA92AKAERZY9EW";"Scalable Capital Broker 4x Sparplan";Cash;Deposit;;;;1.200,00;0,00;;EUR
2026-01-21;15:21:59;Executed;"SCALVMewNtCCtZ4";"Taiwan Semiconductor Manufact. ADR";Security;Buy;US8740391003;2;285,00;-570,00;0,00;0,00;EUR
2026-01-21;15:19:45;Executed;"SCALbenaNBbHkVP";"SAP SE Short -3x Factor HVB";Security;Sell;DE000UG21T10;40;13,18;527,20;0,00;0,00;EUR
2026-01-21;15:19:32;Cancelled;"SCALjg5YuC6uX5a";"SAP SE Short -3x Factor HVB";Security;Sell;DE000UG21T10;0;0,00;0,00;0,00;0,00;EUR
2026-01-21;09:00:33;Executed;"SCAL3CLapFy35vX";"SAP SE Short -3x Factor HVB";Security;Buy;DE000UG21T10;40;12,62;-504,80;0,00;0,00;EUR
2026-01-20;08:07:50;Executed;"SCALwh8g1XtcZuV";"Bayer";Security;Buy;DE000BAY0017;12;44,22;-530,64;0,00;0,00;EUR
2026-01-20;08:06:34;Cancelled;"SCALguZor6E8TAt";"Bayer";Security;Buy;DE000BAY0017;0;0,00;0,00;0,00;0,00;EUR
2026-01-19;08:00:07;Executed;"SCALod6PQn6uvyF";"MDAX Long 5x Factor GS";Security;Sell;DE000GP0R521;54;16,11;869,94;0,00;0,00;EUR
2026-01-19;08:00:05;Executed;"SCALnH5LMoVpySp";"DAX Long 5x Factor GS";Security;Sell;DE000GH1L183;167;5,676;947,892;0,00;0,00;EUR
2026-01-19;07:56:06;Executed;"SCALjKn9ErsAXY9";"Taiwan Semiconductor Manufact. ADR";Security;Sell;US8740391003;1;290,00;290,00;0,00;0,00;EUR
2026-01-19;07:50:05;Executed;"SCALUELf8JitRBP";"Tkms Ag & Co. Kgaa";Security;Sell;DE000TKMS001;4;98,00;392,00;0,00;0,00;EUR
2026-01-19;07:37:17;Executed;"SCALM5vEmAyBSeJ";"E.ON";Security;Buy;DE000ENAG999;31;17,35;-537,85;0,00;0,00;EUR
2026-01-19;07:37:14;Executed;"SCALx59xJRQZARZ";"Invesco Physical Silver";Security;Buy;IE00B43VDT70;6;76,875;-461,25;0,00;0,00;EUR
2026-01-19;07:36:08;Executed;"SCAL6mHTEiuEXLq";"RWE";Security;Buy;DE0007037129;10;50,46;-504,60;0,00;0,00;EUR
2026-01-19;07:30:31;Executed;"SCALYZteGajjB6o";"Airbus";Security;Sell;NL0000235190;2;214,10;428,20;0,00;0,00;EUR
2026-01-16;13:32:01;Executed;"SCALnPHu4v8xPgH";"SDAX Long 5x Factor HVB";Security;Sell;DE000HD6QK48;51;11,00;561,00;0,00;0,00;EUR
2026-01-16;11:39:17;Cancelled;"SCALgzZXDfA1M85";"Airbus";Security;Sell;NL0000235190;0;0,00;0,00;0,00;0,00;EUR
2026-01-15;22:57:00;Rejected;"SCALg33fjEgkcix";"SDAX Long 5x Factor HVB";Security;Sell;DE000HD6QK48;0;0,00;0,00;0,00;0,00;EUR
2026-01-15;22:56:25;Rejected;"SCALX4sETHeSAaL";"SDAX Long 5x Factor HVB";Security;Sell;DE000HD6QK48;0;0,00;0,00;0,00;0,00;EUR
2026-01-13;11:38:24;Executed;"SCALKQLVLXPbNnt";"iShares Core MSCI World (Acc)";Security;Savings plan;IE00B4L5Y983;2,627545;114,175;-299,999950375;0,00;0,00;EUR
2026-01-12;17:25:01;Executed;"SCALHrRDRZ7AENV";"Tkms Ag & Co. Kgaa Long Factor BNP";Security;Sell;DE000PK4BRP0;6;39,46;236,76;0,99;0,00;EUR
2026-01-12;17:11:56;Cancelled;"SCALizbiufZVeVU";"Tkms Ag & Co. Kgaa Long Factor BNP";Security;Sell;DE000PK4BRP0;0;0,00;0,00;0,00;0,00;EUR
2026-01-12;16:54:24;Executed;"SCAL36JhpQ7DsJA";"Tkms Ag & Co. Kgaa Long Factor BNP";Security;Buy;DE000PK4BRP0;6;44,25;-265,50;0,00;0,00;EUR
2026-01-12;09:31:00;Executed;"SCALzd3taSQUGn9";"Commerzbank";Security;Sell;DE000CBK1001;27;34,50;931,50;0,00;0,00;EUR
2026-01-12;07:30:27;Executed;"SCALcWBv6mGauNF";"Micron Technology";Security;Buy;US5951121038;1;291,45;-291,45;0,00;0,00;EUR
2026-01-09;08:10:27;Executed;"SCALhprczmEoykE";"MDAX Long 5x Factor GS";Security;Buy;DE000GP0R521;54;18,49;-998,46;0,00;0,00;EUR
2026-01-09;08:00:04;Executed;"SCALeeGSXGVV6gE";"DAX Long 5x Factor GS";Security;Buy;DE000GH1L183;167;5,984;-999,328;0,00;0,00;EUR
2026-01-09;07:30:11;Executed;"SCALNX1EXuYfzeK";"Taiwan Semiconductor Manufact. ADR";Security;Buy;US8740391003;1;274,00;-274,00;0,00;0,00;EUR
2026-01-09;01:00:00;Executed;"WACOKTYDKEGGVNGJVLWXWF";"Scalable Capital Broker Sparplan";Cash;Deposit;;;;300,00;0,00;;EUR
2026-01-08;22:40:29;Cancelled;"SCALstSXdMBqChP";"SDAX Long 5x Factor HVB";Security;Sell;DE000HD6QK48;0;0,00;0,00;0,00;0,00;EUR
2026-01-08;22:39:10;Cancelled;"SCALiqNEzuct68i";"DAX Long 5x Factor GS";Security;Buy;DE000GH1L183;0;0,00;0,00;0,00;0,00;EUR
2026-01-08;21:34:57;Executed;"SCALYqbHBP6RCTh";"Nasdaq 100 Long 2x Factor GS";Security;Sell;DE000GX502A1;33;7,902;260,766;0,00;0,00;EUR
2026-01-08;19:32:12;Cancelled;"SCALWxTRbdWzbkj";"Nasdaq 100 Long 2x Factor GS";Security;Sell;DE000GX502A1;0;0,00;0,00;0,00;0,00;EUR
2026-01-08;19:28:49;Executed;"SCALkP12TRCHcu6";"DAX Long 5x Factor GS";Security;Sell;DE000GH1L183;91;5,958;542,178;0,00;0,00;EUR
2026-01-08;19:27:21;Executed;"SCALmgtkTx6a6f8";"MDAX Long 5x Factor GS";Security;Sell;DE000GK43WQ1;86;7,09;609,74;0,00;0,00;EUR
2026-01-08;14:47:38;Executed;"SCALXX2dZbpyTPR";"RWE Long 5x Factor HVB";Security;Sell;DE000UG00JR5;6;50,00;300,00;0,00;0,00;EUR
2026-01-08;09:48:39;Executed;"SCALNmVkCP7FtNq";"SDAX Long 5x Factor HVB";Security;Buy;DE000HD6QK48;25;10,16;-254,00;0,00;0,00;EUR
2026-01-08;09:48:17;Executed;"SCALSAnb82MAa9j";"DAX Long 5x Factor GS";Security;Buy;DE000GH1L183;43;6,00;-258,00;0,00;0,00;EUR
2026-01-08;09:47:51;Executed;"SCALLFzqrRuKihM";"MDAX Long 5x Factor GS";Security;Buy;DE000GK43WQ1;37;6,947;-257,039;0,00;0,00;EUR
2026-01-08;09:15:36;Executed;"SCAL2U2NwCmjqpG";"Bayer";Security;Sell;DE000BAY0017;26;38,875;1.010,75;0,00;0,00;EUR
2026-01-08;09:12:43;Cancelled;"SCALsGsuE7fqoVk";"RWE Long 5x Factor HVB";Security;Sell;DE000UG00JR5;0;0,00;0,00;0,00;0,00;EUR
2026-01-08;09:08:24;Executed;"SCALczSJM2Rzq4E";"Allianz";Security;Sell;DE0008404005;1;386,40;386,40;0,00;0,00;EUR
2026-01-08;09:08:15;Cancelled;"SCALQxrcCo5M1mN";"Allianz";Security;Sell;DE0008404005;0;0,00;0,00;0,00;0,00;EUR
2026-01-08;01:00:00;Executed;"SWITCH-101-cns3t2c78AFERemuBBek9Q-l6X2Mj-EUR-DISTRIBUTION-RKN";"Dividend US67066G1040 (Transfer Baader Bank)";Cash;Deposit;;;;0,01;0,00;;EUR
2026-01-07;21:33:18;Cancelled;"SCAL1prSQSByZFz";"Nasdaq 100 Long 2x Factor GS";Security;Sell;DE000GX502A1;0;0,00;0,00;0,00;0,00;EUR
2026-01-07;15:30:00;Executed;"SCALJ5Tu5GJsdUc";"Exxon Mobil";Security;Sell;US30231G1022;3;103,52;310,56;0,00;0,00;EUR
2026-01-07;13:28:21;Executed;"SCALn87HRVEr6aB";"SDAX Long 5x Factor HVB";Security;Buy;DE000HD6QK48;26;9,85;-256,10;0,00;0,00;EUR
2026-01-07;09:31:23;Executed;"SCALqcy89Wbo7aa";"Airbus";Security;Buy;NL0000235190;2;209,15;-418,30;0,00;0,00;EUR
2026-01-06;14:16:42;Executed;"SCALq8aLcGefPZj";"RWE Long 5x Factor HVB";Security;Buy;DE000UG00JR5;6;49,66;-297,96;0,00;0,00;EUR
2026-01-06;12:01:15;Cancelled;"SCALZpkKVLqGm8N";"Nasdaq 100 Long 2x Factor GS";Security;Sell;DE000GX502A1;0;0,00;0,00;0,00;0,00;EUR
2026-01-05;18:05:57;Executed;"SCALmyQFgyKS2XG";"NVIDIA Long 5x Factor HVB";Security;Sell;DE000UG4KA77;19;23,89;453,91;0,00;0,00;EUR
2026-01-05;17:35:44;Executed;"SCALaYMserjm36q";"NVIDIA Long 5x Factor HVB";Security;Buy;DE000UG4KA77;19;25,24;-479,56;0,00;0,00;EUR
2026-01-05;15:40:33;Executed;"SCAL8A5Jvad31GG";"Chevron Corp";Security;Sell;US1667641005;2;138,22;276,44;0,00;0,00;EUR
2026-01-05;15:40:11;Executed;"SCALQStac8FKGW6";"ConocoPhillips";Security;Sell;US20825C1045;3;85,69;257,07;0,00;0,00;EUR
2026-01-05;11:29:22;Executed;"SCAL2zYJTsMvw2a";"MDAX Long 5x Factor GS";Security;Buy;DE000GK43WQ1;49;6,093;-298,557;0,00;0,00;EUR
2026-01-05;10:22:34;Executed;"SCALqYytGhcVidV";"thyssenkrupp";Security;Buy;DE0007500001;40;9,994;-399,76;0,00;0,00;EUR
2026-01-05;10:10:33;Cancelled;"SCALhNKdxqhqD37";"thyssenkrupp";Security;Buy;DE0007500001;0;0,00;0,00;0,00;0,00;EUR
2026-01-05;09:25:28;Executed;"SCALUhyU4Et7Pdc";"Nasdaq 100 Long 2x Factor GS";Security;Buy;DE000GX502A1;33;7,79;-257,07;0,00;0,00;EUR
2026-01-05;09:16:27;Executed;"SCALpLM5dQoodzF";"ConocoPhillips";Security;Buy;US20825C1045;3;90,80;-272,40;0,00;0,00;EUR
2026-01-05;09:16:01;Executed;"SCAL3M68MnHSQDH";"Exxon Mobil";Security;Buy;US30231G1022;3;109,16;-327,48;0,00;0,00;EUR
2026-01-05;09:15:14;Executed;"SCALt2wAs6Ch1pV";"Chevron Corp";Security;Buy;US1667641005;2;145,74;-291,48;0,00;0,00;EUR
2026-01-05;09:01:31;Cancelled;"SCAL11kGWFW42Y2";"thyssenkrupp";Security;Buy;DE0007500001;0;0,00;0,00;0,00;0,00;EUR
2026-01-05;09:00:10;Executed;"SCAL3QbEVscjrvK";"Bayer";Security;Buy;DE000BAY0017;26;38,48;-1.000,48;0,00;0,00;EUR
2026-01-05;09:00:02;Executed;"SCALL469iM5qrKn";"Commerzbank";Security;Buy;DE000CBK1001;27;36,66;-989,82;0,00;0,00;EUR
2026-01-02;16:18:11;Executed;"SCALDQ4amSRYBVs";"ASML Holding Long 3x Factor GS";Security;Sell;DE000GB7ADD3;26;9,754;253,604;0,00;0,00;EUR
2026-01-02;16:17:33;Cancelled;"SCALPhkZWefuiNd";"ASML Holding Long 3x Factor GS";Security;Sell;DE000GB7ADD3;0;0,00;0,00;0,00;0,00;EUR
2026-01-02;16:16:47;Executed;"SCALKzfT5C4Z9WQ";"ASML Holding";Security;Sell;NL0010273215;1;990,60;990,60;0,00;0,00;EUR
2026-01-02;16:16:29;Cancelled;"SCALGJCd4ec3scR";"ASML Holding";Security;Sell;NL0010273215;0;0,00;0,00;0,00;0,00;EUR
2026-01-02;16:13:39;Cancelled;"SCALzBaR3MLhptB";"ASML Holding";Security;Sell;NL0010273215;0;0,00;0,00;0,00;0,00;EUR
2026-01-02;15:40:48;Executed;"SCALvKU8h9oL7mg";"Microsoft";Security;Buy;US5949181045;2;411,00;-822,00;0,00;0,00;EUR
2026-01-02;15:40:19;Executed;"SCALeSZKiGmJETK";"ASML Holding Long 3x Factor GS";Security;Buy;DE000GB7ADD3;26;9,728;-252,928;0,00;0,00;EUR
2026-01-02;14:33:46;Executed;"SCAL4U9jUwmdgeR";"DAX Long 5x Factor GS";Security;Buy;DE000GH1L183;48;5,332;-255,936;0,00;0,00;EUR
2026-01-01;01:00:00;Executed;"9IRJC4POJFEWCCL0";"Entgelt PRIME+ Broker";Cash;Fee;;;;-4,99;0,00;;EUR
2026-01-01;01:00:00;Executed;"4c4b6a9e-4103-483d-ab22-3f42e6c8a43b";;Cash;Interest;;;;98,53;0,00;8,70;EUR
2025-12-30;11:53:24;Executed;"SCALKkh3zFjwDAi";"Apple";Security;Buy;US0378331005;3;232,00;-696,00;0,00;0,00;EUR
2025-12-30;10:38:59;Cancelled;"SCALeyjjsbAqHbJ";"Apple";Security;Buy;US0378331005;0;0,00;0,00;0,00;0,00;EUR
2025-12-30;10:37:25;Cancelled;"SCALEuJ5usHPy4o";"thyssenkrupp";Security;Buy;DE0007500001;0;0,00;0,00;0,00;0,00;EUR
2025-12-29;11:57:25;Executed;"SCALtnZFxP479hS";"iShares Core S&P 500 (Acc)";Security;Savings plan;IE00B5BMR087;0,476523;629,56;-299,99981988;0,00;0,00;EUR
2025-12-29;11:34:34;Executed;"SCAL3T9pAL48yzH";"Invesco Physical Gold A";Security;Savings plan;IE00B579F325;0,548305;364,76;-199,9997318;0,00;0,00;EUR
2025-12-29;11:33:36;Executed;"SCALVyPmFFuGYuc";"iShares Nasdaq 100 (Acc)";Security;Savings plan;IE00B53SZB19;0,24108;1.244,40;-299,999952;0,00;0,00;EUR
2025-12-29;11:04:04;Executed;"SCALS2CzUXqmCuk";"Xtrackers MSCI World Information Technology (Acc)";Security;Savings plan;IE00BM67HT60;2,985668;100,48;-299,99992064;0,00;0,00;EUR
2025-12-29;09:38:18;Executed;"SCALnoVcGz2Zx2H";"Tkms Ag & Co. Kgaa";Security;Buy;DE000TKMS001;4;66,00;-264,00;0,00;0,00;EUR
2025-12-23;15:58:57;Executed;"SCALVjTiFZjtS3R";"Zalando";Security;Buy;DE000ZAL1111;15;25,00;-375,00;0,00;0,00;EUR
2025-12-23;14:39:32;Executed;"SCALNgibfNeAt4X";"SAP SE";Security;Buy;DE0007164600;2;208,00;-416,00;0,00;0,00;EUR
2025-12-23;12:04:18;Executed;"SCALWMmGuygKAbn";"ASML Holding";Security;Buy;NL0010273215;1;897,10;-897,10;0,00;0,00;EUR
2025-12-23;12:04:02;Executed;"SCALZdtwSF7Lwer";"ASML Holding";Security;Sell;NL0010273215;1;896,90;896,90;0,00;0,00;EUR
2025-12-23;12:02:21;Executed;"SCALDLRS9scBxxS";"Tkms Ag & Co. Kgaa";Security;Sell;DE000TKMS001;2;66,50;133,00;0,99;0,00;EUR
2025-12-23;12:00:54;Executed;"SCALTZBnrXB7Byd";"thyssenkrupp";Security;Sell;DE0007500001;40;9,242;369,68;0,00;0,00;EUR
2025-12-23;12:00:27;Cancelled;"SCAL2irjCNf6HM1";"thyssenkrupp";Security;Sell;DE0007500001;0;0,00;0,00;0,00;0,00;EUR
2025-12-23;11:57:41;Executed;"SCALic39qJ3qJVR";"Microsoft";Security;Sell;US5949181045;2;411,50;823,00;0,00;0,00;EUR
2025-12-23;11:56:50;Executed;"SCALBpNNDaGayPB";"Apple";Security;Sell;US0378331005;3;229,50;688,50;0,00;0,00;EUR
2025-12-23;11:53:48;Executed;"SCALXAyto4APYHD";"Zalando";Security;Sell;DE000ZAL1111;15;25,57;383,55;0,00;0,00;EUR
2025-12-23;11:51:16;Executed;"SCALnFZ8uvo8C4o";"SAP SE";Security;Sell;DE0007164600;2;208,90;417,80;0,00;0,00;EUR
2025-12-23;11:49:41;Executed;"SCALdtHSUUw1jvd";"Rheinmetall";Security;Buy;DE0007030009;1;1.544,00;-1.544,00;0,00;0,00;EUR
2025-12-23;11:49:04;Executed;"SCAL1Njiu3pXxeM";"Rheinmetall";Security;Sell;DE0007030009;1;1.544,00;1.544,00;0,00;0,00;EUR
2025-12-23;11:35:24;Executed;"SCALpwV6VBvbfpF";"BMW St.";Security;Sell;DE0005190003;3;92,30;276,90;0,00;0,00;EUR
2025-12-23;01:00:00;Executed;"DLFBKKJY6L5CHARNQEIOGH";"Scalable Capital Broker 4x Sparplan";Cash;Deposit;;;;1.100,00;0,00;;EUR
2025-12-22;15:30:06;Executed;"SCALHCh43rNDq6f";"Alphabet A";Security;Buy;US02079K3059;3;263,00;-789,00;0,00;0,00;EUR
2025-12-22;13:00:02;Executed;"SCALx6dixm8bD2D";"NVIDIA";Security;Buy;US67066G1040;4;156,00;-624,00;0,00;0,00;EUR
2025-12-22;12:46:35;Executed;"SCALTM6LcKfy7gv";"NVIDIA";Security;Sell;US67066G1040;4;156,32;625,28;0,00;0,00;EUR
2025-12-22;12:41:21;Executed;"SCALvDzpqMZ8v1w";"Alphabet A";Security;Sell;US02079K3059;3;263,50;790,50;0,00;0,00;EUR
2025-12-22;10:09:11;Executed;"SCALCtCyr4Yd7FA";"iShares Core MSCI World (Acc)";Security;Sell;IE00B4L5Y983;65;111,02;7.216,30;0,00;0,00;EUR
2025-12-22;10:08:26;Executed;"SCALyhrA6HYTSU2";"iShares Core MSCI World (Acc)";Security;Buy;IE00B4L5Y983;66;111,035;-7.328,31;0,00;0,00;EUR
2025-12-22;07:30:11;Executed;"SCALWwbq7Ra9Lzs";"Invesco Physical Silver";Security;Buy;IE00B43VDT70;10;56,28;-562,80;0,00;0,00;EUR
2025-12-19;08:45:07;Executed;"SCALCvD3qwc16S2";"Mercedes-Benz Group";Security;Sell;DE0007100000;5;59,21;296,05;0,00;0,00;EUR
2025-12-19;01:00:00;Executed;"SWITCH-101-cns3t2c78AFERemuBBek9Q-Fgm10H-EUR-DISTRIBUTION-RKN";;Cash;Deposit;;;;1,09;0,00;;EUR
2025-12-18;09:02:30;Executed;"SCALX8g48KNnKa9";"Münchener Rück";Security;Sell;DE0008430026;1;545,40;545,40;0,00;0,00;EUR
2025-12-18;09:00:30;Executed;"SCALFjcdYVhQzYh";"Hannover Rück";Security;Sell;DE0008402215;1;257,60;257,60;0,00;0,00;EUR
2025-12-18;01:00:00;Executed;"262966_cns3t2c78AFERemuBBek9Q";"Alphabet A";Cash;Distribution;US02079K3059;;;0,38;0,00;0,16;EUR
2025-12-17;16:43:09;Executed;"SCALHPgFjVLeF4P";"Siemens";Security;Sell;DE0007236101;2;233,40;466,80;0,00;0,00;EUR
2025-12-17;13:22:10;Executed;"SCALsWXmKjgco1M";"Hannover Rück";Security;Buy;DE0008402215;1;259,80;-259,80;0,00;0,00;EUR
2025-12-17;13:06:41;Executed;"SCALnUQ5rdFt4UR";"Volkswagen Vz.";Security;Sell;DE0007664039;3;104,10;312,30;0,00;0,00;EUR
2025-12-16;17:50:32;Cancelled;"SCALPBHwtZHWy6F";"Allianz";Security;Sell;DE0008404005;0;0,00;0,00;0,00;0,00;EUR
2025-12-16;17:47:40;Executed;"SCALoTjZYiM2icQ";"Siemens";Security;Buy;DE0007236101;2;238,00;-476,00;0,00;0,00;EUR
2025-12-16;17:39:13;Executed;"SCALtMRgCoEckYF";"Volkswagen Vz.";Security;Buy;DE0007664039;3;106,85;-320,55;0,00;0,00;EUR
2025-12-16;17:37:48;Executed;"SCALwmyJgRVhH8z";"Münchener Rück";Security;Buy;DE0008430026;1;558,60;-558,60;0,00;0,00;EUR
2025-12-16;17:35:40;Executed;"SCAL89ngPek8spo";"Mercedes-Benz Group";Security;Buy;DE0007100000;5;60,67;-303,35;0,00;0,00;EUR
2025-12-16;17:34:10;Cancelled;"SCALxWhtPgTSLgy";"Continental";Security;Buy;DE0005439004;0;0,00;0,00;0,00;0,00;EUR
2025-12-16;17:32:23;Cancelled;"SCALrfEGGQLLE2d";"Continental";Security;Buy;DE0005439004;0;0,00;0,00;0,00;0,00;EUR
2025-12-16;17:28:42;Executed;"SCALTcXRVdFXajY";"BMW St.";Security;Buy;DE0005190003;3;94,16;-282,48;0,00;0,00;EUR
2025-12-16;17:23:56;Executed;"SCALeQ2St8gYr6f";"Allianz";Security;Buy;DE0008404005;1;383,30;-383,30;0,00;0,00;EUR
2025-12-15;11:58:49;Executed;"SCALp3Jq4syVN6u";"iShares Core MSCI World (Acc)";Security;Savings plan;IE00B4L5Y983;2,699905;111,115;-299,999944075;0,00;0,00;EUR
2025-12-11;01:00:00;Executed;"QHESJUH6KFNDKDWBWHRHQ7";"Scalable Capital Broker Sparplan";Cash;Deposit;;;;300,00;0,00;;EUR
2025-12-08;01:00:00;Executed;"BULK_WITHHOLDING_TAX_cns3t2c78AFERemuBBek9Q";;Cash;Deposit;;;;0,00;0,00;;EUR
2025-12-08;01:00:00;Executed;"5KX6MI";"Migration Cash";Cash;Withdrawal;;;;-3.543,91;0,00;;EUR
2025-12-08;01:00:00;Executed;"CDS_DTA_otnCmDq1XgzVoNy3y1Wztb_0_5k6T7JXSPk1B2ifRu2ok3x";"";Cash;Taxes;;;;195,23;0,00;;EUR
2025-12-06;01:00:00;Executed;"SWITCH-101-cns3t2c78AFERemuBBek9Q-DE0007030009-WDP";"Rheinmetall";Security;Security transfer;DE0007030009;1;1.532,00;1.532,00;;;EUR
2025-12-06;01:00:00;Executed;"SWITCH-101-cns3t2c78AFERemuBBek9Q-US02079K3059-WDP";"Alphabet A";Security;Security transfer;US02079K3059;3;274,95;824,85;;;EUR
2025-12-06;01:00:00;Executed;"SWITCH-101-cns3t2c78AFERemuBBek9Q-US0378331005-WDP";"Apple";Security;Security transfer;US0378331005;3;240,00;720,00;;;EUR
2025-12-06;01:00:00;Executed;"SWITCH-101-cns3t2c78AFERemuBBek9Q-NL0010273215-WDP";"ASML Holding";Security;Security transfer;NL0010273215;1;943,90;943,90;;;EUR
2025-12-06;01:00:00;Executed;"SWITCH-101-cns3t2c78AFERemuBBek9Q-US33813J1060-WDP";"Fisker A";Security;Security transfer;US33813J1060;650;0,00;0,00;;;EUR
2025-12-06;01:00:00;Executed;"SWITCH-101-cns3t2c78AFERemuBBek9Q-IE00B4L5Y983-WDP";"iShares Core MSCI World (Acc)";Security;Security transfer;IE00B4L5Y983;51,9;111,72;5.798,268;;;EUR
2025-12-06;01:00:00;Executed;"SWITCH-101-cns3t2c78AFERemuBBek9Q-IE00B53SZB19-WDP";"iShares Nasdaq 100 (Acc)";Security;Security transfer;IE00B53SZB19;4,026;1.266,00;5.096,916;;;EUR
2025-12-06;01:00:00;Executed;"SWITCH-101-cns3t2c78AFERemuBBek9Q-DE0007164600-WDP";"SAP SE";Security;Security transfer;DE0007164600;2;212,75;425,50;;;EUR
2025-12-06;01:00:00;Executed;"SWITCH-101-cns3t2c78AFERemuBBek9Q-DE0007500001-WDP";"thyssenkrupp";Security;Security transfer;DE0007500001;40;9,40;376,00;;;EUR
2025-12-06;01:00:00;Executed;"SWITCH-101-cns3t2c78AFERemuBBek9Q-US67066G1040-WDP";"NVIDIA";Security;Security transfer;US67066G1040;4;156,72;626,88;;;EUR
2025-12-06;01:00:00;Executed;"SWITCH-101-cns3t2c78AFERemuBBek9Q-GB00BLD4ZL17-WDP";"CoinShares Physical Bitcoin";Security;Security transfer;GB00BLD4ZL17;10;74,01;740,10;;;EUR
2025-12-06;01:00:00;Executed;"SWITCH-101-cns3t2c78AFERemuBBek9Q-US5949181045-WDP";"Microsoft";Security;Security transfer;US5949181045;2;414,55;829,10;;;EUR
2025-12-06;01:00:00;Executed;"SWITCH-101-cns3t2c78AFERemuBBek9Q-IE00BHZRQZ17-WDP";"Franklin FTSE India (Acc)";Security;Security transfer;IE00BHZRQZ17;67,345;38,415;2.587,058175;;;EUR
2025-12-06;01:00:00;Executed;"SWITCH-101-cns3t2c78AFERemuBBek9Q-EUR-DEPOSIT";"";Cash;Deposit;;;;3.543,91;0,00;;EUR
2025-12-06;01:00:00;Executed;"SWITCH-101-cns3t2c78AFERemuBBek9Q-IE00B579F325-WDP";"Invesco Physical Gold A";Security;Security transfer;IE00B579F325;6,782;348,10;2.360,8142;;;EUR
2025-12-06;01:00:00;Executed;"SWITCH-101-cns3t2c78AFERemuBBek9Q-IE00B5BMR087-WDP";"iShares Core S&P 500 (Acc)";Security;Security transfer;IE00B5BMR087;8,71;631,46;5.500,0166;;;EUR
2025-12-06;01:00:00;Executed;"SWITCH-101-cns3t2c78AFERemuBBek9Q-DE000TKMS001-WDP";"Tkms Ag & Co. Kgaa";Security;Security transfer;DE000TKMS001;2;68,65;137,30;;;EUR
2025-12-06;01:00:00;Executed;"SWITCH-101-cns3t2c78AFERemuBBek9Q-DE000ZAL1111-WDP";"Zalando";Security;Security transfer;DE000ZAL1111;15;23,82;357,30;;;EUR
2025-12-06;01:00:00;Executed;"SWITCH-101-cns3t2c78AFERemuBBek9Q-IE00BM67HT60-WDP";"Xtrackers MSCI World Information Technology (Acc)";Security;Security transfer;IE00BM67HT60;51,728;102,28;5.290,73984;;;EUR
2025-12-05;01:00:00;Executed;"WWUM 00594586036";"Invesco Physical Gold A";Security;Security transfer;IE00B579F325;-6,782;348,16;-2.361,22112;;;EUR
2025-12-05;01:00:00;Executed;"WWUM 00594586351";"Franklin FTSE India (Acc)";Security;Security transfer;IE00BHZRQZ17;-67,345;38,43;-2.588,06835;;;EUR
2025-12-05;01:00:00;Executed;"WWUM 00594585404";"Tkms Ag & Co. Kgaa";Security;Security transfer;DE000TKMS001;-2;67,00;-134,00;;;EUR
2025-12-05;01:00:00;Executed;"WWUM 00594585484";"Zalando";Security;Security transfer;DE000ZAL1111;-15;23,58;-353,70;;;EUR
2025-12-05;01:00:00;Executed;"WWUM 00594585862";"iShares Nasdaq 100 (Acc)";Security;Security transfer;IE00B53SZB19;-4,026;1.256,60;-5.059,0716;;;EUR
2025-12-05;01:00:00;Executed;"WWUM 00594586528";"Xtrackers MSCI World Information Technology (Acc)";Security;Security transfer;IE00BM67HT60;-51,728;101,66;-5.258,66848;;;EUR
2025-12-05;01:00:00;Executed;"WWUM 00594587073";"Microsoft";Security;Security transfer;US5949181045;-2;410,30;-820,60;;;EUR
2025-12-05;01:00:00;Executed;"WWUM 00594585571";"CoinShares Physical Bitcoin";Security;Security transfer;GB00BLD4ZL17;-10;76,50;-765,00;;;EUR
2025-12-05;01:00:00;Executed;"WWUM 00594585651";"iShares Core MSCI World (Acc)";Security;Security transfer;IE00B4L5Y983;-51,9;111,34;-5.778,546;;;EUR
2025-12-05;01:00:00;Executed;"WWUM 00594586792";"Alphabet A";Security;Security transfer;US02079K3059;-3;271,50;-814,50;;;EUR
2025-12-05;01:00:00;Executed;"WWUM 00594586168";"iShares Core S&P 500 (Acc)";Security;Security transfer;IE00B5BMR087;-8,71;628,92;-5.477,8932;;;EUR
2025-12-05;01:00:00;Executed;"52025004";"KKT-Abschluss";Cash;Interest;;;;5,36;0,00;0,00;EUR
2025-12-05;01:00:00;Executed;"WWUM 00594585110";"Rheinmetall";Security;Security transfer;DE0007030009;-1;1.540,00;-1.540,00;;;EUR
2025-12-05;01:00:00;Executed;"WWUM 00594585295";"thyssenkrupp";Security;Security transfer;DE0007500001;-40;9,206;-368,24;;;EUR
2025-12-05;01:00:00;Executed;"WWUM 00594586994";"Fisker A";Security;Security transfer;US33813J1060;-650;0,00064421;-0,4187365;;;EUR
2025-12-05;01:00:00;Executed;"WWUM 00594587148";"NVIDIA";Security;Security transfer;US67066G1040;-4;156,76;-627,04;;;EUR
2025-12-05;01:00:00;Executed;"WWUM 00594585205";"SAP SE";Security;Security transfer;DE0007164600;-2;210,15;-420,30;;;EUR
2025-12-05;01:00:00;Executed;"WWUM 00594586707";"ASML Holding";Security;Security transfer;NL0010273215;-1;952,20;-952,20;;;EUR
2025-12-05;01:00:00;Executed;"WWUM 00594586871";"Apple";Security;Security transfer;US0378331005;-3;240,75;-722,25;;;EUR
2025-12-01;01:00:00;Executed;"U2AZWIFVHFPG21VC";"Entgelt PRIME+ Broker";Cash;Fee;;;;-4,99;0,00;;EUR
2025-11-25;11:44:17;Executed;"SCALo5rBMG5Gpxe";"iShares Core S&P 500 (Acc)";Security;Savings plan;IE00B5BMR087;0,48278;621,40;-299,999492;0,00;0,00;EUR
2025-11-25;11:33:03;Executed;"SCALkgYb4GjBi98";"Invesco Physical Gold A";Security;Savings plan;IE00B579F325;0,580484;344,54;-199,99995736;0,00;0,00;EUR
2025-11-25;11:14:04;Executed;"SCALU8B6w9bxvtJ";"Xtrackers MSCI World Information Technology (Acc)";Security;Savings plan;IE00BM67HT60;3,029385;99,03;-299,99999655;0,00;0,00;EUR
2025-11-25;11:09:09;Executed;"SCALtNL9f4Qt7og";"iShares Nasdaq 100 (Acc)";Security;Savings plan;IE00B53SZB19;0,243466;1.232,20;-299,9988052;0,00;0,00;EUR
2025-11-21;01:00:00;Executed;"G4X4RWBT3PEMR82GXHTW9C";"Scalable Capital Broker 4x Sparplan";Cash;Deposit;;;;1.100,00;0,00;;EUR
2025-11-18;21:49:27;Executed;"SCALTkUC8BXVd9x";"Invesco Physical Bitcoin";Security;Buy;XS2376095068;12;78,06;-936,72;6,46;0,00;EUR
2025-11-14;01:00:00;Executed;"WWEK 53195194";"Apple";Cash;Distribution;US0378331005;;;0,47;0,00;0,20;EUR
2025-11-13;11:44:20;Executed;"SCALeNKagN5iMwY";"iShares Core MSCI World (Acc)";Security;Savings plan;IE00B4L5Y983;2,682883;111,82;-299,99997706;0,00;0,00;EUR
2025-11-11;01:00:00;Executed;"VF2DHBBFH6EWHH8EAXQ887";"Scalable Capital Broker Sparplan";Cash;Deposit;;;;300,00;0,00;;EUR
2025-11-06;01:00:00;Executed;"WWEK 53015571";"ASML Holding";Cash;Distribution;NL0010273215;;;1,36;0,00;0,24;EUR
2025-11-04;23:38:35;Expired;"SCALJSMW51Jq55a";"Rheinmetall";Security;Sell;DE0007030009;0;0,00;0,00;0,00;0,00;EUR
2025-11-01;01:00:00;Executed;"JDELCWHVQHMEB1GV";"Entgelt PRIME+ Broker";Cash;Fee;;;;-4,99;0,00;;EUR
2025-10-27;11:54:47;Executed;"SCALuQ88KhWosrq";"Invesco Physical Gold A";Security;Savings plan;IE00B579F325;0,598802;334,00;-199,999868;0,00;0,00;EUR
2025-10-27;11:27:22;Executed;"SCAL9ruJQSK6XHG";"iShares Core S&P 500 (Acc)";Security;Savings plan;IE00B5BMR087;0,476462;629,64;-299,99953368;0,00;0,00;EUR
2025-10-27;11:26:04;Executed;"SCALq83vLvsedMM";"Xtrackers MSCI World Information Technology (Acc)";Security;Savings plan;IE00BM67HT60;2,875766;104,32;-299,99990912;0,00;0,00;EUR
2025-10-27;11:07:09;Executed;"SCALT5FwQWDhgVs";"iShares Nasdaq 100 (Acc)";Security;Savings plan;IE00B53SZB19;0,237041;1.265,60;-299,9990896;0,00;0,00;EUR
2025-10-23;02:00:00;Executed;"GYFWQQ5ISFT9LF6QWOKZWY";"Scalable Capital Broker 4x Sparplan";Cash;Deposit;;;;1.100,00;0,00;;EUR
2025-10-20;02:00:00;Executed;"WWUM 00565691820";"TKMS AG & CO. KGAA";Security;Corporate action;DE000TKMS001;2;0,00;0,00;;;EUR
2025-10-13;11:26:48;Executed;"SCAL2BpaUhynPiP";"iShares Core MSCI World (Acc)";Security;Savings plan;IE00B4L5Y983;2,766251;108,45;-299,99992095;0,00;0,00;EUR
2025-10-09;02:00:00;Executed;"GSJEBOMHD3H6ELK8YRU7BP";"Scalable Capital Broker Sparplan";Cash;Deposit;;;;300,00;0,00;;EUR
2025-10-06;20:10:21;Executed;"SCALnsu9Ei2yqdn";"Advanced Micro Devices";Security;Sell;US0079031078;3;177,02;531,06;0,00;0,00;EUR
2025-10-06;20:09:40;Cancelled;"SCALwfnv9wM1xPG";"Advanced Micro Devices";Security;Sell;US0079031078;0;0,00;0,00;0,00;0,00;EUR
2025-10-06;20:02:30;Cancelled;"SCALg2ie4UtcmHm";"Advanced Micro Devices";Security;Sell;US0079031078;0;0,00;0,00;0,00;0,00;EUR
2025-10-06;19:49:16;Cancelled;"SCALHJUZqNS7CJ1";"Advanced Micro Devices";Security;Sell;US0079031078;0;0,00;0,00;0,00;0,00;EUR
2025-10-03;09:12:32;Executed;"SCALNtJUxyoF5WV";"Salzgitter";Security;Sell;DE0006202005;10;31,00;310,00;0,00;0,00;EUR
2025-10-03;02:00:00;Executed;"WWEK 52256870";"NVIDIA";Cash;Distribution;US67066G1040;;;0,01;0,00;0,02;EUR
2025-10-01;02:00:00;Executed;"267f6b11-1075-4e5b-9a26-11ea94f13ccb";;Cash;Interest;;;;123,95;0,00;44,39;EUR
2025-09-30;02:00:00;Executed;"52025003";"KKT-Abschluss";Cash;Interest;;;;5,56;0,00;0,00;EUR
2025-09-30;02:00:00;Executed;"DYCUEA8CJNEMVN5H";"Entgelt PRIME+ Broker";Cash;Fee;;;;-4,99;0,00;;EUR
2025-09-25;17:15:06;Executed;"SCALj9sXM4xjD4E";"Xtrackers MSCI World Information Technology (Acc)";Security;Savings plan;IE00BM67HT60;3,071882;97,66;-299,99999612;0,00;0,00;EUR
2025-09-25;17:07:27;Executed;"SCALib1BxT4VA2j";"iShares Nasdaq 100 (Acc)";Security;Savings plan;IE00B53SZB19;0,250626;1.197,00;-299,999322;0,00;0,00;EUR
2025-09-25;16:39:33;Executed;"SCALtMbotyne5MF";"Invesco Physical Gold A";Security;Savings plan;IE00B579F325;0,650448;307,48;-199,99975104;0,00;0,00;EUR
2025-09-25;16:34:42;Executed;"SCALZrnBc7URjTj";"iShares Core S&P 500 (Acc)";Security;Savings plan;IE00B5BMR087;0,495834;605,04;-299,99940336;0,00;0,00;EUR
2025-09-23;02:00:00;Executed;"XB6DVBTSRWKKXMRRQZT5Y8";"Scalable Capital Broker 4x Sparplan";Cash;Deposit;;;;1.100,00;0,00;;EUR
2025-09-16;02:00:00;Executed;"WWEK 51133968";"Alphabet A";Cash;Distribution;US02079K3059;;;0,37;0,00;0,16;EUR
2025-09-15;11:55:45;Executed;"SCALvJVL5H1hncS";"iShares Core MSCI World (Acc)";Security;Savings plan;IE00B4L5Y983;2,818621;106,435;-299,999926135;0,00;0,00;EUR
2025-09-12;02:00:00;Executed;"WWEK 50887989";"Microsoft";Cash;Distribution;US5949181045;;;0,99;0,00;0,42;EUR
2025-09-11;02:00:00;Executed;"TI7HJVP1DWPLKJDUMJJ5TH";"Scalable Capital Broker Sparplan";Cash;Deposit;;;;300,00;0,00;;EUR
2025-08-31;02:00:00;Executed;"FS58SLBWLEP8T24Z";"Entgelt PRIME+ Broker";Cash;Fee;;;;-4,99;0,00;;EUR
2025-08-29;12:04:20;Executed;"SCALYxzwmnPTraR";"Boeing Co";Security;Sell;US0970231058;3;201,40;604,20;0,00;0,00;EUR
2025-08-25;11:59:33;Executed;"SCALEsP5NmRsWjW";"Invesco Physical Gold A";Security;Savings plan;IE00B579F325;0,720824;277,46;-199,99982704;0,00;0,00;EUR
2025-08-25;11:54:38;Executed;"SCALKRNG9eg6KHR";"iShares Nasdaq 100 (Acc)";Security;Savings plan;IE00B53SZB19;0,261278;1.148,20;-299,9993996;0,00;0,00;EUR
2025-08-25;11:44:41;Executed;"SCALYQE648rfmdE";"iShares Core S&P 500 (Acc)";Security;Savings plan;IE00B5BMR087;0,50913;589,24;-299,9997612;0,00;0,00;EUR
2025-08-25;11:27:07;Executed;"SCALVMGxQ4HJcTR";"Xtrackers MSCI World Information Technology (Acc)";Security;Savings plan;IE00BM67HT60;3,269398;91,76;-299,99996048;0,00;0,00;EUR
2025-08-21;02:00:00;Executed;"BMXLGL7CGAZ9EVPGHRGZ2Q";"Scalable Capital Broker 4x Sparplan";Cash;Deposit;;;;1.100,00;0,00;;EUR
2025-08-15;02:00:00;Executed;"WWEK 49922239";"Apple";Cash;Distribution;US0378331005;;;0,47;0,00;0,20;EUR
2025-08-13;11:53:29;Executed;"SCALH3xhvv2f7gP";"iShares Core MSCI World (Acc)";Security;Savings plan;IE00B4L5Y983;2,874802;104,355;-299,99996271;0,00;0,00;EUR
2025-08-11;02:00:00;Executed;"KEH1FZDZKXH2KCPF2AQ8KX";"Scalable Capital Broker Sparplan";Cash;Deposit;;;;300,00;0,00;;EUR
2025-08-06;02:00:00;Executed;"WWEK 49719521";"ASML Holding";Cash;Distribution;NL0010273215;;;1,36;0,00;0,24;EUR
2025-08-05;02:00:00;Executed;"JLJAXUSIECXGGPWAMAUVCC";"Scalable Capital Broker Auszahlung";Cash;Withdrawal;;;;-30.000,00;0,00;;EUR
2025-07-31;02:00:00;Executed;"F3MAYVNP75IYGGK7";"Entgelt PRIME+ Broker";Cash;Fee;;;;-4,99;0,00;;EUR
2025-07-25;11:59:19;Executed;"SCALWBfJn73YJXy";"iShares Nasdaq 100 (Acc)";Security;Savings plan;IE00B53SZB19;0,264;1.134,80;-299,5872;0,00;0,00;EUR
2025-07-25;11:43:45;Executed;"SCAL1QNgUkjorja";"Xtrackers MSCI World Information Technology (Acc)";Security;Savings plan;IE00BM67HT60;3,302;90,84;-299,95368;0,00;0,00;EUR
2025-07-25;11:41:10;Executed;"SCALibuYyKEPoVc";"iShares Core S&P 500 (Acc)";Security;Savings plan;IE00B5BMR087;0,517;579,42;-299,56014;0,00;0,00;EUR
2025-07-25;11:02:43;Executed;"SCALaMHzvEf9uCx";"Invesco Physical Gold A";Security;Savings plan;IE00B579F325;0,728;274,50;-199,836;0,00;0,00;EUR
2025-07-24;02:00:00;Executed;"GUTHNPM4WPMIHTWFVDSMZH";"Scalable Capital Broker 4x Sparplan";Cash;Deposit;;;;1.100,00;0,00;;EUR
2025-07-14;11:55:57;Executed;"SCALWHJMdn3Ypat";"iShares Core MSCI World (Acc)";Security;Savings plan;IE00B4L5Y983;2,965;101,18;-299,9987;0,00;0,00;EUR
2025-07-13;02:00:00;Executed;"HN7KSM2X6QZRRYPVMCAAMF";"Scalable Capital Broker Auszahlung";Cash;Withdrawal;;;;-10.000,00;0,00;;EUR
2025-07-11;02:00:00;Executed;"4PARBWBDIXKFGRD8KGWIYM";"Scalable Capital Broker Sparplan";Cash;Deposit;;;;300,00;0,00;;EUR
2025-07-10;07:30:32;Executed;"SCALTaxZ8xr43Aw";"Salzgitter";Security;Buy;DE0006202005;10;29,08;-290,80;0,00;0,00;EUR
2025-07-07;18:14:40;Executed;"SCALbewYXnUUdSD";"Rheinmetall";Security;Buy;DE0007030009;1;1.794,00;-1.794,00;0,00;0,00;EUR
2025-07-04;02:00:00;Executed;"WWEK 48775217";"NVIDIA";Cash;Distribution;US67066G1040;;;0,01;0,00;0,02;EUR
2025-07-01;02:00:00;Executed;"8cd3688e-99fc-437e-897f-b6b188c42faa";;Cash;Interest;;;;249,06;0,00;89,22;EUR
2025-06-30;02:00:00;Executed;"52025002";"KKT-Abschluss";Cash;Interest;;;;12,28;0,00;0,00;EUR
2025-06-30;02:00:00;Executed;"SABWQK1ZI6WAVSXE";"Entgelt PRIME+ Broker";Cash;Fee;;;;-4,99;0,00;;EUR
2025-06-25;15:31:32;Executed;"SCALGXffyxWi1eH";"iShares Nasdaq 100 (Acc)";Security;Savings plan;IE00B53SZB19;0,272;1.101,80;-299,6896;0,00;0,00;EUR
2025-06-25;15:17:54;Executed;"SCAL2bnWoRhRDQj";"Invesco Physical Gold A";Security;Savings plan;IE00B579F325;0,725;275,60;-199,81;0,00;0,00;EUR
2025-06-25;14:49:41;Executed;"SCALic4fHri2x7U";"Xtrackers MSCI World Information Technology (Acc)";Security;Savings plan;IE00BM67HT60;3,452;86,90;-299,9788;0,00;0,00;EUR
2025-06-25;14:47:28;Executed;"SCALFAnvDfpDDDD";"iShares Core S&P 500 (Acc)";Security;Savings plan;IE00B5BMR087;0,534;561,32;-299,74488;0,00;0,00;EUR
2025-06-24;02:00:00;Executed;"EVGZDYDVBFNCOJMZEVU8K2";"Scalable Capital Broker 4x Sparplan";Cash;Deposit;;;;1.100,00;0,00;;EUR
2025-06-18;02:00:00;Executed;"WWEK 47617035";"Alphabet A";Cash;Distribution;US02079K3059;;;0,39;0,00;0,16;EUR
2025-06-13;12:12:20;Executed;"SCALGxq9YWkPwVc";"iShares Core MSCI World (Acc)";Security;Savings plan;IE00B4L5Y983;3,027;99,10;-299,9757;0,00;0,00;EUR
2025-06-13;11:27:34;Executed;"SCALxXCJYQmEAe2";"Franklin FTSE India (Acc)";Security;Savings plan;IE00BHZRQZ17;5,165;38,715;-199,962975;0,00;0,00;EUR
2025-06-13;02:00:00;Executed;"WWEK 47250491";"Microsoft";Cash;Distribution;US5949181045;;;1,00;0,00;0,44;EUR
2025-06-12;02:00:00;Executed;"7AZMKK43NUVY5HSYFXXRSB";"Scalable Capital Broker 2x Sparplan";Cash;Deposit;;;;500,00;0,00;;EUR
2025-05-31;02:00:00;Executed;"CUTC2954EBGZZH0H";"Entgelt PRIME+ Broker";Cash;Fee;;;;-4,99;0,00;;EUR
2025-05-26;11:39:08;Executed;"SCALyNf2bxpyHc4";"iShares Nasdaq 100 (Acc)";Security;Savings plan;IE00B53SZB19;0,281;1.066,60;-299,7146;0,00;0,00;EUR
2025-05-26;11:37:36;Executed;"SCALj639ps91k7f";"iShares Core S&P 500 (Acc)";Security;Savings plan;IE00B5BMR087;0,545;549,54;-299,4993;0,00;0,00;EUR
2025-05-26;11:33:50;Executed;"SCALAxs7CrkggAm";"Invesco Physical Gold A";Security;Savings plan;IE00B579F325;0,709;281,80;-199,7962;0,00;0,00;EUR
2025-05-26;11:07:17;Executed;"SCALrPooJnCh5o8";"Xtrackers MSCI World Information Technology (Acc)";Security;Savings plan;IE00BM67HT60;3,635;82,52;-299,9602;0,00;0,00;EUR
2025-05-23;02:00:00;Executed;"3QLB1GXGXWUAB3YA73ESHQ";"Scalable Capital Broker 4x Sparplan";Cash;Deposit;;;;1.100,00;0,00;;EUR
2025-05-16;02:00:00;Executed;"WWEK 45613662";"SAP SE";Cash;Distribution;DE0007164600;;;4,70;0,00;0,00;EUR
2025-05-16;02:00:00;Executed;"WWEK 45676125";"Apple";Cash;Distribution;US0378331005;;;0,48;0,00;0,22;EUR
2025-05-13;13:54:55;Executed;"SCALDAqNwqCaAey";"iShares Core MSCI World (Acc)";Security;Savings plan;IE00B4L5Y983;3,007;99,738;-299,912166;0,00;0,00;EUR
2025-05-13;13:35:03;Executed;"SCAL9ETmhbQtFRC";"Franklin FTSE India (Acc)";Security;Savings plan;IE00BHZRQZ17;4,996;40,025;-199,9649;0,00;0,00;EUR
2025-05-12;02:00:00;Executed;"QEUGWXL95PZFUTYD8HRGD";"Scalable Capital Broker 2x Sparplan";Cash;Deposit;;;;500,00;0,00;;EUR
2025-05-06;02:00:00;Executed;"WWEK 45016345";"ASML Holding";Cash;Distribution;NL0010273215;;;1,56;0,00;0,28;EUR
2025-04-30;02:00:00;Executed;"Q9AE6UUX1PMFA2VI";"Entgelt PRIME+ Broker";Cash;Fee;;;;-4,99;0,00;;EUR
2025-04-25;11:41:10;Executed;"SCALqTTpfCTj3Wt";"Xtrackers MSCI World Information Technology (Acc)";Security;Savings plan;IE00BM67HT60;4,066;73,78;-299,98948;0,00;0,00;EUR
2025-04-25;11:32:14;Executed;"SCALahbWMV2CHAP";"iShares Nasdaq 100 (Acc)";Security;Savings plan;IE00B53SZB19;0,308;972,40;-299,4992;0,00;0,00;EUR
2025-04-25;11:27:29;Executed;"SCAL3KEfRKJCRiC";"Invesco Physical Gold A";Security;Savings plan;IE00B579F325;0,712;280,54;-199,74448;0,00;0,00;EUR
2025-04-25;11:17:56;Executed;"SCALLK63ov9TbrF";"iShares Core S&P 500 (Acc)";Security;Savings plan;IE00B5BMR087;0,582;514,98;-299,71836;0,00;0,00;EUR
2025-04-24;02:00:00;Executed;"FMOHWXN5EPPAUAMQ6K3G7D";"Scalable Capital Broker 4x Sparplan";Cash;Deposit;;;;1.100,00;0,00;;EUR
2025-04-14;11:09:39;Executed;"SCALnYa1c75KFkw";"Franklin FTSE India (Acc)";Security;Savings plan;IE00BHZRQZ17;5,37;37,24;-199,9788;0,00;0,00;EUR
2025-04-14;11:06:57;Executed;"SCALWFMWFjoF51k";"iShares Core MSCI World (Acc)";Security;Savings plan;IE00B4L5Y983;3,318;90,392;-299,920656;0,00;0,00;EUR
2025-04-11;02:00:00;Executed;"ICWNQLRTSMM81RVUFC79CF";"Scalable Capital Broker 2x Sparplan";Cash;Deposit;;;;500,00;0,00;;EUR
2025-04-03;02:00:00;Executed;"WWEK 43961542";"NVIDIA";Cash;Distribution;US67066G1040;;;0,02;0,00;0,02;EUR
2025-04-01;02:00:00;Executed;"0a86cbbb-9d31-4701-9d2e-22560d64df09";;Cash;Interest;;;;172,00;0,00;61,62;EUR
2025-03-31;02:00:00;Executed;"52025001";"KKT-Abschluss";Cash;Interest;;;;110,65;0,00;0,00;EUR
2025-03-31;02:00:00;Executed;"XSWFHXCXE3ECYE25";"Entgelt PRIME+ Broker";Cash;Fee;;;;-4,99;0,00;;EUR
2025-03-25;11:49:41;Executed;"SCALzwou4Qxsjvf";"Invesco Physical Gold A";Security;Savings plan;IE00B579F325;0,742;269,46;-199,93932;0,00;0,00;EUR
2025-03-25;11:46:16;Executed;"SCALg3MRTWazhjB";"iShares Core S&P 500 (Acc)";Security;Savings plan;IE00B5BMR087;0,529;567,10;-299,9959;0,00;0,00;EUR
2025-03-25;11:38:42;Executed;"SCALCG9DtKXZmEm";"Xtrackers MSCI World Information Technology (Acc)";Security;Savings plan;IE00BM67HT60;3,654;82,08;-299,92032;0,00;0,00;EUR
2025-03-25;11:04:36;Executed;"SCAL2kjb95tkGTh";"iShares Nasdaq 100 (Acc)";Security;Savings plan;IE00B53SZB19;0,281;1.067,40;-299,9394;0,00;0,00;EUR
2025-03-24;01:00:00;Executed;"W9QJR66DMJJ94VZQXKWQSG";"Scalable Capital Broker 4x Sparplan";Cash;Deposit;;;;1.100,00;0,00;;EUR
2025-03-18;01:00:00;Executed;"WWEK 42966504";"Alphabet A";Cash;Distribution;US02079K3059;;;0,39;0,00;0,16;EUR
2025-03-14;01:00:00;Executed;"WWEK 42680950";"Microsoft";Cash;Distribution;US5949181045;;;1,06;0,00;0,46;EUR
2025-03-13;11:23:47;Executed;"SCALm2DdR155MsB";"Franklin FTSE India (Acc)";Security;Savings plan;IE00BHZRQZ17;5,432;36,815;-199,97908;0,00;0,00;EUR
2025-03-13;11:21:51;Executed;"SCAL8Jk8qP7dniy";"iShares Core MSCI World (Acc)";Security;Savings plan;IE00B4L5Y983;3,072;97,64;-299,95008;0,00;0,00;EUR
2025-03-12;01:00:00;Executed;"WDVBUGBW1NW4FLDK1XJHHQ";"Scalable Capital Broker 2x Sparplan";Cash;Deposit;;;;500,00;0,00;;EUR
2025-03-01;01:00:00;Executed;"JZE97WEEEGIK8YRB";"Entgelt PRIME+ Broker";Cash;Fee;;;;-4,99;0,00;;EUR
2025-02-25;12:12:12;Executed;"SCAL7xA8oHHRpLv";"Invesco Physical Gold A";Security;Savings plan;IE00B579F325;0,739;270,48;-199,88472;0,00;0,00;EUR
2025-02-25;11:49:50;Executed;"SCALF2w31RySBv4";"iShares Nasdaq 100 (Acc)";Security;Savings plan;IE00B53SZB19;0,258;1.161,80;-299,7444;0,00;0,00;EUR
2025-02-25;11:43:35;Executed;"SCALuR8jH8cYekb";"Xtrackers MSCI World Information Technology (Acc)";Security;Savings plan;IE00BM67HT60;3,341;89,78;-299,95498;0,00;0,00;EUR
2025-02-25;11:39:58;Executed;"SCALxobkZFReMdF";"iShares Core S&P 500 (Acc)";Security;Savings plan;IE00B5BMR087;0,494;606,20;-299,4628;0,00;0,00;EUR
2025-02-24;01:00:00;Executed;"ST5KUZESZNNKIHRKORJOIX";"Scalable Capital Broker 4x Sparplan";Cash;Deposit;;;;1.100,00;0,00;;EUR
2025-02-19;01:00:00;Executed;"WWEK 42014248";"ASML Holding";Cash;Distribution;NL0010273215;;;1,29;0,00;0,23;EUR
2025-02-18;07:30:09;Executed;"SCALQFfoc9Rvi3A";"Zalando";Security;Buy;DE000ZAL1111;15;39,66;-594,90;0,00;0,00;EUR
2025-02-14;01:00:00;Executed;"WWEK 41771303";"Apple";Cash;Distribution;US0378331005;;;0,51;0,00;0,20;EUR
2025-02-13;11:49:04;Executed;"SCAL9f6x8f1Gpjf";"iShares Core MSCI World (Acc)";Security;Savings plan;IE00B4L5Y983;2,784;107,72;-299,8924;0,00;0,00;EUR
2025-02-13;11:43:11;Executed;"SCALoBcc5vELYVK";"Franklin FTSE India (Acc)";Security;Savings plan;IE00BHZRQZ17;5,057;39,545;-199,979;0,00;0,00;EUR
2025-02-12;01:00:00;Executed;"GW7HHJ66EBJRDKAFTKHNAS";"Scalable Capital Broker 2x Sparplan";Cash;Deposit;;;;500,00;0,00;;EUR
2025-02-10;01:00:00;Executed;"kGvXFPoZTGrA4HsdQxsFTt";"Scalable Capital";Cash;Deposit;;;;10.000,00;0,00;;EUR
2025-02-07;01:00:00;Executed;"j8r6Tisww2FD6pi3t6amEi";"Scalable Capital";Cash;Deposit;;;;10.000,00;0,00;;EUR
2025-02-07;01:00:00;Executed;"5WekHEBCXZHTAydVbcvjmq";"Scalable Capital";Cash;Deposit;;;;10.000,00;0,00;;EUR
2025-02-06;01:00:00;Executed;"dvsazxZbJJhMo3ND31br6i";"Scalable Capital";Cash;Deposit;;;;10.000,00;0,00;;EUR
2025-02-06;01:00:00;Executed;"iqWHYK2DzLLAApeQumAVQs";"Scalable Capital";Cash;Deposit;;;;10.000,00;0,00;;EUR
2025-02-05;01:00:00;Executed;"WWEK 41037474";"thyssenkrupp";Cash;Distribution;DE0007500001;;;6,00;0,00;0,00;EUR
2025-02-03;01:00:00;Executed;"GT3TAGYFCHCJDPZB";"Entgelt PRIME+ Broker";Cash;Fee;;;;-4,99;0,00;;EUR
2025-02-03;01:00:00;Executed;"6CFS87eXfMT1qSGvsJAgs6";"Scalable Capital Broker";Cash;Deposit;;;;10.000,00;0,00;;EUR
2025-02-03;01:00:00;Executed;"VMLLD7EDXF1ZTSWWSNPEGC";"Scalable Capital Broker Auszahlung";Cash;Withdrawal;;;;-40.000,00;0,00;;EUR
2025-01-27;15:51:58;Executed;"SCAL6sP9JEqYiZu";"iShares Core S&P 500 (Acc)";Security;Savings plan;IE00B5BMR087;0,495;605,68;-299,8116;0,00;0,00;EUR
2025-01-27;15:49:12;Executed;"SCALMkyionhQBaN";"iShares Nasdaq 100 (Acc)";Security;Savings plan;IE00B53SZB19;0,26;1.153,00;-299,7799;0,00;0,00;EUR
2025-01-27;15:13:40;Executed;"SCAL1GLjpK8ZQ9z";"Invesco Physical Gold A";Security;Savings plan;IE00B579F325;0,792;252,50;-199,98;0,00;0,00;EUR
2025-01-27;15:00:41;Executed;"SCALhEnxHKdwkub";"Xtrackers MSCI World Information Technology (Acc)";Security;Savings plan;IE00BM67HT60;3,394;88,39;-299,9956;0,00;0,00;EUR
2025-01-24;11:19:31;Executed;"SCALYzEPALhtA7z";"NVIDIA";Security;Buy;US67066G1040;4;140,30;-561,20;0,00;0,00;EUR
2025-01-24;01:00:00;Executed;"DWRKBGSBVURP6NR1QVQYRO";"Scalable Capital Broker 4x Sparplan";Cash;Deposit;;;;1.100,00;0,00;;EUR
2025-01-21;09:44:40;Executed;"SCALRDuQTTzN2SK";"SAP SE";Security;Buy;DE0007164600;2;257,30;-514,60;0,00;0,00;EUR
2025-01-13;13:32:27;Executed;"SCALAFFdoQdvfhB";"Franklin FTSE India (Acc)";Security;Savings plan;IE00BHZRQZ17;4,874;41,03;-199,9802;0,00;0,00;EUR
2025-01-13;13:25:57;Executed;"SCALwXSLwLKY61R";"iShares Core MSCI World (Acc)";Security;Savings plan;IE00B4L5Y983;2,883;104,03;-299,9184;0,00;0,00;EUR
2025-01-10;01:00:00;Executed;"6ZM3SJNBQX1Z1EWBFYBUNX";"Scalable Capital Broker 2x Sparplan";Cash;Deposit;;;;500,00;0,00;;EUR
2025-01-08;01:00:00;Executed;"949474060";"Scalable Capital";Cash;Deposit;;;;10.000,00;0,00;;EUR
2025-01-06;01:00:00;Executed;"949327271";"Scalable Capital";Cash;Deposit;;;;10.000,00;0,00;;EUR
2025-01-02;01:00:00;Executed;"QJSWTHOAENOG1VGQ";"Entgelt PRIME+ Broker";Cash;Fee;;;;-4,99;0,00;;EUR
2024-12-31;01:00:00;Executed;"52024004";"KKT-Abschluss";Cash;Interest;;;;25,46;0,00;0,00;EUR
2024-12-30;01:00:00;Executed;"948756107";"Scalable Capital";Cash;Deposit;;;;10.000,00;0,00;;EUR
2024-12-27;11:40:12;Executed;"SCALuLUB8hvtaQB";"iShares Nasdaq 100 (Acc)";Security;Savings plan;IE00B53SZB19;0,251;1.191,40;-299,0414;0,00;0,00;EUR
2024-12-27;11:35:15;Executed;"SCALjwMcsuneYRS";"Xtrackers MSCI World Information Technology (Acc)";Security;Savings plan;IE00BM67HT60;3,18;94,33;-299,9694;0,00;0,00;EUR
2024-12-27;11:26:36;Executed;"SCALi6T1tDGMKLD";"iShares Core S&P 500 (Acc)";Security;Savings plan;IE00B5BMR087;0,489;613,02;-299,7667;0,00;0,00;EUR
2024-12-27;11:02:47;Executed;"SCALJEVBRK4V5zA";"Invesco Physical Gold A";Security;Savings plan;IE00B579F325;0,822;243,04;-199,7788;0,00;0,00;EUR
2024-12-24;01:00:00;Executed;"MEZ8BGXGJFM96WUPD7F5OC";"Scalable Capital Broker 4x Sparplan";Cash;Deposit;;;;1.100,00;0,00;;EUR
2024-12-23;01:00:00;Executed;"948485979";"Scalable Capital";Cash;Deposit;;;;10.000,00;0,00;;EUR
2024-12-17;01:00:00;Executed;"WWEK 35928783";"Alphabet A";Cash;Distribution;US02079K3059;;;0,39;0,00;0,18;EUR
2024-12-13;13:43:56;Executed;"SCAL6Dxtz1XEPTt";"Franklin FTSE India (Acc)";Security;Savings plan;IE00BHZRQZ17;4,568;43,78;-199,987;0,00;0,00;EUR
2024-12-13;13:39:12;Executed;"SCALtq4Cq7L2gL8";"iShares Core MSCI World (Acc)";Security;Savings plan;IE00B4L5Y983;2,828;106,045;-299,8952;0,00;0,00;EUR
2024-12-13;01:00:00;Executed;"WWEK 35514839";"Microsoft";Cash;Distribution;US5949181045;;;1,10;0,00;0,48;EUR
2024-12-12;01:00:00;Executed;"NXBQ7C7EYZRRYBIYSWSMYY";"Scalable Capital Broker 2x Sparplan";Cash;Deposit;;;;500,00;0,00;;EUR
2024-12-10;08:54:13;Executed;"SCALBJoW1n8B6Uq";"Rivian Automotive A";Security;Sell;US76954A1034;36;14,00;504,00;0,00;0,00;EUR
2024-12-02;01:00:00;Executed;"UJOYQHZWFJBI1AQG";"Entgelt PRIME+ Broker";Cash;Fee;;;;-4,99;0,00;;EUR
2024-11-28;12:11:21;Executed;"SCALn4ySs7cH1Uf";"Qualcomm";Security;Sell;US7475251036;3;148,60;445,80;0,00;0,00;EUR
2024-11-28;12:10:55;Executed;"SCAL5ktdsPG9W1g";"BYD Co H";Security;Sell;CNE100000296;20;30,51;610,20;0,00;0,00;EUR
2024-11-25;15:26:54;Cancelled;"SCALT6BMnmJcjNS";"CoinShares Physical Bitcoin";Security;Sell;GB00BLD4ZL17;0;0,00;0,00;0,00;0,00;EUR
2024-11-25;15:25:38;Executed;"SCALU95wPuZTRe3";"CoinShares Physical Bitcoin";Security;Sell;GB00BLD4ZL17;8;89,275;714,20;4,92;0,00;EUR
2024-11-25;11:42:40;Executed;"SCALqjt8VDcHYZY";"iShares Core S&P 500 (Acc)";Security;Savings plan;IE00B5BMR087;0,495;605,74;-299,8413;0,00;0,00;EUR
2024-11-25;11:31:43;Executed;"SCALYpuRG1gmHoZ";"iShares Nasdaq 100 (Acc)";Security;Savings plan;IE00B53SZB19;0,263;1.138,40;-299,3992;0,00;0,00;EUR
2024-11-25;11:18:51;Executed;"SCALtth7bvhAPNK";"Xtrackers MSCI World Information Technology (Acc)";Security;Savings plan;IE00BM67HT60;3,321;90,31;-299,9195;0,00;0,00;EUR
2024-11-25;11:00:44;Executed;"SCAL834HmG6ELiZ";"Invesco Physical Gold A";Security;Savings plan;IE00B579F325;0,813;245,86;-199,8841;0,00;0,00;EUR
2024-11-22;20:41:31;Executed;"SCALQHUzpRWubwz";"CoinShares Physical Bitcoin";Security;Buy;GB00BLD4ZL17;10;92,385;-923,85;6,37;0,00;EUR
2024-11-22;01:00:00;Executed;"HSKSAVFZ3WAOITBRK4Y2VM";"Scalable Capital Broker 4x Sparplan";Cash;Deposit;;;;1.100,00;0,00;;EUR
2024-11-19;09:04:52;Executed;"SCALc63ui6iu9wL";"iShares MSCI India (Acc)";Security;Sell;IE00BZCQB185;134,7;9,028;1.216,0716;0,00;0,00;EUR
2024-11-19;01:00:00;Executed;"WWEK 34536214";"Apple";Cash;Distribution;US0378331005;;;0,51;0,00;0,20;EUR
2024-11-15;19:16:35;Executed;"SCALumujEQsKed4";"NVIDIA";Security;Sell;US67066G1040;15;133,62;2.004,30;0,00;0,00;EUR
2024-11-13;14:05:44;Executed;"SCALvRCztc2kVqv";"iShares MSCI India (Acc)";Security;Savings plan;IE00BZCQB185;22,502;8,888;-199,9977;0,00;0,00;EUR
2024-11-13;14:01:58;Executed;"SCALZP4fGaMKxfV";"iShares Core MSCI World (Acc)";Security;Savings plan;IE00B4L5Y983;2,921;102,70;-299,9867;0,00;0,00;EUR
2024-11-13;13:50:15;Executed;"SCALCScexFwaxr8";"Franklin FTSE India (Acc)";Security;Savings plan;IE00BHZRQZ17;4,842;41,30;-199,9746;0,00;0,00;EUR
2024-11-12;08:00:41;Executed;"SCALLGTMjk7KP8S";"ON Semiconductor";Security;Sell;US6821891057;3;66,14;198,4199;0,99;0,00;EUR
2024-11-12;01:00:00;Executed;"HZZXKZMVNZEF1MPP95IU8F";"Scalable Capital Broker 3x Sparplan";Cash;Deposit;;;;700,00;0,00;;EUR
2024-11-11;15:30:08;Executed;"SCALSi8mb7xq5r4";"Starbucks";Security;Sell;US8552441094;3;92,14;276,42;0,00;0,00;EUR
2024-11-07;01:00:00;Executed;"WWEK 34233050";"ASML Holding";Cash;Distribution;NL0010273215;;;1,29;0,00;0,23;EUR
2024-11-04;01:00:00;Executed;"VSX72CT0JVVZC9DQ";"Entgelt PRIME+ Broker";Cash;Fee;;;;-4,99;0,00;;EUR
2024-10-29;01:00:00;Executed;"CANCEL-WWEK 25714438";"Qualcomm";Cash;Distribution;US7475251036;;;-1,55;0,00;-0,66;EUR
2024-10-29;01:00:00;Executed;"WWEK 34048528";"Qualcomm";Cash;Distribution;US7475251036;;;1,55;0,00;0,66;EUR
2024-10-25;14:11:58;Executed;"SCALNEzCQ2yPnCt";"iShares Core S&P 500 (Acc)";Security;Savings plan;IE00B5BMR087;0,525;570,38;-299,4495;0,00;0,00;EUR
2024-10-25;14:03:58;Executed;"SCALc1njQbMmsuk";"Xtrackers MSCI World Information Technology (Acc)";Security;Savings plan;IE00BM67HT60;3,494;85,84;-299,9249;0,00;0,00;EUR
2024-10-25;13:58:14;Executed;"SCALnHMGwWkuXML";"iShares Nasdaq 100 (Acc)";Security;Savings plan;IE00B53SZB19;0,28;1.071,40;-299,992;0,00;0,00;EUR
2024-10-24;17:28:42;Executed;"SCALZtrQHHwzd6z";"Tesla";Security;Sell;US88160R1014;2;235,05;470,10;0,00;0,00;EUR
2024-10-24;02:00:00;Executed;"QCOWWWERL8ANM8UKRVWEWG";"Scalable Capital Broker 3x Sparplan";Cash;Deposit;;;;900,00;0,00;;EUR
2024-10-14;13:57:10;Executed;"SCALDq6A72JmzJR";"iShares Core MSCI World (Acc)";Security;Savings plan;IE00B4L5Y983;3,022;99,24;-299,9032;0,00;0,00;EUR
2024-10-14;13:39:10;Executed;"SCALVBqT1yrYPmA";"iShares MSCI India (Acc)";Security;Savings plan;IE00BZCQB185;21,274;9,401;-199,9968;0,00;0,00;EUR
2024-10-14;13:29:41;Executed;"SCALoF7FHTsem6K";"Franklin FTSE India (Acc)";Security;Savings plan;IE00BHZRQZ17;4,608;43,395;-199,9641;0,00;0,00;EUR
2024-10-11;02:00:00;Executed;"VMZPIBNXVKCA4EHTRHSSJE";"Scalable Capital Broker 3x Sparplan";Cash;Deposit;;;;700,00;0,00;;EUR
2024-10-07;08:44:24;Executed;"SCALaN1FM9iVcqf";"Tesla";Security;Buy;US88160R1014;2;229,40;-458,80;0,00;0,00;EUR
2024-10-04;02:00:00;Executed;"WWEK 33589337";"NVIDIA";Cash;Distribution;US67066G1040;;;0,10;0,00;0,04;EUR
2024-10-02;02:00:00;Executed;"WCOZJUSJTREHVQMP";"Erstattung: Entgelt PRIME Broker";Cash;Fee;;;;26,91;0,00;;EUR
2024-10-02;02:00:00;Executed;"GXBSZANJQY7BMFEE";"Entgelt PRIME+ Broker";Cash;Fee;;;;-4,99;0,00;;EUR
2024-10-01;11:57:29;Cancelled;"SCALTazdCnJSYYm";"Rivian Automotive A";Security;Sell;US76954A1034;0;0,00;0,00;0,00;0,00;EUR
2024-09-27;02:00:00;Executed;"WWEK 33249372";"Qualcomm";Cash;Distribution;US7475251036;;;1,60;0,00;0,68;EUR
2024-09-25;14:17:17;Executed;"SCALcpWtDux9etS";"Xtrackers MSCI World Information Technology (Acc)";Security;Savings plan;IE00BM67HT60;2,488;80,37;-199,9605;0,00;0,00;EUR
2024-09-25;14:12:56;Executed;"SCALkW2XjXvUtaf";"iShares Core S&P 500 (Acc)";Security;Savings plan;IE00B5BMR087;0,369;541,56;-199,8356;0,00;0,00;EUR
2024-09-25;13:33:44;Executed;"SCALVwWZj7zgTNu";"iShares Nasdaq 100 (Acc)";Security;Savings plan;IE00B53SZB19;0,196;1.017,20;-199,3711;0,00;0,00;EUR
2024-09-24;02:00:00;Executed;"CAOPBYUMVF73QFZ7MODSHN";"Scalable Capital Broker 2x Sparplan";Cash;Deposit;;;;400,00;0,00;;EUR
2024-09-17;02:00:00;Executed;"WWEK 32694566";"Alphabet A";Cash;Distribution;US02079K3059;;;0,38;0,00;0,16;EUR
2024-09-13;14:26:07;Executed;"SCALcJtXvRQgGpf";"Franklin FTSE India (Acc)";Security;Savings plan;IE00BHZRQZ17;2,317;43,15;-99,9785;0,00;0,00;EUR
2024-09-13;13:50:09;Executed;"SCALKTdWkWdJ7mB";"iShares Core MSCI World (Acc)";Security;Savings plan;IE00B4L5Y983;2,112;94,68;-199,9641;0,00;0,00;EUR
2024-09-13;13:35:20;Executed;"SCALi2vJDRF7zLm";"iShares MSCI India (Acc)";Security;Savings plan;IE00BZCQB185;10,634;9,403;-99,9915;0,00;0,00;EUR
2024-09-13;02:00:00;Executed;"WWEK 32510437";"Microsoft";Cash;Distribution;US5949181045;;;0,93;0,00;0,42;EUR
2024-09-12;02:00:00;Executed;"7VWKJCAT5FQPK8HGLVBZHU";"Scalable Capital Broker 2x Sparplan";Cash;Deposit;;;;300,00;0,00;;EUR
2024-09-02;02:00:00;Executed;"WWEK 32015201";"Starbucks";Cash;Distribution;US8552441094;;;1,08;0,00;0,46;EUR
2024-08-26;11:42:44;Executed;"SCALe7ijwy6Gf9d";"iShares Nasdaq 100 (Acc)";Security;Savings plan;IE00B53SZB19;0,198;1.009,80;-199,9404;0,00;0,00;EUR
2024-08-26;11:39:03;Executed;"SCALg97jRNu7P9Z";"iShares Core S&P 500 (Acc)";Security;Savings plan;IE00B5BMR087;0,374;533,34;-199,4691;0,00;0,00;EUR
2024-08-26;11:21:01;Executed;"SCALkfFmtHj1gaf";"Xtrackers MSCI World Information Technology (Acc)";Security;Savings plan;IE00BM67HT60;2,47;80,96;-199,9712;0,00;0,00;EUR
2024-08-23;02:00:00;Executed;"JGK1G9SXISRKCIWLGDZXW";"Scalable Capital Broker 2x Sparplan";Cash;Deposit;;;;400,00;0,00;;EUR
2024-08-21;08:00:34;Executed;"SCALBb13adEgPSt";"Alphabet A";Security;Buy;US02079K3059;3;150,82;-452,46;0,00;0,00;EUR
2024-08-16;02:00:00;Executed;"WWEK 31655291";"Apple";Cash;Distribution;US0378331005;;;0,48;0,00;0,20;EUR
2024-08-14;17:16:05;Executed;"SCALWUnHEBJc5fH";"iShares Core MSCI World (Acc)";Security;Savings plan;IE00B4L5Y983;2,171;92,114;-199,9794;0,00;0,00;EUR
2024-08-14;16:29:35;Executed;"SCALrA3jtgn43wN";"iShares MSCI India (Acc)";Security;Savings plan;IE00BZCQB185;11,06;9,041;-99,9934;0,00;0,00;EUR
2024-08-13;16:56:05;Executed;"SCALR1LJz478Je5";"Franklin FTSE India (Acc)";Security;Savings plan;IE00BHZRQZ17;2,374;42,11;-99,9691;0,00;0,00;EUR
2024-08-12;02:00:00;Executed;"RZP8WWCSI22CTDNFSZ5PM8";"Scalable Capital Broker 2x Sparplan";Cash;Deposit;;;;300,00;0,00;;EUR
2024-08-07;02:00:00;Executed;"WWEK 31424846";"ASML Holding";Cash;Distribution;NL0010273215;;;1,29;0,00;0,23;EUR
2024-08-05;18:45:01;Executed;"SCALtNCN6VjSbyg";"Rivian Automotive A";Security;Buy;US76954A1034;36;13,70;-493,20;0,00;0,00;EUR
2024-08-05;08:26:10;Executed;"SCALTSaFXk8JSCx";"NVIDIA";Security;Buy;US67066G1040;5;84,17;-420,85;0,00;0,00;EUR
2024-08-02;17:15:09;Cancelled;"SCALx6EFUhd52Tj";"NVIDIA";Security;Buy;US67066G1040;0;0,00;0,00;0,00;0,00;EUR
2024-07-31;02:00:00;Executed;"WWEK 31183755";"BYD Co H";Cash;Distribution;CNE100000296;;;7,23;0,00;0,80;EUR
2024-07-25;14:09:56;Executed;"SCALZjbMUVVtJGr";"Xtrackers MSCI World Information Technology (Acc)";Security;Savings plan;IE00BM67HT60;2,517;79,45;-199,9756;0,00;0,00;EUR
2024-07-25;14:02:46;Executed;"SCALbkhSvJrJ88X";"iShares Core S&P 500 (Acc)";Security;Savings plan;IE00B5BMR087;0,379;527,60;-199,9604;0,00;0,00;EUR
2024-07-25;13:50:43;Executed;"SCALGNUC2EJ96x3";"iShares Nasdaq 100 (Acc)";Security;Savings plan;IE00B53SZB19;0,199;1.000,40;-199,0796;0,00;0,00;EUR
2024-07-24;02:00:00;Executed;"T69UFLIAT1P1BCLGKXTAUT";"Scalable Capital Broker 2x Sparplan";Cash;Deposit;;;;400,00;0,00;;EUR
2024-07-17;08:26:42;Executed;"SCALgadkUheykZt";"ASML Holding";Security;Buy;NL0010273215;1;948,10;-948,10;0,00;0,00;EUR
2024-07-15;13:22:33;Executed;"SCALkMbvGkxBi6Z";"iShares Core MSCI World (Acc)";Security;Savings plan;IE00B4L5Y983;2,077;96,292;-199,9984;0,00;0,00;EUR
2024-07-15;13:22:04;Executed;"SCALqxC3Nq9qdfe";"Franklin FTSE India (Acc)";Security;Savings plan;IE00BHZRQZ17;2,316;43,165;-99,9701;0,00;0,00;EUR
2024-07-15;13:16:16;Executed;"SCALKiNjwe52Cmy";"iShares MSCI India (Acc)";Security;Savings plan;IE00BZCQB185;10,621;9,415;-99,9967;0,00;0,00;EUR
2024-07-12;19:21:04;Executed;"SCALy6Ks1DuXsPS";"Rivian Automotive A";Security;Sell;US76954A1034;33;17,00;561,00;0,00;0,00;EUR
2024-07-12;02:00:00;Executed;"BEPTLCXW8BVFHGN6YZ3W3K";"Scalable Capital Broker 2x Sparplan";Cash;Deposit;;;;300,00;0,00;;EUR
2024-07-02;02:00:00;Executed;"WWEK 30293977";"NVIDIA";Cash;Distribution;US67066G1040;;;0,05;0,00;0,04;EUR
2024-06-26;14:36:03;Executed;"SCALAto9m5HcBWS";"iShares Core S&P 500 (Acc)";Security;Savings plan;IE00B5BMR087;0,37;539,54;-199,6298;0,00;0,00;EUR
2024-06-26;14:32:04;Executed;"SCALofLydC2VoG6";"iShares Nasdaq 100 (Acc)";Security;Savings plan;IE00B53SZB19;0,189;1.053,00;-199,017;0,00;0,00;EUR
2024-06-25;13:16:32;Executed;"SCAL6X45nehimiK";"Xtrackers MSCI World Information Technology (Acc)";Security;Savings plan;IE00BM67HT60;2,414;82,84;-199,9757;0,00;0,00;EUR
2024-06-24;02:00:00;Executed;"OUAL2GSRKQCMZY74CN84SB";"Scalable Capital Broker 2x Sparplan";Cash;Deposit;;;;400,00;0,00;;EUR
2024-06-21;02:00:00;Executed;"WWEK 29699789";"Qualcomm";Cash;Distribution;US7475251036;;;1,66;0,00;0,72;EUR
2024-06-17;11:08:50;Executed;"SCALt2RbwN281pw";"iShares MSCI India (Acc)";Security;Savings plan;IE00BZCQB185;10,842;9,223;-99,9957;0,00;0,00;EUR
2024-06-17;11:04:32;Executed;"SCALNyiEAXCgQxQ";"iShares Core MSCI World (Acc)";Security;Savings plan;IE00B4L5Y983;1,063;93,996;-99,9177;0,00;0,00;EUR
2024-06-14;02:00:00;Executed;"WWEK 29266285";"Microsoft";Cash;Distribution;US5949181045;;;0,96;0,00;0,44;EUR
2024-06-13;15:37:32;Executed;"SCALSJq71JtTtpz";"Franklin FTSE India (Acc)";Security;Savings plan;IE00BHZRQZ17;2,396;41,735;-99,997;0,00;0,00;EUR
2024-06-13;02:00:00;Executed;"GJZPBIU8I9YID3V6UB89DP";"Scalable Capital Broker 2x Sparplan";Cash;Deposit;;;;200,00;0,00;;EUR
2024-06-13;02:00:00;Executed;"ICSJM6GWZXPPPOPY";"Entgelt PRIME Broker";Cash;Fee;;;;-35,88;0,00;;EUR
2024-06-10;02:00:00;Executed;"WWUM 00325330745";"NVIDIA";Security;Corporate action;US67066G1040;-1;568,00;-568,00;;;EUR
2024-06-10;02:00:00;Executed;"WWUM 00325330750";"NVIDIA";Security;Corporate action;US67066G1040;10;56,80;568,00;;;EUR
2024-06-03;02:00:00;Executed;"WWEK 28694277";"Starbucks";Cash;Distribution;US8552441094;;;1,09;0,00;0,48;EUR
2024-05-30;19:50:08;Executed;"SCAL2U5fxEtAtEe";"Rivian Automotive A";Security;Sell;US76954A1034;50;10,10;505,00;0,00;0,00;EUR
2024-05-27;11:31:58;Executed;"SCALZibpZa7pn8s";"iShares Core S&P 500 (Acc)";Security;Savings plan;IE00B5BMR087;0,388;514,78;-199,7346;0,00;0,00;EUR
2024-05-27;11:11:37;Executed;"SCAL9JzaUJtU9dj";"iShares Nasdaq 100 (Acc)";Security;Savings plan;IE00B53SZB19;0,101;989,50;-99,9395;0,00;0,00;EUR
2024-05-24;02:00:00;Executed;"KJU4P3ZSR22ZOYR95QGTPP";"Scalable Capital Broker 2x Sparplan";Cash;Deposit;;;;300,00;0,00;;EUR
2024-05-20;02:00:00;Executed;"WWEK 28017980";"Apple";Cash;Distribution;US0378331005;;;0,49;0,00;0,20;EUR
2024-05-16;13:25:23;Executed;"SCALBP8C1hwmh2M";"Aurubis";Security;Sell;DE0006766504;4;77,00;308,00;0,00;0,00;EUR
2024-05-13;14:02:11;Executed;"SCALMh1KEWMonHq";"iShares MSCI India (Acc)";Security;Savings plan;IE00BZCQB185;11,773;8,494;-99,9998;0,00;0,00;EUR
2024-05-13;13:46:03;Executed;"SCALFGtwFVPggmb";"iShares Core MSCI World (Acc)";Security;Savings plan;IE00B4L5Y983;1,092;91,512;-99,9311;0,00;0,00;EUR
2024-05-13;13:35:03;Executed;"SCALRbVDkL64BDd";"Franklin FTSE India (Acc)";Security;Savings plan;IE00BHZRQZ17;2,557;39,095;-99,9659;0,00;0,00;EUR
2024-05-10;02:00:00;Executed;"TQZRHDHYUPKEOQ3FHYYWQT";"Scalable Capital Broker 2x Sparplan";Cash;Deposit;;;;200,00;0,00;;EUR
2024-04-25;13:51:36;Executed;"SCALKqiCoPzkaVZ";"iShares Nasdaq 100 (Acc)";Security;Savings plan;IE00B53SZB19;0,108;924,30;-99,8244;0,00;0,00;EUR
2024-04-25;13:25:37;Executed;"SCAL5dKfdMdeGtW";"iShares Core S&P 500 (Acc)";Security;Savings plan;IE00B5BMR087;0,404;494,54;-199,7941;0,00;0,00;EUR
2024-04-24;02:00:00;Executed;"F3DFIYKZQMBZIKAWWXRJ4T";"Scalable Capital Broker 2x Sparplan";Cash;Deposit;;;;300,00;0,00;;EUR
2024-04-16;15:59:11;Executed;"SCALZ298vZUBtVT";"iShares Core MSCI World (Acc)";Security;Savings plan;IE00B4L5Y983;1,12;89,284;-99,998;0,00;0,00;EUR
2024-04-16;15:47:56;Executed;"SCALMR4LBAxD3HF";"iShares MSCI India (Acc)";Security;Savings plan;IE00BZCQB185;11,775;8,492;-99,9933;0,00;0,00;EUR
2024-04-15;11:18:36;Executed;"SCALH9KjRruQcEZ";"Franklin FTSE India (Acc)";Security;Savings plan;IE00BHZRQZ17;2,531;39,50;-99,9745;0,00;0,00;EUR
2024-04-15;02:00:00;Executed;"D5QP5MZNSOCZLJDE8MNMBN";"Scalable Capital Broker 2x Sparplan";Cash;Deposit;;;;200,00;0,00;;EUR
2024-04-04;02:00:00;Executed;"WWEK 26366612";"Apple";Cash;Distribution;US0378331005;;;0,47;0,00;0,20;EUR
2024-04-04;02:00:00;Executed;"CANCEL-WWEK 24912738";"Apple";Cash;Distribution;US0378331005;;;-0,47;0,00;-0,20;EUR
2024-04-03;02:00:00;Executed;"WWEK 26139434";"NVIDIA";Cash;Distribution;US67066G1040;;;0,02;0,00;0,02;EUR
2024-03-25;12:03:23;Executed;"SCALt63SutVkCYZ";"iShares Core S&P 500 (Acc)";Security;Savings plan;IE00B5BMR087;0,394;507,38;-199,9077;0,00;0,00;EUR
2024-03-25;11:56:38;Executed;"SCALuGTUbLxxvBi";"iShares Nasdaq 100 (Acc)";Security;Savings plan;IE00B53SZB19;0,103;963,30;-99,2199;0,00;0,00;EUR
2024-03-22;01:00:00;Executed;"WWEK 25714438";"Qualcomm";Cash;Distribution;US7475251036;;;1,55;0,00;0,66;EUR
2024-03-22;01:00:00;Executed;"XPG2QXXYDT69ZYESSCMEBJ";"Scalable Capital Broker 2x Sparplan";Cash;Deposit;;;;300,00;0,00;;EUR
2024-03-15;01:00:00;Executed;"WWEK 25455726";"Microsoft";Cash;Distribution;US5949181045;;;0,96;0,00;0,42;EUR
2024-03-13;14:24:05;Executed;"SCALJZhpZzf9Xhh";"Franklin FTSE India (Acc)";Security;Savings plan;IE00BHZRQZ17;2,675;37,37;-99,9647;0,00;0,00;EUR
2024-03-13;14:11:14;Executed;"SCALfdZK1CvfwhJ";"iShares MSCI India (Acc)";Security;Savings plan;IE00BZCQB185;12,272;8,148;-99,9922;0,00;0,00;EUR
2024-03-13;13:35:12;Executed;"SCAL8rwL6qHCmdY";"iShares Core MSCI World (Acc)";Security;Savings plan;IE00B4L5Y983;1,122;89,08;-99,9477;0,00;0,00;EUR
2024-03-12;01:00:00;Executed;"7Z9VRMO7KDYR4C1A1H9LK8";"Scalable Capital Broker 2x Sparplan";Cash;Deposit;;;;200,00;0,00;;EUR
2024-03-08;08:41:13;Executed;"SCALRYpQV6azqG2";"CoinShares Physical Bitcoin (Acc)";Security;Buy;GB00BLD4ZL17;8;60,125;-481,00;3,31;0,00;EUR
2024-03-07;09:44:04;Executed;"SCAL3oK3WTNDvz9";"Fisker A";Security;Buy;US33813J1060;650;0,386;-250,90;0,00;0,00;EUR
2024-02-27;12:30:18;Executed;"SCALCpVbPZsYqRx";"Rivian Automotive A";Security;Buy;US76954A1034;50;10,08;-504,00;0,00;0,00;EUR
2024-02-26;11:54:04;Executed;"SCALiygVTBa29RH";"iShares Core S&P 500 UCITS ETF";Security;Savings plan;IE00B5BMR087;0,405;492,90;-199,6245;0,00;0,00;EUR
2024-02-26;11:40:37;Executed;"SCALCqSfALfjWhM";"iShares NASDAQ 100 UCITS ETF USD (Acc)";Security;Savings plan;IE00B53SZB19;0,106;943,30;-99,9898;0,00;0,00;EUR
2024-02-26;01:00:00;Executed;"WWEK 24912738";"Apple";Cash;Distribution;US0378331005;;;0,47;0,00;0,20;EUR
2024-02-26;01:00:00;Executed;"CANCEL-WWEK 24685946";"Apple";Cash;Distribution;US0378331005;;;-0,47;0,00;-0,20;EUR
2024-02-26;01:00:00;Executed;"WWEK 24855678";"Starbucks";Cash;Distribution;US8552441094;;;1,09;0,00;0,48;EUR
2024-02-23;01:00:00;Executed;"EMDPVKZU7TBHPM5RVB3DTQ";"Scalable Capital Broker 2x Sparplan";Cash;Deposit;;;;300,00;0,00;;EUR
2024-02-20;01:00:00;Executed;"WWEK 24817084";"Aurubis";Cash;Distribution;DE0006766504;;;5,60;0,00;0,00;EUR
2024-02-16;01:00:00;Executed;"WWEK 24685946";"Apple";Cash;Distribution;US0378331005;;;0,47;0,00;0,20;EUR
2024-02-14;14:24:18;Executed;"SCALWZ8oqnTirRE";"iShares Core MSCI World UCITS ETF";Security;Savings plan;IE00B4L5Y983;1,147;87,11;-99,9151;0,00;0,00;EUR
2024-02-14;13:56:11;Executed;"SCALdtvn38vztpa";"Franklin FTSE India UCITS ETF SINGLCLASS";Security;Savings plan;IE00BHZRQZ17;2,586;38,66;-99,9747;0,00;0,00;EUR
2024-02-14;13:36:37;Executed;"SCALFjPq9J1VWoy";"iShares MSCI India UCITS ETF USD (Acc)";Security;Savings plan;IE00BZCQB185;11,947;8,37;-99,9963;0,00;0,00;EUR
2024-02-14;12:05:03;Cancelled;"SCAL7yt92YKG6pL";"Starbucks";Security;Sell;US8552441094;0;0,00;0,00;0,00;0,00;EUR
2024-02-13;01:00:00;Executed;"X7POXF4BJ3R4YW1CUPX65F";"Scalable Capital Broker 2x Sparplan";Cash;Deposit;;;;200,00;0,00;;EUR
2024-02-09;12:59:22;Executed;"SCALpuiJcx9B1VG";"Qualcomm";Security;Buy;US7475251036;3;139,68;-419,04;0,00;0,00;EUR
2024-02-07;01:00:00;Executed;"WWEK 24465963";"thyssenkrupp";Cash;Distribution;DE0007500001;;;6,00;0,00;0,00;EUR
2024-02-05;07:00:58;Expired;"SCALVYzv22s2wUP";"thyssenkrupp";Security;Sell;DE0007500001;0;0,00;0,00;0,00;0,00;EUR
2024-02-02;08:02:24;Executed;"SCALapfSVYNGS6Y";"Apple";Security;Buy;US0378331005;3;166,80;-500,40;0,00;0,00;EUR
2024-02-01;15:23:24;Executed;"SCALHMCAqJYwdW9";"SAP SE";Security;Sell;DE0007164600;3;162,02;486,06;0,00;0,00;EUR
2024-01-31;09:38:13;Executed;"SCALD1JYMHbG6Zy";"Allianz";Security;Sell;DE0008404005;2;250,00;500,00;0,00;0,00;EUR
2024-01-29;09:16:55;Executed;"SCALwQ4vi4qSFo2";"Advanced Micro Devices";Security;Buy;US0079031078;3;165,44;-496,32;0,00;0,00;EUR
2024-01-29;09:15:12;Executed;"SCALr3N1pQ474jp";"NVIDIA";Security;Buy;US67066G1040;1;568,00;-568,00;0,00;0,00;EUR
2024-01-25;16:31:02;Executed;"SCALWGdqGAwxQTW";"Airbus";Security;Sell;NL0000235190;3;149,00;447,00;0,00;0,00;EUR
2024-01-25;16:29:38;Executed;"SCALsiZNkzSYmkA";"iShares NASDAQ 100 UCITS ETF USD (Acc)";Security;Savings plan;IE00B53SZB19;0,108;925,50;-99,9539;0,00;0,00;EUR
2024-01-25;16:28:57;Executed;"SCALdmSxaU4Xm5T";"iShares Core S&P 500 UCITS ETF";Security;Savings plan;IE00B5BMR087;0,422;473,81;-199,9478;0,00;0,00;EUR
2024-01-25;09:10:20;Executed;"SCALnGYLDPngobc";"Xtrackers MSCI World Information Technology UCITS ETF 1C";Security;Buy;IE00BM67HT60;7;70,35;-492,45;0,00;0,00;EUR
2024-01-25;08:29:13;Executed;"SCALCpPtCxVpZqg";"Merck";Security;Sell;DE0006599905;2;146,45;292,90;0,00;0,00;EUR
2024-01-25;08:28:50;Cancelled;"SCALdcCwXNSkMhy";"Merck";Security;Sell;DE0006599905;0;0,00;0,00;0,00;0,00;EUR
2024-01-24;15:49:58;Executed;"SCALbUFrQoY6BTg";"NVIDIA";Security;Sell;US67066G1040;1;555,00;555,00;0,00;0,00;EUR
2024-01-24;15:31:08;Executed;"SCAL6P4kfiQV7TM";"Rivian Automotive A";Security;Buy;US76954A1034;33;15,00;-495,00;0,00;0,00;EUR
2024-01-24;13:41:49;Cancelled;"SCALF55W4T6ZpkQ";"SAP SE";Security;Sell;DE0007164600;0;0,00;0,00;0,00;0,00;EUR
2024-01-24;13:41:14;Cancelled;"SCALSgCP3fq6PgA";"Airbus";Security;Sell;NL0000235190;0;0,00;0,00;0,00;0,00;EUR
2024-01-24;01:00:00;Executed;"PPPQAGVAFD26Z3TPXLAI1W";"Scalable Capital Broker 2x Sparplan";Cash;Deposit;;;;300,00;0,00;;EUR
2024-01-23;08:01:20;Executed;"SCALvyqbJh2yFMW";"Allianz";Security;Buy;DE0008404005;2;249,95;-499,90;0,00;0,00;EUR
2024-01-19;08:50:36;Executed;"SCALUyE7GV9HTR8";"Boeing Co";Security;Buy;US0970231058;3;195,66;-586,98;0,00;0,00;EUR
2024-01-16;16:00:53;Executed;"SCALxZN86xwLtgW";"Boeing Co";Security;Sell;US0970231058;2;188,84;377,68;0,00;0,00;EUR
2024-01-15;12:11:25;Executed;"SCALkjEGjZtf6ZW";"Franklin FTSE India UCITS ETF SINGLCLASS";Security;Savings plan;IE00BHZRQZ17;2,681;37,29;-99,9744;0,00;0,00;EUR
2024-01-15;11:47:07;Executed;"SCALvaUMUiA1tPd";"iShares Core MSCI World UCITS ETF";Security;Savings plan;IE00B4L5Y983;1,207;82,822;-99,9661;0,00;0,00;EUR
2024-01-12;09:30:40;Executed;"SCAL25bPeieqrLR";"Porsche Vz";Security;Sell;DE000PAG9113;6;75,84;455,04;0,00;0,00;EUR
2024-01-12;01:00:00;Executed;"QE8HSCKXIEHTIWKX89STNV";"Scalable Capital Broker Sparplan";Cash;Deposit;;;;100,00;0,00;;EUR
2024-01-11;10:44:47;Executed;"SCALfSZAmbbr3oJ";"Microsoft";Security;Buy;US5949181045;2;351,50;-703,00;0,00;0,00;EUR
2024-01-11;10:43:32;Executed;"SCALUssAoPMa38m";"NVIDIA";Security;Buy;US67066G1040;1;500,60;-500,60;0,00;0,00;EUR
2024-01-11;10:41:40;Executed;"SCAL6PCeLjo8aNY";"Porsche Vz";Security;Buy;DE000PAG9113;6;78,26;-469,56;0,00;0,00;EUR
2024-01-11;10:41:05;Executed;"SCALh9fF5ti3Nr6";"Airbus";Security;Buy;NL0000235190;3;144,20;-432,60;0,00;0,00;EUR
2024-01-11;10:39:07;Executed;"SCALBvUWTRCJyff";"SAP SE";Security;Buy;DE0007164600;3;143,24;-429,72;0,00;0,00;EUR
2024-01-11;10:31:01;Executed;"SCALtE1eBXqrV2M";"E.ON";Security;Sell;DE000ENAG999;39;12,595;491,205;0,00;0,00;EUR
2024-01-10;17:37:20;Executed;"SCALsKJfS69N8PD";"Commerzbank";Security;Sell;DE000CBK1001;23;11,50;264,50;0,00;0,00;EUR
2024-01-10;17:36:55;Cancelled;"SCALCp55RruTfV4";"Commerzbank";Security;Sell;DE000CBK1001;0;0,00;0,00;0,00;0,00;EUR
2024-01-10;16:13:35;Cancelled;"SCALgPXVkQGAamk";"Commerzbank";Security;Sell;DE000CBK1001;0;0,00;0,00;0,00;0,00;EUR
2024-01-10;15:36:04;Executed;"SCALGB2iNdK4oRJ";"Boeing Co";Security;Buy;US0970231058;2;210,30;-420,60;0,00;0,00;EUR
2024-01-10;09:51:17;Executed;"SCALx6dmXVAB3Ua";"E.ON";Security;Buy;DE000ENAG999;39;12,715;-495,885;0,00;0,00;EUR
2024-01-09;12:25:58;Cancelled;"SCALQDQCyUiVKGP";"Merck";Security;Sell;DE0006599905;0;0,00;0,00;0,00;0,00;EUR
2024-01-09;12:23:27;Cancelled;"SCALagtB3SrbeJn";"Commerzbank";Security;Sell;DE000CBK1001;0;0,00;0,00;0,00;0,00;EUR
2024-01-08;08:36:55;Executed;"SCALRVh4anXnDsx";"RIVIAN AUTOMOTIVE INC.";Security;Sell;US76954A1034;35;17,26;604,10;0,00;0,00;EUR
2024-01-05;13:06:07;Cancelled;"SCAL7XamkY6kBrN";"Commerzbank";Security;Sell;DE000CBK1001;0;0,00;0,00;0,00;0,00;EUR
2024-01-05;01:00:00;Executed;"WWEK 20443992";"Paccar";Cash;Distribution;US6937181088;;;6,10;0,00;2,62;EUR
2024-01-04;13:06:32;Executed;"SCALr5c8xvnSYkk";"Texas Instruments";Security;Sell;US8825081040;2;149,06;298,12;0,00;0,00;EUR
2024-01-03;13:11:22;Executed;"SCALXKejk6zShyx";"Dermapharm Holding";Security;Sell;DE000A2GS5D8;6;41,06;246,36;0,99;0,00;EUR
2024-01-02;12:46:40;Executed;"SCALA76g25LicWo";"Commerzbank";Security;Buy;DE000CBK1001;23;10,96;-252,08;0,00;0,00;EUR
2024-01-02;12:43:39;Executed;"SCALp8AHe4oirXF";"Texas Instruments";Security;Buy;US8825081040;2;155,00;-310,00;0,00;0,00;EUR
2024-01-02;12:41:04;Executed;"SCALhqhaJnjmJge";"Fastenal";Security;Sell;US3119001044;5;58,75;293,75;0,00;0,00;EUR
2023-12-29;13:11:02;Executed;"SCALcmmuCyo6qu6";"ON Semiconductor";Security;Sell;US6821891057;5;76,80;384,00;0,00;0,00;EUR
2023-12-29;13:09:46;Cancelled;"SCALJtX4UGJWnTj";"ON Semiconductor";Security;Sell;US6821891057;0;0,00;0,00;0,00;0,00;EUR
2023-12-28;18:01:38;Executed;"SCALfc6RpWLQFU9";"Texas Instruments";Security;Sell;US8825081040;2;155,00;310,00;0,00;0,00;EUR
2023-12-28;15:30:47;Executed;"SCALC6uUjdaL4cP";"Lululemon Athletica";Security;Sell;US5500211090;1;460,15;460,15;0,00;0,00;EUR
2023-12-28;09:15:00;Executed;"SCALWX3G7ezsmmV";"Dermapharm Holding";Security;Buy;DE000A2GS5D8;6;42,74;-256,44;0,00;0,00;EUR
2023-12-28;09:09:55;Executed;"SCALjMDoUpx74y8";"Merck";Security;Buy;DE0006599905;2;143,25;-286,50;0,00;0,00;EUR
2023-12-27;14:23:06;Executed;"SCALufs3strq6Po";"Covestro";Security;Sell;DE0006062144;5;53,00;265,00;0,00;0,00;EUR
2023-12-27;13:47:46;Executed;"SCALxgxcfH8mfWC";"Crowdstrike Holdings A";Security;Sell;US22788C1053;2;233,30;466,60;0,00;0,00;EUR
2023-12-27;13:13:54;Executed;"SCALDFwYQ3RqWZg";"thyssenkrupp";Security;Buy;DE0007500001;40;6,364;-254,56;0,00;0,00;EUR
2023-12-27;13:11:29;Cancelled;"SCALo8ej4xAThwf";"Crowdstrike Holdings A";Security;Sell;US22788C1053;0;0,00;0,00;0,00;0,00;EUR
2023-12-27;13:09:47;Cancelled;"SCAL8E15xmK7Tih";"Lululemon Athletica";Security;Sell;US5500211090;0;0,00;0,00;0,00;0,00;EUR
2023-12-27;13:07:26;Cancelled;"SCALSHwenEJaPid";"Texas Instruments";Security;Sell;US8825081040;0;0,00;0,00;0,00;0,00;EUR
2023-12-21;17:31:31;Cancelled;"SCALTc9GFvvuWHt";"Starbucks";Security;Sell;US8552441094;0;0,00;0,00;0,00;0,00;EUR
2023-12-21;15:06:09;Executed;"SCALq4DdbAyXZKb";"BASF";Security;Sell;DE000BASF111;6;48,835;293,01;0,00;0,00;EUR
2023-12-21;10:12:54;Executed;"SCALCsVsS5FZpjR";"Lululemon Athletica";Security;Buy;US5500211090;1;466,75;-466,75;0,00;0,00;EUR
2023-12-20;17:54:16;Executed;"SCALyFrrSxzDtUW";"Paccar";Security;Sell;US6937181088;3;88,80;266,40;0,00;0,00;EUR
2023-12-20;08:52:05;Executed;"SCAL3cZsFoD4gRL";"Crowdstrike Holdings A";Security;Buy;US22788C1053;2;237,55;-475,10;0,00;0,00;EUR
2023-12-19;17:19:04;Executed;"SCALW2nzYVdpFLi";"Airbus";Security;Sell;NL0000235190;2;140,00;280,00;0,00;0,00;EUR
2023-12-19;12:40:36;Executed;"SCALQuu7kpdyhiA";"Deutsche Post";Security;Sell;DE0005552004;6;45,80;274,80;0,00;0,00;EUR
2023-12-19;10:04:02;Cancelled;"SCALwh4TEj8Ryqi";"Deutsche Post";Security;Sell;DE0005552004;0;0,00;0,00;0,00;0,00;EUR
2023-12-18;11:25:46;Executed;"SCALwb19jzhZpqd";"iShares Core MSCI World UCITS ETF";Security;Savings plan;IE00B4L5Y983;1,219;82,02;-99,9823;0,00;0,00;EUR
2023-12-18;08:30:04;Executed;"SCALVe43jUxmNMF";"Texas Instruments";Security;Buy;US8825081040;2;154,96;-309,92;0,00;0,00;EUR
2023-12-18;08:05:27;Executed;"SCALERZYzT8idQo";"Aurubis";Security;Buy;DE0006766504;4;76,72;-306,88;0,00;0,00;EUR
2023-12-18;08:03:59;Executed;"SCALLNPp5FF2pUo";"Covestro";Security;Buy;DE0006062144;5;51,98;-259,90;0,00;0,00;EUR
2023-12-15;01:00:00;Executed;"GSZJ2QKMPET94C3SMTIPAZ";"Scalable Capital Broker Sparplan";Cash;Deposit;;;;100,00;0,00;;EUR
2023-12-14;08:53:40;Executed;"SCAL9PbvKXVtHRi";"eBay";Security;Sell;US2786421030;7;38,59;270,13;0,00;0,00;EUR
2023-12-14;08:41:11;Executed;"SCALnUgWzbqt28a";"Starbucks";Security;Buy;US8552441094;3;90,60;-271,80;0,00;0,00;EUR
2023-12-14;08:39:18;Cancelled;"SCALeMoMNGaV6zU";"eBay";Security;Sell;US2786421030;0;0,00;0,00;0,00;0,00;EUR
2023-12-13;12:09:51;Executed;"SCALETw6JEKjnMi";"Airbus";Security;Buy;NL0000235190;2;142,60;-285,20;0,00;0,00;EUR
2023-12-12;08:03:35;Executed;"SCAL7LathmPjUay";"Deutsche Post";Security;Buy;DE0005552004;6;46,135;-276,81;0,00;0,00;EUR
2023-12-11;16:16:50;Executed;"SCALM5QxdvUmP7R";"Cognizant Technology Solutions A";Security;Sell;US1924461023;4;66,64;266,56;0,00;0,00;EUR
2023-12-11;10:11:26;Executed;"SCALHgGF8czYFxH";"BASF";Security;Buy;DE000BASF111;6;44,66;-267,96;0,00;0,00;EUR
2023-12-08;15:44:13;Executed;"SCALwgekcu2KvTb";"Texas Instruments";Security;Sell;US8825081040;2;147,02;294,04;0,00;0,00;EUR
2023-12-08;08:00:20;Executed;"SCAL1HnHsrg9qox";"Paccar";Security;Buy;US6937181088;3;88,80;-266,40;0,00;0,00;EUR
2023-12-06;09:28:29;Executed;"SCAL8Vp3Eym1acG";"eBay";Security;Buy;US2786421030;7;38,59;-270,13;0,00;0,00;EUR
2023-12-06;09:28:02;Executed;"SCALj8VoWdwS2B9";"Fastenal";Security;Buy;US3119001044;5;56,50;-282,50;0,00;0,00;EUR
2023-12-06;09:26:34;Executed;"SCALurtRUugLP6f";"Texas Instruments";Security;Buy;US8825081040;2;146,54;-293,08;0,00;0,00;EUR
2023-12-05;15:03:02;Executed;"SCALmBJofuKVdDi";"American Electric Power";Security;Sell;US0255371017;4;74,00;296,00;0,00;0,00;EUR
2023-12-04;16:15:30;Executed;"SCAL5Soxe5y8W33";"Zoom Video Communic.";Security;Sell;US98980L1017;5;62,39;311,95;0,00;0,00;EUR
2023-12-04;16:15:04;Cancelled;"SCALryqRzxtjWrW";"Zoom Video Communic.";Security;Sell;US98980L1017;0;0,00;0,00;0,00;0,00;EUR
2023-12-04;10:54:28;Cancelled;"SCALxrgRtGeDK6t";"BYD Co H";Security;Sell;CNE100000296;0;0,00;0,00;0,00;0,00;EUR
2023-12-04;09:06:11;Cancelled;"SCAL7QcWzgu8chX";"American Electric Power";Security;Sell;US0255371017;0;0,00;0,00;0,00;0,00;EUR
2023-12-04;09:05:21;Cancelled;"SCALwk5w9tDQz5n";"Zoom Video Communic.";Security;Sell;US98980L1017;0;0,00;0,00;0,00;0,00;EUR
2023-12-04;09:04:26;Executed;"SCALgxFXhsykmug";"BYD Co H";Security;Buy;CNE100000296;20;24,46;-489,20;0,00;0,00;EUR
2023-12-01;08:26:30;Executed;"SCALdCqpgYh3XvG";"Zoom Video Communic.";Security;Buy;US98980L1017;5;62,39;-311,95;0,00;0,00;EUR
2023-12-01;08:22:21;Executed;"SCALSozD4FHPgKj";"American Electric Power";Security;Buy;US0255371017;4;73,10;-292,40;0,00;0,00;EUR
2023-12-01;01:00:00;Executed;"WWEK 19196650";"Cognizant Technology Solutions A";Cash;Distribution;US1924461023;;;0,75;0,00;0,32;EUR
2023-11-27;08:35:46;Executed;"SCALyC9tJmDKERn";"Merck";Security;Sell;DE0006599905;4;160,05;640,20;0,00;0,00;EUR
2023-11-27;08:33:16;Cancelled;"SCALuBGbGS1UnAV";"Merck";Security;Sell;DE0006599905;0;0,00;0,00;0,00;0,00;EUR
2023-11-24;11:50:14;Executed;"SCALSTwYMhBWUfT";"Münchener Rück";Security;Sell;DE0008430026;1;391,00;391,00;0,00;0,00;EUR
2023-11-24;10:52:19;Executed;"SCALbkW7ummLrAu";"DexCom";Security;Sell;US2521311074;3;101,44;304,32;0,00;0,00;EUR
2023-11-24;10:49:51;Cancelled;"SCALrLFWPFwN78m";"Münchener Rück";Security;Sell;DE0008430026;0;0,00;0,00;0,00;0,00;EUR
2023-11-23;13:10:26;Executed;"SCALRyx4u4NDz25";"Allianz";Security;Sell;DE0008404005;2;231,50;463,00;0,00;0,00;EUR
2023-11-23;13:10:05;Cancelled;"SCALGqWDPZ5e7KD";"Allianz";Security;Sell;DE0008404005;0;0,00;0,00;0,00;0,00;EUR
2023-11-22;10:49:53;Executed;"SCALhCu7gDEZLqT";"Münchener Rück";Security;Buy;DE0008430026;1;389,50;-389,50;0,00;0,00;EUR
2023-11-21;20:48:49;Executed;"SCALuU4csip64w1";"RIVIAN AUTOMOTIVE INC.";Security;Buy;US76954A1034;35;14,58;-510,30;0,00;0,00;EUR
2023-11-21;10:12:15;Executed;"SCAL83S1dsxfPgF";"Merck";Security;Buy;DE0006599905;2;162,45;-324,90;0,00;0,00;EUR
2023-11-21;10:11:58;Executed;"SCALejpaDin1BkD";"Merck";Security;Buy;DE0006599905;2;162,45;-324,90;0,00;0,00;EUR
2023-11-21;10:09:03;Executed;"SCALMRWrfnq4rZN";"Allianz";Security;Buy;DE0008404005;2;229,05;-458,10;0,00;0,00;EUR
2023-11-20;07:00:55;Expired;"SCALfzLBzYWYjEi";"Cognizant Technology Solutions Corp -A";Security;Sell;US1924461023;0;0,00;0,00;0,00;0,00;EUR
2023-11-16;12:08:46;Executed;"SCALJoobYnqZoeZ";"iShares Core MSCI World UCITS ETF";Security;Savings plan;IE00B4L5Y983;1,277;78,29;-99,9763;0,00;0,00;EUR
2023-11-16;09:00:30;Executed;"SCALYrruHAK9tKp";"Infineon Technologies";Security;Sell;DE0006231004;9;33,64;302,76;0,00;0,00;EUR
2023-11-15;19:07:11;Cancelled;"SCAL4zNdredhQnn";"Infineon Technologies";Security;Sell;DE0006231004;0;0,00;0,00;0,00;0,00;EUR
2023-11-15;17:58:34;Cancelled;"SCALuGaGjR1BGXq";"Infineon Technologies";Security;Sell;DE0006231004;0;0,00;0,00;0,00;0,00;EUR
2023-11-15;01:00:00;Executed;"9B3JPG19QJDWSJMFAZUKNN";"Scalable Capital Broker Sparplan";Cash;Deposit;;;;100,00;0,00;;EUR
2023-11-14;20:37:54;Cancelled;"SCAL13qBTzZoSDn";"Infineon Technologies";Security;Sell;DE0006231004;0;0,00;0,00;0,00;0,00;EUR
2023-11-08;13:16:15;Executed;"SCALgjkrudp5sid";"Infineon Technologies";Security;Buy;DE0006231004;9;29,25;-263,25;0,00;0,00;EUR
2023-11-02;10:29:30;Executed;"SCALZYiLXHuWR1j";"ON Semiconductor";Security;Buy;US6821891057;5;62,10;-310,50;0,00;0,00;EUR
2023-11-02;10:24:55;Executed;"SCALi1JDZL2uF8S";"Vonovia";Security;Sell;DE000A1ML7J1;12;23,01;276,12;0,00;0,00;EUR
2023-11-02;10:12:41;Cancelled;"SCALz6aa7bt85cu";"ON Semiconductor";Security;Sell;US6821891057;0;0,00;0,00;0,00;0,00;EUR
2023-11-02;10:11:16;Cancelled;"SCALQRmhELmjiFB";"Vonovia";Security;Sell;DE000A1ML7J1;0;0,00;0,00;0,00;0,00;EUR
2023-11-01;14:38:11;Executed;"SCALjhF49LaV4sp";"Vonovia";Security;Buy;DE000A1ML7J1;12;21,91;-262,92;0,00;0,00;EUR
2023-10-31;15:11:35;Executed;"SCALzzqT5Zj6xpT";"SAP SE";Security;Sell;DE0007164600;3;126,50;379,50;0,00;0,00;EUR
2023-10-31;14:35:54;Cancelled;"SCALNkqk7WWxf4w";"SAP SE";Security;Sell;DE0007164600;0;0,00;0,00;0,00;0,00;EUR
2023-10-19;11:58:25;Executed;"SCALrwrLXRhNsvZ";"DexCom";Security;Sell;US2521311074;4;80,00;320,00;0,00;0,00;EUR
2023-10-19;07:30:36;Cancelled;"SCALzYviJNHyaif";"DexCom";Security;Sell;US2521311074;0;0,00;0,00;0,00;0,00;EUR
2023-10-17;10:11:06;Executed;"SCALbQFJRdBWnkM";"DexCom";Security;Buy;US2521311074;4;75,12;-300,48;0,00;0,00;EUR
2023-10-16;11:35:17;Executed;"SCALAZeG2zCgi2V";"iShares Core MSCI World UCITS ETF";Security;Savings plan;IE00B4L5Y983;1,288;77,634;-99,9925;0,00;0,00;EUR
2023-10-13;02:00:00;Executed;"WK62EYDAKCYS3BLMC9SPAF";"Scalable Capital Broker Sparplan";Cash;Deposit;;;;100,00;0,00;;EUR
2023-10-11;20:25:47;Executed;"SCALLyyb4f7bPX6";"Advanced Micro Devices";Security;Sell;US0079031078;3;102,00;306,00;0,00;0,00;EUR
2023-10-09;08:00:08;Executed;"SCALFj4qQsWG2v2";"SAP SE";Security;Buy;DE0007164600;3;122,50;-367,50;0,00;0,00;EUR
2023-10-06;09:40:28;Executed;"SCALvdESZHoPNEU";"HeidelbergCement AG";Security;Sell;DE0006047004;4;74,04;296,16;0,00;0,00;EUR
2023-10-06;02:00:00;Executed;"WWEK 18082303";"NXP Semiconductors";Cash;Distribution;NL0009538784;;;1,64;0,00;0,28;EUR
2023-10-02;15:30:48;Executed;"SCALowt1LyQoreq";"CHARTER COMMUNICATIONS INC.";Security;Sell;US16119P1084;1;421,00;421,00;0,00;0,00;EUR
2023-10-02;12:00:38;Cancelled;"SCALMoREDAPJEup";"HeidelbergCement AG";Security;Sell;DE0006047004;0;0,00;0,00;0,00;0,00;EUR
2023-10-02;10:04:41;Executed;"SCALsT24p3QEMPU";"DAIMLER TRUCK HOLDING AG";Security;Sell;DE000DTR0CK8;8;33,22;265,76;0,00;0,00;EUR
2023-10-02;09:27:06;Executed;"SCAL9NSsPhthaTq";"CONSTELLATION ENERGY CORP.";Security;Sell;US21037T1097;3;103,46;310,38;0,00;0,00;EUR
2023-10-02;02:00:00;Executed;"WWEK 17982254";"Ross Stores Inc";Cash;Distribution;US7782961038;;;0,67;0,00;0,28;EUR
2023-09-28;16:40:25;Executed;"SCAL8TY1Zs2v8DY";"HeidelbergCement AG";Security;Buy;DE0006047004;4;74,04;-296,16;0,00;0,00;EUR
2023-09-28;16:39:42;Executed;"SCALXxu3aiDnhxp";"HeidelbergCement AG";Security;Sell;DE0006047004;4;74,02;296,08;0,00;0,00;EUR
2023-09-28;16:38:41;Cancelled;"SCALcXEh1yD6J2v";"HeidelbergCement AG";Security;Sell;DE0006047004;0;0,00;0,00;0,00;0,00;EUR
2023-09-28;09:00:22;Executed;"SCALZzHVXmSBcHQ";"Beiersdorf AG";Security;Sell;DE0005200000;2;121,80;243,60;0,99;0,00;EUR
2023-09-28;08:27:11;Executed;"SCALooDcTUDq7ep";"HeidelbergCement AG";Security;Buy;DE0006047004;4;72,74;-290,96;0,00;0,00;EUR
2023-09-27;08:00:24;Executed;"SCALBHoeA1y52AP";"MÜNCHENER RÜCKVERS.-GES. AG";Security;Sell;DE0008430026;1;376,90;376,90;0,00;0,00;EUR
2023-09-26;15:29:59;Executed;"SCALdUutkPtfs6b";"T-Mobile US Inc";Security;Sell;US8725901040;2;132,10;264,20;0,00;0,00;EUR
2023-09-26;14:04:11;Executed;"SCALvJKg2Kh6Ft9";"RHEINMETALL AG";Security;Sell;DE0007030009;1;249,10;249,10;0,99;0,00;EUR
2023-09-26;10:12:55;Executed;"SCALG1rjwrjTEJP";"Allianz SE NA";Security;Sell;DE0008404005;2;230,45;460,90;0,00;0,00;EUR
2023-09-26;09:00:23;Executed;"SCALDTQEUDEac9M";"Brenntag AG";Security;Sell;DE000A1DAHH0;4;73,78;295,12;0,00;0,00;EUR
2023-09-22;16:22:48;Executed;"SCALMHpWW6iHnho";"Deutsche Telekom AG";Security;Sell;DE0005557508;13;20,60;267,80;0,00;0,00;EUR
2023-09-22;08:03:09;Cancelled;"SCALCVaV1BxsE82";"Deutsche Telekom AG";Security;Sell;DE0005557508;0;0,00;0,00;0,00;0,00;EUR
2023-09-22;08:02:34;Executed;"SCALt888NrrrjqP";"Beiersdorf AG";Security;Buy;DE0005200000;2;126,25;-252,50;0,00;0,00;EUR
2023-09-21;17:14:19;Cancelled;"SCALBVrxv3p4tCV";"Deutsche Telekom AG";Security;Sell;DE0005557508;0;0,00;0,00;0,00;0,00;EUR
2023-09-21;09:04:35;Executed;"SCALcsogycPTCgd";"E.ON SE";Security;Sell;DE000ENAG999;22;11,805;259,71;0,00;0,00;EUR
2023-09-21;02:00:00;Executed;"WWEK 17601513";"OLD DOMINION FREIGHT LINE INC.";Cash;Distribution;US6795801009;;;0,25;0,00;0,12;EUR
2023-09-20;15:29:42;Executed;"SCALbdYZ7nE7Afc";"ATLASSIAN CORP.";Security;Sell;US0494681010;2;192,00;384,00;0,00;0,00;EUR
2023-09-20;11:16:07;Executed;"SCAL1Ut7FAfQN2G";"iShares Core MSCI World UCITS ETF";Security;Savings plan;IE00B4L5Y983;1,27;78,73;-99,9871;0,00;0,00;EUR
2023-09-20;09:10:04;Cancelled;"SCAL9HJ7kWFDhGv";"Cognizant Technology Solutions Corp -A";Security;Sell;US1924461023;0;0,00;0,00;0,00;0,00;EUR
2023-09-20;08:57:22;Cancelled;"SCALnjJ3zniDDed";"ATLASSIAN CORP.";Security;Sell;US0494681010;0;0,00;0,00;0,00;0,00;EUR
2023-09-20;08:33:51;Executed;"SCALzt59ntDyzQY";"Brenntag AG";Security;Buy;DE000A1DAHH0;4;76,96;-307,8399;0,00;0,00;EUR
2023-09-19;15:54:17;Executed;"SCALhKxwvwZWMQP";"Zscaler Inc";Security;Sell;US98980G1022;2;141,78;283,56;0,00;0,00;EUR
2023-09-19;08:01:28;Executed;"SCALY4bXJYZXk8n";"RHEINMETALL AG";Security;Buy;DE0007030009;1;264,60;-264,60;0,00;0,00;EUR
2023-09-19;08:01:22;Executed;"SCALzKVbgKsS77c";"E.ON SE";Security;Buy;DE000ENAG999;22;11,605;-255,31;0,00;0,00;EUR
2023-09-19;02:00:00;Executed;"UJNNZXMGYRV8NJV4URAVUR";"Scalable Capital Broker Sparplan";Cash;Deposit;;;;100,00;0,00;;EUR
2023-09-18;11:00:22;Executed;"SCALoHhDw3Q6PnE";"Merck KGaA";Security;Sell;DE0006599905;2;164,10;328,20;0,00;0,00;EUR
2023-09-18;10:59:09;Executed;"SCALb2EwPArmb4p";"Beiersdorf AG";Security;Sell;DE0005200000;3;121,35;364,05;0,00;0,00;EUR
2023-09-18;10:57:10;Executed;"SCALgEnrihL68nk";"Autodesk Inc";Security;Sell;US0527691069;2;199,86;399,72;0,00;0,00;EUR
2023-09-15;14:02:29;Executed;"SCALJU7QcsXBCs1";"Marriott Intl. Inc -A";Security;Sell;US5719032022;2;191,22;382,44;0,00;0,00;EUR
2023-09-15;14:02:13;Cancelled;"SCAL7749Xf7kHQ6";"Marriott Intl. Inc -A";Security;Sell;US5719032022;0;0,00;0,00;0,00;0,00;EUR
2023-09-15;14:01:50;Executed;"SCALQnY7iSEma1g";"NXP Semiconductors N.V.";Security;Sell;NL0009538784;2;187,20;374,40;0,00;0,00;EUR
2023-09-14;08:01:15;Executed;"SCALus91Chwjr6x";"Allianz SE NA";Security;Buy;DE0008404005;2;227,30;-454,60;0,00;0,00;EUR
2023-09-14;08:00:42;Executed;"SCALp1yMpdu6jxn";"MÜNCHENER RÜCKVERS.-GES. AG";Security;Buy;DE0008430026;1;371,50;-371,50;0,00;0,00;EUR
2023-09-13;08:52:30;Executed;"SCALpNBaG3nUhQw";"Cisco Systems Inc";Security;Sell;US17275R1023;5;52,00;260,00;0,00;0,00;EUR
2023-09-13;08:32:16;Executed;"SCALLdcjEvZ91d2";"Marriott Intl. Inc -A";Security;Buy;US5719032022;2;190,12;-380,24;0,00;0,00;EUR
2023-09-13;08:31:11;Executed;"SCALMhERSSWe9hw";"Dexcom Inc";Security;Buy;US2521311074;3;97,88;-293,64;0,00;0,00;EUR
2023-09-13;08:30:27;Executed;"SCALZv7HyGwHtcG";"CHARTER COMMUNICATIONS INC.";Security;Buy;US16119P1084;1;407,65;-407,65;0,00;0,00;EUR
2023-09-12;12:48:45;Executed;"SCALKrDDD5FEAKi";"Ross Stores Inc";Security;Sell;US7782961038;3;109,60;328,80;0,00;0,00;EUR
2023-09-12;11:20:14;Executed;"SCALxKki4qRQxTy";"SEAGEN INC.";Security;Sell;US81181C1045;2;192,70;385,40;0,00;0,00;EUR
2023-09-12;08:01:24;Executed;"SCAL64w3oHnaadB";"DAIMLER TRUCK HOLDING AG";Security;Buy;DE000DTR0CK8;8;33,22;-265,76;0,00;0,00;EUR
2023-09-12;08:00:43;Executed;"SCALbuRV9xYAqGS";"Beiersdorf AG";Security;Buy;DE0005200000;3;122,45;-367,35;0,00;0,00;EUR
2023-09-12;08:00:33;Executed;"SCAL5MEYnepyJCE";"Merck KGaA";Security;Buy;DE0006599905;2;165,45;-330,90;0,00;0,00;EUR
2023-09-12;08:00:32;Executed;"SCALR3i93bkcnUH";"Cognizant Technology Solutions Corp -A";Security;Buy;US1924461023;4;66,64;-266,56;0,00;0,00;EUR
2023-09-12;08:00:32;Executed;"SCALEwTAVawxFeP";"T-Mobile US Inc";Security;Buy;US8725901040;2;130,94;-261,88;0,00;0,00;EUR
2023-09-12;08:00:14;Executed;"SCAL5Uns6XhyyhV";"CONSTELLATION ENERGY CORP.";Security;Buy;US21037T1097;3;102,86;-308,58;0,00;0,00;EUR
2023-09-12;07:00:43;Expired;"SCALLLrQQZ79gFP";"NXP Semiconductors N.V.";Security;Sell;NL0009538784;0;0,00;0,00;0,00;0,00;EUR
2023-09-12;06:50:18;Rejected;"SCALfyWgYnocDXS";"Merck KGaA";Security;Buy;DE0006599905;0;0,00;0,00;0,00;0,00;EUR
2023-09-08;08:18:45;Executed;"SCALvHMYf2Xgr65";"Zscaler Inc";Security;Buy;US98980G1022;2;151,24;-302,48;0,00;0,00;EUR
2023-09-08;08:01:57;Executed;"SCAL1GEwaWLUCk8";"E.ON SE";Security;Sell;DE000ENAG999;22;11,33;249,26;0,99;0,00;EUR
2023-09-07;15:31:11;Executed;"SCALrE7V5ZgeXrb";"QUALCOMM INC.";Security;Sell;US7475251036;3;102,48;307,44;0,00;0,00;EUR
2023-09-07;08:01:15;Executed;"SCAL3coXiaN7LKt";"VERTEX PHARMACEUTICALS INC.";Security;Sell;US92532F1003;1;319,90;319,90;0,00;0,00;EUR
2023-09-07;08:01:15;Executed;"SCALRzqt7KcrRPB";"Brenntag AG";Security;Sell;DE000A1DAHH0;4;74,74;298,96;0,00;0,00;EUR
2023-09-07;08:00:28;Executed;"SCALxA2NCkUAWqc";"Advanced Micro Devices Inc";Security;Buy;US0079031078;3;102,00;-306,00;0,00;0,00;EUR
2023-09-07;08:00:28;Executed;"SCALQL5GkKt6omt";"Regeneron Pharmaceuticals Inc";Security;Sell;US75886F1075;1;759,00;759,00;0,00;0,00;EUR
2023-09-07;08:00:10;Executed;"SCALho9L4cf3KqZ";"MÜNCHENER RÜCKVERS.-GES. AG";Security;Sell;DE0008430026;1;356,70;356,70;0,00;0,00;EUR
2023-09-06;10:15:58;Executed;"SCALfjjvLKrG58W";"NXP Semiconductors N.V.";Security;Buy;NL0009538784;2;193,90;-387,80;0,00;0,00;EUR
2023-09-06;10:13:52;Executed;"SCALiFG9ZwgM935";"QUALCOMM INC.";Security;Buy;US7475251036;3;108,24;-324,72;0,00;0,00;EUR
2023-09-06;10:11:18;Executed;"SCAL5RGdivcQrNR";"ATLASSIAN CORP.";Security;Buy;US0494681010;2;192,00;-384,00;0,00;0,00;EUR
2023-09-06;10:09:53;Executed;"SCALtFSfHfMHdtH";"Allianz SE NA";Security;Sell;DE0008404005;2;219,70;439,40;0,00;0,00;EUR
2023-09-06;08:27:06;Executed;"SCALf3yijHkyFgn";"Fastenal Co";Security;Sell;US3119001044;5;52,12;260,60;0,00;0,00;EUR
2023-09-06;08:26:10;Executed;"SCALd42SK87xtCF";"OLD DOMINION FREIGHT LINE INC.";Security;Sell;US6795801009;1;391,80;391,80;0,00;0,00;EUR
2023-09-06;02:00:00;Executed;"5H8EBEAXEFOFJXTKJSFKKA";"Scalable Capital Broker Einzahlung";Cash;Deposit;;;;5.000,00;0,00;;EUR
2023-09-05;09:12:58;Executed;"SCALkgvmudQpmoe";"ON Semiconductor Corp";Security;Buy;US6821891057;3;92,44;-277,32;0,00;0,00;EUR
2023-09-05;09:01:44;Cancelled;"SCAL2FZtu1VBePB";"ON Semiconductor Corp";Security;Buy;US6821891057;0;0,00;0,00;0,00;0,00;EUR
2023-09-05;08:26:28;Executed;"SCALPvvBr1Q2qqb";"Henkel AG & Co. KGaA Vz";Security;Sell;DE0006048432;4;70,48;281,92;0,00;0,00;EUR
2023-08-29;08:01:14;Executed;"SCALMQUGcmNGrXh";"E.ON SE";Security;Buy;DE000ENAG999;22;11,38;-250,36;0,00;0,00;EUR
2023-08-29;08:00:28;Executed;"SCALwsYRawonzLj";"Deutsche Telekom AG";Security;Buy;DE0005557508;13;19,486;-253,318;0,00;0,00;EUR
2023-08-28;12:57:27;Executed;"SCALj5CcbS7Gbfz";"MÜNCHENER RÜCKVERS.-GES. AG";Security;Buy;DE0008430026;1;356,00;-356,00;0,00;0,00;EUR
2023-08-28;08:01:01;Executed;"SCALQagGN2ijNmw";"Autodesk Inc";Security;Buy;US0527691069;2;200,25;-400,50;0,00;0,00;EUR
2023-08-28;08:00:35;Executed;"SCALRwV8aJCPRHj";"SAP SE";Security;Sell;DE0007164600;2;126,30;252,60;0,00;0,00;EUR
2023-08-28;08:00:30;Executed;"SCALjc2UXNYX1Ry";"OLD DOMINION FREIGHT LINE INC.";Security;Buy;US6795801009;1;381,40;-381,40;0,00;0,00;EUR
2023-08-24;09:04:02;Cancelled;"SCAL4mW7j4oXtb7";"NVIDIA Corp";Security;Buy;US67066G1040;0;0,00;0,00;0,00;0,00;EUR
2023-08-24;08:01:16;Executed;"SCALAh7g9V1S3RB";"Allianz SE NA";Security;Buy;DE0008404005;2;222,85;-445,70;0,00;0,00;EUR
2023-08-24;08:01:15;Executed;"SCALuGdwCvb1Lff";"VERTEX PHARMACEUTICALS INC.";Security;Buy;US92532F1003;1;324,20;-324,20;0,00;0,00;EUR
2023-08-24;08:00:52;Executed;"SCALiBxU8G2ywu6";"MÜNCHENER RÜCKVERS.-GES. AG";Security;Sell;DE0008430026;1;355,00;355,00;0,00;0,00;EUR
2023-08-24;08:00:32;Executed;"SCALgF6cJVwodhq";"SEAGEN INC.";Security;Buy;US81181C1045;2;181,10;-362,20;0,00;0,00;EUR
2023-08-23;08:01:18;Executed;"SCALFfsxE57hRgj";"Fastenal Co";Security;Buy;US3119001044;5;52,51;-262,55;0,00;0,00;EUR
2023-08-23;08:01:14;Executed;"SCALBof8NWnijGY";"Ross Stores Inc";Security;Buy;US7782961038;3;109,14;-327,42;0,00;0,00;EUR
2023-08-22;08:03:45;Executed;"SCALy4EzaaW1HgC";"Cisco Systems Inc";Security;Buy;US17275R1023;5;50,81;-254,05;0,00;0,00;EUR
2023-08-22;08:00:49;Executed;"SCALQkfigXkF5oh";"MÜNCHENER RÜCKVERS.-GES. AG";Security;Buy;DE0008430026;1;357,20;-357,20;0,00;0,00;EUR
2023-08-21;20:34:58;Executed;"SCALzN2TQzCF7Gr";"NVIDIA Corp";Security;Sell;US67066G1040;1;424,30;424,30;0,00;0,00;EUR
2023-08-17;10:06:06;Cancelled;"SCALEqbba19iEu7";"Regeneron Pharmaceuticals Inc";Security;Sell;US75886F1075;0;0,00;0,00;0,00;0,00;EUR
2023-08-17;10:05:59;Cancelled;"SCALvFxTX9dijGP";"Henkel AG & Co. KGaA Vz";Security;Sell;DE0006048432;0;0,00;0,00;0,00;0,00;EUR
2023-08-17;10:02:28;Executed;"SCALwinSc7P1f7T";"Henkel AG & Co. KGaA Vz";Security;Buy;DE0006048432;4;71,80;-287,20;0,00;0,00;EUR
2023-08-17;10:01:48;Executed;"SCALQQfmYoR4nog";"Allianz SE NA";Security;Sell;DE0008404005;2;221,80;443,60;0,00;0,00;EUR
2023-08-17;10:01:24;Executed;"SCALFYhKsXNgVyR";"Beiersdorf AG";Security;Sell;DE0005200000;3;119,60;358,80;0,00;0,00;EUR
2023-08-16;16:08:43;Executed;"SCALmXjRLiyFpS9";"iShares Core MSCI World UCITS ETF";Security;Savings plan;IE00B4L5Y983;1,302;76,776;-99,9623;0,00;0,00;EUR
2023-08-16;08:11:09;Executed;"SCALrCCYunVYKs8";"Regeneron Pharmaceuticals Inc";Security;Buy;US75886F1075;1;741,50;-741,50;0,00;0,00;EUR
2023-08-15;08:01:13;Executed;"SCALEsVbXGW5EDb";"Allianz SE NA";Security;Buy;DE0008404005;2;224,20;-448,40;0,00;0,00;EUR
2023-08-15;08:00:54;Executed;"SCALfVV7fuGz7Pz";"SAP SE";Security;Buy;DE0007164600;2;127,28;-254,56;0,00;0,00;EUR
2023-08-15;08:00:45;Executed;"SCAL5DbqMSJ8Szk";"Marriott Intl. Inc -A";Security;Sell;US5719032022;4;188,88;755,52;0,00;0,00;EUR
2023-08-15;02:00:00;Executed;"6CRTFQX15RTSSCEDOMNAOT";"Scalable Capital Broker Sparplan";Cash;Deposit;;;;100,00;0,00;;EUR
2023-08-14;08:01:06;Executed;"SCALMMfSYzcpaee";"Brenntag AG";Security;Buy;DE000A1DAHH0;4;70,90;-283,60;0,00;0,00;EUR
2023-08-14;08:00:35;Executed;"SCAL6bs5WVD3qkp";"HeidelbergCement AG";Security;Sell;DE0006047004;4;75,20;300,80;0,00;0,00;EUR
2023-08-11;11:57:19;Executed;"SCALWgepgv7qcwr";"Marriott Intl. Inc -A";Security;Buy;US5719032022;2;189,78;-379,56;0,00;0,00;EUR
2023-08-11;08:01:26;Executed;"SCALQrkCr1onnDs";"RHEINMETALL AG";Security;Sell;DE0007030009;1;266,00;266,00;0,00;0,00;EUR
2023-08-10;08:56:19;Executed;"SCALWF6kymj3r4S";"Marriott Intl. Inc -A";Security;Buy;US5719032022;2;189,28;-378,56;0,00;0,00;EUR
2023-08-10;08:04:10;Executed;"SCALNZBZWxvbpSm";"RHEINMETALL AG";Security;Buy;DE0007030009;1;263,10;-263,10;0,00;0,00;EUR
2023-08-07;08:01:33;Executed;"SCAL4pXeeCAAEWj";"RHEINMETALL AG";Security;Sell;DE0007030009;1;263,20;263,20;0,00;0,00;EUR
2023-08-07;08:00:16;Executed;"SCALL3X1KUPp4c5";"Merck KGaA";Security;Sell;DE0006599905;2;160,85;321,70;0,00;0,00;EUR
2023-08-07;02:00:00;Executed;"AMWXJQPJ5VP77NMPAYJS9H";"Scalable Capital Broker Einzahlung";Cash;Deposit;;;;3.000,00;0,00;;EUR
2023-08-04;13:46:51;Executed;"SCALRiH16dBeAgQ";"Airbus SE";Security;Sell;NL0000235190;2;130,58;261,16;0,00;0,00;EUR
2023-08-04;08:16:42;Executed;"SCALA5upZexuRAQ";"RHEINMETALL AG";Security;Buy;DE0007030009;1;259,60;-259,60;0,00;0,00;EUR
2023-08-04;08:15:34;Executed;"SCALJL1JEySEro6";"Merck KGaA";Security;Buy;DE0006599905;2;165,40;-330,80;0,00;0,00;EUR
2023-08-04;08:13:49;Executed;"SCALwaGdAMb54er";"Brenntag AG";Security;Sell;DE000A1DAHH0;4;67,98;271,92;0,00;0,00;EUR
2023-08-03;18:56:52;Executed;"SCAL4PbfJisrQE3";"Brenntag AG";Security;Buy;DE000A1DAHH0;4;68,12;-272,48;0,00;0,00;EUR
2023-08-03;18:56:28;Executed;"SCAL281JJHtLiSg";"HeidelbergCement AG";Security;Buy;DE0006047004;4;75,98;-303,92;0,00;0,00;EUR
2023-08-03;16:07:06;Executed;"SCALuwqryUNjbB7";"Beiersdorf AG";Security;Buy;DE0005200000;3;119,80;-359,40;0,00;0,00;EUR
2023-08-03;16:04:58;Executed;"SCALJLSnTj9yhJH";"BYD Co. Ltd";Security;Sell;CNE100000296;10;32,005;320,05;0,00;0,00;EUR
2023-08-01;02:00:00;Executed;"DMMKODK9QN6FA8QXGWFK8W";"Scalable Capital Broker Einzahlung";Cash;Deposit;;;;900,00;0,00;;EUR
2023-07-28;10:37:27;Executed;"SCALU24TXpxJZDU";"NVIDIA Corp";Security;Buy;US67066G1040;1;424,10;-424,10;0,00;0,00;EUR
2023-07-20;15:37:40;Executed;"SCALVg4s851y3v7";"Airbus SE";Security;Buy;NL0000235190;2;133,92;-267,8399;0,00;0,00;EUR
2023-07-20;15:37:07;Executed;"SCALGPz8gMaGKd3";"E.ON SE";Security;Sell;DE000ENAG999;25;11,545;288,625;0,00;0,00;EUR
2023-07-17;11:25:25;Executed;"SCALdUtejeeJgHc";"iShares Core MSCI World UCITS ETF";Security;Savings plan;IE00B4L5Y983;1,311;76,22;-99,9244;0,00;0,00;EUR
2023-07-14;02:00:00;Executed;"HGPDDNJZYJZ6H7PAAGYWMW";"Scalable Capital Broker Sparplan";Cash;Deposit;;;;100,00;0,00;;EUR
2023-07-03;12:42:52;Executed;"SCALR2RxLXSFJbU";"E.ON SE";Security;Buy;DE000ENAG999;25;11,775;-294,375;0,00;0,00;EUR
2023-06-21;02:00:00;Executed;"924791976";"Scalable Capital";Cash;Deposit;;;;100,00;0,00;;EUR
2023-06-16;11:46:11;Executed;"SCALBCZXT9UCR1p";"iShares Core MSCI World UCITS ETF";Security;Savings plan;IE00B4L5Y983;1,295;77,212;-99,9895;0,00;0,00;EUR
2023-06-15;02:00:00;Executed;"AECV6T5WAYGHOXEPWDTNYB";"Scalable Capital Broker Sparplan";Cash;Deposit;;;;100,00;0,00;;EUR
2023-06-14;11:47:21;Executed;"SCALEoEsox9y5wt";"BYD Co. Ltd";Security;Buy;CNE100000296;10;30,495;-304,95;0,00;0,00;EUR
2023-06-13;02:00:00;Executed;"2SR5DNWET1J8NU5HGDK692";"Scalable Capital Broker Einzahlung";Cash;Deposit;;;;900,00;0,00;;EUR
2023-06-07;02:00:00;Executed;"HVUNKRC16Y32HT1CCOZLKP";"Scalable Capital Broker Erste Einzahlung";Cash;Deposit;;;;100,00;0,00;;EUR
