date;time;status;reference;description;assetType;type;isin;shares;price;amount;fee;tax;currency
2026-08-14;09:38:43;Pending;"SCALPefr744tomC";"MLP SE";Security;Sell;DE0006569908;0;0,00;0,00;0,00;0,00;EUR
2026-08-14;09:49:12;Pending;"SCALxkGve2q3DX4";"Rheinmetall";Security;Sell;DE0007030009;0;0,00;0,00;0,00;0,00;EUR
2026-08-14;10:01:23;Pending;"SCAL7EP4TjTwnQn";"Renk Group";Security;Sell;DE000RENK730;0;0,00;0,00;0,00;0,00;EUR
2026-08-12;08:50:44;Pending;"SCALNf39ib2m9R8";"Warner Bros. Discovery A";Security;Sell;US9344231041;0;0,00;0,00;0,00;0,00;EUR
2026-08-04;17:52:57;Pending;"SCALjwqJXuSndcc";"iShares EURO STOXX 50 (Dist)";Security;Sell;DE0005933956;0;0,00;0,00;0,00;0,00;EUR
2026-08-14;22:57:22;Executed;"SCALpxVEKCntgNe";"Advanced Micro Devices";Security;Sell;US0079031078;2;443,80;887,60;0,00;5,52;EUR
2026-08-14;17:32:21;Cancelled;"SCAL16pshEujqMq";"Advanced Micro Devices";Security;Sell;US0079031078;0;0,00;0,00;0,00;0,00;EUR
2026-08-14;16:42:28;Executed;"SCAL3Tc4bX61aSD";"Advanced Micro Devices";Security;Buy;US0079031078;2;433,35;-866,70;0,00;0,00;EUR
2026-08-14;16:23:50;Cancelled;"SCALqPb1U82uU3W";"Marvell Technology";Security;Sell;US5738741041;0;0,00;0,00;0,00;0,00;EUR
2026-08-14;16:19:00;Executed;"SCALkUeLPDBcmGR";"Seagate Technology Hldgs";Security;Sell;IE00BKVD2N49;2;838,00;1.676,00;0,00;7,39;EUR
2026-08-14;15:33:17;Executed;"SCALojSAb4eAKTg";"Seagate Technology Hldgs";Security;Buy;IE00BKVD2N49;2;824,00;-1.648,00;0,00;0,00;EUR
2026-08-14;15:08:46;Executed;"SCALvCUm8wpinEp";"Hensoldt";Security;Sell;DE000HAG0005;10;96,20;962,00;0,00;0,79;EUR
2026-08-14;14:31:29;Cancelled;"SCALHakDHsnQXWt";"Hensoldt";Security;Sell;DE000HAG0005;0;0,00;0,00;0,00;0,00;EUR
2026-08-14;10:49:04;Executed;"SCALRb9rhxRvqRT";"Renk Group";Security;Buy;DE000RENK730;19;52,35;-994,65;0,00;0,00;EUR
2026-08-14;10:22:31;Executed;"SCALfbh2H9WwaXy";"Hensoldt";Security;Buy;DE000HAG0005;10;95,90;-959,00;0,00;0,00;EUR
2026-08-14;10:22:31;Executed;"SCALqW1DugWNfXo";"MLP SE";Security;Buy;DE0006569908;120;8,29;-994,80;0,00;0,00;EUR
2026-08-14;10:22:31;Executed;"SCAL5dC1b9KfGi9";"Rheinmetall";Security;Buy;DE0007030009;1;1.217,20;-1.217,20;0,00;0,00;EUR
2026-08-13;20:56:00;Executed;"SCALoifc2mXMDd9";"Micron Technology";Security;Sell;US5951121038;1;839,50;839,50;0,00;2,64;EUR
2026-08-13;20:56:00;Executed;"SCALJdtKBbr6sos";"Intel Corp";Security;Sell;US4581401001;10;91,54;915,40;0,00;0,42;EUR
2026-08-13;20:31:29;Cancelled;"SCALp9BdaoCfAfQ";"Intel Corp";Security;Sell;US4581401001;0;0,00;0,00;0,00;0,00;EUR
2026-08-13;19:26:09;Executed;"SCALMHu6L5y4Cb7";"Seagate Technology Hldgs";Security;Sell;IE00BKVD2N49;1;794,00;794,00;0,00;2,64;EUR
2026-08-13;18:59:10;Cancelled;"SCALQbewFVJPU7J";"Seagate Technology Hldgs";Security;Sell;IE00BKVD2N49;0;0,00;0,00;0,00;0,00;EUR
2026-08-13;17:27:35;Executed;"SCAL5o6BYb8w6ij";"Western Digital";Security;Sell;US9581021055;4;422,95;1.691,80;0,00;4,53;EUR
2026-08-13;17:27:35;Executed;"SCALveC4rfDR4ZK";"Micron Technology";Security;Buy;US5951121038;1;829,50;-829,50;0,00;0,00;EUR
2026-08-13;17:05:47;Executed;"SCAL3E1Yf9UHCJK";"Seagate Technology Hldgs";Security;Buy;IE00BKVD2N49;1;784,00;-784,00;0,00;0,00;EUR
2026-08-13;17:05:47;Executed;"SCALSz3i9Q2ma8i";"Marvell Technology";Security;Buy;US5738741041;5;198,26;-991,30;0,00;0,00;EUR
2026-08-13;17:05:47;Executed;"SCALRdUtoDLwwMC";"Western Digital";Security;Buy;US9581021055;4;418,65;-1.674,60;0,00;0,00;EUR
2026-08-13;17:05:47;Executed;"SCALFwY2wzMX738";"Intel Corp";Security;Buy;US4581401001;10;91,38;-913,80;0,00;0,00;EUR
2026-08-13;16:49:28;Cancelled;"SCALcZtt4wBkGff";"Western Digital";Security;Sell;US9581021055;0;0,00;0,00;0,00;0,00;EUR
2026-08-13;11:54:44;Executed;"SCALKVZpj1UsSWX";"iShares Core MSCI World (Acc)";Security;Savings plan;IE00B4L5Y983;2,32261;129,165;-299,99992065;0,00;0,00;EUR
2026-08-13;11:26:11;Executed;"SCALVWnbWLor1PS";"Tkms Ag & Co. Kgaa";Security;Sell;DE000TKMS001;9;104,64;941,76;0,00;7,22;EUR
2026-08-13;10:58:03;Cancelled;"SCALoQmMYaDoJyM";"Tkms Ag & Co. Kgaa";Security;Sell;DE000TKMS001;0;0,00;0,00;0,00;0,00;EUR
2026-08-13;09:55:46;Executed;"SCALtz268aEqLyr";"Tkms Ag & Co. Kgaa";Security;Buy;DE000TKMS001;9;101,60;-914,40;0,00;0,00;EUR
2026-08-13;08:18:00;Executed;"SCALAoWj1kffQka";"Aixtron";Security;Buy;DE000A0WMPJ6;22;43,80;-963,60;0,00;0,00;EUR
2026-08-12;18:03:39;Executed;"SCALWa7HJc64cgz";"Tkms Ag & Co. Kgaa";Security;Sell;DE000TKMS001;10;94,60;946,00;0,00;-13,45;EUR
2026-08-12;13:31:53;Executed;"SCALUmg24PNk6Xc";"SMA Solar Technology";Security;Sell;DE000A0DJ6J9;17;57,70;980,90;0,00;1,79;EUR
2026-08-12;13:31:53;Executed;"SCALQK7FUkPPbjs";"Western Digital";Security;Sell;US9581021055;2;389,60;779,20;0,00;0,79;EUR
2026-08-12;13:21:37;Cancelled;"SCAL41mcJ5DhcNb";"Qiagen";Security;Sell;NL0015002SN0;0;0,00;0,00;0,00;0,00;EUR
2026-08-12;13:06:30;Cancelled;"SCAL5Z6SeGqjBqj";"Western Digital";Security;Sell;US9581021055;0;0,00;0,00;0,00;0,00;EUR
2026-08-12;13:05:40;Cancelled;"SCALaR4Eurg3BtZ";"SMA Solar Technology";Security;Sell;DE000A0DJ6J9;0;0,00;0,00;0,00;0,00;EUR
2026-08-12;11:04:32;Executed;"SCALKC18AE9zh5n";"Tkms Ag & Co. Kgaa";Security;Buy;DE000TKMS001;10;99,70;-997,00;0,00;0,00;EUR
2026-08-12;09:32:00;Executed;"SCALQFmdiBYjvMn";"Warner Bros. Discovery A";Security;Buy;US9344231041;42;23,645;-993,09;0,00;0,00;EUR
2026-08-12;09:32:00;Executed;"SCALf41q4WPZkjK";"SMA Solar Technology";Security;Buy;DE000A0DJ6J9;17;57,30;-974,10;0,00;0,00;EUR
2026-08-11;21:02:29;Executed;"SCALQCkkjTP7Y5F";"Mercadolibre";Security;Sell;US58733R1023;1;1.676,20;1.676,20;0,00;7,28;EUR
2026-08-11;20:33:07;Cancelled;"SCAL4Vkfx3156zL";"Mercadolibre";Security;Sell;US58733R1023;0;0,00;0,00;0,00;0,00;EUR
2026-08-11;19:01:40;Executed;"SCALRax8MuXaBtP";"Axon Enterprise";Security;Buy;US05464C1018;1;541,40;-541,40;0,00;0,00;EUR
2026-08-11;19:01:40;Executed;"SCALjAngKU5Gdpj";"Axon Enterprise";Security;Sell;US05464C1018;1;547,40;547,40;0,00;1,58;EUR
2026-08-11;19:01:40;Executed;"SCALhwUDNSB1nof";"Exxon Mobil";Security;Sell;US30233Q1085;3;139,14;417,42;0,00;0,10;EUR
2026-08-11;16:43:51;Cancelled;"SCALCZBWWiZKk5E";"Exxon Mobil";Security;Sell;US30233Q1085;0;0,00;0,00;0,00;0,00;EUR
2026-08-11;16:31:00;Executed;"SCALbpg6YgmJnbR";"Mercadolibre";Security;Buy;US58733R1023;1;1.648,60;-1.648,60;0,00;0,00;EUR
2026-08-11;02:00:00;Executed;"6MC4Q7ZMKQMGGGEKVSFPNY";"Scalable Capital Broker Sparplan";Cash;Deposit;;;;300,00;0,00;;EUR
2026-08-10;20:36:21;Executed;"SCALJLK3xLxydxU";"Western Digital";Security;Buy;US9581021055;2;388,10;-776,20;0,00;0,00;EUR
2026-08-10;20:36:21;Executed;"SCALSk7pvVPFuDY";"Datadog A";Security;Sell;US23804L1035;4;220,50;882,00;0,00;4,75;EUR
2026-08-10;20:36:21;Executed;"SCALkCEpKxG6hEd";"Evotec";Security;Sell;DE0005664809;271;3,691;1.000,261;0,00;0,13;EUR
2026-08-10;20:36:21;Executed;"SCALm7etFfT2Egr";"Datadog A";Security;Buy;US23804L1035;4;216,00;-864,00;0,00;0,00;EUR
2026-08-10;20:36:21;Executed;"SCAL6Sp4SCLPL3k";"Airbnb A";Security;Sell;US0090661010;6;156,88;941,28;0,00;0,26;EUR
2026-08-10;20:14:33;Cancelled;"SCALCifisWmrcFs";"Datadog A";Security;Sell;US23804L1035;0;0,00;0,00;0,00;0,00;EUR
2026-08-10;17:22:13;Cancelled;"SCALjT2ZjMUTAL4";"Evotec";Security;Sell;DE0005664809;0;0,00;0,00;0,00;0,00;EUR
2026-08-10;16:33:27;Executed;"SCALw9FapFrf6M6";"Airbnb A";Security;Buy;US0090661010;6;156,72;-940,32;0,00;0,00;EUR
2026-08-10;16:33:27;Executed;"SCALJMCsGa7vA32";"Qiagen";Security;Buy;NL0015002SN0;26;38,125;-991,25;0,00;0,00;EUR
2026-08-10;16:33:27;Executed;"SCALocyLMEMwtGw";"Evotec";Security;Buy;DE0005664809;271;3,689;-999,719;0,00;0,00;EUR
2026-08-10;16:15:02;Cancelled;"SCALRQaS69i1kms";"Airbnb A";Security;Sell;US0090661010;0;0,00;0,00;0,00;0,00;EUR
2026-08-10;15:29:22;Cancelled;"SCALGKUCdydGdtZ";"Vertex Pharmaceuticals";Security;Buy;US92532F1003;0;0,00;0,00;0,00;0,00;EUR
2026-08-10;14:10:45;Executed;"SCALs5FPovTJY2E";"Intel Corp";Security;Sell;US4581401001;11;84,62;930,82;0,00;-13,14;EUR
2026-08-10;13:48:15;Executed;"SCAL2R5xrazgnya";"AppLovin Corp A";Security;Sell;US03831W1080;3;302,30;906,90;0,00;0,19;EUR
2026-08-10;13:18:24;Cancelled;"SCAL9tVHVpkNG5W";"AppLovin Corp A";Security;Sell;US03831W1080;0;0,00;0,00;0,00;0,00;EUR
2026-08-10;09:55:00;Executed;"SCALJHMNkNCJ2yz";"Intel Corp";Security;Buy;US4581401001;11;89,15;-980,65;0,00;0,00;EUR
2026-08-10;08:42:08;Executed;"SCALykLW5zQpuXV";"Airbnb A";Security;Sell;US0090661010;6;152,82;916,92;0,00;1,43;EUR
2026-08-10;08:08:43;Cancelled;"SCALVmTk6YNfQNa";"Airbnb A";Security;Sell;US0090661010;0;0,00;0,00;0,00;0,00;EUR
2026-08-07;22:16:12;Executed;"SCALxnEU291zp4A";"Microchip Technology";Security;Sell;US5950171042;13;73,12;950,56;0,00;2,30;EUR
2026-08-07;18:58:54;Cancelled;"SCAL1bFzgB6NJNe";"Microchip Technology";Security;Sell;US5950171042;0;0,00;0,00;0,00;0,00;EUR
2026-08-07;17:12:19;Executed;"SCALFxGs4CQRX65";"Palantir Technologies";Security;Sell;US69608A1088;34;147,90;5.028,60;0,00;13,69;EUR
2026-08-07;16:31:47;Cancelled;"SCALPTnKB5C7YPW";"Palantir Technologies";Security;Sell;US69608A1088;0;0,00;0,00;0,00;0,00;EUR
2026-08-07;16:31:42;Executed;"SCALAwYRuFNq8uv";"Palantir Technologies";Security;Buy;US69608A1088;34;146,3729411765;-4.976,680000001;0,00;0,00;EUR
2026-08-07;16:31:42;Executed;"SCAL8phmKh5UuoD";"Airbnb A";Security;Buy;US0090661010;6;151,92;-911,52;0,00;0,00;EUR
2026-08-07;16:11:58;Executed;"SCALjpWZun5Xb5R";"Intel Corp";Security;Sell;US4581401001;11;87,04;957,44;0,00;3,19;EUR
2026-08-07;16:11:58;Executed;"SCALxGUwbCYPqjn";"Microsoft";Security;Sell;US5949181045;2;435,55;871,10;0,00;1,51;EUR
2026-08-07;16:11:58;Executed;"SCALBaBAfBnxgpZ";"Microchip Technology";Security;Buy;US5950171042;13;72,45;-941,85;0,00;0,00;EUR
2026-08-07;16:11:58;Executed;"SCALnZVNVWMupxF";"Arm Holdings ADR";Security;Sell;US0420682058;3;253,50;760,50;0,00;1,58;EUR
2026-08-07;16:11:58;Executed;"SCALkTTnE4oSEKP";"Western Digital";Security;Sell;US9581021055;2;380,20;760,40;0,00;-11,40;EUR
2026-08-07;15:46:28;Cancelled;"SCAL5ZAPS4upyRD";"Arm Holdings ADR";Security;Sell;US0420682058;0;0,00;0,00;0,00;0,00;EUR
2026-08-07;12:41:37;Executed;"SCALKy8Wz12LpDu";"Lanxess";Security;Sell;DE0005470405;57;15,91;906,87;0,00;-22,70;EUR
2026-08-07;12:41:37;Executed;"SCALNLYuNLebGfL";"Western Digital";Security;Buy;US9581021055;2;401,80;-803,60;0,00;0,00;EUR
2026-08-07;11:30:27;Executed;"SCAL1d7TFvoU3CH";"Lanxess";Security;Buy;DE0005470405;57;17,42;-992,94;0,00;0,00;EUR
2026-08-07;11:25:47;Executed;"SCALj1tmW2iSfLs";"Insmed";Security;Sell;US4576693075;8;112,58;900,64;0,00;-13,42;EUR
2026-08-07;11:25:47;Executed;"SCALjDkWAYoa3Ah";"Insmed";Security;Buy;US4576693075;8;118,94;-951,52;0,00;0,00;EUR
2026-08-07;11:25:47;Executed;"SCALq9gEj2ogiWC";"Arm Holdings ADR";Security;Buy;US0420682058;3;251,50;-754,50;0,00;0,00;EUR
2026-08-06;10:52:55;Executed;"SCALvzY7gpcQEKq";"Palantir Technologies";Security;Sell;US69608A1088;7;134,94;944,58;0,00;-13,15;EUR
2026-08-06;09:29:58;Executed;"SCALXEFwsVdmnEB";"PVA TePla";Security;Sell;DE0007461006;29;31,28;907,12;0,00;-18,50;EUR
2026-08-06;08:26:10;Executed;"SCALeJgmvHMTxj9";"AppLovin Corp A";Security;Buy;US03831W1080;3;302,05;-906,15;0,00;0,00;EUR
2026-08-06;08:26:10;Executed;"SCALK24ikUnazsG";"PVA TePla";Security;Buy;DE0007461006;29;33,70;-977,30;0,00;0,00;EUR
2026-08-06;08:09:52;Executed;"SCALu2BrvSG7CbU";"Hensoldt";Security;Sell;DE000HAG0005;11;84,88;933,68;0,00;-13,53;EUR
2026-08-05;22:42:42;Executed;"SCALpxy3suWKZuE";"Micron Technology";Security;Sell;US5951121038;1;757,00;757,00;0,00;-11,28;EUR
2026-08-05;22:42:42;Executed;"SCALmy4p4MM6sZq";"Seagate Technology Hldgs";Security;Sell;IE00BKVD2N49;1;716,00;716,00;0,00;-12,14;EUR
2026-08-05;21:57:27;Executed;"SCALoiuG6mA3QxD";"Western Digital";Security;Sell;US9581021055;2;458,50;917,00;0,00;-13,47;EUR
2026-08-05;16:51:29;Executed;"SCALtMq1RbFgshC";"Micron Technology";Security;Buy;US5951121038;1;799,80;-799,80;0,00;0,00;EUR
2026-08-05;13:10:48;Executed;"SCALHhjk5UaXUyk";"SMA Solar Technology";Security;Sell;DE000A0DJ6J9;17;53,20;904,40;0,00;-14,35;EUR
2026-08-05;11:00:41;Executed;"SCALLVnTbNpKnrS";"Arm Holdings ADR";Security;Sell;US0420682058;4;244,00;976,00;0,00;9,50;EUR
2026-08-05;11:00:41;Executed;"SCALpo7mTcLe62K";"SMA Solar Technology";Security;Buy;DE000A0DJ6J9;17;56,40;-958,80;0,00;0,00;EUR
2026-08-05;08:36:43;Cancelled;"SCALvxyFMJz9oSR";"Arm Holdings ADR";Security;Sell;US0420682058;0;0,00;0,00;0,00;0,00;EUR
2026-08-04;21:01:31;Executed;"SCALEVWfBy75cZz";"SMA Solar Technology";Security;Sell;DE000A0DJ6J9;18;55,05;990,90;0,00;0,47;EUR
2026-08-04;20:24:34;Cancelled;"SCALnDwqntaqNCB";"SMA Solar Technology";Security;Sell;DE000A0DJ6J9;0;0,00;0,00;0,00;0,00;EUR
2026-08-04;20:23:58;Executed;"SCALfBXj8cvxkfb";"Palantir Technologies";Security;Buy;US69608A1088;7;142,06;-994,42;0,00;0,00;EUR
2026-08-04;20:02:35;Executed;"SCALd39rUDSDL1W";"Tkms Ag & Co. Kgaa";Security;Sell;DE000TKMS001;11;90,20;992,20;0,00;3,77;EUR
2026-08-04;20:02:35;Executed;"SCALvzGeTj8aid9";"Palantir Technologies";Security;Sell;US69608A1088;14;140,38;1.965,32;0,00;5,88;EUR
2026-08-04;19:37:37;Cancelled;"SCAL6yQoEsRiacC";"Tkms Ag & Co. Kgaa";Security;Sell;DE000TKMS001;0;0,00;0,00;0,00;0,00;EUR
2026-08-04;19:36:58;Cancelled;"SCALmtKprtxP6K5";"Palantir Technologies";Security;Sell;US69608A1088;0;0,00;0,00;0,00;0,00;EUR
2026-08-04;19:36:53;Cancelled;"SCALF2zPZm4p9y1";"Palantir Technologies";Security;Sell;US69608A1088;0;0,00;0,00;0,00;0,00;EUR
2026-08-04;18:44:39;Executed;"SCALbbD2jnQ9xB3";"Microsoft";Security;Buy;US5949181045;2;432,70;-865,40;0,00;0,00;EUR
2026-08-04;18:44:39;Executed;"SCALjATVskYcCK1";"Intel Corp";Security;Buy;US4581401001;11;85,94;-945,34;0,00;0,00;EUR
2026-08-04;18:44:39;Executed;"SCALpGup53YDsDf";"Palantir Technologies";Security;Buy;US69608A1088;7;138,78;-971,46;0,00;0,00;EUR
2026-08-04;18:44:39;Executed;"SCALeQv6itGJDFN";"Arm Holdings ADR";Security;Buy;US0420682058;4;235,00;-940,00;0,00;0,00;EUR
2026-08-04;18:44:39;Executed;"SCALW6n2BQRQyTF";"iShares EURO STOXX 50 (Dist)";Security;Buy;DE0005933956;30;66,14;-1.984,20;0,00;0,00;EUR
2026-08-04;18:44:39;Executed;"SCALGEwa95LXDAX";"Palantir Technologies";Security;Buy;US69608A1088;7;138,80;-971,60;0,00;0,00;EUR
2026-08-04;14:05:35;Executed;"SCALHcdtrhqDxXA";"SMA Solar Technology";Security;Buy;DE000A0DJ6J9;18;54,95;-989,10;0,00;0,00;EUR
2026-08-04;14:05:35;Executed;"SCALNWJG8RXasJr";"Seagate Technology Hldgs";Security;Buy;IE00BKVD2N49;1;762,00;-762,00;0,00;0,00;EUR
2026-08-04;14:05:35;Executed;"SCALBHV1vTh8SYS";"Aixtron";Security;Sell;DE000A0WMPJ6;26;38,53;1.001,78;0,00;1,44;EUR
2026-08-04;14:05:35;Executed;"SCALwUAZYDCfX3X";"Western Digital";Security;Buy;US9581021055;2;484,05;-968,10;0,00;0,00;EUR
2026-08-04;14:05:35;Executed;"SCALYXxZu7uC4zT";"Zalando Short -3x Factor HVB";Security;Sell;DE000UG17NR1;99;4,84;479,16;0,00;-5,23;EUR
2026-08-04;13:35:23;Cancelled;"SCAL75ANyMXTpDZ";"Zalando Short -3x Factor HVB";Security;Sell;DE000UG17NR1;0;0,00;0,00;0,00;0,00;EUR
2026-08-04;13:11:16;Executed;"SCALupFbqv7tJjx";"Zalando Short -3x Factor HVB";Security;Buy;DE000UG17NR1;99;5,04;-498,96;0,00;0,00;EUR
2026-08-04;10:13:14;Executed;"SCALRk6bYv2MoVP";"Hensoldt";Security;Buy;DE000HAG0005;11;89,54;-984,94;0,00;0,00;EUR
2026-08-04;10:13:14;Executed;"SCAL14y6KrZ9MRt";"Tkms Ag & Co. Kgaa";Security;Buy;DE000TKMS001;11;88,90;-977,90;0,00;0,00;EUR
2026-08-04;10:13:14;Executed;"SCALN57upAXXLRT";"Siemens Healthineers";Security;Sell;DE000SHL1006;25;38,95;973,75;0,00;2,57;EUR
2026-08-04;10:13:14;Executed;"SCALsYWmWYUVDEk";"Aixtron";Security;Buy;DE000A0WMPJ6;26;38,32;-996,32;0,00;0,00;EUR
2026-08-04;09:20:55;Executed;"SCALC4WVaWqXTHp";"Microsoft";Security;Sell;US5949181045;2;420,70;841,40;0,00;5,12;EUR
2026-08-04;09:20:55;Executed;"SCALVg6eVs6KQ3e";"Zalando";Security;Buy;DE000ZAL1111;37;26,57;-983,09;0,00;0,00;EUR
2026-08-04;09:04:07;Cancelled;"SCALwEBf7z5LF4D";"Siemens Healthineers";Security;Sell;DE000SHL1006;0;0,00;0,00;0,00;0,00;EUR
2026-08-03;18:59:09;Executed;"SCALUoMDVz523zd";"Hensoldt";Security;Sell;DE000HAG0005;11;86,22;948,42;0,00;2,15;EUR
2026-08-03;18:59:09;Executed;"SCAL3ASr4eypk12";"Tkms Ag & Co. Kgaa";Security;Sell;DE000TKMS001;11;84,90;933,90;0,00;0,87;EUR
2026-08-03;18:38:10;Executed;"SCALxPpzEQwt4BZ";"Schaeffler";Security;Sell;DE000SHA0100;135;7,405;999,675;0,00;1,26;EUR
2026-08-03;18:38:10;Executed;"SCALGLXQKsPninN";"Alphabet C";Security;Sell;US02079K1079;3;321,30;963,90;0,00;12,93;EUR
2026-08-03;18:38:10;Executed;"SCAL25qvzkZNzUt";"Hensoldt";Security;Buy;DE000HAG0005;11;85,48;-940,28;0,00;0,00;EUR
2026-08-03;18:08:18;Cancelled;"SCALpd4wnadUzzv";"Tkms Ag & Co. Kgaa";Security;Sell;DE000TKMS001;0;0,00;0,00;0,00;0,00;EUR
2026-08-03;18:07:20;Cancelled;"SCAL2E3NdN5xshp";"Hensoldt";Security;Sell;DE000HAG0005;0;0,00;0,00;0,00;0,00;EUR
2026-08-03;16:09:25;Cancelled;"SCALWtLiBXBUmF9";"Alphabet C";Security;Sell;US02079K1079;0;0,00;0,00;0,00;0,00;EUR
2026-08-03;13:11:37;Cancelled;"SCALafR5MrkRA16";"Schaeffler";Security;Sell;DE000SHA0100;0;0,00;0,00;0,00;0,00;EUR
2026-08-03;10:24:05;Executed;"SCALVKytBsSm2in";"Schaeffler";Security;Buy;DE000SHA0100;135;7,37;-994,95;0,00;0,00;EUR
2026-08-03;10:24:05;Executed;"SCALdYngA5UweW4";"Tkms Ag & Co. Kgaa";Security;Buy;DE000TKMS001;11;84,60;-930,60;0,00;0,00;EUR
2026-08-03;10:24:05;Executed;"SCALbaAX9biQjRc";"Siemens Healthineers";Security;Buy;DE000SHL1006;25;38,56;-964,00;0,00;0,00;EUR
2026-08-03;10:24:05;Executed;"SCALYPrhMRSJg6c";"Nordex";Security;Sell;DE000A0D6554;24;37,52;900,48;0,00;-15,96;EUR
2026-07-31;17:50:56;Executed;"SCAL6p9JvCmYcAS";"Alphabet C";Security;Buy;US02079K1079;3;304,95;-914,85;0,00;0,00;EUR
2026-07-31;16:48:22;Executed;"SCALdRevAb8atS1";"Marvell Technology";Security;Sell;US5738741041;5;163,54;817,70;0,00;-12,00;EUR
2026-07-31;15:15:52;Executed;"SCALJ6rkCJPdLb1";"Aixtron";Security;Sell;DE000A0WMPJ6;26;37,68;979,68;0,00;0,76;EUR
2026-07-31;14:36:54;Cancelled;"SCAL5jWTxP7wbXt";"Aixtron";Security;Sell;DE000A0WMPJ6;0;0,00;0,00;0,00;0,00;EUR
2026-07-31;13:22:04;Executed;"SCALqwpgsJ19WAf";"Symrise";Security;Sell;DE000SYM9999;10;89,18;891,80;0,00;-13,08;EUR
2026-07-31;13:22:04;Executed;"SCALfrezj6mZRfa";"adidas";Security;Sell;DE000A1EWWW0;6;160,05;960,30;0,00;5,85;EUR
2026-07-31;12:56:22;Cancelled;"SCALd3N5FdCD8Uq";"adidas";Security;Sell;DE000A1EWWW0;0;0,00;0,00;0,00;0,00;EUR
2026-07-31;11:26:50;Cancelled;"SCALRPHXbqroXMu";"Symrise";Security;Sell;DE000SYM9999;0;0,00;0,00;0,00;0,00;EUR
2026-07-31;10:51:53;Executed;"SCALnu5AYnSDXLQ";"Marvell Technology";Security;Buy;US5738741041;5;172,64;-863,20;0,00;0,00;EUR
2026-07-31;10:51:53;Executed;"SCALVmjDtBVT9Wr";"Aixtron";Security;Buy;DE000A0WMPJ6;26;37,57;-976,82;0,00;0,00;EUR
2026-07-31;02:00:00;Executed;"CVS2FYLXXV4G1NF6";"Entgelt PRIME+ Broker";Cash;Fee;;;;-4,99;0,00;;EUR
2026-07-30;17:48:48;Executed;"SCALrzrVD5jzfje";"adidas";Security;Buy;DE000A1EWWW0;6;156,35;-938,10;0,00;0,00;EUR
2026-07-30;15:52:12;Executed;"SCALNDKo4azXVJH";"Shopify A";Security;Sell;CA82509L1076;8;108,16;865,28;0,00;-13,54;EUR
2026-07-30;10:31:31;Executed;"SCALKh6WVJTwbxA";"Symrise";Security;Buy;DE000SYM9999;10;94,14;-941,40;0,00;0,00;EUR
2026-07-30;10:31:31;Executed;"SCALdFidgHmwanD";"MLP SE";Security;Sell;DE0006569908;127;8,12;1.031,24;0,00;8,70;EUR
2026-07-30;09:46:26;Cancelled;"SCALVqmvSaWMBCa";"MLP SE";Security;Sell;DE0006569908;0;0,00;0,00;0,00;0,00;EUR
2026-07-30;09:42:39;Executed;"SCALPaMcJaWzVb9";"SAP SE";Security;Sell;DE0007164600;6;160,16;960,96;0,00;8,80;EUR
2026-07-30;09:42:39;Executed;"SCAL8DWWaKYBLoW";"Atlassian A";Security;Sell;US0494681010;11;90,86;999,46;0,00;7,43;EUR
2026-07-30;09:22:44;Executed;"SCAL13bGC6Cxdfy";"SMA Solar Technology";Security;Sell;DE000A0DJ6J9;36;50,85;1.830,60;0,00;-34,19;EUR
2026-07-30;09:17:03;Cancelled;"SCALt5Fa2deo1N8";"SAP SE";Security;Sell;DE0007164600;0;0,00;0,00;0,00;0,00;EUR
2026-07-30;09:16:09;Cancelled;"SCALhVNxDi13uvV";"Atlassian A";Security;Sell;US0494681010;0;0,00;0,00;0,00;0,00;EUR
2026-07-29;21:56:42;Executed;"SCAL6275xi3pWRh";"Adobe";Security;Sell;US00724F1012;4;229,15;916,60;0,00;1,80;EUR
2026-07-29;21:56:42;Executed;"SCAL5JSSyXtuca3";"TeamViewer";Security;Sell;DE000A2YN900;155;6,72;1.041,60;0,00;12,27;EUR
2026-07-29;21:20:21;Cancelled;"SCALgiEZ2qzEj4R";"TeamViewer";Security;Sell;DE000A2YN900;0;0,00;0,00;0,00;0,00;EUR
2026-07-29;19:46:26;Executed;"SCAL1dJWHhU9chY";"Bechtle";Security;Sell;DE0005158703;54;37,36;2.017,44;0,00;5,69;EUR
2026-07-29;17:06:43;Cancelled;"SCALLwd9gLTF5jY";"Bechtle";Security;Sell;DE0005158703;0;0,00;0,00;0,00;0,00;EUR
2026-07-29;16:39:00;Executed;"SCALz9jYG6sFkJw";"Adobe";Security;Buy;US00724F1012;4;227,45;-909,80;0,00;0,00;EUR
2026-07-29;11:48:12;Executed;"SCALz6cq6VEtGaX";"MLP SE";Security;Buy;DE0006569908;127;7,86;-998,22;0,00;0,00;EUR
2026-07-29;11:48:12;Executed;"SCALxh4qYxNW5Ym";"SMA Solar Technology";Security;Buy;DE000A0DJ6J9;36;54,45;-1.960,20;0,00;0,00;EUR
2026-07-29;09:06:49;Executed;"SCALCNS4jx46vct";"Nordex";Security;Buy;DE000A0D6554;24;40,04;-960,96;0,00;0,00;EUR
2026-07-28;19:58:35;Executed;"SCAL3NMvJoW7Mv6";"Adobe";Security;Sell;US00724F1012;4;221,80;887,20;0,00;12,87;EUR
2026-07-28;19:36:54;Cancelled;"SCAL2cg8hCXoTUF";"Adobe";Security;Sell;US00724F1012;0;0,00;0,00;0,00;0,00;EUR
2026-07-28;19:00:41;Executed;"SCAL3JrTtVBurnm";"Atlassian A";Security;Buy;US0494681010;11;88,30;-971,30;0,00;0,00;EUR
2026-07-28;19:00:41;Executed;"SCALWH9dUSKDYDK";"TeamViewer";Security;Buy;DE000A2YN900;155;6,42;-995,10;0,00;0,00;EUR
2026-07-28;19:00:41;Executed;"SCALCcsoUEsk8CP";"Shopify A";Security;Buy;CA82509L1076;8;114,58;-916,64;0,00;0,00;EUR
2026-07-28;15:02:31;Executed;"SCAL5nez8YSmf2y";"Bechtle";Security;Buy;DE0005158703;54;36,96;-1.995,84;0,00;0,00;EUR
2026-07-28;13:19:47;Executed;"SCALmpVDgA8jsQh";"Shopify A";Security;Sell;CA82509L1076;9;111,28;1.001,52;0,00;4,98;EUR
2026-07-28;12:41:25;Cancelled;"SCALVfPtSYVTq82";"Shopify A";Security;Sell;CA82509L1076;0;0,00;0,00;0,00;0,00;EUR
2026-07-28;10:28:22;Executed;"SCALuaLGJkaqZ6U";"Ionos Group";Security;Sell;DE000A3E00M1;30;32,98;989,40;0,00;4,43;EUR
2026-07-28;10:28:22;Executed;"SCALyVKPAp62Wku";"K+S AG";Security;Buy;DE000KSAG888;65;15,35;-997,75;0,00;0,00;EUR
2026-07-28;10:28:22;Executed;"SCAL7U3yLNudcyd";"TUI";Security;Sell;DE000TUAG505;138;7,328;1.011,264;0,00;3,79;EUR
2026-07-28;10:07:25;Executed;"SCALp4xfLLk95Hp";"K+S AG";Security;Buy;DE000KSAG888;66;15,05;-993,30;0,00;0,00;EUR
2026-07-28;10:07:25;Executed;"SCALryd56jnztRd";"SAP SE";Security;Buy;DE0007164600;6;154,60;-927,60;0,00;0,00;EUR
2026-07-28;09:51:34;Cancelled;"SCALHWYm52ffr2S";"Ionos Group";Security;Sell;DE000A3E00M1;0;0,00;0,00;0,00;0,00;EUR
2026-07-28;09:51:06;Cancelled;"SCALWn45v9rvyF5";"TUI";Security;Sell;DE000TUAG505;0;0,00;0,00;0,00;0,00;EUR
2026-07-28;09:48:45;Cancelled;"SCALkvf47817LRk";"K+S AG";Security;Sell;DE000KSAG888;0;0,00;0,00;0,00;0,00;EUR
2026-07-28;09:48:38;Cancelled;"SCAL84HxPnjsEjQ";"K+S AG";Security;Sell;DE000KSAG888;0;0,00;0,00;0,00;0,00;EUR
2026-07-28;09:38:09;Executed;"SCALCa6TrPEASya";"K+S AG";Security;Sell;DE000KSAG888;69;14,63;1.009,47;0,00;2,54;EUR
2026-07-28;08:55:06;Cancelled;"SCALCZW4NHTedk5";"K+S AG";Security;Sell;DE000KSAG888;0;0,00;0,00;0,00;0,00;EUR
2026-07-27;22:15:21;Executed;"SCALvtCUZ7aVBbZ";"SAP SE";Security;Sell;DE0007164600;6;150,72;904,32;0,00;4,75;EUR
2026-07-27;21:38:31;Cancelled;"SCAL1KQbZ8AQHBZ";"SAP SE";Security;Sell;DE0007164600;0;0,00;0,00;0,00;0,00;EUR
2026-07-27;21:30:52;Executed;"SCALXmdqHW5bvfV";"Palantir Technologies";Security;Sell;US69608A1088;8;115,56;924,48;0,00;3,93;EUR
2026-07-27;21:04:36;Cancelled;"SCALSoESNJcjS58";"Palantir Technologies";Security;Sell;US69608A1088;0;0,00;0,00;0,00;0,00;EUR
2026-07-27;18:02:42;Executed;"SCALY9MKcXyVBVS";"Adobe";Security;Buy;US00724F1012;4;209,60;-838,40;0,00;0,00;EUR
2026-07-27;18:02:42;Executed;"SCAL8USgyrKMsV8";"Palantir Technologies";Security;Buy;US69608A1088;8;113,70;-909,60;0,00;0,00;EUR
2026-07-27;18:02:42;Executed;"SCALb1jTcdc6Kqq";"Shopify A";Security;Buy;CA82509L1076;9;109,18;-982,62;0,00;0,00;EUR
2026-07-27;18:02:42;Executed;"SCAL846RjQPBwXM";"TUI";Security;Buy;DE000TUAG505;138;7,224;-996,912;0,00;0,00;EUR
2026-07-27;17:25:43;Executed;"SCAL8oEhRkZF27D";"Atoss Software";Security;Sell;DE0005104400;12;83,80;1.005,60;0,00;3,64;EUR
2026-07-27;16:56:54;Cancelled;"SCALDf9rGAoCa1u";"Atoss Software";Security;Sell;DE0005104400;0;0,00;0,00;0,00;0,00;EUR
2026-07-27;16:37:46;Executed;"SCALKGydeDygSZA";"Nemetschek";Security;Sell;DE0006452907;17;60,20;1.023,40;0,00;13,00;EUR
2026-07-27;16:07:21;Cancelled;"SCALxW7JaYfp1Ez";"Nemetschek";Security;Sell;DE0006452907;0;0,00;0,00;0,00;0,00;EUR
2026-07-27;15:54:34;Executed;"SCALFynvTtPBQzx";"Ionos Group";Security;Buy;DE000A3E00M1;30;32,42;-972,60;0,00;0,00;EUR
2026-07-27;13:12:47;Executed;"SCALCp3tHd2snzf";"Atoss Software";Security;Buy;DE0005104400;12;82,65;-991,80;0,00;0,00;EUR
2026-07-27;13:12:47;Executed;"SCALUa8mKFYQ4Ym";"SAP SE";Security;Buy;DE0007164600;6;147,72;-886,32;0,00;0,00;EUR
2026-07-27;12:27:24;Executed;"SCALowpoYFG654j";"iShares Core S&P 500 (Acc)";Security;Savings plan;IE00B5BMR087;0,423884;707,74;-299,99966216;0,00;0,00;EUR
2026-07-27;12:12:09;Executed;"SCAL5ZhWBsqu5d4";"iShares Nasdaq 100 (Acc)";Security;Savings plan;IE00B53SZB19;0,208333;1.440,00;-299,99952;0,00;0,00;EUR
2026-07-27;12:12:09;Executed;"SCALsJfWuT93EVS";"Xtrackers MSCI World Information Technology (Acc)";Security;Savings plan;IE00BM67HT60;2,463458;121,78;-299,99991524;0,00;0,00;EUR
2026-07-27;12:12:09;Executed;"SCALyJs1J9SJjrt";"Invesco Physical Gold ETC";Security;Savings plan;IE00B579F325;0,868457;345,44;-299,99978608;0,00;0,00;EUR
2026-07-27;12:12:09;Executed;"SCAL59hpTMSqA1M";"Atoss Software";Security;Sell;DE0005104400;13;81,20;1.055,60;0,00;14,95;EUR
2026-07-27;12:12:09;Executed;"SCALzJAjyFowsuV";"Stabilus";Security;Sell;DE000STAB1L8;72;13,90;1.000,80;0,00;0,38;EUR
2026-07-27;10:27:48;Cancelled;"SCAL6bDumzW2Hww";"Atoss Software";Security;Sell;DE0005104400;0;0,00;0,00;0,00;0,00;EUR
2026-07-27;10:27:25;Cancelled;"SCALesHH3QpAzvV";"Stabilus";Security;Sell;DE000STAB1L8;0;0,00;0,00;0,00;0,00;EUR
2026-07-24;19:32:46;Executed;"SCALqtLCmErZLst";"Ross Stores";Security;Sell;US7782961038;4;208,95;835,80;0,00;3,06;EUR
2026-07-24;19:11:59;Cancelled;"SCALLrT3TTmtRJe";"Ross Stores";Security;Sell;US7782961038;0;0,00;0,00;0,00;0,00;EUR
2026-07-24;18:27:22;Executed;"SCAL3H7TCcRBacK";"Atoss Software";Security;Buy;DE0005104400;13;76,8384615385;-998,9000000005;0,00;0,00;EUR
2026-07-24;18:27:22;Executed;"SCALQcri24n94df";"Nemetschek";Security;Buy;DE0006452907;17;57,30;-974,10;0,00;0,00;EUR
2026-07-24;13:24:16;Executed;"SCAL5Na6sdQRWXb";"Ross Stores";Security;Buy;US7782961038;4;206,05;-824,20;0,00;0,00;EUR
2026-07-24;13:08:30;Executed;"SCALm7mkpoXQbak";"Stabilus";Security;Buy;DE000STAB1L8;72;13,88;-999,36;0,00;0,00;EUR
2026-07-23;18:11:59;Executed;"SCALEqB4mEV8ZEM";"WisdomTree Brent Crude Oil USD";Security;Buy;JE00B78CGV99;26;74,105;-1.926,73;0,00;0,00;EUR
2026-07-23;16:45:23;Executed;"SCAL8kfBebLg6DE";"Traton";Security;Sell;DE000TRAT0N7;25;39,82;995,50;0,00;3,17;EUR
2026-07-23;15:49:51;Cancelled;"SCALfwHg1BjX7Ry";"Traton";Security;Sell;DE000TRAT0N7;0;0,00;0,00;0,00;0,00;EUR
2026-07-23;15:11:56;Executed;"SCAL9bgPzgsNhvW";"SUSS MicroTec";Security;Sell;DE000A1K0235;11;80,05;880,55;0,00;-12,90;EUR
2026-07-23;11:46:51;Executed;"SCALmcSmZXRR6dC";"Traton";Security;Buy;DE000TRAT0N7;25;39,34;-983,50;0,00;0,00;EUR
2026-07-23;02:00:00;Executed;"GXIYWKRGP7UH6Z7N3A9PJF";"Scalable Capital Broker 4x Sparplan";Cash;Deposit;;;;1.200,00;0,00;;EUR
2026-07-22;21:01:21;Executed;"SCALmbc8sdp8keg";"FlatexDEGIRO";Security;Sell;DE000FTG1111;26;38,12;991,12;0,00;-0,96;EUR
2026-07-22;20:18:50;Cancelled;"SCALLBqELRWHmSJ";"FlatexDEGIRO";Security;Sell;DE000FTG1111;0;0,00;0,00;0,00;0,00;EUR
2026-07-22;20:14:09;Executed;"SCALXj4Bt4RYpno";"Infineon Technologies";Security;Sell;DE0006231004;14;69,60;974,40;0,00;5,91;EUR
2026-07-22;20:14:09;Executed;"SCALDSw4VJQG6ad";"Intel Corp";Security;Sell;US4581401001;11;91,71;1.008,81;0,00;4,29;EUR
2026-07-22;20:14:09;Executed;"SCALWmnifBedayB";"Marvell Technology";Security;Sell;US5738741041;5;187,10;935,50;0,00;7,83;EUR
2026-07-22;20:14:09;Executed;"SCALb2CPVtHKv2S";"Advanced Micro Devices";Security;Sell;US0079031078;2;487,95;975,90;0,00;6,33;EUR
2026-07-22;19:49:45;Cancelled;"SCALQ5yBcsRo42z";"Advanced Micro Devices";Security;Sell;US0079031078;0;0,00;0,00;0,00;0,00;EUR
2026-07-22;19:49:15;Cancelled;"SCALZFaarRmbbuw";"Intel Corp";Security;Sell;US4581401001;0;0,00;0,00;0,00;0,00;EUR
2026-07-22;19:40:34;Cancelled;"SCAL2XeUGM9S5EZ";"Marvell Technology";Security;Sell;US5738741041;0;0,00;0,00;0,00;0,00;EUR
2026-07-22;19:40:04;Cancelled;"SCALhmJu7DBPFb5";"Infineon Technologies";Security;Sell;DE0006231004;0;0,00;0,00;0,00;0,00;EUR
2026-07-22;18:45:38;Executed;"SCALcaa44ziU9Sj";"FlatexDEGIRO";Security;Buy;DE000FTG1111;26;38,26;-994,76;0,00;0,00;EUR
2026-07-22;17:59:28;Executed;"SCALQUwc8USQ5Dw";"SUSS MicroTec";Security;Buy;DE000A1K0235;11;84,50;-929,50;0,00;0,00;EUR
2026-07-22;14:08:01;Executed;"SCALbYceRZUNZvD";"SUSS MicroTec";Security;Sell;DE000A1K0235;12;83,25;999,00;0,00;6,17;EUR
2026-07-22;13:33:41;Cancelled;"SCALrf6tPExR7BQ";"SUSS MicroTec";Security;Sell;DE000A1K0235;0;0,00;0,00;0,00;0,00;EUR
2026-07-22;13:25:11;Executed;"SCALbnZsZm2LtzG";"Siemens Energy";Security;Sell;DE000ENER6Y0;6;150,20;901,20;0,00;-13,58;EUR
2026-07-21;19:30:29;Executed;"SCALsekpqgbJjtM";"Advanced Micro Devices";Security;Buy;US0079031078;2;475,95;-951,90;0,00;0,00;EUR
2026-07-21;19:30:29;Executed;"SCALxcM4R8HvDmi";"Infineon Technologies";Security;Buy;DE0006231004;14;68,00;-952,00;0,00;0,00;EUR
2026-07-21;19:30:29;Executed;"SCALR1hJLSF82ah";"Siemens Energy";Security;Buy;DE000ENER6Y0;6;158,78;-952,68;0,00;0,00;EUR
2026-07-21;19:21:10;Executed;"SCAL1ZkYJuxRnAv";"Micron Technology";Security;Sell;US5951121038;1;834,80;834,80;0,00;8,07;EUR
2026-07-21;19:21:10;Executed;"SCAL1bDfLYJXhw6";"Western Digital";Security;Sell;US9581021055;2;476,80;953,60;0,00;11,50;EUR
2026-07-21;17:45:40;Cancelled;"SCALqouLoMEAKfr";"Micron Technology";Security;Sell;US5951121038;0;0,00;0,00;0,00;0,00;EUR
2026-07-21;17:45:09;Cancelled;"SCAL2h9JVCYqLED";"Western Digital";Security;Sell;US9581021055;0;0,00;0,00;0,00;0,00;EUR
2026-07-21;12:23:50;Executed;"SCAL2u16henwSN2";"Tkms Ag & Co. Kgaa";Security;Sell;DE000TKMS001;5;80,80;404,00;0,00;3,20;EUR
2026-07-21;12:07:03;Executed;"SCAL9q4SXb1WTYg";"SUSS MicroTec";Security;Buy;DE000A1K0235;12;81,30;-975,60;0,00;0,00;EUR
2026-07-21;11:39:49;Executed;"SCALauMgzLkBuej";"Intel Corp";Security;Buy;US4581401001;11;90,23;-992,53;0,00;0,00;EUR
2026-07-21;11:39:49;Executed;"SCALqgT4FRwdtGk";"Western Digital";Security;Buy;US9581021055;2;455,00;-910,00;0,00;0,00;EUR
2026-07-21;11:39:49;Executed;"SCAL2b7ZVy6rQKS";"Micron Technology";Security;Buy;US5951121038;1;804,20;-804,20;0,00;0,00;EUR
2026-07-21;09:28:25;Executed;"SCALFiBDYz3hTWf";"Marvell Technology";Security;Buy;US5738741041;5;181,16;-905,80;0,00;0,00;EUR
2026-07-20;08:27:32;Executed;"SCALiarQsu4ZWn7";"K+S AG";Security;Buy;DE000KSAG888;69;14,49;-999,81;0,00;0,00;EUR
2026-07-17;17:24:47;Executed;"SCALTUrf7QbyFhU";"Novo-Nordisk B";Security;Sell;DK0062498333;22;44,18;971,96;0,00;-5,29;EUR
2026-07-17;16:43:12;Cancelled;"SCALyzT5dzfxGE2";"Novo-Nordisk B";Security;Sell;DK0062498333;0;0,00;0,00;0,00;0,00;EUR
2026-07-16;16:30:53;Executed;"SCALoeb9sBNQegY";"Novo-Nordisk B";Security;Buy;DK0062498333;22;45,09;-991,98;0,00;0,00;EUR
2026-07-15;14:25:39;Executed;"SCALc488pYrH2kg";"PayPal Holdings";Security;Sell;US70450Y1038;21;49,125;1.031,625;0,00;12,00;EUR
2026-07-15;13:22:49;Cancelled;"SCALnKTSmTWnbgr";"PayPal Holdings";Security;Sell;US70450Y1038;0;0,00;0,00;0,00;0,00;EUR
2026-07-15;08:57:28;Executed;"SCALzBM8H4cVnw9";"PayPal Holdings";Security;Buy;US70450Y1038;21;46,96;-986,16;0,00;0,00;EUR
2026-07-14;19:10:40;Executed;"SCALBci2xXjxiro";"Marvell Technology";Security;Sell;US5738741041;5;192,58;962,90;0,00;-5,75;EUR
2026-07-14;16:25:05;Cancelled;"SCALYRDCmi4Yxrm";"Marvell Technology";Security;Sell;US5738741041;0;0,00;0,00;0,00;0,00;EUR
2026-07-14;13:35:57;Executed;"SCALxiPmwHRkWdd";"Marvell Technology";Security;Buy;US5738741041;5;196,94;-984,70;0,00;0,00;EUR
2026-07-13;14:07:49;Executed;"SCALhYjNgyaEWGm";"iShares Core MSCI World (Acc)";Security;Savings plan;IE00B4L5Y983;2,379347;126,085;-299,999966495;0,00;0,00;EUR
2026-07-13;11:59:31;Executed;"SCALt7obhzihYsE";"Sartorius Vz";Security;Sell;DE0007165631;4;240,50;962,00;0,00;9,28;EUR
2026-07-09;02:00:00;Executed;"AW1SYHC51VJTZCAMDS3ZDX";"Scalable Capital Broker Sparplan";Cash;Deposit;;;;300,00;0,00;;EUR
2026-07-08;17:26:36;Executed;"SCALSz5WEBu9EB1";"Merck";Security;Sell;DE0006599905;6;139,45;836,70;0,00;-11,87;EUR
2026-07-08;11:37:28;Cancelled;"SCALpoCCH9eF3Am";"Sartorius Vz";Security;Sell;DE0007165631;0;0,00;0,00;0,00;0,00;EUR
2026-07-07;18:55:49;Executed;"SCALKiVu8M4hNXS";"Merck";Security;Sell;DE0006599905;6;140,15;840,90;0,00;-10,92;EUR
2026-07-02;16:58:14;Executed;"SCAL4hJLkBAwmhh";"Tesla";Security;Sell;US88160R1014;2;355,90;711,80;0,00;-9,96;EUR
2026-07-02;11:58:42;Executed;"SCALAnVQP6RwFf7";"Tesla";Security;Buy;US88160R1014;2;374,775;-749,55;0,00;0,00;EUR
2026-07-02;11:18:21;Executed;"SCALtZt9Gvh6jXh";"Merck";Security;Buy;DE0006599905;6;146,95;-881,70;0,00;0,00;EUR
2026-07-02;09:39:46;Executed;"SCAL2bEUYJCSjHM";"Gerresheimer";Security;Sell;DE000A0LD6E6;34;27,52;935,68;0,00;-14,88;EUR
2026-07-02;02:00:00;Executed;"751699_cns3t2c78AFERemuBBek9Q_1";"Exxon Mobil";Security;Corporate action;US30231G1022;-3;0,00;0,00;;;EUR
2026-07-02;02:00:00;Executed;"751699_cns3t2c78AFERemuBBek9Q";"US30233Q1085";Security;Corporate action;US30233Q1085;3;0,00;0,00;;;EUR
2026-07-01;18:46:37;Executed;"SCALYG7fwvSbSmB";"Bayer";Security;Sell;DE000BAY0017;21;48,86;1.026,06;0,00;10,33;EUR
2026-07-01;18:46:37;Executed;"SCAL4eR5Yg3VRoy";"ASML ADR";Security;Sell;USN070592100;1;1.630,20;1.630,20;0,00;-23,64;EUR
2026-07-01;18:11:17;Cancelled;"SCALwWXgP76mgQZ";"Bayer";Security;Sell;DE000BAY0017;0;0,00;0,00;0,00;0,00;EUR
2026-07-01;13:09:47;Executed;"SCALGzKzSkTXyg3";"Gerresheimer";Security;Buy;DE000A0LD6E6;34;29,18;-992,12;0,00;0,00;EUR
2026-07-01;02:00:00;Executed;"763393_cns3t2c78AFERemuBBek9Q";"Petrobras";Cash;Distribution;BRPETRACNOR9;;;7,77;0,00;2,79;EUR
2026-06-30;18:49:50;Executed;"SCALgdHvq1uEvtD";"ASML ADR";Security;Buy;USN070592100;1;1.719,80;-1.719,80;0,00;0,00;EUR
2026-06-30;15:46:17;Executed;"SCALUeWcqVt9gyZ";"Vertex Pharmaceuticals";Security;Sell;US92532F1003;2;436,20;872,40;0,00;5,57;EUR
2026-06-30;15:06:57;Cancelled;"SCALVgrurgaHnJB";"Vertex Pharmaceuticals";Security;Sell;US92532F1003;0;0,00;0,00;0,00;0,00;EUR
2026-06-30;15:02:16;Executed;"SCALesKhr1w34Ze";"Deutsche EuroShop";Security;Sell;DE0007480204;53;17,46;925,38;0,00;-17,62;EUR
2026-06-30;02:00:00;Executed;"KCDACZFRJQIRKEZW";"Entgelt PRIME+ Broker";Cash;Fee;;;;-4,99;0,00;;EUR
2026-06-30;02:00:00;Executed;"625748_cns3t2c78AFERemuBBek9Q";"Petrobras";Cash;Distribution;BRPETRACNOR9;;;0,51;0,00;0,18;EUR
2026-06-26;21:57:16;Executed;"SCALqSzDfcMjZxP";"Carl Zeiss Meditec Short Factor BNP";Security;Sell;DE000PD3SCZ6;7;68,49;479,43;0,00;-1,41;EUR
2026-06-26;21:31:12;Cancelled;"SCALfuLFYT65XBS";"Carl Zeiss Meditec Short Factor BNP";Security;Sell;DE000PD3SCZ6;0;0,00;0,00;0,00;0,00;EUR
2026-06-26;18:10:45;Executed;"SCALBi7AZigHVWf";"Invesco Physical Gold ETC";Security;Buy;IE00B579F325;4;345,74;-1.382,96;0,00;0,00;EUR
2026-06-26;15:20:22;Executed;"SCALYYwxtiVx5wp";"Carl Zeiss Meditec Short Factor BNP";Security;Buy;DE000PD3SCZ6;7;69,26;-484,82;0,00;0,00;EUR
2026-06-26;10:37:26;Executed;"SCALyaBPFfivG3L";"Xcel Energy";Security;Buy;US98389B1008;13;72,63;-944,19;0,00;0,00;EUR
2026-06-26;10:37:26;Executed;"SCALEvRXms3fdrn";"Vertex Pharmaceuticals";Security;Buy;US92532F1003;2;425,65;-851,30;0,00;0,00;EUR
2026-06-26;08:14:03;Executed;"SCALz1smeSSt2DY";"Arm Holdings ADR";Security;Sell;US0420682058;3;293,50;880,50;0,00;-12,66;EUR
2026-06-25;17:53:51;Executed;"SCALK5BW8QYj5Dn";"Carl Zeiss Meditec";Security;Sell;DE0005313704;35;28,08;982,80;0,00;0,74;EUR
2026-06-25;17:27:57;Executed;"SCAL3AwK5vVzYuM";"Bayer";Security;Buy;DE000BAY0017;21;46,995;-986,895;0,00;0,00;EUR
2026-06-25;17:27:57;Executed;"SCALbVKGAiddFv7";"Sartorius Vz";Security;Buy;DE0007165631;4;231,70;-926,80;0,00;0,00;EUR
2026-06-25;17:27:57;Executed;"SCALgc2AaE7PYSN";"Merck";Security;Buy;DE0006599905;6;147,05;-882,30;0,00;0,00;EUR
2026-06-25;17:27:57;Executed;"SCAL7CbVYK8HRte";"Arm Holdings ADR";Security;Buy;US0420682058;3;309,50;-928,50;0,00;0,00;EUR
2026-06-25;17:13:36;Cancelled;"SCALHog9Av2sUCz";"Carl Zeiss Meditec";Security;Sell;DE0005313704;0;0,00;0,00;0,00;0,00;EUR
2026-06-25;12:14:54;Executed;"SCALhyz2tGbJwQM";"iShares Core S&P 500 (Acc)";Security;Savings plan;IE00B5BMR087;0,427277;702,12;-299,99972724;0,00;0,00;EUR
2026-06-25;12:14:54;Executed;"SCALsSws4WJJWu2";"Xtrackers MSCI World Information Technology (Acc)";Security;Savings plan;IE00BM67HT60;2,405388;124,72;-299,99999136;0,00;0,00;EUR
2026-06-25;11:44:36;Executed;"SCALhUUCq3RgTHX";"iShares Nasdaq 100 (Acc)";Security;Savings plan;IE00B53SZB19;0,199071;1.507,00;-299,999997;0,00;0,00;EUR
2026-06-25;11:44:36;Executed;"SCALFsHhoC4mvpZ";"Invesco Physical Gold ETC";Security;Savings plan;IE00B579F325;0,887101;338,18;-299,99981618;0,00;0,00;EUR
2026-06-24;17:05:14;Executed;"SCAL2LnV89u2tQX";"Carl Zeiss Meditec";Security;Buy;DE0005313704;35;28,00;-980,00;0,00;0,00;EUR
2026-06-24;16:23:09;Executed;"SCALocyCUfbq76C";"Marvell Technology";Security;Sell;US5738741041;3;239,60;718,80;0,00;-10,53;EUR
2026-06-24;15:59:21;Executed;"SCALyW76PPym9EN";"Western Digital";Security;Sell;US9581021055;1;570,60;570,60;0,00;-8,59;EUR
2026-06-24;13:24:31;Executed;"SCAL81PHgJWXKrd";"Tkms Ag & Co. Kgaa";Security;Sell;DE000TKMS001;12;81,00;972,00;0,00;-19,89;EUR
2026-06-24;13:04:58;Executed;"SCAL1GBvWHu1DiE";"Carl Zeiss Meditec Short -3x Factor HVB";Security;Sell;DE000HC281R0;23;23,27;535,21;0,00;12,55;EUR
2026-06-24;12:22:08;Cancelled;"SCALePwXPxT3qtc";"Carl Zeiss Meditec Short -3x Factor HVB";Security;Sell;DE000HC281R0;0;0,00;0,00;0,00;0,00;EUR
2026-06-24;10:39:37;Executed;"SCALVCBbJC3mJ4s";"Zalando";Security;Sell;DE000ZAL1111;39;26,10;1.017,90;0,00;8,23;EUR
2026-06-24;10:17:46;Cancelled;"SCALybFnsduDooP";"Zalando";Security;Sell;DE000ZAL1111;0;0,00;0,00;0,00;0,00;EUR
2026-06-24;09:35:27;Executed;"SCALYyYvAQM7Ccq";"Tkms Ag & Co. Kgaa";Security;Buy;DE000TKMS001;12;78,38;-940,56;0,00;0,00;EUR
2026-06-24;09:35:04;Cancelled;"SCALCpuXti6BNKC";"Tkms Ag & Co. Kgaa";Security;Sell;DE000TKMS001;0;0,00;0,00;0,00;0,00;EUR
2026-06-24;02:00:00;Executed;"673061_cns3t2c78AFERemuBBek9Q";"Qualcomm";Cash;Distribution;US7475251036;;;1,94;0,00;1,30;EUR
2026-06-23;16:08:52;Executed;"SCALNZTsp9zW4LB";"Micron Technology";Security;Sell;US5951121038;2;945,00;1.890,00;0,00;-27,32;EUR
2026-06-23;10:36:28;Executed;"SCAL9N5Na9mNC2E";"ASML ADR";Security;Sell;USN070592100;1;1.565,00;1.565,00;0,00;-25,06;EUR
2026-06-23;09:36:13;Executed;"SCALLtX9g9FU3RV";"Western Digital";Security;Buy;US9581021055;1;603,20;-603,20;0,00;0,00;EUR
2026-06-23;09:36:13;Executed;"SCALT3YXeDHWMGn";"Hugo Boss";Security;Sell;DE000A1PHFF7;25;37,81;945,25;0,00;-13,58;EUR
2026-06-23;09:36:13;Executed;"SCALXxhNJXKETNB";"Marvell Technology";Security;Buy;US5738741041;3;252,90;-758,70;0,00;0,00;EUR
2026-06-23;09:36:13;Executed;"SCALMpUyt7c44TJ";"Micron Technology";Security;Buy;US5951121038;2;996,80;-1.993,60;0,00;0,00;EUR
2026-06-23;08:13:21;Executed;"SCALNTnjcD6mAiT";"Infineon Technologies";Security;Sell;DE0006231004;11;82,58;908,38;0,00;-15,20;EUR
2026-06-23;08:13:21;Executed;"SCALU6kVPkZw58t";"Seagate Technology Hldgs";Security;Sell;IE00BKVD2N49;1;892,00;892,00;0,00;-20,57;EUR
2026-06-23;08:13:21;Executed;"SCALqcXZaQELqCx";"Intel Corp";Security;Sell;US4581401001;8;115,66;925,28;0,00;-14,90;EUR
2026-06-23;02:00:00;Executed;"4AEGQ4ZNVFRDZ2Z2W4QZDW";"Scalable Capital Broker 4x Sparplan";Cash;Deposit;;;;1.200,00;0,00;;EUR
2026-06-22;19:33:33;Executed;"SCALFyzdXeaRJLy";"Western Digital";Security;Sell;US9581021055;1;641,80;641,80;0,00;-9,16;EUR
2026-06-22;18:10:23;Executed;"SCALRc7vfYvsELm";"SUSS MicroTec";Security;Sell;DE000A1K0235;8;107,60;860,80;0,00;-13,08;EUR
2026-06-22;16:21:48;Executed;"SCALJXLv2xbbx69";"Zalando";Security;Buy;DE000ZAL1111;39;25,30;-986,70;0,00;0,00;EUR
2026-06-22;16:21:48;Executed;"SCALGcDVZV7SPx7";"Carl Zeiss Meditec";Security;Sell;DE0005313704;36;27,36;984,96;0,00;0,95;EUR
2026-06-22;16:21:48;Executed;"SCALtTLGNTVHDhE";"Carl Zeiss Meditec";Security;Buy;DE0005313704;36;27,26;-981,36;0,00;0,00;EUR
2026-06-22;16:21:48;Executed;"SCALczHPV4zYjRX";"Carl Zeiss Meditec Short -3x Factor HVB";Security;Buy;DE000HC281R0;23;21,20;-487,60;0,00;0,00;EUR
2026-06-22;16:07:27;Executed;"SCALkSjYu8yzHr6";"Infineon Technologies";Security;Buy;DE0006231004;11;87,82;-966,02;0,00;0,00;EUR
2026-06-22;15:52:09;Cancelled;"SCALtxShXurtFgx";"Carl Zeiss Meditec";Security;Sell;DE0005313704;0;0,00;0,00;0,00;0,00;EUR
2026-06-22;10:33:59;Executed;"SCALR5NLo8kCE4M";"Seagate Technology Hldgs";Security;Sell;IE00BKVD2N49;1;946,00;946,00;0,00;4,22;EUR
2026-06-22;10:33:59;Executed;"SCAL4nmvi9mv6V6";"Infineon Technologies";Security;Sell;DE0006231004;12;85,68;1.028,16;0,00;8,26;EUR
2026-06-22;10:33:59;Executed;"SCAL8gEeReabJfa";"Seagate Technology Hldgs";Security;Buy;IE00BKVD2N49;1;970,00;-970,00;0,00;0,00;EUR
2026-06-22;10:15:01;Executed;"SCALabqmSKj51Yf";"Intel Corp";Security;Buy;US4581401001;8;122,72;-981,76;0,00;0,00;EUR
2026-06-22;10:15:01;Executed;"SCALNwFKDSnMCzY";"Western Digital";Security;Buy;US9581021055;1;676,50;-676,50;0,00;0,00;EUR
2026-06-22;09:53:50;Cancelled;"SCALie5ayzsJP2u";"Infineon Technologies";Security;Sell;DE0006231004;0;0,00;0,00;0,00;0,00;EUR
2026-06-19;15:14:59;Executed;"SCALsNVNRBFJTPM";"Lanxess";Security;Sell;DE0005470405;59;17,16;1.012,44;0,00;5,14;EUR
2026-06-19;14:41:37;Cancelled;"SCALonpriwnrr6d";"Lanxess";Security;Sell;DE0005470405;0;0,00;0,00;0,00;0,00;EUR
2026-06-19;11:47:10;Executed;"SCAL9orXJ9fWqqG";"Lanxess";Security;Buy;DE0005470405;59;16,83;-992,97;0,00;0,00;EUR
2026-06-19;11:47:10;Executed;"SCALtU9hgZKUwXm";"SUSS MicroTec";Security;Buy;DE000A1K0235;8;113,80;-910,40;0,00;0,00;EUR
2026-06-19;10:14:56;Executed;"SCALBdus47fD4rm";"SUSS MicroTec";Security;Sell;DE000A1K0235;9;111,50;1.003,50;0,00;23,97;EUR
2026-06-19;10:14:56;Executed;"SCAL1yp4RJTy8P3";"Aixtron";Security;Sell;DE000A0WMPJ6;16;61,72;987,52;0,00;7,34;EUR
2026-06-19;09:39:43;Cancelled;"SCALYzct2EDegzW";"Aixtron";Security;Sell;DE000A0WMPJ6;0;0,00;0,00;0,00;0,00;EUR
2026-06-19;09:39:06;Cancelled;"SCAL1sPoG3RmQQP";"SUSS MicroTec";Security;Sell;DE000A1K0235;0;0,00;0,00;0,00;0,00;EUR
2026-06-19;09:27:32;Executed;"SCALedrEHBAgb14";"Infineon Technologies";Security;Buy;DE0006231004;12;83,07;-996,84;0,00;0,00;EUR
2026-06-19;09:27:32;Executed;"SCALbgLyn2YqZrS";"Deutsche EuroShop";Security;Buy;DE0007480204;53;18,72;-992,16;0,00;0,00;EUR
2026-06-18;13:32:57;Executed;"SCALaCKgEHRYW4D";"Intel Corp";Security;Sell;US4581401001;8;114,40;915,20;0,00;4,65;EUR
2026-06-18;12:28:37;Executed;"SCALyQKJocNtSH8";"Friedrich Vorwerk Group";Security;Sell;DE000A255F11;14;68,15;954,10;0,00;-0,74;EUR
2026-06-18;11:50:05;Cancelled;"SCALovaLgt9SMQ1";"Friedrich Vorwerk Group";Security;Sell;DE000A255F11;0;0,00;0,00;0,00;0,00;EUR
2026-06-18;08:16:59;Executed;"SCALeyeBkFB9cQ6";"Intel Corp";Security;Buy;US4581401001;8;112,20;-897,60;0,00;0,00;EUR
2026-06-17;18:33:42;Rejected;"SCALNFgV2Sue9tC";"Seagate Technology Hldgs";Security;Sell;IE00BKVD2N49;0;0,00;0,00;0,00;0,00;EUR
2026-06-17;17:31:40;Executed;"SCALqfuLUqkkZ71";"Aixtron";Security;Buy;DE000A0WMPJ6;16;59,98;-959,68;0,00;0,00;EUR
2026-06-17;17:31:40;Executed;"SCALbACSCSUMwp9";"ASML ADR";Security;Buy;USN070592100;1;1.660,00;-1.660,00;0,00;0,00;EUR
2026-06-17;16:26:02;Executed;"SCALPGHDDmYWw39";"Micron Technology";Security;Sell;US5951121038;1;877,30;877,30;0,00;-12,26;EUR
2026-06-17;11:14:26;Executed;"SCALo4uchpBvphM";"Friedrich Vorwerk Group";Security;Buy;DE000A255F11;14;68,35;-956,90;0,00;0,00;EUR
2026-06-16;22:31:49;Executed;"SCAL3nJXUtzPc1s";"Lam Research";Security;Sell;US5128073062;2;316,35;632,70;0,00;-9,85;EUR
2026-06-16;17:02:32;Executed;"SCALJMK5zahQXrv";"Strategy";Security;Sell;US5949724083;8;109,26;874,08;0,00;-12,53;EUR
2026-06-16;13:36:15;Executed;"SCALyPwFpN8xdeb";"Seagate Technology Hldgs";Security;Buy;IE00BKVD2N49;1;930,00;-930,00;0,00;0,00;EUR
2026-06-16;13:36:15;Executed;"SCALauKdvdf9qnv";"SpaceX";Security;Sell;US84615Q1031;6;180,02;1.080,12;0,00;30,45;EUR
2026-06-16;12:54:56;Cancelled;"SCALdh9W3GBVhxS";"SpaceX";Security;Sell;US84615Q1031;0;0,00;0,00;0,00;0,00;EUR
2026-06-15;20:34:30;Executed;"SCALekzgwqk9YuR";"SpaceX";Security;Buy;US84615Q1031;6;160,78;-964,68;0,00;0,00;EUR
2026-06-15;18:52:01;Executed;"SCALGrzopfCTA2h";"Lam Research";Security;Buy;US5128073062;2;335,00;-670,00;0,00;0,00;EUR
2026-06-15;18:52:01;Executed;"SCALq1Pg9P2Who5";"Redcare Pharmacy";Security;Sell;NL0012044747;19;56,55;1.074,45;0,00;19,80;EUR
2026-06-15;18:52:01;Executed;"SCALp5xMb2BfWfb";"SUSS MicroTec";Security;Buy;DE000A1K0235;9;101,40;-912,60;0,00;0,00;EUR
2026-06-15;18:52:01;Executed;"SCALEw8BCX5uNyo";"Micron Technology";Security;Buy;US5951121038;1;923,80;-923,80;0,00;0,00;EUR
2026-06-15;18:52:01;Executed;"SCALD8ZfyEy74Zr";"Deutsche Boerse";Security;Sell;DE0005810055;4;248,40;993,60;0,00;0,84;EUR
2026-06-15;18:52:01;Executed;"SCALfYYtnJGxxLn";"Strategy";Security;Buy;US5949724083;8;115,20;-921,60;0,00;0,00;EUR
2026-06-15;17:25:47;Cancelled;"SCALgzT43N8xe8R";"Deutsche Boerse";Security;Sell;DE0005810055;0;0,00;0,00;0,00;0,00;EUR
2026-06-15;14:51:09;Executed;"SCAL1dxfmPPMdTv";"Arm Holdings ADR";Security;Sell;US0420682058;2;328,00;656,00;0,00;-10,55;EUR
2026-06-15;11:54:58;Executed;"SCALfGvzYj1VP72";"iShares Core MSCI World (Acc)";Security;Savings plan;IE00B4L5Y983;2,422676;123,83;-299,99996908;0,00;0,00;EUR
2026-06-15;08:49:06;Executed;"SCALYaGsS8J7t15";"Arm Holdings ADR";Security;Buy;US0420682058;2;348,00;-696,00;0,00;0,00;EUR
2026-06-14;02:00:00;Executed;"668996_cns3t2c78AFERemuBBek9Q";"iShares STOXX Europe 600 (Dist)";Cash;Distribution;DE0002635307;;;18,34;0,00;4,15;EUR
2026-06-12;20:42:16;Executed;"SCALMFJpKgMVC6K";"Western Digital";Security;Sell;US9581021055;2;490,15;980,30;0,00;13,69;EUR
2026-06-12;16:10:59;Executed;"SCALMNERLtFAq8R";"Rheinmetall";Security;Sell;DE0007030009;1;1.177,40;1.177,40;0,00;-16,56;EUR
2026-06-11;22:14:30;Executed;"SCAL5qCHKYDhado";"Intel Corp";Security;Sell;US4581401001;10;102,00;1.020,00;0,00;11,79;EUR
2026-06-11;21:45:32;Executed;"SCALewiVALVUC5B";"Invesco Physical Gold ETC";Security;Buy;IE00B579F325;5;349,00;-1.745,00;0,00;0,00;EUR
2026-06-11;21:36:16;Cancelled;"SCALw4dRpiAedQA";"Intel Corp";Security;Sell;US4581401001;0;0,00;0,00;0,00;0,00;EUR
2026-06-11;17:20:02;Executed;"SCALBvrupr9zHgK";"Rheinmetall";Security;Buy;DE0007030009;1;1.240,20;-1.240,20;0,00;0,00;EUR
2026-06-11;13:37:48;Executed;"SCALBqxNfaBBR3W";"Intel Corp";Security;Buy;US4581401001;10;97,53;-975,30;0,00;0,00;EUR
2026-06-11;13:37:48;Executed;"SCALZHQGr9sa9F5";"Hugo Boss";Security;Buy;DE000A1PHFF7;25;39,87;-996,75;0,00;0,00;EUR
2026-06-11;02:00:00;Executed;"MZ5RWJE6M6QWPLHSQ4HWKW";"Scalable Capital Broker Sparplan";Cash;Deposit;;;;300,00;0,00;;EUR
2026-06-10;20:24:10;Executed;"SCAL9yeUX2hdRSP";"Symrise";Security;Sell;DE000SYM9999;12;82,56;990,72;0,00;-1,64;EUR
2026-06-10;19:57:56;Cancelled;"SCALQbUQbAG2twy";"Symrise";Security;Sell;DE000SYM9999;0;0,00;0,00;0,00;0,00;EUR
2026-06-10;18:24:51;Executed;"SCALXZGuPsiGe3f";"Auto1 Group";Security;Sell;DE000A2LQ884;42;22,22;933,24;0,00;-14,40;EUR
2026-06-10;17:21:35;Executed;"SCALqDeofcfW9Vw";"Symrise";Security;Buy;DE000SYM9999;12;83,08;-996,96;0,00;0,00;EUR
2026-06-10;15:45:43;Executed;"SCALEyf31kdrKp5";"SDAX Short -2x Factor HVB";Security;Buy;DE000UG6H4U6;68;7,28;-495,04;0,00;0,00;EUR
2026-06-10;15:45:43;Executed;"SCALMa8xbBW7FFp";"Auto1 Group";Security;Buy;DE000A2LQ884;42;23,52;-987,84;0,00;0,00;EUR
2026-06-10;15:45:43;Executed;"SCALWc6PYJiUyGR";"SDAX Short -2x Factor HVB";Security;Sell;DE000UG6H4U6;68;7,28;495,04;0,00;0,00;EUR
2026-06-10;14:28:50;Cancelled;"SCAL9mmwUFWpvHL";"SDAX Short -2x Factor HVB";Security;Sell;DE000UG6H4U6;0;0,00;0,00;0,00;0,00;EUR
2026-06-10;02:00:00;Executed;"609067_cns3t2c78AFERemuBBek9Q";"Microsoft";Cash;Distribution;US5949181045;;;0,95;0,00;0,63;EUR
2026-06-09;18:12:11;Executed;"SCALrDoGHYeVmTy";"Infineon Technologies";Security;Sell;DE0006231004;12;75,26;903,12;0,00;-12,47;EUR
2026-06-09;17:56:18;Executed;"SCALZEN4jr6NuUG";"iShares MDAX (Acc)";Security;Sell;DE0005933923;7;257,90;1.805,30;0,00;-17,83;EUR
2026-06-09;17:56:18;Executed;"SCALK1PdAX3cdVF";"Deutsche Lufthansa";Security;Sell;DE0008232125;117;8,084;945,828;0,00;-13,46;EUR
2026-06-09;16:51:14;Cancelled;"SCALqHXYvH5b2QB";"Western Digital";Security;Sell;US9581021055;0;0,00;0,00;0,00;0,00;EUR
2026-06-09;16:13:52;Executed;"SCALc2XKWuVBptP";"Allianz Short Factor BNP";Security;Sell;DE000PJ0ZA29;15;30,51;457,65;0,00;-9,30;EUR
2026-06-09;15:35:00;Cancelled;"SCALRPvE4pADPmk";"Allianz Short Factor BNP";Security;Sell;DE000PJ0ZA29;0;0,00;0,00;0,00;0,00;EUR
2026-06-09;10:46:08;Executed;"SCAL4EQ9EDKpqyt";"Micron Technology";Security;Sell;US5951121038;1;854,70;854,70;0,00;16,59;EUR
2026-06-09;10:08:47;Cancelled;"SCALsyLeU58tFcT";"Micron Technology";Security;Sell;US5951121038;0;0,00;0,00;0,00;0,00;EUR
2026-06-09;09:44:48;Executed;"SCALGzvR3EbKWJd";"SAP SE";Security;Sell;DE0007164600;6;155,94;935,64;0,00;-13,14;EUR
2026-06-09;02:00:00;Executed;"608905_cns3t2c78AFERemuBBek9Q";"Chevron Corp";Cash;Distribution;US1667641005;;;2,73;0,00;1,88;EUR
2026-06-09;02:00:00;Executed;"608888_cns3t2c78AFERemuBBek9Q";"Exxon Mobil";Cash;Distribution;US30231G1022;;;1,60;0,00;1,07;EUR
2026-06-08;14:07:18;Executed;"SCAL3n5AWTDLTfs";"Infineon Technologies";Security;Buy;DE0006231004;12;79,20;-950,40;0,00;0,00;EUR
2026-06-08;13:44:59;Executed;"SCALtEyTFF8wkZB";"Western Digital";Security;Buy;US9581021055;2;464,20;-928,40;0,00;0,00;EUR
2026-06-08;13:44:59;Executed;"SCALcNEp8nsKYmZ";"Micron Technology";Security;Buy;US5951121038;1;791,80;-791,80;0,00;0,00;EUR
2026-06-08;08:57:40;Executed;"SCALkkww7tvZy4H";"Invesco Physical Gold ETC";Security;Buy;IE00B579F325;8;359,84;-2.878,72;0,00;0,00;EUR
2026-06-08;02:00:00;Executed;"692497_cns3t2c78AFERemuBBek9Q";"Samsung Electronics GDR";Cash;Distribution;US7960508882;;;3,57;0,00;0,56;EUR
2026-06-05;18:25:24;Executed;"SCAL88qxuBGYmyq";"Old Dominion Freight Line";Security;Sell;US6795801009;4;213,20;852,80;0,00;8,92;EUR
2026-06-05;18:06:34;Executed;"SCALgVxxnw22YMg";"Qualcomm";Security;Sell;US7475251036;4;195,02;780,08;0,00;-18,50;EUR
2026-06-05;17:45:47;Cancelled;"SCALtoNMCPx6gke";"Old Dominion Freight Line";Security;Sell;US6795801009;0;0,00;0,00;0,00;0,00;EUR
2026-06-04;16:51:50;Executed;"SCAL8RFEj6UgBWy";"Deutsche Boerse";Security;Buy;DE0005810055;4;247,60;-990,40;0,00;0,00;EUR
2026-06-04;16:06:16;Executed;"SCALL9YqqT2aXFY";"SAP SE";Security;Sell;DE0007164600;5;162,54;812,70;0,00;-30,85;EUR
2026-06-04;15:43:40;Executed;"SCAL6Fv4mLHhciN";"SAP SE";Security;Buy;DE0007164600;6;164,24;-985,44;0,00;0,00;EUR
2026-06-04;12:07:54;Executed;"SCALoHQFPQJ3djj";"Micron Technology";Security;Sell;US5951121038;1;884,40;884,40;0,00;-12,71;EUR
2026-06-04;10:41:25;Executed;"SCALFdDps8Hudhe";"Old Dominion Freight Line";Security;Buy;US6795801009;4;204,75;-819,00;0,00;0,00;EUR
2026-06-04;10:21:23;Executed;"SCALLjdmnwdLmtv";"Allianz Short Factor BNP";Security;Buy;DE000PJ0ZA29;15;32,86;-492,90;0,00;0,00;EUR
2026-06-04;06:45:00;Cancelled;"SCAL9PERa9u4L41";"Qualcomm";Security;Sell;US7475251036;0;0,00;0,00;0,00;0,00;EUR
2026-06-03;16:46:42;Cancelled;"SCALQ6g2QwqrEW9";"Redcare Pharmacy";Security;Sell;NL0012044747;0;0,00;0,00;0,00;0,00;EUR
2026-06-03;16:33:08;Executed;"SCALzDGCnnwMuv4";"Qualcomm";Security;Buy;US7475251036;4;212,55;-850,20;0,00;0,00;EUR
2026-06-03;15:30:57;Executed;"SCALthdX8fFCyPY";"SUSS MicroTec";Security;Sell;DE000A1K0235;10;99,75;997,50;0,00;3,29;EUR
2026-06-03;15:11:05;Cancelled;"SCALLxqoSTMkfM6";"SUSS MicroTec";Security;Sell;DE000A1K0235;0;0,00;0,00;0,00;0,00;EUR
2026-06-03;14:05:49;Executed;"SCAL8h14pEmjPPL";"Redcare Pharmacy";Security;Buy;NL0012044747;19;52,60;-999,40;0,00;0,00;EUR
2026-06-03;11:50:40;Executed;"SCAL83idvhFBuBi";"Marvell Technology";Security;Sell;US5738741041;3;278,70;836,10;0,00;-4,07;EUR
2026-06-03;11:50:40;Executed;"SCALGsq2pLH36Wg";"SUSS MicroTec";Security;Buy;DE000A1K0235;10;98,50;-985,00;0,00;0,00;EUR
2026-06-03;11:50:40;Executed;"SCAL2N6FjWAW4B9";"Micron Technology";Security;Buy;US5951121038;1;932,60;-932,60;0,00;0,00;EUR
2026-06-03;11:07:44;Cancelled;"SCALk9i3VK9mqgC";"Marvell Technology";Security;Sell;US5738741041;0;0,00;0,00;0,00;0,00;EUR
2026-06-03;08:29:35;Executed;"SCAL4S9dfhtE2vj";"Micron Technology";Security;Sell;US5951121038;1;912,80;912,80;0,00;2,87;EUR
2026-06-03;08:29:35;Executed;"SCALnaWkeMmLvKD";"Global X Copper Miners (Acc)";Security;Sell;IE0003Z9E2Y3;41;61,98;2.541,18;0,00;30,83;EUR
2026-06-03;08:29:35;Executed;"SCALDoA2rzY7D4w";"Micron Technology";Security;Sell;US5951121038;1;912,70;912,70;0,00;8,07;EUR
2026-06-03;08:09:23;Executed;"SCALi6CC53ah9n5";"Marvell Technology";Security;Buy;US5738741041;3;283,85;-851,55;0,00;0,00;EUR
2026-06-03;07:54:58;Cancelled;"SCALKNGyzzx5oiX";"Micron Technology";Security;Sell;US5951121038;0;0,00;0,00;0,00;0,00;EUR
2026-06-03;07:48:18;Cancelled;"SCAL8iFSqEfmtP1";"Micron Technology";Security;Sell;US5951121038;0;0,00;0,00;0,00;0,00;EUR
2026-06-02;18:17:14;Executed;"SCALLGc6NeiSyCr";"Cisco Systems";Security;Sell;US17275R1023;9;109,44;984,96;0,00;7,88;EUR
2026-06-02;17:35:56;Cancelled;"SCALYPgbKroSVJj";"Cisco Systems";Security;Sell;US17275R1023;0;0,00;0,00;0,00;0,00;EUR
2026-06-02;16:58:53;Executed;"SCALEioNSXF1sSF";"Cisco Systems";Security;Buy;US17275R1023;9;106,12;-955,08;0,00;0,00;EUR
2026-06-02;16:58:53;Executed;"SCALtj9GtWHEbXQ";"Micron Technology";Security;Buy;US5951121038;1;901,90;-901,90;0,00;0,00;EUR
2026-06-02;16:58:53;Executed;"SCAL1RemteLoMfM";"Micron Technology";Security;Buy;US5951121038;1;882,10;-882,10;0,00;0,00;EUR
2026-06-02;13:33:07;Executed;"SCALpJzcPYFPerY";"Marvell Technology";Security;Sell;US5738741041;4;234,70;938,80;0,00;-4,59;EUR
2026-06-02;12:57:35;Cancelled;"SCAL5u31ibqZqN9";"Marvell Technology";Security;Sell;US5738741041;0;0,00;0,00;0,00;0,00;EUR
2026-06-02;12:45:19;Executed;"SCALLa6FJtwCqaU";"Marvell Technology";Security;Buy;US5738741041;4;239,05;-956,20;0,00;0,00;EUR
2026-06-02;12:06:24;Executed;"SCALz8kd3Em7exe";"Alzchem Group";Security;Sell;DE000A2YNT30;4;195,10;780,40;0,00;-12,55;EUR
2026-06-02;12:06:24;Executed;"SCALkHFxym7NkAH";"Marvell Technology";Security;Sell;US5738741041;4;233,85;935,40;0,00;6,54;EUR
2026-06-02;11:35:16;Cancelled;"SCALFPsgdCDZVDY";"Marvell Technology";Security;Sell;US5738741041;0;0,00;0,00;0,00;0,00;EUR
2026-06-02;11:08:16;Executed;"SCALbriPcy6UXiB";"Atlassian A";Security;Sell;US0494681010;10;95,86;958,60;0,00;-0,11;EUR
2026-06-02;10:45:02;Executed;"SCALwJ1PMxR3eZm";"Marvell Technology";Security;Buy;US5738741041;4;227,65;-910,60;0,00;0,00;EUR
2026-06-02;10:45:02;Executed;"SCALTPdtkLJRu2R";"FlatexDEGIRO";Security;Sell;DE000FTG1111;29;33,74;978,46;0,00;0,14;EUR
2026-06-02;10:45:02;Executed;"SCALvqrCPKgZoih";"Alzchem Group";Security;Buy;DE000A2YNT30;4;207,00;-828,00;0,00;0,00;EUR
2026-06-02;10:45:02;Executed;"SCALSMSsRcSGv7H";"Western Digital";Security;Sell;US9581021055;2;467,60;935,20;0,00;-8,30;EUR
2026-06-02;10:33:37;Cancelled;"SCALeRhZQs86NSz";"Atlassian A";Security;Sell;US0494681010;0;0,00;0,00;0,00;0,00;EUR
2026-06-02;10:25:45;Executed;"SCALfMVr33V3XX1";"Infineon Technologies";Security;Sell;DE0006231004;12;84,26;1.011,12;0,00;13,14;EUR
2026-06-02;10:21:09;Cancelled;"SCALAkM3cbawf8g";"Western Digital";Security;Sell;US9581021055;0;0,00;0,00;0,00;0,00;EUR
2026-06-02;10:12:36;Cancelled;"SCALN4ZPTCcXipe";"Alzchem Group";Security;Buy;DE000A2YNT30;0;0,00;0,00;0,00;0,00;EUR
2026-06-02;10:11:12;Cancelled;"SCALJXswTRJ9UcE";"FlatexDEGIRO";Security;Sell;DE000FTG1111;0;0,00;0,00;0,00;0,00;EUR
2026-06-02;10:03:08;Cancelled;"SCALHEnYU4vtucL";"Infineon Technologies";Security;Sell;DE0006231004;0;0,00;0,00;0,00;0,00;EUR
2026-06-02;08:09:08;Executed;"SCALhhwiZ8Jx2DZ";"Marvell Technology";Security;Sell;US5738741041;5;221,25;1.106,25;0,00;38,81;EUR
2026-06-02;07:33:39;Cancelled;"SCALMYD6D5DtMj1";"Marvell Technology";Security;Sell;US5738741041;0;0,00;0,00;0,00;0,00;EUR
2026-06-01;21:00:50;Executed;"SCALV6PhjGEzFKk";"Salesforce";Security;Sell;US79466L3024;3;179,64;538,92;0,00;7,85;EUR
2026-06-01;20:05:20;Executed;"SCAL4oFhUu6cYgP";"Walmart Short -3x Factor HVB";Security;Sell;DE000UG2SMR4;130;3,93;510,90;0,00;3,08;EUR
2026-06-01;20:05:20;Executed;"SCAL1AiDZYpPoZD";"Marvell Technology";Security;Buy;US5738741041;5;191,82;-959,10;0,00;0,00;EUR
2026-06-01;20:05:20;Executed;"SCALuEe96m1WH7W";"Western Digital";Security;Buy;US9581021055;2;483,35;-966,70;0,00;0,00;EUR
2026-06-01;19:34:04;Cancelled;"SCALkfMDvt6WU7i";"Walmart Short -3x Factor HVB";Security;Sell;DE000UG2SMR4;0;0,00;0,00;0,00;0,00;EUR
2026-06-01;16:14:55;Executed;"SCALmWDBvvizHBZ";"Walmart Short -3x Factor HVB";Security;Buy;DE000UG2SMR4;130;3,84;-499,20;0,00;0,00;EUR
2026-06-01;15:35:05;Cancelled;"SCAL5AAtgEDrp19";"Amundi SDAX (Dist)";Security;Sell;LU2611732475;0;0,00;0,00;0,00;0,00;EUR
2026-06-01;10:20:51;Executed;"SCAL7ytC7wxQVKW";"Qualcomm";Security;Sell;US7475251036;4;207,60;830,40;0,00;-12,71;EUR
2026-06-01;08:57:10;Executed;"SCALAjnh7Ue5UnK";"Amundi SDAX (Dist)";Security;Buy;LU2611732475;13;148,62;-1.932,06;0,00;0,00;EUR
2026-06-01;08:02:37;Executed;"SCALWEwvBuB3ivN";"Atlassian A";Security;Buy;US0494681010;10;95,90;-959,00;0,00;0,00;EUR
2026-05-31;02:00:00;Executed;"570722_cns3t2c78AFERemuBBek9Q";"CTS Eventim & Co";Cash;Distribution;DE0005470306;;;8,48;0,00;3,04;EUR
2026-05-31;02:00:00;Executed;"T4WF1CSKOOGWWGRZ";"Entgelt PRIME+ Broker";Cash;Fee;;;;-4,99;0,00;;EUR
2026-05-29;20:11:40;Executed;"SCALcKCteNrgtcq";"Auto1 Group";Security;Sell;DE000A2LQ884;44;22,66;997,04;0,00;3,71;EUR
2026-05-29;19:36:40;Cancelled;"SCAL2oVgLBfDh6x";"Auto1 Group";Security;Sell;DE000A2LQ884;0;0,00;0,00;0,00;0,00;EUR
2026-05-29;16:53:20;Executed;"SCALpQA2gGtKZut";"Walmart Short -3x Factor HVB";Security;Sell;DE000UG2SMR4;142;3,66;519,72;0,00;5,25;EUR
2026-05-29;16:25:47;Cancelled;"SCALeGXe4iFpRgt";"Walmart Short -3x Factor HVB";Security;Sell;DE000UG2SMR4;0;0,00;0,00;0,00;0,00;EUR
2026-05-29;16:16:44;Executed;"SCALr19tnvr4MmL";"CTS Eventim & Co";Security;Sell;DE0005470306;8;60,25;482,00;0,00;2,00;EUR
2026-05-29;13:15:15;Executed;"SCAL1Et3cT2zJuN";"Qualcomm";Security;Buy;US7475251036;4;219,65;-878,60;0,00;0,00;EUR
2026-05-29;12:48:54;Executed;"SCALWCviRRBWGxu";"Marvell Technology";Security;Sell;US5738741041;5;175,44;877,20;0,00;10,29;EUR
2026-05-29;12:48:54;Executed;"SCALLsX5iRMVBSh";"Auto1 Group";Security;Buy;DE000A2LQ884;44;22,34;-982,96;0,00;0,00;EUR
2026-05-29;12:48:54;Executed;"SCALpQkBFnrft3D";"Walmart Short -3x Factor HVB";Security;Buy;DE000UG2SMR4;142;3,52;-499,84;0,00;0,00;EUR
2026-05-29;12:48:54;Executed;"SCAL5qaseqpVyPA";"Infineon Technologies";Security;Buy;DE0006231004;12;80,11;-961,32;0,00;0,00;EUR
2026-05-29;12:48:54;Executed;"SCALasHCMTes27F";"Deutsche Lufthansa";Security;Buy;DE0008232125;117;8,52;-996,84;0,00;0,00;EUR
2026-05-29;12:48:54;Executed;"SCALiP6v9LUgK8B";"FlatexDEGIRO";Security;Buy;DE000FTG1111;29;33,72;-977,88;0,00;0,00;EUR
2026-05-29;12:48:54;Executed;"SCALSx2wp15rv85";"iShares MDAX (Acc)";Security;Buy;DE0005933923;7;271,70;-1.901,90;0,00;0,00;EUR
2026-05-29;09:11:38;Cancelled;"SCALihSHWV9kUff";"Marvell Technology";Security;Sell;US5738741041;0;0,00;0,00;0,00;0,00;EUR
2026-05-28;13:33:38;Executed;"SCALeWBb4ATJ7zz";"Renk Group";Security;Sell;DE000RENK730;18;55,07;991,26;0,00;2,99;EUR
2026-05-28;12:56:13;Cancelled;"SCALj23KDSE3eSe";"Renk Group";Security;Sell;DE000RENK730;0;0,00;0,00;0,00;0,00;EUR
2026-05-28;10:10:45;Executed;"SCALT9K7NKvALdk";"DHL";Security;Sell;DE0005552004;19;50,62;961,78;0,00;0,30;EUR
2026-05-28;09:49:45;Executed;"SCALWrX3RVqr698";"Renk Group";Security;Buy;DE000RENK730;18;54,44;-979,92;0,00;0,00;EUR
2026-05-28;09:49:45;Executed;"SCALvLJ5Ji7Jmo5";"Daimler Truck Holding";Security;Sell;DE000DTR0CK8;23;42,80;984,40;0,00;4,68;EUR
2026-05-28;09:49:45;Executed;"SCALjKDsX4Ye2Zp";"Symrise";Security;Sell;DE000SYM9999;12;81,28;975,36;0,00;-0,64;EUR
2026-05-28;09:49:45;Executed;"SCALMG6B8ec2Tq2";"Invesco Physical Gold ETC";Security;Buy;IE00B579F325;8;364,00;-2.912,00;0,00;0,00;EUR
2026-05-28;09:47:13;Cancelled;"SCALeWNakaT9XsV";"DHL";Security;Sell;DE0005552004;0;0,00;0,00;0,00;0,00;EUR
2026-05-28;09:25:46;Cancelled;"SCALX6wfeK7VVRd";"Symrise";Security;Sell;DE000SYM9999;0;0,00;0,00;0,00;0,00;EUR
2026-05-28;09:25:02;Cancelled;"SCALBAJ9gdnYRYy";"Daimler Truck Holding";Security;Sell;DE000DTR0CK8;0;0,00;0,00;0,00;0,00;EUR
2026-05-28;08:48:03;Executed;"SCALEyDKouJYxnb";"Marvell Technology";Security;Buy;US5738741041;5;167,64;-838,20;0,00;0,00;EUR
2026-05-27;14:54:21;Executed;"SCALKSzuQWfSfzJ";"Petrobras";Security;Sell;BRPETRACNOR9;115;7,65;879,75;0,00;-30,33;EUR
2026-05-27;10:16:47;Executed;"SCALR1JcCoLpQHr";"Symrise";Security;Buy;DE000SYM9999;12;81,48;-977,76;0,00;0,00;EUR
2026-05-27;10:16:47;Executed;"SCALXRWk17QTUu1";"DHL";Security;Buy;DE0005552004;19;50,56;-960,64;0,00;0,00;EUR
2026-05-27;09:55:56;Executed;"SCALbvL8kdMaUZH";"Delivery Hero";Security;Sell;DE000A2E4K43;26;37,75;981,50;0,00;0,89;EUR
2026-05-27;09:55:56;Executed;"SCALJmAabPi5fpc";"Renk Group";Security;Sell;DE000RENK730;20;52,67;1.053,40;0,00;17,26;EUR
2026-05-27;09:22:20;Cancelled;"SCALya3UfM4prvf";"Renk Group";Security;Sell;DE000RENK730;0;0,00;0,00;0,00;0,00;EUR
2026-05-27;09:19:26;Cancelled;"SCAL8KX3vReu6q8";"Delivery Hero";Security;Sell;DE000A2E4K43;0;0,00;0,00;0,00;0,00;EUR
2026-05-27;02:00:00;Executed;"657425_cns3t2c78AFERemuBBek9Q";"Petrobras";Cash;Distribution;BRPETRACNOR9;;;0,41;0,00;0,15;EUR
2026-05-27;02:00:00;Executed;"621566_cns3t2c78AFERemuBBek9Q";"Petrobras";Cash;Distribution;BRPETRACNOR9;;;7,84;0,00;2,80;EUR
2026-05-25;13:28:29;Executed;"SCALyyK8N6hDdKp";"Daimler Truck Holding";Security;Buy;DE000DTR0CK8;23;42,03;-966,69;0,00;0,00;EUR
2026-05-25;12:20:22;Executed;"SCALHaVoRUPYZBm";"iShares Nasdaq 100 (Acc)";Security;Savings plan;IE00B53SZB19;0,203527;1.474,00;-299,998798;0,00;0,00;EUR
2026-05-25;12:20:22;Executed;"SCALcU9LPJhvfWp";"Delivery Hero";Security;Buy;DE000A2E4K43;26;37,62;-978,12;0,00;0,00;EUR
2026-05-25;12:00:14;Executed;"SCALU5Givx9K2yH";"Invesco Physical Gold ETC";Security;Savings plan;IE00B579F325;0,795249;377,24;-299,99973276;0,00;0,00;EUR
2026-05-25;12:00:14;Executed;"SCALVKExW71UtZ3";"iShares Core S&P 500 (Acc)";Security;Savings plan;IE00B5BMR087;0,430527;696,82;-299,99982414;0,00;0,00;EUR
2026-05-25;11:43:40;Executed;"SCALuGq2s8uRvkz";"Xtrackers MSCI World Information Technology (Acc)";Security;Savings plan;IE00BM67HT60;2,470762;121,42;-299,99992204;0,00;0,00;EUR
2026-05-25;09:30:50;Executed;"SCALjMjXjvM243M";"Marvell Technology";Security;Sell;US5738741041;6;174,00;1.044,00;0,00;12,97;EUR
2026-05-25;09:10:22;Cancelled;"SCALUPsyjeAfy2P";"Marvell Technology";Security;Sell;US5738741041;0;0,00;0,00;0,00;0,00;EUR
2026-05-22;12:52:56;Executed;"SCAL7fDLBowm5X7";"Renk Group";Security;Buy;DE000RENK730;20;49,3985;-987,97;0,00;0,00;EUR
2026-05-21;02:00:00;Executed;"RD43MWSO6RG4UIHIZ4UBQK";"Scalable Capital Broker 4x Sparplan";Cash;Deposit;;;;1.200,00;0,00;;EUR
2026-05-20;21:03:48;Executed;"SCALNWfczEhEQ8s";"Renk Group";Security;Sell;DE000RENK730;20;47,69;953,80;0,00;-3,03;EUR
2026-05-20;21:03:48;Executed;"SCALpJgEM2znq6Z";"Hensoldt";Security;Sell;DE000HAG0005;11;86,68;953,48;0,00;7,20;EUR
2026-05-20;18:24:27;Cancelled;"SCALuPNL78C918N";"Hensoldt";Security;Sell;DE000HAG0005;0;0,00;0,00;0,00;0,00;EUR
2026-05-20;18:24:03;Cancelled;"SCALU3qJyVi6i8e";"Renk Group";Security;Sell;DE000RENK730;0;0,00;0,00;0,00;0,00;EUR
2026-05-20;17:39:53;Executed;"SCALbAGPSAwvdz1";"WisdomTree Brent Crude Oil USD";Security;Sell;JE00B78CGV99;37;76,00;2.812,00;0,00;-47,53;EUR
2026-05-20;16:07:03;Executed;"SCALZLm3dN8QPVG";"Marvell Technology";Security;Buy;US5738741041;6;165,80;-994,80;0,00;0,00;EUR
2026-05-20;14:56:27;Executed;"SCALS2c1XP8zHvF";"Renk Group";Security;Buy;DE000RENK730;20;48,265;-965,30;0,00;0,00;EUR
2026-05-20;14:56:27;Executed;"SCALr2eSEUX7HsT";"Hensoldt";Security;Buy;DE000HAG0005;11;84,20;-926,20;0,00;0,00;EUR
2026-05-20;12:56:09;Cancelled;"SCALPAbvJooLfY6";"Renk Group";Security;Buy;DE000RENK730;0;0,00;0,00;0,00;0,00;EUR
2026-05-19;10:02:16;Executed;"SCALonpXfnsrzxe";"Ottobock Se & Co.";Security;Sell;DE000BCK2223;17;52,10;885,70;0,00;-17,48;EUR
2026-05-19;09:22:31;Executed;"SCALdco7FLvZjPW";"SMA Solar Technology";Security;Sell;DE000A0DJ6J9;14;64,00;896,00;0,00;-13,48;EUR
2026-05-19;08:46:22;Executed;"SCALeitTndY1Gpn";"Ottobock Se & Co.";Security;Buy;DE000BCK2223;17;56,00;-952,00;0,00;0,00;EUR
2026-05-18;12:31:01;Executed;"SCALHznd5CaCNmw";"SMA Solar Technology";Security;Buy;DE000A0DJ6J9;14;67,65;-947,10;0,00;0,00;EUR
2026-05-18;08:30:52;Executed;"SCALac31gRx86zw";"WisdomTree Brent Crude Oil USD";Security;Buy;JE00B78CGV99;37;80,87;-2.992,19;0,00;0,00;EUR
2026-05-15;20:45:47;Executed;"SCAL92vopaJBv3H";"freenet";Security;Sell;DE000A0Z2ZZ5;39;26,02;1.014,78;0,00;9,26;EUR
2026-05-15;20:21:16;Cancelled;"SCALiz8jbdLDLAL";"freenet";Security;Sell;DE000A0Z2ZZ5;0;0,00;0,00;0,00;0,00;EUR
2026-05-15;11:04:42;Executed;"SCALovUKDHjqTEF";"Friedrich Vorwerk Group";Security;Sell;DE000A255F11;14;69,05;966,70;0,00;-8,31;EUR
2026-05-15;11:04:42;Executed;"SCALmL6eMg6tMHx";"BMW St. Short -4x Factor HVB";Security;Sell;DE000UG95GP5;54;9,42;508,68;0,00;3,70;EUR
2026-05-15;10:38:00;Cancelled;"SCALnj2f6NcT8ze";"BMW St. Short -4x Factor HVB";Security;Sell;DE000UG95GP5;0;0,00;0,00;0,00;0,00;EUR
2026-05-15;10:35:14;Cancelled;"SCALCzUDB2DGUnt";"Friedrich Vorwerk Group";Security;Sell;DE000A255F11;0;0,00;0,00;0,00;0,00;EUR
2026-05-15;09:45:57;Executed;"SCALemb1xNw3Moj";"BMW St. Short -4x Factor HVB";Security;Buy;DE000UG95GP5;54;9,16;-494,64;0,00;0,00;EUR
2026-05-15;07:58:40;Executed;"SCALQM7xbWa4xW1";"Marvell Technology";Security;Sell;US5738741041;6;152,40;914,40;0,00;-14,94;EUR
2026-05-14;19:51:08;Executed;"SCAL4VQP4CFhFNe";"Aixtron";Security;Sell;DE000A0WMPJ6;18;54,94;988,92;0,00;1,90;EUR
2026-05-14;19:32:09;Executed;"SCALUsPa1LVySVH";"VERBIO Vereinigte Bioenergie";Security;Sell;DE000A0JL9W6;24;41,00;984,00;0,00;3,04;EUR
2026-05-14;19:32:09;Executed;"SCALxgZrNmuZj1A";"BMW St. Short -4x Factor HVB";Security;Sell;DE000UG95GP5;112;8,88;994,56;0,00;-0,59;EUR
2026-05-14;19:26:26;Cancelled;"SCALujCoEsk2PGz";"Aixtron";Security;Sell;DE000A0WMPJ6;0;0,00;0,00;0,00;0,00;EUR
2026-05-14;19:11:49;Cancelled;"SCALiiLNJUvgBoD";"BMW St. Short -4x Factor HVB";Security;Sell;DE000UG95GP5;0;0,00;0,00;0,00;0,00;EUR
2026-05-14;19:11:10;Cancelled;"SCAL5VVfpsCYrw3";"VERBIO Vereinigte Bioenergie";Security;Sell;DE000A0JL9W6;0;0,00;0,00;0,00;0,00;EUR
2026-05-14;16:42:48;Executed;"SCALjdaxwXQenrZ";"Friedrich Vorwerk Group";Security;Buy;DE000A255F11;14;71,30;-998,20;0,00;0,00;EUR
2026-05-14;16:25:16;Executed;"SCALbrA5xe3FAya";"VERBIO Vereinigte Bioenergie";Security;Buy;DE000A0JL9W6;24;40,52;-972,48;0,00;0,00;EUR
2026-05-14;16:25:16;Executed;"SCALKJ2HfFSmh3a";"Aixtron";Security;Buy;DE000A0WMPJ6;18;54,54;-981,72;0,00;0,00;EUR
2026-05-14;16:25:16;Executed;"SCALhw7YmWMCtEh";"Marvell Technology";Security;Buy;US5738741041;6;161,84;-971,04;0,00;0,00;EUR
2026-05-14;16:06:47;Executed;"SCALSn3UtpwZgX8";"BMW St.";Security;Sell;DE0005190003;12;76,78;921,36;0,00;-0,57;EUR
2026-05-14;16:06:47;Executed;"SCAL2nN2sJERyXe";"BMW St. Short -4x Factor HVB";Security;Buy;DE000UG95GP5;112;8,90;-996,80;0,00;0,00;EUR
2026-05-14;15:35:09;Cancelled;"SCALiTcyVsJszwZ";"BMW St.";Security;Sell;DE0005190003;0;0,00;0,00;0,00;0,00;EUR
2026-05-14;10:13:49;Executed;"SCALxTAWbWD7Zv1";"Merck";Security;Sell;DE0006599905;8;121,25;970,00;0,00;5,62;EUR
2026-05-14;10:13:49;Executed;"SCALMh6rnEPBqYU";"freenet";Security;Buy;DE000A0Z2ZZ5;39;25,12;-979,68;0,00;0,00;EUR
2026-05-14;09:38:42;Cancelled;"SCAL7mPwFVtwyCf";"Merck";Security;Sell;DE0006599905;0;0,00;0,00;0,00;0,00;EUR
2026-05-14;08:16:59;Executed;"SCALAiHocNj6ys9";"BMW St.";Security;Buy;DE0005190003;12;76,96;-923,52;0,00;0,00;EUR
2026-05-13;21:50:26;Executed;"SCALPL2Uy4ujYmy";"Salzgitter";Security;Sell;DE0006202005;18;55,80;1.004,40;0,00;8,55;EUR
2026-05-13;21:18:24;Cancelled;"SCAL8aoX78f2KKH";"Salzgitter";Security;Sell;DE0006202005;0;0,00;0,00;0,00;0,00;EUR
2026-05-13;12:49:31;Executed;"SCALRAXcBiajHjx";"iShares Core MSCI World (Acc)";Security;Savings plan;IE00B4L5Y983;2,489419;120,51;-299,99988369;0,00;0,00;EUR
2026-05-13;08:19:54;Executed;"SCAL5fpCFhPBx2B";"Merck";Security;Buy;DE0006599905;8;118,5875;-948,70;0,00;0,00;EUR
2026-05-12;17:59:31;Executed;"SCALdDvzoGZ4B18";"ASML Holding";Security;Sell;NL0010273215;1;1.260,80;1.260,80;0,00;-18,52;EUR
2026-05-12;10:47:22;Executed;"SCALyTBJhX6Yg86";"Salzgitter";Security;Buy;DE0006202005;18;54,00;-972,00;0,00;0,00;EUR
2026-05-12;09:04:55;Executed;"SCAL9ZFu9wHTmFG";"Invesco Physical Silver";Security;Sell;IE00B43VDT70;68;67,595;4.596,46;0,00;86,14;EUR
2026-05-11;10:29:12;Executed;"SCALAcnHAwKgMsY";"Micron Technology";Security;Sell;US5951121038;2;636,50;1.273,00;0,00;-18,56;EUR
2026-05-11;10:16:05;Executed;"SCALBirejS2NxX3";"VERBIO Vereinigte Bioenergie";Security;Sell;DE000A0JL9W6;27;34,52;932,04;0,00;-12,12;EUR
2026-05-11;10:15:52;Cancelled;"SCAL3W9wYH4S6ab";"VERBIO Vereinigte Bioenergie";Security;Sell;DE000A0JL9W6;0;0,00;0,00;0,00;0,00;EUR
2026-05-11;10:15:20;Executed;"SCALLyscRD5j7TP";"WisdomTree Brent Crude Oil USD";Security;Sell;JE00B78CGV99;53;74,915;3.970,495;0,00;0,64;EUR
2026-05-11;10:15:13;Cancelled;"SCALFPLYJaBCKmV";"WisdomTree Brent Crude Oil USD";Security;Sell;JE00B78CGV99;0;0,00;0,00;0,00;0,00;EUR
2026-05-11;09:01:19;Executed;"SCALVd5trp9kVt2";"Advanced Micro Devices";Security;Sell;US0079031078;2;390,40;780,80;0,00;17,09;EUR
2026-05-11;08:07:27;Executed;"SCALABf3ZaSezF8";"VERBIO Vereinigte Bioenergie";Security;Buy;DE000A0JL9W6;27;36,22;-977,94;0,00;0,00;EUR
2026-05-11;07:38:57;Executed;"SCAL6r6eCb4pEqV";"Micron Technology";Security;Buy;US5951121038;2;671,70;-1.343,40;0,00;0,00;EUR
2026-05-11;02:00:00;Executed;"72NPKRCBD2C4VJYEHJIO8X";"Scalable Capital Broker Sparplan";Cash;Deposit;;;;300,00;0,00;;EUR
2026-05-11;02:00:00;Executed;"520948_cns3t2c78AFERemuBBek9Q";"MTU Aero Engines";Cash;Distribution;DE000A0D9PT0;;;2,65;0,00;0,95;EUR
2026-05-08;15:02:16;Executed;"SCAL8raQabmaqNg";"Commerzbank";Security;Sell;DE000CBK1001;26;35,64;926,64;0,00;-13,03;EUR
2026-05-07;19:42:57;Executed;"SCALbomrdQsHh5W";"Siemens Energy";Security;Sell;DE000ENER6Y0;5;177,96;889,80;0,00;-12,69;EUR
2026-05-07;09:38:56;Executed;"SCALbZpUPPvVKUx";"Commerzbank";Security;Buy;DE000CBK1001;26;37,54;-976,04;0,00;0,00;EUR
2026-05-07;09:38:24;Executed;"SCALB9zkQzryhJY";"ASML Holding";Security;Buy;NL0010273215;1;1.331,00;-1.331,00;0,00;0,00;EUR
2026-05-07;09:27:25;Executed;"SCALco8ZBHgiXUs";"Siemens Energy";Security;Buy;DE000ENER6Y0;5;187,58;-937,90;0,00;0,00;EUR
2026-05-07;02:00:00;Executed;"517900_cns3t2c78AFERemuBBek9Q";"SAP SE";Cash;Distribution;DE0007164600;;;9,20;0,00;3,30;EUR
2026-05-06;16:27:31;Executed;"SCALJb4VMhu5fcu";"Apple";Security;Sell;US0378331005;3;243,15;729,45;0,00;8,82;EUR
2026-05-06;16:27:02;Executed;"SCALsqi7U2iTq8r";"Western Digital";Security;Sell;US9581021055;2;386,55;773,10;0,00;8,76;EUR
2026-05-06;16:26:51;Cancelled;"SCALBeMDXyiKAgB";"Western Digital";Security;Sell;US9581021055;0;0,00;0,00;0,00;0,00;EUR
2026-05-06;14:20:31;Executed;"SCAL99Kwxw3UY8Y";"WisdomTree Brent Crude Oil USD";Security;Buy;JE00B78CGV99;53;74,87;-3.968,11;0,00;0,00;EUR
2026-05-06;14:19:50;Executed;"SCALktKRAhLVg1w";"thyssenkrupp";Security;Sell;DE0007500001;40;11,085;443,40;0,00;6,48;EUR
2026-05-06;14:19:32;Executed;"SCALJ41ke7EESSv";"S&P 500 Long 3x Factor GS";Security;Sell;DE000GX82J64;9;57,668;519,012;0,00;5,18;EUR
2026-05-06;14:19:24;Cancelled;"SCALGpE8Dj6Lhau";"S&P 500 Long 3x Factor GS";Security;Sell;DE000GX82J64;0;0,00;0,00;0,00;0,00;EUR
2026-05-06;14:19:05;Executed;"SCALzwdXQQKtEzV";"Petrobras";Security;Buy;BRPETRACNOR9;118;8,473;-999,814;0,00;0,00;EUR
2026-05-06;13:17:21;Executed;"SCALWdkvm3NDvBn";"Invesco Physical Bitcoin";Security;Sell;XS2376095068;16;68,10;1.089,60;7,51;-30,81;EUR
2026-05-06;11:20:18;Executed;"SCALBmaKUsp9Vya";"WisdomTree Brent Crude Oil USD";Security;Sell;JE00B78CGV99;36;74,03;2.665,08;0,00;-80,14;EUR
2026-05-06;10:39:57;Executed;"SCALPmLM9n3Jpuj";"Advanced Micro Devices";Security;Buy;US0079031078;2;358,00;-716,00;0,00;0,00;EUR
2026-05-05;20:48:19;Executed;"SCALkyQKkg2Fw3e";"thyssenkrupp";Security;Sell;DE0007500001;95;10,455;993,225;0,00;4,65;EUR
2026-05-05;20:48:09;Cancelled;"SCAL3WXSiZ1Zjf9";"thyssenkrupp";Security;Sell;DE0007500001;0;0,00;0,00;0,00;0,00;EUR
2026-05-05;18:46:49;Executed;"SCALQR7if5va3K3";"Hochtief AG";Security;Sell;DE0006070006;1;523,00;523,00;0,00;1,71;EUR
2026-05-05;18:46:40;Cancelled;"SCALENpB9wUQzms";"Hochtief AG";Security;Sell;DE0006070006;0;0,00;0,00;0,00;0,00;EUR
2026-05-05;14:02:54;Executed;"SCALeRNEVkkWm1Y";"thyssenkrupp";Security;Buy;DE0007500001;95;10,47;-994,65;0,00;0,00;EUR
2026-05-05;14:01:45;Executed;"SCALjoSswwWNMid";"Hochtief AG";Security;Buy;DE0006070006;1;516,50;-516,50;0,00;0,00;EUR
2026-05-04;15:31:40;Executed;"SCAL8cWhu8VcHDS";"GlobalFoundries";Security;Sell;KYG393871085;18;58,20;1.047,60;0,00;14,24;EUR
2026-05-04;15:28:44;Executed;"SCALknLx6duMxVy";"CTS Eventim & Co";Security;Sell;DE0005470306;33;55,35;1.826,55;0,00;-36,39;EUR
2026-05-04;12:10:55;Executed;"SCALD8wt52uwXou";"WisdomTree Brent Crude Oil USD";Security;Buy;JE00B78CGV99;36;82,47;-2.968,92;0,00;0,00;EUR
2026-05-04;02:00:00;Executed;"413465_cns3t2c78AFERemuBBek9Q";"SK Hynix GDR";Cash;Distribution;US78392B1070;;;2,17;0,00;0,35;EUR
2026-04-30;20:17:14;Executed;"SCALNtPsSQuUJw7";"S&P 500 Long 3x Factor GS";Security;Buy;DE000GX82J64;9;55,487;-499,383;0,00;0,00;EUR
2026-04-30;16:39:07;Executed;"SCALBcR5LK5iTe4";"Intel Corp";Security;Sell;US4581401001;13;78,27;1.017,51;0,00;9,85;EUR
2026-04-30;12:10:26;Executed;"SCALXt5be2hcQ3z";"WisdomTree Brent Crude Oil USD";Security;Sell;JE00B78CGV99;55;80,16;4.408,80;0,00;123,44;EUR
2026-04-30;09:02:32;Cancelled;"SCALqKviM6WRS7t";"Intel Corp";Security;Sell;US4581401001;0;0,00;0,00;0,00;0,00;EUR
2026-04-30;02:00:00;Executed;"LBZ7PMXN9I2J9C0R";"Entgelt PRIME+ Broker";Cash;Fee;;;;-4,99;0,00;;EUR
2026-04-29;18:41:04;Executed;"SCALRamRewHF38U";"Invesco Physical Gold ETC";Security;Buy;IE00B579F325;2;374,90;-749,80;0,00;0,00;EUR
2026-04-29;18:39:25;Executed;"SCALC2nazxMdshw";"Micron Technology";Security;Sell;US5951121038;2;439,45;878,90;0,00;-3,97;EUR
2026-04-29;18:39:17;Cancelled;"SCALPpcwY5TkvcX";"Micron Technology";Security;Sell;US5951121038;0;0,00;0,00;0,00;0,00;EUR
2026-04-29;15:36:52;Executed;"SCALX9ToX5A5gx8";"Intel Corp";Security;Buy;US4581401001;13;75,40;-980,20;0,00;0,00;EUR
2026-04-29;13:18:30;Executed;"SCALyCpcFuBLrrz";"Western Digital";Security;Buy;US9581021055;2;369,95;-739,90;0,00;0,00;EUR
2026-04-28;13:12:00;Executed;"SCAL583vSUrYKoh";"Tesla";Security;Sell;US88160R1014;3;319,40;958,20;0,00;-7,60;EUR
2026-04-28;13:11:52;Cancelled;"SCALBLTvpEhgzt5";"Tesla";Security;Sell;US88160R1014;0;0,00;0,00;0,00;0,00;EUR
2026-04-28;12:57:17;Executed;"SCAL3jyHBtosKVY";"S&P 500 Long 3x Factor GS";Security;Sell;DE000GX82J64;9;54,627;491,643;0,00;0,51;EUR
2026-04-28;12:57:09;Cancelled;"SCALUuVX79txY3T";"S&P 500 Long 3x Factor GS";Security;Sell;DE000GX82J64;0;0,00;0,00;0,00;0,00;EUR
2026-04-28;12:56:34;Executed;"SCAL4yJJaFSHxYb";"TAG Immobilien Short -3x Factor HVB";Security;Sell;DE000HD6AJM0;89;5,31;472,59;0,00;0,94;EUR
2026-04-28;12:56:25;Cancelled;"SCALLfnjvT34rud";"TAG Immobilien Short -3x Factor HVB";Security;Sell;DE000HD6AJM0;0;0,00;0,00;0,00;0,00;EUR
2026-04-28;12:56:02;Executed;"SCALj2f9jMwZeFJ";"NVIDIA";Security;Sell;US67066G1040;5;182,08;910,40;0,00;16,51;EUR
2026-04-28;12:55:51;Cancelled;"SCALsN6u4b5wXE8";"NVIDIA";Security;Sell;US67066G1040;0;0,00;0,00;0,00;0,00;EUR
2026-04-28;12:55:18;Executed;"SCALr3xuonDNygi";"SK Hynix GDR";Security;Sell;US78392B1070;1;740,00;740,00;0,00;5,80;EUR
2026-04-28;12:55:10;Cancelled;"SCALBK3KHH6B94m";"SK Hynix GDR";Security;Sell;US78392B1070;0;0,00;0,00;0,00;0,00;EUR
2026-04-28;11:40:12;Executed;"SCALndk4UuJAqx4";"Jungheinrich Vz";Security;Sell;DE0006219934;40;25,38;1.015,20;0,00;4,22;EUR
2026-04-28;11:40:05;Cancelled;"SCAL1omeiVG81ob";"Jungheinrich Vz";Security;Sell;DE0006219934;0;0,00;0,00;0,00;0,00;EUR
2026-04-28;11:39:53;Executed;"SCALv2LQZgSsTEF";"Jungheinrich Vz Long 3x Factor GS";Security;Sell;DE000GW5SGK2;34;15,05;511,70;0,00;5,46;EUR
2026-04-28;11:39:45;Cancelled;"SCALsjrEbyyKeoR";"Jungheinrich Vz Long 3x Factor GS";Security;Sell;DE000GW5SGK2;0;0,00;0,00;0,00;0,00;EUR
2026-04-28;10:03:58;Executed;"SCALXSmRPNkbHEH";"Advanced Micro Devices";Security;Sell;US0079031078;3;279,35;838,05;0,00;-12,46;EUR
2026-04-27;22:43:33;Cancelled;"SCAL3CqBJZknMWz";"SK Hynix GDR";Security;Sell;US78392B1070;0;0,00;0,00;0,00;0,00;EUR
2026-04-27;22:42:47;Cancelled;"SCALQXf6vwAJzbc";"SK Hynix GDR";Security;Sell;US78392B1070;0;0,00;0,00;0,00;0,00;EUR
2026-04-27;17:04:07;Executed;"SCALqeZnyctnKnd";"Palantir Technologies";Security;Sell;US69608A1088;4;122,68;490,72;0,00;-0,10;EUR
2026-04-27;16:48:11;Cancelled;"SCALr2FfsngAz6J";"Palantir Technologies";Security;Sell;US69608A1088;0;0,00;0,00;0,00;0,00;EUR
2026-04-27;16:03:14;Executed;"SCALBjKtD1n74Sz";"Micron Technology";Security;Buy;US5951121038;2;447,00;-894,00;0,00;0,00;EUR
2026-04-27;15:51:45;Executed;"SCALoTAUGXMhqC7";"Taiwan Semiconductor Manufact. ADR";Security;Sell;US8740391003;3;342,00;1.026,00;0,00;12,66;EUR
2026-04-27;15:50:26;Executed;"SCAL23YoMoTL99c";"Siemens Energy";Security;Sell;DE000ENER6Y0;5;179,32;896,60;0,00;-13,24;EUR
2026-04-27;12:06:22;Executed;"SCAL2RztcP41YjN";"S&P 500 Long 3x Factor GS";Security;Buy;DE000GX82J64;9;54,413;-489,717;0,00;0,00;EUR
2026-04-27;11:47:05;Executed;"SCALqPF5mvpfskt";"Xtrackers MSCI World Information Technology (Acc)";Security;Savings plan;IE00BM67HT60;2,774694;108,12;-299,99991528;0,00;0,00;EUR
2026-04-27;11:43:03;Executed;"SCALeqtDtipuZhH";"Invesco Physical Gold ETC";Security;Savings plan;IE00B579F325;0,77829;385,46;-299,9996634;0,00;0,00;EUR
2026-04-27;11:27:29;Executed;"SCALgMtpUx6NZKV";"iShares Core S&P 500 (Acc)";Security;Savings plan;IE00B5BMR087;0,458155;654,80;-299,999894;0,00;0,00;EUR
2026-04-27;11:24:39;Executed;"SCALvS3nLLZqsdY";"iShares Nasdaq 100 (Acc)";Security;Savings plan;IE00B53SZB19;0,224786;1.334,60;-299,9993956;0,00;0,00;EUR
2026-04-27;09:30:27;Executed;"SCALYSyiZjidr8K";"Jungheinrich Vz Long 3x Factor GS";Security;Buy;DE000GW5SGK2;34;14,44;-490,96;0,00;0,00;EUR
2026-04-24;15:48:09;Executed;"SCALoxzoTT5UoFt";"Infineon Technologies";Security;Sell;DE0006231004;18;53,97;971,46;0,00;3,55;EUR
2026-04-24;15:47:58;Cancelled;"SCAL52LjWBFd6jg";"Infineon Technologies";Security;Sell;DE0006231004;0;0,00;0,00;0,00;0,00;EUR
2026-04-24;15:41:40;Executed;"SCALRRCyEjZgdgw";"Advanced Micro Devices";Security;Buy;US0079031078;3;295,10;-885,30;0,00;0,00;EUR
2026-04-24;15:37:44;Executed;"SCALCYy8Cn55vWT";"Arm Holdings ADR";Security;Sell;US0420682058;5;193,00;965,00;0,00;19,29;EUR
2026-04-24;15:37:36;Cancelled;"SCALz6UBD41Lz6y";"Arm Holdings ADR";Security;Sell;US0420682058;0;0,00;0,00;0,00;0,00;EUR
2026-04-24;15:37:09;Executed;"SCALiWpXPHbJjz3";"Western Digital";Security;Sell;US9581021055;2;348,95;697,90;0,00;5,06;EUR
2026-04-24;15:36:58;Cancelled;"SCALBYinqcpSmV1";"Western Digital";Security;Sell;US9581021055;0;0,00;0,00;0,00;0,00;EUR
2026-04-24;15:12:23;Executed;"SCALNp226swiPaZ";"Intel Corp";Security;Sell;US4581401001;14;70,53;987,42;0,00;1,95;EUR
2026-04-24;15:12:15;Cancelled;"SCALnF58EoEVkQW";"Intel Corp";Security;Sell;US4581401001;0;0,00;0,00;0,00;0,00;EUR
2026-04-24;14:17:09;Executed;"SCALzMvZPHSV7aq";"Jungheinrich Vz";Security;Buy;DE0006219934;40;24,98;-999,20;0,00;0,00;EUR
2026-04-24;14:16:45;Executed;"SCALfXetiohQ5zr";"OHB";Security;Sell;DE0005936124;2;285,00;570,00;0,00;-1,32;EUR
2026-04-24;14:16:38;Cancelled;"SCALWvvfs34UcPL";"OHB";Security;Sell;DE0005936124;0;0,00;0,00;0,00;0,00;EUR
2026-04-24;13:57:48;Executed;"SCAL9dFVsLyH8zK";"WisdomTree Brent Crude Oil USD";Security;Buy;JE00B78CGV99;55;71,65;-3.940,75;0,00;0,00;EUR
2026-04-24;13:25:10;Executed;"SCAL2JQEazZonGQ";"WisdomTree Brent Crude Oil USD";Security;Sell;JE00B78CGV99;62;71,425;4.428,35;0,00;23,31;EUR
2026-04-24;13:11:00;Executed;"SCALcv3oyEvxWzn";"GlobalFoundries";Security;Buy;KYG393871085;18;55,20;-993,60;0,00;0,00;EUR
2026-04-24;11:49:07;Executed;"SCALZLtvZkBSdLY";"Fielmann";Security;Sell;DE0005772206;21;44,55;935,55;0,00;-15,23;EUR
2026-04-24;10:06:23;Cancelled;"SCALBX1B4eKbt1P";"Taiwan Semiconductor Manufact. ADR";Security;Sell;US8740391003;0;0,00;0,00;0,00;0,00;EUR
2026-04-24;10:06:01;Executed;"SCALqqEwg5m9FJA";"Nasdaq 100 Long 3x Factor GS";Security;Sell;DE000GK0LB21;14;35,209;492,926;0,00;3,81;EUR
2026-04-24;10:05:19;Executed;"SCALPCp5av94C79";"TAG Immobilien Short -3x Factor HVB";Security;Buy;DE000HD6AJM0;89;5,27;-469,03;0,00;0,00;EUR
2026-04-24;10:03:47;Executed;"SCALU3rp22BGehb";"GlobalFoundries";Security;Sell;KYG393871085;9;53,22;478,98;0,00;4,06;EUR
2026-04-24;09:57:39;Executed;"SCALxvu4bMXsbFZ";"OHB";Security;Buy;DE0005936124;2;287,50;-575,00;0,00;0,00;EUR
2026-04-24;09:05:52;Executed;"SCALWaJZxKAaBRi";"Palantir Technologies";Security;Buy;US69608A1088;4;122,78;-491,12;0,00;0,00;EUR
2026-04-24;08:04:37;Executed;"SCALVUshbWFuk2H";"Intel Corp";Security;Buy;US4581401001;14;70,00;-980,00;0,00;0,00;EUR
2026-04-24;02:00:00;Executed;"459269_cns3t2c78AFERemuBBek9Q";"Salesforce";Cash;Distribution;US79466L3024;;;0,66;0,00;0,47;EUR
2026-04-23;19:41:06;Executed;"SCALLrhirvXxT49";"S&P 500 Long 3x Factor GS";Security;Sell;DE000GX82J64;9;52,815;475,335;0,00;-2,94;EUR
2026-04-23;19:40:48;Cancelled;"SCALZHzhF76oX5t";"S&P 500 Long 3x Factor GS";Security;Sell;DE000GX82J64;0;0,00;0,00;0,00;0,00;EUR
2026-04-23;18:33:59;Executed;"SCALubJCSxYMpzF";"Siemens Energy";Security;Buy;DE000ENER6Y0;5;189,36;-946,80;0,00;0,00;EUR
2026-04-23;18:28:49;Executed;"SCAL45Swszsep61";"Arm Holdings ADR";Security;Buy;US0420682058;5;178,38;-891,90;0,00;0,00;EUR
2026-04-23;18:27:17;Executed;"SCALoooCQsXJ3f6";"Friedrich Vorwerk Group";Security;Sell;DE000A255F11;12;72,55;870,60;0,00;-14,08;EUR
2026-04-23;18:27:08;Cancelled;"SCALfeK5uY99M9C";"Friedrich Vorwerk Group";Security;Sell;DE000A255F11;0;0,00;0,00;0,00;0,00;EUR
2026-04-23;18:17:37;Executed;"SCALbsTEQRhTjQA";"GlobalFoundries Long Factor BNP";Security;Sell;DE000PC4GFS8;862;0,56;482,72;0,00;-4,55;EUR
2026-04-23;18:17:29;Cancelled;"SCALGuH9fMUjSt6";"GlobalFoundries Long Factor BNP";Security;Sell;DE000PC4GFS8;0;0,00;0,00;0,00;0,00;EUR
2026-04-23;18:17:10;Executed;"SCALKGRdGhVyh3r";"GlobalFoundries Long Factor BNP";Security;Buy;DE000PC4GFS8;862;0,58;-499,96;0,00;0,00;EUR
2026-04-23;17:57:27;Executed;"SCALx882tYTEF46";"GlobalFoundries Long Factor BNP";Security;Sell;DE000PC4GFS8;925;0,55;508,75;0,00;2,44;EUR
2026-04-23;15:56:48;Cancelled;"SCALYWfR39Bjknb";"GlobalFoundries Long Factor BNP";Security;Sell;DE000PC4GFS8;0;0,00;0,00;0,00;0,00;EUR
2026-04-23;15:51:15;Executed;"SCAL6Hqdt4MTXf4";"Western Digital";Security;Buy;US9581021055;2;339,35;-678,70;0,00;0,00;EUR
2026-04-23;15:40:58;Executed;"SCALzQQjudfUUPc";"Infineon Technologies";Security;Buy;DE0006231004;18;53,22;-957,96;0,00;0,00;EUR
2026-04-23;15:40:22;Executed;"SCALhP5v2nWHCju";"Tesla";Security;Buy;US88160R1014;3;329,00;-987,00;0,00;0,00;EUR
2026-04-23;15:37:56;Executed;"SCALcXEufsLnXBX";"GlobalFoundries Long Factor BNP";Security;Buy;DE000PC4GFS8;925;0,54;-499,50;0,00;0,00;EUR
2026-04-23;15:37:09;Executed;"SCALiBVh7S9yq9c";"Petrobras";Security;Sell;BRPETRACNOR9;233;8,64;2.013,12;0,00;6,36;EUR
2026-04-23;08:23:54;Executed;"SCALdzoAoEZYNA6";"Infineon Technologies";Security;Sell;DE0006231004;41;50,67;2.077,47;0,00;23,67;EUR
2026-04-23;08:23:44;Cancelled;"SCALspudkb9XDVS";"Infineon Technologies";Security;Sell;DE0006231004;0;0,00;0,00;0,00;0,00;EUR
2026-04-23;08:23:14;Executed;"SCALUfFfZt4jfbt";"Infineon Technologies Long Factor BNP";Security;Sell;DE000PC3FTX3;5;91,21;456,05;0,00;7,01;EUR
2026-04-23;08:23:05;Cancelled;"SCALqMT74mVr66G";"Infineon Technologies Long Factor BNP";Security;Sell;DE000PC3FTX3;0;0,00;0,00;0,00;0,00;EUR
2026-04-23;08:19:16;Executed;"SCAL2yuZpqF6a8E";"Petrobras";Security;Buy;BRPETRACNOR9;115;8,65;-994,75;0,00;0,00;EUR
2026-04-23;08:15:49;Executed;"SCALWJUoVgCezoz";"Taiwan Semiconductor Manufact. ADR";Security;Buy;US8740391003;3;326,00;-978,00;0,00;0,00;EUR
2026-04-23;08:05:01;Executed;"SCALxYChvEvyBZa";"SK Hynix GDR";Security;Buy;US78392B1070;1;718,00;-718,00;0,00;0,00;EUR
2026-04-23;07:30:03;Executed;"SCALStRmC3GiXai";"SK Hynix GDR";Security;Sell;US78392B1070;1;702,00;702,00;0,00;-12,14;EUR
2026-04-23;02:00:00;Executed;"CLT4CFFJHUV3DX8YUS9IUG";"Scalable Capital Broker 4x Sparplan";Cash;Deposit;;;;1.200,00;0,00;;EUR
2026-04-22;21:50:47;Executed;"SCALi7h9dZeKCCr";"S&P 500 Long 3x Factor GS";Security;Buy;DE000GX82J64;9;54,054;-486,486;0,00;0,00;EUR
2026-04-22;19:50:50;Executed;"SCALkQAn39M2x9L";"Siemens Energy Long 2x Factor HVB";Security;Sell;DE000HB9D0F4;3;155,64;466,92;0,00;3,09;EUR
2026-04-22;19:50:35;Cancelled;"SCAL6tSRfwh31XC";"Siemens Energy Long 2x Factor HVB";Security;Sell;DE000HB9D0F4;0;0,00;0,00;0,00;0,00;EUR
2026-04-22;17:29:50;Executed;"SCALjma8E3FxDKb";"SK Hynix GDR";Security;Buy;US78392B1070;1;748,00;-748,00;0,00;0,00;EUR
2026-04-22;14:45:54;Executed;"SCALaGjNpP2wn46";"Siemens Energy Long 2x Factor HVB";Security;Buy;DE000HB9D0F4;3;151,75;-455,25;0,00;0,00;EUR
2026-04-22;12:58:35;Executed;"SCALrH9bN5qoPAQ";"Infineon Technologies Long Factor BNP";Security;Buy;DE000PC3FTX3;5;85,90;-429,50;0,00;0,00;EUR
2026-04-22;10:36:35;Executed;"SCALLT1hDespGqE";"Commerzbank";Security;Sell;DE000CBK1001;27;34,88;941,76;0,00;-13,96;EUR
2026-04-22;08:05:06;Executed;"SCALzCVZm9eegRb";"Arm Holdings ADR";Security;Sell;US0420682058;6;153,40;920,40;0,00;-2,85;EUR
2026-04-22;07:52:25;Executed;"SCALAwskRpsNfc5";"Arm Holdings ADR";Security;Buy;US0420682058;6;155,20;-931,20;0,00;0,00;EUR
2026-04-21;21:49:03;Executed;"SCALA3b6na5HgTL";"Friedrich Vorwerk Group";Security;Buy;DE000A255F11;12;77,00;-924,00;0,00;0,00;EUR
2026-04-21;21:29:19;Executed;"SCAL9GdcJ6T7Yha";"Invesco Physical Gold ETC";Security;Buy;IE00B579F325;2;386,26;-772,52;0,00;0,00;EUR
2026-04-21;19:40:05;Executed;"SCALsE7obv241w3";"S&P 500 Short 3x Factor GS";Security;Sell;DE000GX591P2;124;4,011;497,364;0,00;-0,59;EUR
2026-04-21;19:39:47;Cancelled;"SCALGLHKJQdKwHd";"S&P 500 Short 3x Factor GS";Security;Sell;DE000GX591P2;0;0,00;0,00;0,00;0,00;EUR
2026-04-21;19:09:21;Executed;"SCALz7PMw9XLMcd";"Marvell Technology Long 3x Factor HVB";Security;Sell;DE000UG3SQ07;22;22,20;488,40;0,00;-0,76;EUR
2026-04-21;19:09:13;Cancelled;"SCALnhXAmU3AQTt";"Marvell Technology Long 3x Factor HVB";Security;Sell;DE000UG3SQ07;0;0,00;0,00;0,00;0,00;EUR
2026-04-21;19:08:56;Executed;"SCAL5XmJyEhGEYx";"S&P 500 Long 3x Factor GS";Security;Sell;DE000GX82J64;18;52,658;947,844;0,00;-5,25;EUR
2026-04-21;19:08:29;Executed;"SCALF8cgWYQdZsn";"S&P 500 Short 3x Factor GS";Security;Buy;DE000GX591P2;124;4,029;-499,596;0,00;0,00;EUR
2026-04-21;19:07:46;Cancelled;"SCALtqAmrBWp5Sv";"S&P 500 Long 3x Factor GS";Security;Sell;DE000GX82J64;0;0,00;0,00;0,00;0,00;EUR
2026-04-21;17:20:43;Executed;"SCALyn2oMbX6ABi";"Marvell Technology Long 3x Factor HVB";Security;Buy;DE000UG3SQ07;22;22,33;-491,26;0,00;0,00;EUR
2026-04-21;17:05:37;Executed;"SCALTcCw7UoPy8h";"Marvell Technology Long 3x Factor HVB";Security;Sell;DE000UG3SQ07;22;20,96;461,12;0,00;-7,02;EUR
2026-04-21;15:55:36;Executed;"SCALvj3wTHnKCjC";"S&P 500 Long 3x Factor GS";Security;Buy;DE000GX82J64;18;53,765;-967,77;0,00;0,00;EUR
2026-04-21;15:39:18;Executed;"SCALmhqCRxu4Zm8";"Marvell Technology Long 3x Factor HVB";Security;Buy;DE000UG3SQ07;22;22,17;-487,74;0,00;0,00;EUR
2026-04-21;15:31:54;Executed;"SCALpQcxnGc9ksy";"SK Hynix GDR";Security;Sell;US78392B1070;2;720,00;1.440,00;0,00;3,16;EUR
2026-04-21;15:31:45;Cancelled;"SCALyk7iTZLmWvC";"SK Hynix GDR";Security;Sell;US78392B1070;0;0,00;0,00;0,00;0,00;EUR
2026-04-21;15:31:24;Executed;"SCALgmweHZ7iUmv";"S&P 500 Long 3x Factor GS";Security;Sell;DE000GX82J64;9;53,447;481,023;0,00;3,35;EUR
2026-04-21;15:31:15;Cancelled;"SCAL8gtjJYRDC6a";"S&P 500 Long 3x Factor GS";Security;Sell;DE000GX82J64;0;0,00;0,00;0,00;0,00;EUR
2026-04-21;15:30:56;Cancelled;"SCALMcWRMj9A6JX";"Nasdaq 100 Long 3x Factor GS";Security;Sell;DE000GK0LB21;0;0,00;0,00;0,00;0,00;EUR
2026-04-21;15:23:19;Executed;"SCALcfSr4phgZHP";"Auto1 Group Short -3x Factor HVB";Security;Sell;DE000UG8VGB1;63;7,62;480,06;0,00;-3,49;EUR
2026-04-21;15:23:08;Cancelled;"SCALUDrUTdDZakg";"Auto1 Group Short -3x Factor HVB";Security;Sell;DE000UG8VGB1;0;0,00;0,00;0,00;0,00;EUR
2026-04-21;15:09:00;Executed;"SCALX5fH7pzQuG9";"Arm Holdings ADR";Security;Sell;US0420682058;6;150,82;904,92;0,00;8,99;EUR
2026-04-21;15:08:45;Cancelled;"SCAL8Vs1S7mTCJL";"Arm Holdings ADR";Security;Sell;US0420682058;0;0,00;0,00;0,00;0,00;EUR
2026-04-21;14:48:53;Executed;"SCAL3qdZFEdqAem";"Strategy";Security;Sell;US5949724083;7;144,98;1.014,86;0,00;10,01;EUR
2026-04-21;14:48:45;Cancelled;"SCALn861XAoupxh";"Strategy";Security;Sell;US5949724083;0;0,00;0,00;0,00;0,00;EUR
2026-04-21;14:39:17;Executed;"SCALJXqD3SLyeoS";"Auto1 Group Short -3x Factor HVB";Security;Buy;DE000UG8VGB1;63;7,83;-493,29;0,00;0,00;EUR
2026-04-21;14:17:34;Executed;"SCALo6y3DKuyPPU";"Strategy Long 3x Factor HVB";Security;Sell;DE000UN3U3T2;52;10,11;525,72;0,00;8,77;EUR
2026-04-21;14:14:19;Cancelled;"SCALrZoLV5r9MSB";"Strategy Long 3x Factor HVB";Security;Sell;DE000UN3U3T2;0;0,00;0,00;0,00;0,00;EUR
2026-04-21;14:06:05;Executed;"SCALd4CLMjuLEzA";"GlobalFoundries";Security;Buy;KYG393871085;9;51,51;-463,59;0,00;0,00;EUR
2026-04-21;13:52:07;Executed;"SCALxtn8ahLtjhY";"Krones";Security;Sell;DE0006335003;3;130,60;391,80;0,00;-0,15;EUR
2026-04-21;13:51:56;Cancelled;"SCALcnLRP2TQ5RQ";"Krones";Security;Sell;DE0006335003;0;0,00;0,00;0,00;0,00;EUR
2026-04-21;13:51:21;Executed;"SCALVMtTL2Ppwvw";"Redcare Pharmacy";Security;Sell;NL0012044747;5;52,65;263,25;0,00;-0,14;EUR
2026-04-21;12:55:08;Executed;"SCALkVrW6Nww33q";"Nasdaq 100 Long 3x Factor GS";Security;Buy;DE000GK0LB21;14;34,177;-478,478;0,00;0,00;EUR
2026-04-21;12:54:41;Executed;"SCALUaXdBznRAcg";"Tonies";Security;Sell;LU2333563281;101;9,92;1.001,92;0,00;1,34;EUR
2026-04-21;11:51:03;Cancelled;"SCALVLtuGv29oc6";"Arm Holdings ADR";Security;Sell;US0420682058;0;0,00;0,00;0,00;0,00;EUR
2026-04-21;11:50:04;Cancelled;"SCALSDjWJj5zThj";"Strategy";Security;Sell;US5949724083;0;0,00;0,00;0,00;0,00;EUR
2026-04-21;11:49:19;Cancelled;"SCALCWXU9TEbG6K";"Strategy Long 3x Factor HVB";Security;Sell;DE000UN3U3T2;0;0,00;0,00;0,00;0,00;EUR
2026-04-21;10:04:16;Executed;"SCALHZWs8RZj996";"Redcare Pharmacy";Security;Buy;NL0012044747;5;52,75;-263,75;0,00;0,00;EUR
2026-04-21;10:03:18;Cancelled;"SCALH3EbjUFZVir";"Redcare Pharmacy";Security;Buy;NL0012044747;0;0,00;0,00;0,00;0,00;EUR
2026-04-21;09:35:27;Executed;"SCALCPXJUeo3C5B";"Tonies";Security;Buy;LU2333563281;101;9,87;-996,87;0,00;0,00;EUR
2026-04-21;09:21:24;Executed;"SCALhFQ7PaV7Mvi";"Redcare Pharmacy";Security;Sell;NL0012044747;19;51,35;975,65;0,00;2,00;EUR
2026-04-21;09:20:53;Cancelled;"SCALZXzd7VMtfS7";"Redcare Pharmacy";Security;Sell;NL0012044747;0;0,00;0,00;0,00;0,00;EUR
2026-04-21;09:01:06;Executed;"SCALhwucoWwLc9u";"Redcare Pharmacy";Security;Buy;NL0012044747;19;50,95;-968,05;0,00;0,00;EUR
2026-04-21;08:00:34;Executed;"SCALyzPgSZFaFPH";"Marvell Technology";Security;Sell;US5738741041;7;128,44;899,08;0,00;3,95;EUR
2026-04-21;07:59:51;Cancelled;"SCALBigSmTsBJMs";"Marvell Technology";Security;Sell;US5738741041;0;0,00;0,00;0,00;0,00;EUR
2026-04-21;07:58:41;Executed;"SCAL5DYjsJQaU2S";"SK Hynix GDR";Security;Buy;US78392B1070;2;714,00;-1.428,00;0,00;0,00;EUR
2026-04-21;07:58:30;Cancelled;"SCALE24jye6fCCy";"SK Hynix GDR";Security;Buy;US78392B1070;0;0,00;0,00;0,00;0,00;EUR
2026-04-21;07:56:43;Executed;"SCALLuK1dU6kNSo";"Krones";Security;Buy;DE0006335003;3;130,80;-392,40;0,00;0,00;EUR
2026-04-21;07:56:00;Executed;"SCALQqxQum3SxnF";"Tonies";Security;Sell;LU2333563281;100;9,91;991,00;0,00;-1,32;EUR
2026-04-21;07:55:52;Cancelled;"SCALansX7jaVrfP";"Tonies";Security;Sell;LU2333563281;0;0,00;0,00;0,00;0,00;EUR
2026-04-21;07:53:42;Executed;"SCALGKDEuJJMGpA";"Fielmann";Security;Buy;DE0005772206;21;47,30;-993,30;0,00;0,00;EUR
2026-04-21;07:51:19;Executed;"SCALqnYAWo9duhc";"Infineon Technologies";Security;Buy;DE0006231004;41;48,48;-1.987,68;0,00;0,00;EUR
2026-04-21;07:50:34;Executed;"SCAL5SXNC3H2kKm";"Commerzbank";Security;Buy;DE000CBK1001;27;36,84;-994,68;0,00;0,00;EUR
2026-04-20;20:01:46;Executed;"SCALQLUdL3UizKY";"Strategy Long 3x Factor HVB";Security;Buy;DE000UN3U3T2;52;9,47;-492,44;0,00;0,00;EUR
2026-04-20;20:00:01;Executed;"SCALJipANys6RLz";"Auto1 Group Short -3x Factor HVB";Security;Sell;DE000UG8VGB1;64;7,16;458,24;0,00;-9,45;EUR
2026-04-20;17:27:00;Executed;"SCALhWLym6Cz7Fc";"Arm Holdings ADR";Security;Buy;US0420682058;6;145,14;-870,84;0,00;0,00;EUR
2026-04-20;17:23:12;Executed;"SCALCxJwFhjyZZV";"Strategy";Security;Buy;US5949724083;7;139,56;-976,92;0,00;0,00;EUR
2026-04-20;17:09:47;Executed;"SCALMiixen425mE";"Auto1 Group Short -3x Factor HVB";Security;Buy;DE000UG8VGB1;64;7,72;-494,08;0,00;0,00;EUR
2026-04-20;17:07:38;Executed;"SCALC5BNnit1MgR";"Strategy";Security;Sell;US5949724083;7;136,66;956,62;0,00;4,40;EUR
2026-04-20;09:29:44;Executed;"SCAL9h95yRXN9ob";"Marvell Technology";Security;Buy;US5738741041;7;126,30;-884,10;0,00;0,00;EUR
2026-04-20;08:19:01;Executed;"SCALqLqVhkfXYYM";"CTS Eventim & Co";Security;Buy;DE0005470306;33;59,30;-1.956,90;0,00;0,00;EUR
2026-04-20;07:45:52;Executed;"SCAL8A9stwgun4W";"Strategy";Security;Buy;US5949724083;7;134,28;-939,96;0,00;0,00;EUR
2026-04-20;07:45:28;Executed;"SCALqcwMyfJKuf9";"CTS Eventim & Co";Security;Sell;DE0005470306;17;57,35;974,95;0,00;-3,82;EUR
2026-04-17;20:30:23;Executed;"SCALBnMcySjrP5u";"Petrobras";Security;Buy;BRPETRACNOR9;119;8,357;-994,483;0,00;0,00;EUR
2026-04-17;20:09:04;Executed;"SCALfqK6mmTjY5P";"OHB";Security;Sell;DE0005936124;3;302,50;907,50;0,00;6,73;EUR
2026-04-17;20:08:55;Cancelled;"SCALRqnFu3PqjCj";"OHB";Security;Sell;DE0005936124;0;0,00;0,00;0,00;0,00;EUR
2026-04-17;19:11:47;Executed;"SCALWqi1tmAe89r";"CTS Eventim & Co";Security;Buy;DE0005470306;8;60,25;-482,00;0,00;0,00;EUR
2026-04-17;18:26:57;Executed;"SCAL2bcDwJmirUD";"Mercedes-Benz Group Long Factor BNP";Security;Sell;DE000PE3MBG0;20;23,98;479,60;0,00;-2,64;EUR
2026-04-17;18:26:54;Executed;"SCALPsJa76trFwW";"Mercedes-Benz Group";Security;Sell;DE0007100000;19;52,23;992,37;0,00;7,31;EUR
2026-04-17;18:26:50;Cancelled;"SCALrNYXdMYRBgi";"Mercedes-Benz Group Long Factor BNP";Security;Sell;DE000PE3MBG0;0;0,00;0,00;0,00;0,00;EUR
2026-04-17;18:25:05;Cancelled;"SCALovxHkgsWE8E";"OHB";Security;Sell;DE0005936124;0;0,00;0,00;0,00;0,00;EUR
2026-04-17;18:14:46;Executed;"SCALJUxEgtGA5tc";"Infineon Technologies Long Factor BNP";Security;Sell;DE000PC3FTX3;12;81,98;983,76;0,00;-3,80;EUR
2026-04-17;18:14:37;Cancelled;"SCALpCq5nJq5xdF";"Infineon Technologies Long Factor BNP";Security;Sell;DE000PC3FTX3;0;0,00;0,00;0,00;0,00;EUR
2026-04-17;18:09:24;Executed;"SCALmi8ZUmMztBr";"CTS Eventim & Co Long 3x Factor GS";Security;Sell;DE000GW4QAC9;14;38,63;540,82;0,00;11,53;EUR
2026-04-17;18:09:15;Cancelled;"SCALNdk4xMh3LKx";"CTS Eventim & Co Long 3x Factor GS";Security;Sell;DE000GW4QAC9;0;0,00;0,00;0,00;0,00;EUR
2026-04-17;17:04:34;Executed;"SCALKB6n7rjoXhy";"Mercedes-Benz Group Long Factor BNP";Security;Buy;DE000PE3MBG0;20;24,48;-489,60;0,00;0,00;EUR
2026-04-17;17:01:30;Executed;"SCALWxktp985n2Y";"OHB";Security;Buy;DE0005936124;3;294,00;-882,00;0,00;0,00;EUR
2026-04-17;16:56:33;Executed;"SCALdRz4iRewq3o";"Strategy Long 3x Factor HVB";Security;Sell;DE000UN4D592;40;14,56;582,40;0,00;22,47;EUR
2026-04-17;16:56:26;Cancelled;"SCALtX1DAb6NjnE";"Strategy Long 3x Factor HVB";Security;Sell;DE000UN4D592;0;0,00;0,00;0,00;0,00;EUR
2026-04-17;16:56:14;Executed;"SCALYPz5Ca3iY3g";"Siemens Energy Long 2x Factor HVB";Security;Sell;DE000HB9D0F4;3;147,45;442,35;0,00;-1,04;EUR
2026-04-17;16:56:06;Cancelled;"SCALT3wEoAQBFog";"Siemens Energy Long 2x Factor HVB";Security;Sell;DE000HB9D0F4;0;0,00;0,00;0,00;0,00;EUR
2026-04-17;16:42:04;Executed;"SCALrqVaFdkA3v6";"Infineon Technologies Long Factor BNP";Security;Buy;DE000PC3FTX3;12;83,18;-998,16;0,00;0,00;EUR
2026-04-17;16:29:21;Executed;"SCALEHyFrUGhJDj";"Siemens Energy Long 2x Factor HVB";Security;Buy;DE000HB9D0F4;3;148,76;-446,28;0,00;0,00;EUR
2026-04-17;16:27:31;Cancelled;"SCALTMJZe88PqeA";"CTS Eventim & Co";Security;Sell;DE0005470306;0;0,00;0,00;0,00;0,00;EUR
2026-04-17;16:26:30;Cancelled;"SCAL3iHdvizxGbQ";"Strategy Long 3x Factor HVB";Security;Sell;DE000UN4D592;0;0,00;0,00;0,00;0,00;EUR
2026-04-17;16:25:38;Cancelled;"SCALcnmeXxBG2K4";"CTS Eventim & Co Long 3x Factor GS";Security;Sell;DE000GW4QAC9;0;0,00;0,00;0,00;0,00;EUR
2026-04-17;16:15:04;Executed;"SCALLN2XXEsJRyq";"Mercedes-Benz Group Long Factor BNP";Security;Sell;DE000PE3MBG0;20;24,15;483,00;0,00;1,22;EUR
2026-04-17;16:14:46;Cancelled;"SCALoWZFVPT7Ea7";"Mercedes-Benz Group Long Factor BNP";Security;Sell;DE000PE3MBG0;0;0,00;0,00;0,00;0,00;EUR
2026-04-17;15:49:29;Executed;"SCALgHWgsoifU3u";"Mercedes-Benz Group Long Factor BNP";Security;Buy;DE000PE3MBG0;20;23,92;-478,40;0,00;0,00;EUR
2026-04-17;15:48:34;Executed;"SCALe84WyDJjynm";"Infineon Technologies";Security;Sell;DE0006231004;10;48,145;481,45;0,00;5,18;EUR
2026-04-17;15:48:18;Executed;"SCALQ1DXVQynAT6";"Infineon Technologies Long Factor BNP";Security;Sell;DE000PC3FTX3;6;79,94;479,64;0,00;10,00;EUR
2026-04-17;15:48:10;Cancelled;"SCALxQdw2X9HPRR";"Infineon Technologies Long Factor BNP";Security;Sell;DE000PC3FTX3;0;0,00;0,00;0,00;0,00;EUR
2026-04-17;15:47:51;Executed;"SCALAUfF6sGiFmU";"MTU Aero Engines Long 3x Factor HVB";Security;Sell;DE000UG4UZ43;35;13,92;487,20;0,00;-2,86;EUR
2026-04-17;15:47:43;Cancelled;"SCALx4W2fC7P66R";"MTU Aero Engines Long 3x Factor HVB";Security;Sell;DE000UG4UZ43;0;0,00;0,00;0,00;0,00;EUR
2026-04-17;15:47:02;Executed;"SCALDC6GXTk88zA";"Strategy Long 3x Factor HVB";Security;Buy;DE000UN4D592;40;12,43;-497,20;0,00;0,00;EUR
2026-04-17;15:44:28;Executed;"SCAL5q4NRYDyR1m";"Siemens";Security;Sell;DE0007236101;4;248,40;993,60;0,00;11,71;EUR
2026-04-17;15:44:19;Cancelled;"SCALUwQS7RPMPb6";"Siemens";Security;Sell;DE0007236101;0;0,00;0,00;0,00;0,00;EUR
2026-04-17;15:44:02;Executed;"SCALTwA6HNDwUvU";"thyssenkrupp Long 3x Factor GS";Security;Sell;DE000GU8UYD2;31;16,76;519,56;0,00;6,87;EUR
2026-04-17;15:43:54;Cancelled;"SCALtDrcSbdWRfE";"thyssenkrupp Long 3x Factor GS";Security;Sell;DE000GU8UYD2;0;0,00;0,00;0,00;0,00;EUR
2026-04-17;15:43:31;Executed;"SCALcUHr2TgMaCM";"Nasdaq 100 Long 3x Factor GS";Security;Sell;DE000GK0LB21;15;33,289;499,335;0,00;1,99;EUR
2026-04-17;15:43:22;Cancelled;"SCALUjjMgqXhz5W";"Nasdaq 100 Long 3x Factor GS";Security;Sell;DE000GK0LB21;0;0,00;0,00;0,00;0,00;EUR
2026-04-17;15:42:30;Executed;"SCAL5FQ8EQA95xp";"Aixtron";Security;Sell;DE000A0WMPJ6;22;44,15;971,30;0,00;1,79;EUR
2026-04-17;15:42:23;Cancelled;"SCAL4k1cAW4ieUP";"Aixtron";Security;Sell;DE000A0WMPJ6;0;0,00;0,00;0,00;0,00;EUR
2026-04-17;15:41:58;Executed;"SCALNQN4FgivZS2";"DAX Long 5x Factor GS";Security;Sell;DE000GB41E73;64;7,812;499,968;0,00;0,05;EUR
2026-04-17;15:41:50;Cancelled;"SCALon5NH9EN4xr";"DAX Long 5x Factor GS";Security;Sell;DE000GB41E73;0;0,00;0,00;0,00;0,00;EUR
2026-04-17;15:36:11;Executed;"SCALGJnGyU19gHr";"MTU Aero Engines Long 3x Factor HVB";Security;Buy;DE000UG4UZ43;35;14,23;-498,05;0,00;0,00;EUR
2026-04-17;15:09:15;Executed;"SCALVgbuh4XzyCx";"DAX Long 5x Factor GS";Security;Buy;DE000GB41E73;64;7,81;-499,84;0,00;0,00;EUR
2026-04-17;15:07:32;Executed;"SCALswja4vzqDWV";"thyssenkrupp Long 3x Factor GS";Security;Buy;DE000GU8UYD2;31;15,92;-493,52;0,00;0,00;EUR
2026-04-17;14:59:55;Executed;"SCALEvgbD36pHZ4";"NVIDIA";Security;Buy;US67066G1040;5;169,56;-847,80;0,00;0,00;EUR
2026-04-17;14:27:19;Executed;"SCALoiYt1rREDJp";"Infineon Technologies Long Factor BNP";Security;Buy;DE000PC3FTX3;6;73,62;-441,72;0,00;0,00;EUR
2026-04-17;13:34:30;Executed;"SCALqaejnb9SuKh";"Advanced Micro Devices";Security;Sell;US0079031078;4;234,25;937,00;0,00;-2,85;EUR
2026-04-17;13:34:09;Cancelled;"SCAL1ZbjoUqJvFv";"Advanced Micro Devices";Security;Sell;US0079031078;0;0,00;0,00;0,00;0,00;EUR
2026-04-17;13:01:23;Executed;"SCALPHndn4n83Vw";"Aixtron";Security;Buy;DE000A0WMPJ6;22;43,84;-964,48;0,00;0,00;EUR
2026-04-17;10:55:54;Executed;"SCALeJXBaJnex5g";"S&P 500 Long 3x Factor GS";Security;Buy;DE000GX82J64;9;52,035;-468,315;0,00;0,00;EUR
2026-04-17;10:54:26;Executed;"SCALTADDTGsf3zW";"Nasdaq 100 Long 3x Factor GS";Security;Buy;DE000GK0LB21;15;32,786;-491,79;0,00;0,00;EUR
2026-04-17;08:17:38;Executed;"SCALfnk7LTDL2Cm";"Mercedes-Benz Group";Security;Buy;DE0007100000;19;50,77;-964,63;0,00;0,00;EUR
2026-04-16;20:11:14;Executed;"SCALEJYMprDe9B7";"Zalando";Security;Sell;DE000ZAL1111;38;23,17;880,46;0,00;2,28;EUR
2026-04-16;20:10:13;Executed;"SCALZfCN3mMuyoL";"NVIDIA";Security;Sell;US67066G1040;9;167,92;1.511,28;0,00;23,33;EUR
2026-04-16;20:08:43;Executed;"SCALbCMGbS1Zq4h";"CTS Eventim & Co Long 3x Factor GS";Security;Buy;DE000GW4QAC9;14;35,51;-497,14;0,00;0,00;EUR
2026-04-16;20:02:43;Executed;"SCAL8F6DGd31BMw";"CTS Eventim & Co";Security;Buy;DE0005470306;17;58,20;-989,40;0,00;0,00;EUR
2026-04-16;18:15:30;Executed;"SCAL2DDErBL9eAw";"Advanced Micro Devices";Security;Buy;US0079031078;4;236,95;-947,80;0,00;0,00;EUR
2026-04-16;18:14:39;Executed;"SCALZAbwdfeqLxV";"Aixtron";Security;Sell;DE000A0WMPJ6;24;40,99;983,76;0,00;0,76;EUR
2026-04-16;15:02:35;Executed;"SCALEQudC88YjHk";"Redcare Pharmacy";Security;Sell;NL0012044747;22;48,70;1.071,40;0,00;19,96;EUR
2026-04-16;15:02:28;Cancelled;"SCALQmH3KERuvTW";"Redcare Pharmacy";Security;Sell;NL0012044747;0;0,00;0,00;0,00;0,00;EUR
2026-04-16;10:22:54;Executed;"SCAL7cqFPx4p8gH";"Gerresheimer";Security;Sell;DE000A0LD6E6;50;20,90;1.045,00;0,00;14,51;EUR
2026-04-16;10:22:46;Cancelled;"SCALCfGUsmBTf3S";"Gerresheimer";Security;Sell;DE000A0LD6E6;0;0,00;0,00;0,00;0,00;EUR
2026-04-16;08:26:59;Executed;"SCAL4XQHWD7oa1f";"Gerresheimer";Security;Buy;DE000A0LD6E6;50;19,80;-990,00;0,00;0,00;EUR
2026-04-15;17:44:17;Executed;"SCALGd3AAbXQ3qj";"Invesco Physical Gold ETC";Security;Buy;IE00B579F325;2;392,18;-784,36;0,00;0,00;EUR
2026-04-15;17:41:07;Executed;"SCALyPVg5tfx4Lv";"Dow Jones Long 3x Factor GS";Security;Sell;DE000GX52288;20;23,983;479,66;0,00;0,20;EUR
2026-04-15;17:08:51;Cancelled;"SCALG3wHXmXtQzR";"Dow Jones Long 3x Factor GS";Security;Sell;DE000GX52288;0;0,00;0,00;0,00;0,00;EUR
2026-04-15;16:23:20;Cancelled;"SCALoqv8mqk24yr";"Aixtron";Security;Sell;DE000A0WMPJ6;0;0,00;0,00;0,00;0,00;EUR
2026-04-15;16:14:27;Executed;"SCALiijAy9hrcwH";"Evotec";Security;Sell;DE0005664809;191;5,55;1.060,05;0,00;16,72;EUR
2026-04-15;14:31:34;Executed;"SCALgR6kz8zTPNE";"Taiwan Semiconductor Manufact. ADR";Security;Sell;US8740391003;2;322,75;645,50;0,00;2,25;EUR
2026-04-15;13:14:21;Executed;"SCALTWestGBYxD9";"Tonies";Security;Buy;LU2333563281;100;9,96;-996,00;0,00;0,00;EUR
2026-04-15;12:37:33;Executed;"SCALs8xX25fwT5w";"Aixtron";Security;Buy;DE000A0WMPJ6;24;40,87;-980,88;0,00;0,00;EUR
2026-04-15;12:37:16;Executed;"SCALbWPorQxQwav";"Redcare Pharmacy";Security;Buy;NL0012044747;22;45,26;-995,72;0,00;0,00;EUR
2026-04-15;12:34:19;Executed;"SCALb4oGECXWYbp";"ASML Holding";Security;Sell;NL0010273215;1;1.273,20;1.273,20;0,00;2,27;EUR
2026-04-15;11:38:31;Executed;"SCAL6pJqpodxR2S";"Petrobras";Security;Buy;BRPETRACNOR9;114;8,724;-994,536;0,00;0,00;EUR
2026-04-14;18:57:03;Executed;"SCALX4MpddZrMxm";"Shell";Security;Sell;GB00BP6MXD84;12;38,50;462,00;0,00;-0,03;EUR
2026-04-14;18:55:41;Executed;"SCALAPjeR3Kuunq";"Siemens";Security;Buy;DE0007236101;4;237,30;-949,20;0,00;0,00;EUR
2026-04-14;15:44:18;Executed;"SCAL81WzejPi653";"Broadcom";Security;Sell;US11135F1012;2;320,55;641,10;0,00;17,99;EUR
2026-04-14;15:33:51;Executed;"SCALm5RUSK7HR6N";"Siltronic";Security;Sell;DE000WAF3001;15;63,80;957,00;0,00;-2,77;EUR
2026-04-14;14:06:11;Executed;"SCALqSQCYGZurxa";"Siltronic";Security;Buy;DE000WAF3001;15;64,50;-967,50;0,00;0,00;EUR
2026-04-14;14:05:39;Executed;"SCALDV6UBeUMMvo";"Evotec";Security;Buy;DE0005664809;191;5,218;-996,638;0,00;0,00;EUR
2026-04-14;13:59:29;Executed;"SCALjxSUtJ4StaU";"iShares Core DAX (Acc)";Security;Buy;DE0005933931;5;198,66;-993,30;0,00;0,00;EUR
2026-04-14;12:00:21;Executed;"SCALEYN29QyDA6K";"Heidelberger Druck";Security;Sell;DE0007314007;656;1,626;1.066,656;0,00;17,65;EUR
2026-04-14;12:00:13;Cancelled;"SCALncmE2dfTRGL";"Heidelberger Druck";Security;Sell;DE0007314007;0;0,00;0,00;0,00;0,00;EUR
2026-04-14;09:32:11;Cancelled;"SCAL3M53VGAbeDB";"Heidelberger Druck";Security;Sell;DE0007314007;0;0,00;0,00;0,00;0,00;EUR
2026-04-14;09:12:39;Executed;"SCALdg7jVxp8wWY";"Heidelberger Druck";Security;Buy;DE0007314007;656;1,524;-999,744;0,00;0,00;EUR
2026-04-14;02:00:00;Executed;"267119_cns3t2c78AFERemuBBek9Q";"Taiwan Semiconductor Manufact. ADR";Cash;Distribution;US8740391003;;;1,02;0,00;0,25;EUR
2026-04-13;19:27:34;Executed;"SCALq85ZshFnSgy";"iShares Core DAX (Acc)";Security;Buy;DE0005933931;5;197,56;-987,80;0,00;0,00;EUR
2026-04-13;11:36:42;Executed;"SCALgEPr3wfhw57";"iShares Core MSCI World (Acc)";Security;Savings plan;IE00B4L5Y983;2,668326;112,43;-299,99989218;0,00;0,00;EUR
2026-04-13;08:18:42;Cancelled;"SCALUV6nSDMR2hH";"Broadcom Long 3x Factor HVB";Security;Buy;DE000HD2T6Q3;0;0,00;0,00;0,00;0,00;EUR
2026-04-10;21:42:39;Executed;"SCALMkwMXajsgno";"Petrobras";Security;Sell;BRPETRACNOR9;129;8,447;1.089,663;0,00;25,37;EUR
2026-04-10;21:42:30;Cancelled;"SCALAJBoSYcxwRt";"Petrobras";Security;Sell;BRPETRACNOR9;0;0,00;0,00;0,00;0,00;EUR
2026-04-10;09:16:49;Executed;"SCALnD5aHTiiMG6";"Alphabet A";Security;Sell;US02079K3059;5;271,60;1.358,00;0,00;8,96;EUR
2026-04-10;09:15:37;Executed;"SCAL11UuxPHGrkc";"Dow Jones Long 3x Factor GS";Security;Buy;DE000GX52288;20;23,945;-478,90;0,00;0,00;EUR
2026-04-09;20:55:09;Executed;"SCALZC993p9DMSw";"Siemens Energy Long 3x Factor HVB";Security;Sell;DE000UG0GUC8;5;96,13;480,65;0,00;-2,61;EUR
2026-04-09;13:03:29;Cancelled;"SCALFe3Dd5ZP2gC";"Zalando";Security;Sell;DE000ZAL1111;0;0,00;0,00;0,00;0,00;EUR
2026-04-09;02:00:00;Executed;"CO5A23S8KWQCPSXW68RUSO";"Scalable Capital Broker Sparplan";Cash;Deposit;;;;300,00;0,00;;EUR
2026-04-08;16:02:09;Cancelled;"SCALCYjAgnrGpoV";"Siemens Energy Long 3x Factor HVB";Security;Sell;DE000UG0GUC8;0;0,00;0,00;0,00;0,00;EUR
2026-04-08;14:09:43;Executed;"SCALitrftRtFSUx";"Siemens Energy Long 3x Factor HVB";Security;Buy;DE000UG0GUC8;5;98,11;-490,55;0,00;0,00;EUR
2026-04-08;13:58:57;Executed;"SCALeHUSAR18ik2";"VERBIO Vereinigte Bioenergie Long 3x Factor HVB";Security;Sell;DE000HD7R7W6;54;8,22;443,88;0,00;-13,24;EUR
2026-04-08;12:58:29;Executed;"SCAL4z1Q9P91g8v";"WisdomTree Brent Crude Oil USD";Security;Buy;JE00B78CGV99;7;64,94;-454,58;0,00;0,00;EUR
2026-04-08;11:55:46;Executed;"SCALr34ZhKttKwW";"Petrobras";Security;Buy;BRPETRACNOR9;129;7,701503876;-993,494000004;0,00;0,00;EUR
2026-04-08;11:47:26;Cancelled;"SCALR64iaLUhirA";"Broadcom";Security;Sell;US11135F1012;0;0,00;0,00;0,00;0,00;EUR
2026-04-08;10:48:13;Cancelled;"SCAL6CuN9fys4yh";"VERBIO Vereinigte Bioenergie Long 3x Factor HVB";Security;Sell;DE000HD7R7W6;0;0,00;0,00;0,00;0,00;EUR
2026-04-08;10:41:57;Executed;"SCALFFkv6kTYxzZ";"Siemens Energy Long 3x Factor HVB";Security;Sell;DE000UG0GUC8;5;94,43;472,15;0,00;0,31;EUR
2026-04-08;10:41:49;Cancelled;"SCALThaz5CYP3EE";"Siemens Energy Long 3x Factor HVB";Security;Sell;DE000UG0GUC8;0;0,00;0,00;0,00;0,00;EUR
2026-04-08;10:32:41;Executed;"SCALx9vceKTucHE";"Redcare Pharmacy Long 3x Factor HVB";Security;Sell;DE000UN5J6D2;61;7,65;466,65;0,00;-7,23;EUR
2026-04-08;10:24:34;Executed;"SCALh4W6Nshtd6q";"Siemens Energy Long 3x Factor HVB";Security;Buy;DE000UG0GUC8;5;94,19;-470,95;0,00;0,00;EUR
2026-04-08;10:23:33;Executed;"SCALMV7xsCjYxiF";"VERBIO Vereinigte Bioenergie Long 3x Factor HVB";Security;Buy;DE000HD7R7W6;54;9,15;-494,10;0,00;0,00;EUR
2026-04-08;10:21:36;Executed;"SCAL4GiR34BCSqY";"Redcare Pharmacy Long 3x Factor HVB";Security;Buy;DE000UN5J6D2;61;8,10;-494,10;0,00;0,00;EUR
2026-04-08;10:17:16;Executed;"SCALJaV9a8KCrZg";"WisdomTree Brent Crude Oil USD";Security;Buy;JE00B78CGV99;7;65,28;-456,96;0,00;0,00;EUR
2026-04-08;10:10:39;Executed;"SCALdCpadrDXLiG";"Siemens Energy";Security;Sell;DE000ENER6Y0;6;162,12;972,72;0,00;6,52;EUR
2026-04-08;10:08:43;Executed;"SCALKVJCVymRpo2";"iShares Core DAX (Acc)";Security;Sell;DE0005933931;17;198,04;3.366,68;0,00;24,73;EUR
2026-04-08;10:07:28;Executed;"SCALXzmcyDpQbDR";"Western Digital";Security;Sell;US9581021055;1;287,00;287,00;0,00;0,00;EUR
2026-04-08;10:06:21;Executed;"SCALziBTvf5Mq95";"Xtrackers MSCI Emerging Markets (Acc)";Security;Sell;IE00BTJRMP35;12;71,194;854,328;0,00;0,00;EUR
2026-04-08;10:05:31;Executed;"SCALr2gs1HsF5pM";"CTS Eventim & Co";Security;Sell;DE0005470306;10;52,85;528,50;0,00;0,00;EUR
2026-04-08;10:03:12;Executed;"SCALyuwFZeRFcg5";"SK Hynix GDR";Security;Sell;US78392B1070;1;596,00;596,00;0,00;0,00;EUR
2026-04-08;10:02:31;Cancelled;"SCALWLYhjt7j9hp";"Siemens Energy";Security;Sell;DE000ENER6Y0;0;0,00;0,00;0,00;0,00;EUR
2026-04-08;10:00:49;Cancelled;"SCALz5LQzWY25rq";"Samsung Electronics GDR";Security;Buy;US7960508882;0;0,00;0,00;0,00;0,00;EUR
2026-04-08;07:22:34;Cancelled;"SCALowyiLe3pET5";"Samsung Electronics GDR";Security;Buy;US7960508882;0;0,00;0,00;0,00;0,00;EUR
2026-04-07;20:37:22;Executed;"SCALzyGgPENyQtT";"Seagate Technology Hldgs";Security;Sell;IE00BKVD2N49;2;398,00;796,00;0,00;0,00;EUR
2026-04-07;20:36:03;Executed;"SCALtXJRtnykiY3";"Broadcom";Security;Buy;US11135F1012;2;286,45;-572,90;0,00;0,00;EUR
2026-04-07;16:04:42;Executed;"SCALFTjQmv32Gu7";"SUSS MicroTec Long 3x Factor HVB";Security;Sell;DE000UG95H98;26;18,07;469,82;0,00;0,00;EUR
2026-04-07;15:40:37;Executed;"SCALm8N1QaHwRos";"Western Digital";Security;Buy;US9581021055;1;265,90;-265,90;0,00;0,00;EUR
2026-04-07;15:22:22;Executed;"SCAL4qXxnTb4oQM";"SUSS MicroTec Long 3x Factor HVB";Security;Buy;DE000UG95H98;26;19,17;-498,42;0,00;0,00;EUR
2026-04-07;15:04:23;Executed;"SCALXZxmTFEzHfo";"iShares STOXX Europe 600 (Dist)";Security;Buy;DE0002635307;16;59,13;-946,08;0,00;0,00;EUR
2026-04-07;14:59:08;Executed;"SCALJtMnzVwzVR3";"SUSS MicroTec Short -3x Factor HVB";Security;Sell;DE000UN5UDU7;36;13,12;472,32;0,00;0,00;EUR
2026-04-07;14:58:53;Cancelled;"SCALpzmxpXjN24G";"SUSS MicroTec Short -3x Factor HVB";Security;Sell;DE000UN5UDU7;0;0,00;0,00;0,00;0,00;EUR
2026-04-07;13:18:15;Executed;"SCALS2pAPVtb2QE";"SUSS MicroTec Short -3x Factor HVB";Security;Buy;DE000UN5UDU7;36;13,65;-491,40;0,00;0,00;EUR
2026-04-07;13:17:55;Executed;"SCALxQ8PvRnK9K9";"SUSS MicroTec Long 3x Factor HVB";Security;Sell;DE000UG95H98;26;18,06;469,56;0,00;0,00;EUR
2026-04-07;13:16:43;Cancelled;"SCALtzrSvUkCcSH";"SUSS MicroTec Long 3x Factor HVB";Security;Sell;DE000UG95H98;0;0,00;0,00;0,00;0,00;EUR
2026-04-07;12:33:40;Executed;"SCALTouAjci83gc";"Strategy Long 3x Factor HVB";Security;Sell;DE000UN4D592;75;6,41;480,75;0,00;0,00;EUR
2026-04-07;12:33:32;Cancelled;"SCALgLiER2tPD8j";"Strategy Long 3x Factor HVB";Security;Sell;DE000UN4D592;0;0,00;0,00;0,00;0,00;EUR
2026-04-07;11:41:06;Executed;"SCALMGnSVfGDaC6";"Strategy Long 3x Factor HVB";Security;Buy;DE000UN4D592;75;6,61;-495,75;0,00;0,00;EUR
2026-04-07;11:40:10;Executed;"SCALkpT7SG4w1vF";"SUSS MicroTec Long 3x Factor HVB";Security;Buy;DE000UG95H98;26;18,85;-490,10;0,00;0,00;EUR
2026-04-07;11:37:59;Executed;"SCALUcXFG6xNjY1";"SK Hynix GDR";Security;Buy;US78392B1070;1;534,00;-534,00;0,00;0,00;EUR
2026-04-07;08:14:35;Executed;"SCALdbqQ1gjrb51";"Seagate Technology Hldgs";Security;Buy;IE00BKVD2N49;2;392,00;-784,00;0,00;0,00;EUR
2026-04-07;02:00:00;Executed;"488553_cns3t2c78AFERemuBBek9Q";"NVIDIA";Cash;Distribution;US67066G1040;;;0,06;0,00;0,02;EUR
2026-04-02;21:51:48;Executed;"SCALeq6A4rhF1aY";"CTS Eventim & Co";Security;Buy;DE0005470306;10;51,55;-515,50;0,00;0,00;EUR
2026-04-02;21:50:57;Executed;"SCALCGqCmKZvAmC";"Exxon Mobil";Security;Buy;US30231G1022;3;139,02;-417,06;0,00;0,00;EUR
2026-04-02;21:50:00;Executed;"SCAL5EwjsH97wDT";"CTS Eventim & Co Long 3x Factor GS";Security;Sell;DE000GV9Y0U8;150;7,13;1.069,50;0,00;0,00;EUR
2026-04-02;21:49:18;Cancelled;"SCALckjJqEgrB76";"CTS Eventim & Co Long 3x Factor GS";Security;Sell;DE000GV9Y0U8;0;0,00;0,00;0,00;0,00;EUR
2026-04-02;20:20:49;Executed;"SCALdHpdNgoBYuc";"Samsung Electronics GDR";Security;Sell;US7960508882;1;2.640,00;2.640,00;0,00;0,00;EUR
2026-04-02;20:20:22;Cancelled;"SCAL7jvUF2TRU2g";"Samsung Electronics GDR";Security;Sell;US7960508882;0;0,00;0,00;0,00;0,00;EUR
2026-04-02;19:27:15;Executed;"SCALyaN8KguEUR3";"KION Grp Short Factor BNP";Security;Sell;DE000PJ64AL7;33;15,10;498,30;0,00;0,00;EUR
2026-04-02;18:37:02;Cancelled;"SCALjtHaq88PNHB";"Shell";Security;Sell;GB00BP6MXD84;0;0,00;0,00;0,00;0,00;EUR
2026-04-02;16:32:21;Executed;"SCALcDisqZB7QPp";"Intel Corp";Security;Sell;US4581401001;12;42,50;510,00;0,00;0,00;EUR
2026-04-02;16:26:34;Cancelled;"SCALK2aggpVGzaN";"KION Grp Short Factor BNP";Security;Sell;DE000PJ64AL7;0;0,00;0,00;0,00;0,00;EUR
2026-04-02;16:16:44;Executed;"SCALLUnZNKUgn2g";"Samsung Electronics GDR";Security;Buy;US7960508882;1;2.600,00;-2.600,00;0,00;0,00;EUR
2026-04-02;15:28:10;Executed;"SCALo6N4oFtEhUE";"VERBIO Vereinigte Bioenergie Long 3x Factor HVB";Security;Sell;DE000HD7R7W6;37;13,06;483,22;0,00;0,00;EUR
2026-04-02;15:28:00;Cancelled;"SCALSi5tk4PwywD";"VERBIO Vereinigte Bioenergie Long 3x Factor HVB";Security;Sell;DE000HD7R7W6;0;0,00;0,00;0,00;0,00;EUR
2026-04-02;15:27:50;Executed;"SCALQyachWTE7PG";"VERBIO Vereinigte Bioenergie";Security;Sell;DE000A0JL9W6;11;42,06;462,66;0,00;0,00;EUR
2026-04-02;15:15:07;Executed;"SCALEky9hXm4USi";"KION Grp Short Factor BNP";Security;Buy;DE000PJ64AL7;33;15,09;-497,97;0,00;0,00;EUR
2026-04-02;11:51:07;Executed;"SCAL1Fv7WD16ZrJ";"VERBIO Vereinigte Bioenergie Long 3x Factor HVB";Security;Buy;DE000HD7R7W6;37;13,50;-499,50;0,00;0,00;EUR
2026-04-02;11:08:34;Executed;"SCAL6K9GTCa16Gu";"Samsung Electronics GDR";Security;Sell;US7960508882;1;2.530,00;2.530,00;0,00;0,00;EUR
2026-04-02;09:05:32;Executed;"SCALce9fcfyWSoU";"CTS Eventim & Co Long 3x Factor GS";Security;Buy;DE000GV9Y0U8;70;7,13;-499,10;0,00;0,00;EUR
2026-04-02;09:00:35;Executed;"SCALrZ6YC7iKfau";"VERBIO Vereinigte Bioenergie";Security;Buy;DE000A0JL9W6;11;41,66;-458,26;0,00;0,00;EUR
2026-04-02;08:28:46;Executed;"SCALvwinwv1Vbhi";"Samsung Electronics GDR";Security;Buy;US7960508882;1;2.520,00;-2.520,00;0,00;0,00;EUR
2026-04-02;08:25:53;Executed;"SCALqBBgUhchEXG";"iShares Core DAX (Acc)";Security;Buy;DE0005933931;3;189,18;-567,54;0,00;0,00;EUR
2026-04-02;08:01:43;Executed;"SCALEZTo42j3QFh";"WisdomTree Brent Crude Oil USD";Security;Sell;JE00B78CGV99;6;72,22;433,32;0,00;0,00;EUR
2026-04-02;07:43:07;Executed;"SCALroxd52SbE66";"Western Digital";Security;Sell;US9581021055;2;243,45;486,90;0,00;0,00;EUR
2026-04-01;18:14:14;Executed;"SCALVvmi52fLe9p";"Tkms Ag & Co. Kgaa Long 3x Factor HVB";Security;Sell;DE000UN19P01;52;10,01;520,52;0,00;0,00;EUR
2026-04-01;18:00:17;Executed;"SCALT4ZounXXrrq";"Hensoldt Long 3x Factor HVB";Security;Sell;DE000HC2NHR6;15;32,45;486,75;0,00;0,00;EUR
2026-04-01;18:00:08;Cancelled;"SCALzJDnN88yZdi";"Hensoldt Long 3x Factor HVB";Security;Sell;DE000HC2NHR6;0;0,00;0,00;0,00;0,00;EUR
2026-04-01;17:59:27;Cancelled;"SCALsXKi9UvRvuQ";"Tkms Ag & Co. Kgaa Long 3x Factor HVB";Security;Sell;DE000UN19P01;0;0,00;0,00;0,00;0,00;EUR
2026-04-01;17:50:16;Cancelled;"SCALayJiXBWP6B2";"Tkms Ag & Co. Kgaa Long 3x Factor HVB";Security;Sell;DE000UN19P01;0;0,00;0,00;0,00;0,00;EUR
2026-04-01;17:49:42;Cancelled;"SCALVK3CY1f46Sr";"Tkms Ag & Co. Kgaa Long 3x Factor HVB";Security;Sell;DE000UN19P01;0;0,00;0,00;0,00;0,00;EUR
2026-04-01;17:48:50;Cancelled;"SCALfTmHZzhfPkV";"Hensoldt Long 3x Factor HVB";Security;Sell;DE000HC2NHR6;0;0,00;0,00;0,00;0,00;EUR
2026-04-01;17:48:33;Executed;"SCALtB9jw5BPVcw";"Western Digital Long Factor BNP";Security;Sell;DE000PK60G42;73;7,53;549,69;0,00;0,00;EUR
2026-04-01;17:48:25;Cancelled;"SCALvSuAFNbAtTt";"Western Digital Long Factor BNP";Security;Sell;DE000PK60G42;0;0,00;0,00;0,00;0,00;EUR
2026-04-01;16:37:37;Executed;"SCALa6vokpMhbrw";"DAX Long 5x Factor GS";Security;Sell;DE000GH1L183;145;3,543;513,735;0,00;0,00;EUR
2026-04-01;16:36:50;Cancelled;"SCALysryGJkvboN";"Hensoldt Long 3x Factor HVB";Security;Sell;DE000HC2NHR6;0;0,00;0,00;0,00;0,00;EUR
2026-04-01;15:43:15;Executed;"SCALHYj4GaMBvRK";"Western Digital Long Factor BNP";Security;Buy;DE000PK60G42;73;6,72;-490,56;0,00;0,00;EUR
2026-04-01;13:08:41;Executed;"SCAL5hpUPYcuvYj";"Hensoldt Long 3x Factor HVB";Security;Buy;DE000HC2NHR6;15;31,54;-473,10;0,00;0,00;EUR
2026-04-01;12:57:01;Cancelled;"SCALAcoJufvo25P";"Tkms Ag & Co. Kgaa Long 3x Factor HVB";Security;Sell;DE000UN19P01;0;0,00;0,00;0,00;0,00;EUR
2026-04-01;12:51:05;Executed;"SCALHsSkjNvscrz";"Tkms Ag & Co. Kgaa Long 3x Factor HVB";Security;Buy;DE000UN19P01;52;9,55;-496,60;0,00;0,00;EUR
2026-04-01;12:14:16;Executed;"SCALEFzhDvDaFuc";"Samsung Electronics GDR";Security;Sell;US7960508882;1;2.650,00;2.650,00;0,00;0,00;EUR
2026-04-01;09:22:03;Executed;"SCALshzgLD2ci9E";"Suedzucker";Security;Sell;DE0007297004;37;12,45;460,65;0,00;0,00;EUR
2026-04-01;07:40:32;Executed;"SCALKwZ2UL599BD";"Suedzucker";Security;Buy;DE0007297004;37;13,19;-488,03;0,00;0,00;EUR
2026-04-01;07:37:08;Executed;"SCALcytBsWBK2j7";"iShares Core DAX (Acc)";Security;Buy;DE0005933931;5;191,048;-955,24;0,00;0,00;EUR
2026-04-01;07:36:09;Executed;"SCALhN4tgYS7R3t";"Western Digital";Security;Buy;US9581021055;2;240,55;-481,10;0,00;0,00;EUR
2026-04-01;02:00:00;Executed;"bc0bf374-44db-45b4-8d5c-5a32106a150a";;Cash;Interest;;;;57,22;0,00;0,00;EUR
2026-03-31;22:50:37;Executed;"SCAL9vQqmY2f9es";"Samsung Electronics GDR";Security;Buy;US7960508882;1;2.590,00;-2.590,00;0,00;0,00;EUR
2026-03-31;21:40:07;Executed;"SCALNgE5shCHZvm";"Chevron Corp";Security;Buy;US1667641005;3;179,00;-537,00;0,00;0,00;EUR
2026-03-31;20:03:57;Executed;"SCALqpDN6ghu2nU";"WisdomTree Brent Crude Oil USD";Security;Buy;JE00B78CGV99;6;71,775;-430,65;0,00;0,00;EUR
2026-03-31;18:03:00;Executed;"SCALMNcJhGgr2xo";"Suedzucker Short -3x Factor HVB";Security;Sell;DE000UG3X7N7;129;3,63;468,27;0,00;0,00;EUR
2026-03-31;16:43:33;Executed;"SCALDu7Mt6xXwru";"Suedzucker Short -3x Factor HVB";Security;Buy;DE000UG3X7N7;129;3,85;-496,65;0,00;0,00;EUR
2026-03-31;16:42:42;Executed;"SCALRPuNuMqJLi1";"Suedzucker Long Factor BNP";Security;Sell;DE000PK5KPZ1;13;38,75;503,75;0,00;0,00;EUR
2026-03-31;16:34:12;Cancelled;"SCALUDxbmin8HHH";"Suedzucker Long Factor BNP";Security;Sell;DE000PK5KPZ1;0;0,00;0,00;0,00;0,00;EUR
2026-03-31;13:11:19;Executed;"SCALqjQHkTHKT8B";"Deutsche Boerse";Security;Sell;DE0005810055;2;251,00;502,00;0,00;0,00;EUR
2026-03-31;10:30:27;Executed;"SCALvYmcpjpUieq";"iShares Core DAX (Acc)";Security;Buy;DE0005933931;3;187,90;-563,70;0,00;0,00;EUR
2026-03-31;09:07:57;Executed;"SCALHJa9QGdnSJw";"Suedzucker Short -3x Factor HVB";Security;Sell;DE000UG3X7N7;1;3,75;3,75;0,99;0,00;EUR
2026-03-31;09:05:39;Executed;"SCALkSVpkUS5f2T";"Suedzucker Long Factor BNP";Security;Buy;DE000PK5KPZ1;13;38,76;-503,88;0,00;0,00;EUR
2026-03-31;09:04:56;Executed;"SCALEg4ZLv3e84r";"Suedzucker Short -3x Factor HVB";Security;Sell;DE000UG3X7N7;65;3,94;256,10;0,00;0,00;EUR
2026-03-31;09:03:15;Executed;"SCAL8bnvB5USPkc";"adesso";Security;Sell;DE000A0Z23Q5;8;60,70;485,60;0,00;0,00;EUR
2026-03-31;08:07:23;Executed;"SCALh5pbA1GvW6i";"adesso";Security;Buy;DE000A0Z23Q5;8;59,60;-476,80;0,00;0,00;EUR
2026-03-31;07:39:00;Executed;"SCALbLiHMPoBefc";"Samsung Electronics GDR";Security;Sell;US7960508882;1;2.380,00;2.380,00;0,00;-10,33;EUR
2026-03-31;02:00:00;Executed;"JHXJB09ARRUMRRBB";"Entgelt PRIME+ Broker";Cash;Fee;;;;-4,99;0,00;;EUR
2026-03-31;02:00:00;Executed;"260331-U66SZBQYJODIU41AXYVMAG";"";Cash;Deposit;;;;5.000,00;0,00;;EUR
2026-03-30;20:12:53;Executed;"SCALc8hGGhrt6TE";"iShares Core DAX (Acc)";Security;Buy;DE0005933931;3;185,94;-557,82;0,00;0,00;EUR
2026-03-30;15:39:00;Executed;"SCALYtPuPsSPSvW";"WisdomTree Brent Crude Oil USD";Security;Sell;JE00B78CGV99;7;75,015;525,105;0,00;5,57;EUR
2026-03-30;15:38:33;Executed;"SCALpoeoMgtpd6o";"Crowdstrike Holdings A Long 3x Factor HVB";Security;Sell;DE000HD79FU5;79;7,00;553,00;0,00;4,76;EUR
2026-03-30;10:53:29;Executed;"SCAL4CYGoE7eLMg";"Suedzucker Short -3x Factor HVB";Security;Buy;DE000UG3X7N7;66;7,47;-493,02;0,00;0,00;EUR
2026-03-27;21:38:15;Executed;"SCAL7s842EDknan";"CTS Eventim & Co Long 3x Factor GS";Security;Buy;DE000GV9Y0U8;80;6,21;-496,80;0,00;0,00;EUR
2026-03-27;18:15:13;Executed;"SCALCAdbpP5h9bg";"Chevron Corp";Security;Sell;US1667641005;3;183,84;551,52;0,00;0,00;EUR
2026-03-27;18:14:41;Executed;"SCALmRKKLd7Z4JF";"Aixtron Long 3x Factor HVB";Security;Sell;DE000HD5A7B1;92;5,40;496,80;0,00;0,00;EUR
2026-03-27;15:47:28;Executed;"SCALeGk7PdnBT7w";"Crowdstrike Holdings A Long 3x Factor HVB";Security;Buy;DE000HD79FU5;79;6,28;-496,12;0,00;0,00;EUR
2026-03-27;14:51:48;Executed;"SCALrBykpmrHPUp";"Samsung Electronics GDR";Security;Buy;US7960508882;1;2.550,00;-2.550,00;0,00;0,00;EUR
2026-03-27;14:51:14;Executed;"SCALWoDB7VYznqt";"Western Digital";Security;Sell;US9581021055;2;243,25;486,50;0,00;0,00;EUR
2026-03-27;14:46:57;Executed;"SCAL2pfWnwqzpSK";"Aixtron Long 3x Factor HVB";Security;Buy;DE000HD5A7B1;92;5,39;-495,88;0,00;0,00;EUR
2026-03-27;14:34:31;Executed;"SCAL1fjY39KqKsf";"Western Digital";Security;Buy;US9581021055;2;240,25;-480,50;0,00;0,00;EUR
2026-03-27;14:22:30;Executed;"SCALuLzJic7ttpa";"Kontron Long 3x Factor HVB";Security;Sell;DE000HC3RHM6;247;2,15;531,05;0,00;0,00;EUR
2026-03-26;16:26:38;Executed;"SCALzPFGEpHjaXt";"Renk Group Long 3x Factor HVB";Security;Sell;DE000HD4HK82;29;15,51;449,79;0,00;0,00;EUR
2026-03-26;16:25:43;Executed;"SCAL7WxuoZN7e3g";"Microsoft Short Factor BNP";Security;Sell;DE000PG3MFS4;44;11,14;490,16;0,00;0,00;EUR
2026-03-26;10:58:43;Executed;"SCALRWdFYiSbUag";"Renk Group Long 3x Factor HVB";Security;Buy;DE000HD4HK82;29;16,76;-486,04;0,00;0,00;EUR
2026-03-26;09:47:48;Executed;"SCALUrstS4PJ2fj";"Microsoft Short Factor BNP";Security;Buy;DE000PG3MFS4;44;11,21;-493,24;0,00;0,00;EUR
2026-03-26;09:17:58;Executed;"SCALPh7VyHFdy9b";"Kontron Long 3x Factor HVB";Security;Buy;DE000HC3RHM6;247;2,02;-498,94;0,00;0,00;EUR
2026-03-26;09:16:55;Executed;"SCALaeYC3WkmAjg";"Kontron Long 3x Factor HVB";Security;Sell;DE000HC3RHM6;156;2,02;315,12;0,00;0,00;EUR
2026-03-26;09:04:38;Executed;"SCAL9iPeL4Djfvc";"Kontron Long 3x Factor HVB";Security;Buy;DE000HC3RHM6;156;2,15;-335,40;0,00;0,00;EUR
2026-03-25;18:27:05;Executed;"SCALtMbsKEKXkeY";"Jenoptik";Security;Sell;DE000A2NB601;17;28,94;491,98;0,00;0,00;EUR
2026-03-25;18:26:56;Cancelled;"SCAL32gMsTD6gbv";"Jenoptik";Security;Sell;DE000A2NB601;0;0,00;0,00;0,00;0,00;EUR
2026-03-25;16:55:17;Executed;"SCALaHbtRSNaW4x";"Arm Holdings ADR";Security;Sell;US0420682058;7;140,20;981,40;0,00;0,00;EUR
2026-03-25;16:54:15;Executed;"SCALAJ3hP8rwhLs";"Sandisk Corporation Long 2x Factor HVB";Security;Sell;DE000UN2KJ76;6;76,72;460,32;0,00;0,00;EUR
2026-03-25;16:54:07;Cancelled;"SCALy5MAhHzBerX";"Sandisk Corporation Long 2x Factor HVB";Security;Sell;DE000UN2KJ76;0;0,00;0,00;0,00;0,00;EUR
2026-03-25;16:23:43;Executed;"SCALq6oAoLL6EzN";"Arm Holdings ADR";Security;Buy;US0420682058;7;139,80;-978,60;0,00;0,00;EUR
2026-03-25;16:18:19;Cancelled;"SCALiKgZLCcq6VQ";"DAX Long 5x Factor GS";Security;Sell;DE000GH1L183;0;0,00;0,00;0,00;0,00;EUR
2026-03-25;16:13:38;Executed;"SCAL4Edy3c4cR7c";"Arm Holdings ADR Long 3x Factor HVB";Security;Sell;DE000HD7TDL3;61;8,25;503,25;0,00;0,00;EUR
2026-03-25;16:09:29;Cancelled;"SCALNNHs1f5eDLq";"Arm Holdings ADR Long 3x Factor HVB";Security;Sell;DE000HD7TDL3;0;0,00;0,00;0,00;0,00;EUR
2026-03-25;15:43:58;Executed;"SCALLJCxPfj3YWX";"Arm Holdings ADR Long 3x Factor HVB";Security;Buy;DE000HD7TDL3;61;8,14;-496,54;0,00;0,00;EUR
2026-03-25;15:33:01;Executed;"SCALYCeT2DBmP3p";"Exxon Mobil";Security;Sell;US30231G1022;3;141,42;424,26;0,00;0,00;EUR
2026-03-25;15:31:44;Executed;"SCALrH1ymVU5unU";"Arm Holdings ADR";Security;Sell;US0420682058;4;134,00;536,00;0,00;0,00;EUR
2026-03-25;15:30:54;Cancelled;"SCAL4vDzL2oWsuD";"Sandisk Corporation Long 2x Factor HVB";Security;Sell;DE000UN2KJ76;0;0,00;0,00;0,00;0,00;EUR
2026-03-25;15:17:20;Executed;"SCALrEfs1ZXYQZw";"Sandisk Corporation Long 2x Factor HVB";Security;Buy;DE000UN2KJ76;6;77,28;-463,68;0,00;0,00;EUR
2026-03-25;15:10:40;Cancelled;"SCALmLYtRbybWog";"Jenoptik";Security;Sell;DE000A2NB601;0;0,00;0,00;0,00;0,00;EUR
2026-03-25;15:10:09;Cancelled;"SCAL9rez2uavGTU";"Arm Holdings ADR";Security;Sell;US0420682058;0;0,00;0,00;0,00;0,00;EUR
2026-03-25;13:05:37;Executed;"SCAL9QsGYPPTyPL";"WisdomTree Brent Crude Oil USD";Security;Buy;JE00B78CGV99;7;66,305;-464,135;0,00;0,00;EUR
2026-03-25;12:13:03;Executed;"SCALJ3cLF8CtEps";"DAX Long 5x Factor GS";Security;Buy;DE000GH1L183;145;3,429;-497,205;0,00;0,00;EUR
2026-03-25;12:09:57;Executed;"SCAL1wVHYJm5pEx";"Arm Holdings ADR";Security;Buy;US0420682058;4;131,78;-527,12;0,00;0,00;EUR
2026-03-25;12:06:22;Executed;"SCALt9FeZJ8Mmxs";"Jenoptik";Security;Buy;DE000A2NB601;17;28,20;-479,40;0,00;0,00;EUR
2026-03-25;12:04:21;Executed;"SCALp4ygyNWTzVc";"Ottobock Se & Co.";Security;Sell;DE000BCK2223;9;54,05;486,45;0,00;0,00;EUR
2026-03-25;11:47:09;Executed;"SCALNXYtKQYDquK";"Xtrackers MSCI World Information Technology (Acc)";Security;Savings plan;IE00BM67HT60;3,163889;94,82;-299,99995498;0,00;0,00;EUR
2026-03-25;11:42:04;Executed;"SCALDZZegPwSHvY";"Invesco Physical Gold ETC";Security;Savings plan;IE00B579F325;0,793524;378,06;-299,99968344;0,00;0,00;EUR
2026-03-25;11:19:54;Executed;"SCALoDsbbU33xef";"iShares Core S&P 500 (Acc)";Security;Savings plan;IE00B5BMR087;0,490115;612,10;-299,9993915;0,00;0,00;EUR
2026-03-25;11:17:07;Executed;"SCALjMguDHwFomP";"iShares Nasdaq 100 (Acc)";Security;Savings plan;IE00B53SZB19;0,249916;1.200,40;-299,9991664;0,00;0,00;EUR
2026-03-25;07:30:01;Executed;"SCALBexEbq9dgNN";"iShares Core DAX (Acc)";Security;Buy;DE0005933931;3;189,08;-567,24;0,00;0,00;EUR
2026-03-25;07:30:01;Executed;"SCAL3W8CM88JHgk";"iShares STOXX Europe 600 (Dist)";Security;Buy;DE0002635307;8;57,81;-462,48;0,00;0,00;EUR
2026-03-24;16:41:45;Cancelled;"SCAL857UMyKmifq";"Ottobock Se & Co.";Security;Sell;DE000BCK2223;0;0,00;0,00;0,00;0,00;EUR
2026-03-24;15:04:36;Cancelled;"SCALBw2n6jcRrwB";"Ottobock Se & Co.";Security;Sell;DE000BCK2223;0;0,00;0,00;0,00;0,00;EUR
2026-03-24;14:05:35;Executed;"SCALW7D9y4FdGjq";"Gerresheimer";Security;Sell;DE000A0LD6E6;24;20,44;490,56;0,00;0,00;EUR
2026-03-24;14:05:27;Cancelled;"SCALbUmsjQHcKvp";"Gerresheimer";Security;Sell;DE000A0LD6E6;0;0,00;0,00;0,00;0,00;EUR
2026-03-24;13:16:16;Executed;"SCALcDgQd5GV2ox";"Gerresheimer";Security;Buy;DE000A0LD6E6;24;20,80;-499,20;0,00;0,00;EUR
2026-03-24;08:18:52;Cancelled;"SCALA3iHTAUmeey";"Ottobock Se & Co.";Security;Sell;DE000BCK2223;0;0,00;0,00;0,00;0,00;EUR
2026-03-24;07:45:30;Executed;"SCALH98wauACF1Q";"Ottobock Se & Co.";Security;Buy;DE000BCK2223;9;52,40;-471,60;0,00;0,00;EUR
2026-03-23;16:19:29;Executed;"SCALEURkD7MQ77P";"WisdomTree Brent Crude Oil USD";Security;Buy;JE00B78CGV99;7;66,465;-465,255;0,00;0,00;EUR
2026-03-23;13:01:06;Executed;"SCAL9aQycmbb36C";"WisdomTree Brent Crude Oil USD";Security;Buy;JE00B78CGV99;7;71,295;-499,065;0,00;0,00;EUR
2026-03-23;12:20:37;Executed;"SCALPqhzNe5ysa9";"DAX Short 3x Factor GS";Security;Sell;DE000GX3M9W1;102;4,292;437,784;0,00;0,00;EUR
2026-03-23;12:20:27;Executed;"SCALw66cQTMw9jy";"Dow Jones Short 3x Factor GS";Security;Sell;DE000GQ0VPS9;62;7,239;448,818;0,00;0,00;EUR
2026-03-23;08:40:29;Executed;"SCALdet93nDK6BW";"Invesco Physical Silver";Security;Buy;IE00B43VDT70;9;51,815;-466,335;0,00;0,00;EUR
2026-03-23;08:39:55;Executed;"SCALmuRHpihqYh2";"DAX Short 3x Factor GS";Security;Buy;DE000GX3M9W1;102;4,865;-496,23;0,00;0,00;EUR
2026-03-23;08:39:17;Executed;"SCALTPNPW9JbVpR";"Invesco Physical Gold A";Security;Buy;IE00B579F325;3;349,70;-1.049,10;0,00;0,00;EUR
2026-03-23;08:38:34;Executed;"SCALt1Zk2b4U7cT";"Dow Jones Short 3x Factor GS";Security;Buy;DE000GQ0VPS9;62;8,011;-496,682;0,00;0,00;EUR
2026-03-23;08:16:05;Executed;"SCALRM533rHPWZE";"WisdomTree Brent Crude Oil USD";Security;Buy;JE00B78CGV99;6;77,32;-463,92;0,00;0,00;EUR
2026-03-23;01:00:00;Executed;"475703_cns3t2c78AFERemuBBek9Q";"Western Digital";Cash;Distribution;US9581021055;;;0,15;0,00;0,07;EUR
2026-03-23;01:00:00;Executed;"7CRQYX3WSSY3IM3HCBB1KG";"Scalable Capital Broker 4x Sparplan";Cash;Deposit;;;;1.200,00;0,00;;EUR
2026-03-20;21:56:54;Executed;"SCALEkRdGqCbJzQ";"WisdomTree Brent Crude Oil USD";Security;Buy;JE00B78CGV99;7;74,80;-523,60;0,00;0,00;EUR
2026-03-20;19:15:09;Executed;"SCALYoAtLrwLLCx";"Samsung Electronics GDR";Security;Sell;US7960508882;1;2.730,00;2.730,00;0,00;-37,93;EUR
2026-03-20;19:15:01;Executed;"SCAL2HTy5k9hgY7";"SK HYNIX GDR";Security;Sell;US78392B1070;1;556,00;556,00;0,00;-10,03;EUR
2026-03-20;07:43:00;Executed;"SCALG78JRTWfB7x";"WisdomTree Brent Crude Oil USD";Security;Buy;JE00B78CGV99;21;72,275;-1.517,775;0,00;0,00;EUR
2026-03-20;07:39:26;Executed;"SCALfjyEiJiHwqB";"Samsung Electronics GDR";Security;Buy;US7960508882;1;2.880,00;-2.880,00;0,00;0,00;EUR
2026-03-19;20:47:21;Executed;"SCALSM6xYN1G6dX";"Invesco Physical Gold A";Security;Buy;IE00B579F325;2;387,98;-775,96;0,00;0,00;EUR
2026-03-19;20:46:06;Executed;"SCALJK27YAXbqSG";"Franklin FTSE India (Acc)";Security;Sell;IE00BHZRQZ17;67,345;34,075;2.294,780875;0,00;-76,60;EUR
2026-03-19;16:20:26;Executed;"SCALoarWWiCof61";"SK HYNIX GDR";Security;Buy;US78392B1070;1;594,00;-594,00;0,00;0,00;EUR
2026-03-19;15:00:17;Executed;"SCALUz8tzf6BWYS";"SK HYNIX GDR";Security;Sell;US78392B1070;1;590,00;590,00;0,00;1,58;EUR
2026-03-19;14:56:38;Executed;"SCALjUTJewyuXuD";"SK HYNIX GDR";Security;Buy;US78392B1070;1;584,00;-584,00;0,00;0,00;EUR
2026-03-19;10:58:56;Executed;"SCALAGv9mmekRpN";"WisdomTree Brent Crude Oil USD";Security;Sell;JE00B78CGV99;30;75,08;2.252,40;0,00;43,27;EUR
2026-03-19;10:06:22;Executed;"SCALEh9RCMreaKK";"Samsung Electronics GDR";Security;Sell;US7960508882;1;2.880,00;2.880,00;0,00;-29,01;EUR
2026-03-19;09:11:05;Executed;"SCAL4FJMvSmiqdu";"Dow Jones Long 3x Factor GS";Security;Sell;DE000GX52288;21;21,859;459,039;0,00;-6,68;EUR
2026-03-19;09:10:57;Cancelled;"SCALuvCEBUiiF4f";"Dow Jones Long 3x Factor GS";Security;Sell;DE000GX52288;0;0,00;0,00;0,00;0,00;EUR
2026-03-19;08:18:50;Executed;"SCALihCZvt4wJdp";"Invesco Physical Silver";Security;Buy;IE00B43VDT70;8;60,38;-483,04;0,00;0,00;EUR
2026-03-19;01:00:00;Executed;"427071_cns3t2c78AFERemuBBek9Q";"Alphabet A";Cash;Distribution;US02079K3059;;;0,54;0,00;0,37;EUR
2026-03-18;22:51:30;Cancelled;"SCAL5yidPi1JxMN";"WisdomTree Brent Crude Oil USD";Security;Sell;JE00B78CGV99;0;0,00;0,00;0,00;0,00;EUR
2026-03-18;21:23:23;Executed;"SCALhpsd4SjVGsd";"Commerzbank";Security;Sell;DE000CBK1001;29;32,49;942,21;0,00;-14,99;EUR
2026-03-18;21:23:14;Cancelled;"SCALEmFbdqtsVCm";"Commerzbank";Security;Sell;DE000CBK1001;0;0,00;0,00;0,00;0,00;EUR
2026-03-18;19:33:21;Executed;"SCALbKskrsTu6Z6";"Samsung Electronics GDR";Security;Buy;US7960508882;1;2.990,00;-2.990,00;0,00;0,00;EUR
2026-03-18;17:33:05;Cancelled;"SCAL5DmMUhuGtSk";"WisdomTree Brent Crude Oil USD";Security;Sell;JE00B78CGV99;0;0,00;0,00;0,00;0,00;EUR
2026-03-18;13:09:42;Executed;"SCALJH7s3jb7rfq";"Invesco Physical Gold A";Security;Buy;IE00B579F325;1;410,14;-410,14;0,00;0,00;EUR
2026-03-18;11:54:11;Executed;"SCALhbQKywHPHBC";"SK HYNIX GDR";Security;Sell;US78392B1070;1;616,00;616,00;0,00;20,57;EUR
2026-03-18;11:27:59;Executed;"SCALLMANWQo28xR";"Micron Technology";Security;Sell;US5951121038;2;410,45;820,90;0,00;9,48;EUR
2026-03-18;11:19:28;Executed;"SCAL8cVirqdJcb8";"Siemens Energy";Security;Buy;DE000ENER6Y0;6;158,00;-948,00;0,00;0,00;EUR
2026-03-18;11:19:05;Executed;"SCALRf1ih7miWmW";"Commerzbank";Security;Buy;DE000CBK1001;29;34,45;-999,05;0,00;0,00;EUR
2026-03-18;10:55:33;Executed;"SCALik7CndMKPWL";"Invesco Physical Gold A";Security;Buy;IE00B579F325;1;416,60;-416,60;0,00;0,00;EUR
2026-03-18;10:45:08;Executed;"SCALiuRArwem7DG";"DAX Short 3x Factor GS";Security;Sell;DE000GQ6AXT2;176;2,793;491,568;0,00;-1,58;EUR
2026-03-18;10:03:56;Executed;"SCALmvi3a281cSy";"iShares STOXX Europe 600 (Dist)";Security;Buy;DE0002635307;8;59,94;-479,52;0,00;0,00;EUR
2026-03-18;09:32:07;Executed;"SCALaPYWoHqdurh";"DAX Short 3x Factor GS";Security;Buy;DE000GQ6AXT2;176;2,827;-497,552;0,00;0,00;EUR
2026-03-18;09:31:34;Executed;"SCALPuNZ6aA4t8W";"DAX Long 5x Factor GS";Security;Sell;DE000GH1L183;123;4,177;513,771;0,00;-2,24;EUR
2026-03-18;08:00:04;Executed;"SCALFihtBiguGh9";"DAX Long 5x Factor GS";Security;Buy;DE000GH1L183;123;4,246;-522,258;0,00;0,00;EUR
2026-03-18;07:30:02;Executed;"SCALEnMJSPWpzYi";"Samsung Electronics GDR";Security;Sell;US7960508882;2;3.040,00;6.080,00;0,00;104,06;EUR
2026-03-17;22:08:29;Executed;"SCALWvDdJsiSZVQ";"Western Digital";Security;Sell;US9581021055;4;271,35;1.085,40;0,00;0,00;EUR
2026-03-17;17:03:58;Executed;"SCALzX3aGimw4JM";"Energiekontor";Security;Sell;DE0005313506;14;34,30;480,20;0,00;0,00;EUR
2026-03-17;15:49:33;Executed;"SCALXaFhePB9cdf";"Western Digital";Security;Buy;US9581021055;4;260,25;-1.041,00;0,00;0,00;EUR
2026-03-17;15:41:06;Executed;"SCAL623XWu9g165";"SK HYNIX GDR";Security;Sell;US78392B1070;1;592,00;592,00;0,00;0,00;EUR
2026-03-17;13:25:12;Executed;"SCALvSMjU4JAL7B";"Hensoldt Short -3x Factor HVB";Security;Sell;DE000UG78WZ7;50;9,68;484,00;0,00;0,00;EUR
2026-03-17;11:25:30;Executed;"SCALc4GV1utxsqU";"Hensoldt Short -3x Factor HVB";Security;Buy;DE000UG78WZ7;50;9,92;-496,00;0,00;0,00;EUR
2026-03-17;11:24:56;Executed;"SCAL6jJR9tXNfUu";"Hensoldt Long 3x Factor HVB";Security;Sell;DE000HC2NHR6;13;32,27;419,51;0,00;-3,84;EUR
2026-03-17;10:58:20;Cancelled;"SCALdCVSvDv82xX";"Energiekontor";Security;Sell;DE0005313506;0;0,00;0,00;0,00;0,00;EUR
2026-03-17;10:50:59;Executed;"SCALXANFLaAPAW3";"Invesco Physical Silver";Security;Buy;IE00B43VDT70;7;66,92;-468,44;0,00;0,00;EUR
2026-03-17;10:49:05;Executed;"SCALn2T5T6Se385";"Aroundtown Long 3x Factor HVB";Security;Sell;DE000UG3WWF8;84;6,03;506,52;0,00;2,88;EUR
2026-03-17;10:48:23;Executed;"SCALvW6ZsR9ccsJ";"Energiekontor";Security;Buy;DE0005313506;14;34,40;-481,60;0,00;0,00;EUR
2026-03-17;09:26:35;Executed;"SCALQF3R2TSrqtC";"Springer Nature";Security;Sell;DE000SPG1003;29;16,20;469,80;0,00;-5,04;EUR
2026-03-17;08:32:41;Cancelled;"SCAL8RuuVAR4gRX";"Springer Nature";Security;Sell;DE000SPG1003;0;0,00;0,00;0,00;0,00;EUR
2026-03-17;08:08:24;Executed;"SCALyx8kiYHSxA3";"Springer Nature";Security;Buy;DE000SPG1003;29;16,86;-488,94;0,00;0,00;EUR
2026-03-17;07:30:03;Executed;"SCAL18uLT81GdwA";"SK HYNIX GDR";Security;Sell;US78392B1070;1;572,00;572,00;0,00;-29,01;EUR
2026-03-17;01:00:00;Executed;"348605_cns3t2c78AFERemuBBek9Q";"Microsoft";Cash;Distribution;US5949181045;;;1,11;0,00;0,47;EUR
2026-03-16;18:39:58;Cancelled;"SCALqyXphhQ12j6";"Aroundtown Long 3x Factor HVB";Security;Sell;DE000UG3WWF8;0;0,00;0,00;0,00;0,00;EUR
2026-03-16;18:36:10;Executed;"SCALAt8KFbZGsZD";"Chevron Corp";Security;Buy;US1667641005;3;171,20;-513,60;0,00;0,00;EUR
2026-03-16;17:09:34;Executed;"SCAL4F474Gd1ss9";"Hensoldt Long 3x Factor HVB";Security;Buy;DE000HC2NHR6;13;36,24;-471,12;0,00;0,00;EUR
2026-03-16;17:06:47;Executed;"SCALcJUSgb3JrRo";"Micron Technology";Security;Buy;US5951121038;2;392,50;-785,00;0,00;0,00;EUR
2026-03-16;17:01:32;Executed;"SCALXcEL4spXfb2";"Samsung Electronics GDR";Security;Buy;US7960508882;2;2.810,00;-5.620,00;0,00;0,00;EUR
2026-03-16;17:00:08;Executed;"SCALxDX8gMeSw1S";"Samsung Electronics GDR";Security;Sell;US7960508882;1;2.780,00;2.780,00;0,00;5,27;EUR
2026-03-16;16:59:25;Executed;"SCALznavsGg5kDs";"Vonovia Long 3x Factor HVB";Security;Sell;DE000HC5K7P1;43;11,89;511,27;0,00;3,74;EUR
2026-03-16;14:42:30;Executed;"SCALYRruZBC7J9i";"Dow Jones Long 3x Factor GS";Security;Buy;DE000GX52288;21;23,065;-484,365;0,00;0,00;EUR
2026-03-16;14:41:54;Executed;"SCALCtsJukQa35M";"Dow Jones Short 3x Factor GS";Security;Sell;DE000GQ0VPS9;67;7,178;480,926;0,00;-4,20;EUR
2026-03-16;13:09:45;Executed;"SCALge3ZA5QhwZ6";"Siemens Healthineers Short -3x Factor HVB";Security;Sell;DE000UG3X765;33;15,50;511,50;0,00;2,09;EUR
2026-03-16;13:08:06;Executed;"SCALVMs8ppJUVmy";"LEG Immobilien Long Factor BNP";Security;Sell;DE000PC3L1M5;43;11,40;490,20;0,00;-1,48;EUR
2026-03-16;12:51:44;Executed;"SCALTPeoaypo4UJ";"SK HYNIX GDR";Security;Sell;US78392B1070;1;576,00;576,00;0,00;-24,26;EUR
2026-03-16;12:49:34;Executed;"SCALVMmZEpXJbCh";"Aroundtown Short 3x Factor GS";Security;Sell;DE000GU9YHJ4;47;9,41;442,27;0,00;-10,29;EUR
2026-03-16;12:49:21;Executed;"SCALvHjeV6FdbPu";"Aroundtown Long 3x Factor HVB";Security;Buy;DE000UG3WWF8;84;5,90;-495,60;0,00;0,00;EUR
2026-03-16;12:48:50;Executed;"SCALQiNQjegHbZb";"LEG Immobilien Short -3x Factor HVB";Security;Sell;DE000UG3X3H8;58;8,02;465,16;0,00;-12,85;EUR
2026-03-16;12:48:32;Executed;"SCALzigDyWn5UZp";"LEG Immobilien Long Factor BNP";Security;Buy;DE000PC3L1M5;43;11,53;-495,79;0,00;0,00;EUR
2026-03-16;12:47:19;Executed;"SCALpMdC3TCernb";"Vonovia Short -3x Factor HVB";Security;Sell;DE000UG46HV4;80;5,85;468,00;0,00;-8,02;EUR
2026-03-16;12:47:04;Executed;"SCALnrTwRebq534";"Vonovia Long 3x Factor HVB";Security;Buy;DE000HC5K7P1;43;11,56;-497,08;0,00;0,00;EUR
2026-03-16;12:46:31;Cancelled;"SCAL8NitZDKbUpV";"Vonovia Short -3x Factor HVB";Security;Sell;DE000UG46HV4;0;0,00;0,00;0,00;0,00;EUR
2026-03-16;12:44:59;Cancelled;"SCALzH1pe4D7BdC";"LEG Immobilien Short -3x Factor HVB";Security;Sell;DE000UG3X3H8;0;0,00;0,00;0,00;0,00;EUR
2026-03-16;12:44:46;Cancelled;"SCALTxt2UpK4DcS";"Siemens Healthineers Short -3x Factor HVB";Security;Sell;DE000UG3X765;0;0,00;0,00;0,00;0,00;EUR
2026-03-16;11:42:59;Executed;"SCALrbm8PSFB1Mk";"Knorr-Bremse";Security;Sell;DE000KBX1006;4;98,85;395,40;0,00;-18,20;EUR
2026-03-16;11:42:34;Executed;"SCALzmEEj6ZcCta";"Fuchs Vz. Short -3x Factor HVB";Security;Sell;DE000HD3T6Z3;64;8,19;524,16;0,00;6,76;EUR
2026-03-16;11:42:24;Cancelled;"SCALXbKj7nfmDHo";"Fuchs Vz. Short -3x Factor HVB";Security;Sell;DE000HD3T6Z3;0;0,00;0,00;0,00;0,00;EUR
2026-03-16;10:33:17;Cancelled;"SCALnzvqejQWJmQ";"Fuchs Vz. Short -3x Factor HVB";Security;Sell;DE000HD3T6Z3;0;0,00;0,00;0,00;0,00;EUR
2026-03-16;10:01:58;Executed;"SCALhRmMRKde8pw";"Samsung Electronics GDR";Security;Buy;US7960508882;1;2.760,00;-2.760,00;0,00;0,00;EUR
2026-03-16;09:36:04;Executed;"SCALVP5eCwYfQVX";"Western Digital";Security;Sell;US9581021055;2;245,05;490,10;0,00;2,84;EUR
2026-03-16;09:00:17;Executed;"SCALaS4LwnDRbQT";"Aroundtown Short 3x Factor GS";Security;Buy;DE000GU9YHJ4;47;10,24;-481,28;0,00;0,00;EUR
2026-03-16;07:36:00;Executed;"SCALN3JzSD5w3rD";"Salesforce";Security;Buy;US79466L3024;3;169,72;-509,16;0,00;0,00;EUR
2026-03-13;20:29:39;Executed;"SCALzFGyQZo4NkE";"Dow Jones Short 3x Factor GS";Security;Buy;DE000GQ0VPS9;67;7,416;-496,872;0,00;0,00;EUR
2026-03-13;12:10:17;Executed;"SCALGkRjY8Md52m";"Zalando Long 3x Factor HVB";Security;Sell;DE000HD1SG05;114;4,59;523,26;0,00;6,31;EUR
2026-03-13;11:31:10;Executed;"SCALV9eXSymrzjX";"iShares Core MSCI World (Acc)";Security;Savings plan;IE00B4L5Y983;2,674631;112,165;-299,999986115;0,00;0,00;EUR
2026-03-13;11:17:59;Cancelled;"SCALN1GHyhtFo8H";"LEG Immobilien Short -3x Factor HVB";Security;Sell;DE000UG3X3H8;0;0,00;0,00;0,00;0,00;EUR
2026-03-13;11:16:32;Cancelled;"SCAL8pXHVnoAqx2";"LEG Immobilien Short -3x Factor HVB";Security;Sell;DE000UG3X3H8;0;0,00;0,00;0,00;0,00;EUR
2026-03-13;11:13:22;Executed;"SCALE5f26RBKrnz";"Zalando Long 3x Factor HVB";Security;Buy;DE000HD1SG05;114;4,38;-499,32;0,00;0,00;EUR
2026-03-13;10:52:56;Executed;"SCALBboUAPqfLLq";"TAG Immobilien Short -3x Factor HVB";Security;Sell;DE000HD6AJM0;59;8,89;524,51;0,00;6,70;EUR
2026-03-13;09:01:41;Executed;"SCALdMaegbZJnqA";"Siemens Healthineers Short -3x Factor HVB";Security;Buy;DE000UG3X765;33;15,26;-503,58;0,00;0,00;EUR
2026-03-13;09:01:34;Executed;"SCALJxMb9wWtFaa";"TAG Immobilien Short -3x Factor HVB";Security;Buy;DE000HD6AJM0;59;8,46;-499,14;0,00;0,00;EUR
2026-03-13;09:01:33;Executed;"SCALxKmnKCqYWP3";"Vonovia Short -3x Factor HVB";Security;Buy;DE000UG46HV4;80;6,23;-498,40;0,00;0,00;EUR
2026-03-13;09:01:21;Executed;"SCALqoutrrR5tXv";"LEG Immobilien Short -3x Factor HVB";Security;Buy;DE000UG3X3H8;58;8,86;-513,88;0,00;0,00;EUR
2026-03-13;09:01:20;Executed;"SCALstZrfCLRgi5";"Fuchs Vz. Short -3x Factor HVB";Security;Buy;DE000HD3T6Z3;64;7,79;-498,56;0,00;0,00;EUR
2026-03-12;20:25:48;Executed;"SCALowSTMxBCBMS";"Exxon Mobil";Security;Buy;US30231G1022;3;133,94;-401,82;0,00;0,00;EUR
2026-03-12;20:25:37;Executed;"SCALPidW3j3Y9WZ";"Shell";Security;Buy;GB00BP6MXD84;12;38,51;-462,12;0,00;0,00;EUR
2026-03-12;18:15:42;Executed;"SCALo5BbiKJA8h2";"WisdomTree Brent Crude Oil USD";Security;Buy;JE00B78CGV99;7;67,96;-475,72;0,00;0,00;EUR
2026-03-12;17:05:44;Executed;"SCALiGbctbfY17E";"Salesforce";Security;Sell;US79466L3024;3;173,38;520,14;0,00;-1,28;EUR
2026-03-12;15:23:13;Executed;"SCAL3cJ3XwvXFiR";"Salesforce";Security;Buy;US79466L3024;3;175,00;-525,00;0,00;0,00;EUR
2026-03-12;13:02:24;Executed;"SCALPqNrUHkDH7m";"Vonovia Short -3x Factor HVB";Security;Sell;DE000UG5CC41;47;10,60;498,20;0,00;1,24;EUR
2026-03-12;12:31:24;Executed;"SCALYp55Jba5zRC";"K+S AG Short -3x Factor HVB";Security;Sell;DE000UG5X752;98;4,80;470,40;0,00;-6,98;EUR
2026-03-12;12:31:15;Cancelled;"SCALmLbWrV3o9yR";"K+S AG Short -3x Factor HVB";Security;Sell;DE000UG5X752;0;0,00;0,00;0,00;0,00;EUR
2026-03-12;11:09:42;Executed;"SCALiVj5ZtuVK3c";"K+S AG Short -3x Factor HVB";Security;Buy;DE000UG5X752;98;5,07;-496,86;0,00;0,00;EUR
2026-03-12;10:54:06;Executed;"SCAL1bveH9yw57U";"Porsche Automobil Hldg Vz Short -3x Factor HVB";Security;Sell;DE000HD6AFG0;19;25,86;491,34;0,00;0,90;EUR
2026-03-12;09:52:55;Executed;"SCALcfGX4hyG6kt";"Vonovia Short -3x Factor HVB";Security;Buy;DE000UG5CC41;47;10,50;-493,50;0,00;0,00;EUR
2026-03-12;09:11:42;Executed;"SCALn1V7Eczmmv4";"Zalando Short -3x Factor HVB";Security;Sell;DE000UG17NR1;33;11,44;377,52;0,00;-23,85;EUR
2026-03-12;09:03:34;Executed;"SCALNQwkUMoaVdQ";"Zalando Short -3x Factor HVB";Security;Buy;DE000UG17NR1;33;14,18;-467,94;0,00;0,00;EUR
2026-03-11;19:38:33;Executed;"SCAL26Mad2Jp4sU";"Micron Technology";Security;Sell;US5951121038;2;365,00;730,00;0,00;11,80;EUR
2026-03-11;16:56:43;Executed;"SCALFiddsM9ogvx";"Adobe";Security;Sell;US00724F1012;2;233,50;467,00;0,00;-6,70;EUR
2026-03-11;16:40:03;Executed;"SCALzYz2CdxueUT";"Fuchs Vz. Short -3x Factor HVB";Security;Sell;DE000HD3T6Z3;70;7,40;518,00;0,00;0,73;EUR
2026-03-11;15:25:33;Executed;"SCALCyttKqTQyjU";"Micron Technology";Security;Sell;US5951121038;1;360,00;360,00;0,00;2,46;EUR
2026-03-11;14:42:44;Executed;"SCALZxFYcLpKuDh";"Salesforce Long 3x Factor GS";Security;Sell;DE000GU8UXJ1;52;9,377;487,604;0,00;-3,15;EUR
2026-03-11;14:34:28;Executed;"SCAL9rP3x4KfH5f";"Salesforce Long 3x Factor GS";Security;Buy;DE000GU8UXJ1;52;9,607;-499,564;0,00;0,00;EUR
2026-03-11;14:25:18;Executed;"SCALZYkwRgrsk7u";"Micron Technology";Security;Sell;US5951121038;1;355,00;355,00;0,00;1,15;EUR
2026-03-11;14:16:55;Cancelled;"SCALwpekpcAxHE7";"Fuchs Vz. Short -3x Factor HVB";Security;Sell;DE000HD3T6Z3;0;0,00;0,00;0,00;0,00;EUR
2026-03-11;11:43:43;Executed;"SCALfoG4cjMB8EJ";"Henkel Vz Long 3x Factor HVB";Security;Sell;DE000HC15YR8;71;6,76;479,96;0,00;-5,44;EUR
2026-03-11;10:21:31;Executed;"SCALTxAjJAGqLuq";"Henkel Vz Long 3x Factor HVB";Security;Buy;DE000HC15YR8;71;7,05;-500,55;0,00;0,00;EUR
2026-03-11;10:20:37;Cancelled;"SCALdhk5ikoorSb";"Henkel Vz Short -3x Factor HVB";Security;Buy;DE000HC284R4;0;0,00;0,00;0,00;0,00;EUR
2026-03-11;10:02:15;Executed;"SCALDBHALGp1wEA";"DAX Short 10x Factor GS";Security;Sell;DE000GJ80GM7;738;0,69;509,22;0,00;2,54;EUR
2026-03-11;09:54:28;Executed;"SCALsedPwHzb1tB";"Samsung Electronics GDR";Security;Sell;US7960508882;1;2.740,00;2.740,00;0,00;63,30;EUR
2026-03-11;09:53:52;Executed;"SCAL7TWE48Tprx5";"DAX Long 5x Factor GS";Security;Sell;DE000GH1L183;121;3,977;481,217;0,00;-4,79;EUR
2026-03-11;09:50:45;Cancelled;"SCALWoyjoN8kJ2C";"DAX Long 5x Factor GS";Security;Sell;DE000GH1L183;0;0,00;0,00;0,00;0,00;EUR
2026-03-11;09:49:57;Executed;"SCALggreE63J1ij";"DAX Short 10x Factor GS";Security;Buy;DE000GJ80GM7;738;0,677;-499,626;0,00;0,00;EUR
2026-03-11;09:00:39;Executed;"SCALwsQ2XGCBwqY";"Porsche Automobil Hldg Vz Short -3x Factor HVB";Security;Buy;DE000HD6AFG0;19;25,68;-487,92;0,00;0,00;EUR
2026-03-11;09:00:38;Executed;"SCALXmLrraRqLKk";"Fuchs Vz. Short -3x Factor HVB";Security;Buy;DE000HD3T6Z3;70;7,36;-515,20;0,00;0,00;EUR
2026-03-11;01:00:00;Executed;"BIHOKDVSAQEUFDP5LDG9QB";"Scalable Capital Broker Sparplan";Cash;Deposit;;;;300,00;0,00;;EUR
2026-03-10;21:23:49;Executed;"SCALbMAgZVn5pMm";"Oracle";Security;Sell;US68389X1054;4;140,00;560,00;0,00;10,51;EUR
2026-03-10;19:55:22;Executed;"SCAL1mNSUKXHgJm";"TecDAX Short 5x Factor GS";Security;Sell;DE000GV6ABJ2;19;25,10;476,90;0,00;0,10;EUR
2026-03-10;18:40:05;Cancelled;"SCALENo1sSzbSS2";"TecDAX Short 5x Factor GS";Security;Sell;DE000GV6ABJ2;0;0,00;0,00;0,00;0,00;EUR
2026-03-10;15:03:01;Executed;"SCALfcwmeeUQnf5";"TecDAX Short 5x Factor GS";Security;Buy;DE000GV6ABJ2;19;25,08;-476,52;0,00;0,00;EUR
2026-03-10;15:01:54;Executed;"SCALUoSdnrv4qer";"TecDAX Long 5x Factor GS";Security;Sell;DE000GK14MX9;62;7,653;474,486;0,00;-5,35;EUR
2026-03-10;14:41:13;Executed;"SCALWBciGrZgZPB";"Micron Technology";Security;Buy;US5951121038;1;349,90;-349,90;0,00;0,00;EUR
2026-03-10;14:21:05;Executed;"SCALAcCB4yYB4vk";"Rheinmetall";Security;Sell;DE0007030009;1;1.650,00;1.650,00;0,00;18,60;EUR
2026-03-10;13:46:21;Cancelled;"SCALPuQv88QDkz3";"TecDAX Long 5x Factor GS";Security;Sell;DE000GK14MX9;0;0,00;0,00;0,00;0,00;EUR
2026-03-10;12:32:08;Executed;"SCALSZXMKeHVhdB";"Henkel Vz Short -3x Factor HVB";Security;Sell;DE000HC284R4;137;3,65;500,05;0,00;1,81;EUR
2026-03-10;09:03:23;Executed;"SCAL2tU7UMzyxuj";"Henkel Vz Short -3x Factor HVB";Security;Buy;DE000HC284R4;137;3,60;-493,20;0,00;0,00;EUR
2026-03-10;08:36:58;Executed;"SCALvRK9hTV3ch4";"TecDAX Long 5x Factor GS";Security;Buy;DE000GK14MX9;62;7,98;-494,76;0,00;0,00;EUR
2026-03-10;08:28:01;Executed;"SCAL3btWwQt3KM8";"Adobe";Security;Buy;US00724F1012;2;246,20;-492,40;0,00;0,00;EUR
2026-03-10;08:19:29;Executed;"SCALbp5Lbtdhd4q";"Deutsche Boerse";Security;Buy;DE0005810055;2;244,40;-488,80;0,00;0,00;EUR
2026-03-10;08:17:50;Executed;"SCALFfFqFGsZ5BY";"DAX Long 5x Factor GS";Security;Buy;DE000GH1L183;121;4,127;-499,367;0,00;0,00;EUR
2026-03-09;21:58:08;Executed;"SCAL2kxKBKoS7Mi";"Samsung Electronics GDR";Security;Sell;US7960508882;1;2.740,00;2.740,00;0,00;23,00;EUR
2026-03-09;21:02:47;Executed;"SCALVdaBpaUeEV1";"SK HYNIX GDR";Security;Buy;US78392B1070;1;538,00;-538,00;0,00;0,00;EUR
2026-03-09;21:01:14;Executed;"SCALLXavYhvBeQH";"Nasdaq 100 Long 3x Factor GS";Security;Sell;DE000GK1V799;9;56,00;504,00;0,00;0,00;EUR
2026-03-09;20:59:31;Executed;"SCALfq7LaQFYi9C";"Micron Technology";Security;Buy;US5951121038;1;335,40;-335,40;0,00;0,00;EUR
2026-03-09;18:42:30;Cancelled;"SCAL66ttGBzbnRk";"Rheinmetall";Security;Sell;DE0007030009;0;0,00;0,00;0,00;0,00;EUR
2026-03-09;18:40:48;Executed;"SCALPGvMvB7mQtE";"Amazon.com";Security;Sell;US0231351067;3;180,46;541,38;0,00;0,00;EUR
2026-03-09;18:39:29;Executed;"SCALPDpDKEWWyZo";"DAX Long 5x Factor GS";Security;Sell;DE000GH1L183;133;3,791;504,203;0,00;0,00;EUR
2026-03-09;18:39:16;Cancelled;"SCALaMXKNVrL7Ux";"DAX Long 5x Factor GS";Security;Sell;DE000GH1L183;0;0,00;0,00;0,00;0,00;EUR
2026-03-09;17:44:04;Cancelled;"SCALzioseZL5cDd";"DAX Long 5x Factor GS";Security;Sell;DE000GH1L183;0;0,00;0,00;0,00;0,00;EUR
2026-03-09;17:38:12;Cancelled;"SCALyLWPPygy7UE";"DAX Long 5x Factor GS";Security;Sell;DE000GH1L183;0;0,00;0,00;0,00;0,00;EUR
2026-03-09;16:53:37;Executed;"SCAL9dJiu7rZBae";"Nasdaq 100 Long 3x Factor GS";Security;Buy;DE000GK1V799;9;53,701;-483,309;0,00;0,00;EUR
2026-03-09;15:00:22;Executed;"SCALfraRw2yDqP5";"Amazon.com";Security;Buy;US0231351067;3;179,06;-537,18;0,00;0,00;EUR
2026-03-09;13:38:42;Executed;"SCALgiaCkpDoAiv";"DAX Long 5x Factor GS";Security;Buy;DE000GH1L183;133;3,738;-497,154;0,00;0,00;EUR
2026-03-09;13:37:48;Executed;"SCALVhX7JaVRfqs";"Commerzbank Short 2x Factor GS";Security;Sell;DE000GV3G835;57;8,559;487,863;0,00;0,00;EUR
2026-03-09;13:37:24;Executed;"SCALjH9sYsqHcYz";"Krones Short -3x Factor HVB";Security;Sell;DE000UG3X393;63;7,79;490,77;0,00;0,00;EUR
2026-03-09;10:34:09;Executed;"SCALvj2Dmd6HG3P";"Siemens Short -3x Factor HVB";Security;Sell;DE000UN0E2A7;49;9,79;479,71;0,00;0,00;EUR
2026-03-09;10:33:26;Executed;"SCALTrJxLBhLGkx";"WisdomTree Brent Crude Oil USD";Security;Buy;JE00B78CGV99;9;69,975;-629,775;0,00;0,00;EUR
2026-03-09;10:33:02;Executed;"SCALXApizdng5Vh";"WisdomTree Brent Crude Oil USD";Security;Buy;JE00B78CGV99;14;70,20;-982,80;0,00;0,00;EUR
2026-03-09;09:47:24;Executed;"SCALobyY6f7yM5z";"Krones Short -3x Factor HVB";Security;Buy;DE000UG3X393;63;7,85;-494,55;0,00;0,00;EUR
2026-03-09;09:31:23;Executed;"SCALds2BgHLpK5p";"Global X Copper Miners (Acc)";Security;Buy;IE0003Z9E2Y3;9;52,09;-468,81;0,00;0,00;EUR
2026-03-09;09:31:01;Executed;"SCALNeLYxQfELWk";"Invesco Physical Gold A";Security;Buy;IE00B579F325;1;425,64;-425,64;0,00;0,00;EUR
2026-03-09;09:26:00;Executed;"SCALdZ6q95J46yW";"Siemens Short -3x Factor HVB";Security;Buy;DE000UN0E2A7;49;10,12;-495,88;0,00;0,00;EUR
2026-03-09;09:25:17;Executed;"SCALypT4XnRGfar";"Commerzbank Short 2x Factor GS";Security;Buy;DE000GV3G835;57;8,719;-496,983;0,00;0,00;EUR
2026-03-09;09:22:46;Cancelled;"SCALidg2vEvx5Lg";"Commerzbank Short 2x Factor GS";Security;Buy;DE000GV3G835;0;0,00;0,00;0,00;0,00;EUR
2026-03-09;09:22:36;Cancelled;"SCALZTyzZXegcTg";"DAX Short 3x Factor GS";Security;Buy;DE000GQ6AXT2;0;0,00;0,00;0,00;0,00;EUR
2026-03-09;09:22:18;Cancelled;"SCALtuEuv7rZCJP";"Siemens Short -3x Factor HVB";Security;Buy;DE000UN0E2A7;0;0,00;0,00;0,00;0,00;EUR
2026-03-09;09:22:03;Cancelled;"SCALAiEDrD6HZ2R";"Krones Short -3x Factor HVB";Security;Buy;DE000UG3X393;0;0,00;0,00;0,00;0,00;EUR
2026-03-09;09:03:24;Executed;"SCALvpC9WPmPnSg";"Oracle";Security;Buy;US68389X1054;4;130,04;-520,16;0,00;0,00;EUR
2026-03-09;08:26:26;Executed;"SCAL3i8Cgm7mcAg";"iShares Core DAX (Acc)";Security;Sell;DE0005933931;3;190,62;571,86;0,00;-0,93;EUR
2026-03-09;08:15:26;Executed;"SCALMpCbmnojZgR";"Deutsche Boerse";Security;Sell;DE0005810055;2;238,80;477,60;0,00;-1,11;EUR
2026-03-09;07:54:25;Executed;"SCALgWx6jDw5zdG";"WisdomTree Brent Crude Oil USD";Security;Sell;JE00B78CGV99;10;74,00;740,00;0,00;2,04;EUR
2026-03-09;07:32:47;Executed;"SCALHQDp5TQM9i7";"Samsung Electronics GDR";Security;Buy;US7960508882;1;2.500,00;-2.500,00;0,00;0,00;EUR
2026-03-09;07:30:05;Executed;"SCALCHsCZR5TAU2";"Deutsche Boerse";Security;Buy;DE0005810055;2;240,90;-481,80;0,00;0,00;EUR
2026-03-06;18:29:43;Executed;"SCALY4mR3DKWAWR";"DAX Short 3x Factor GS";Security;Sell;DE000GQ6AXT2;177;2,938;520,026;0,00;0,00;EUR
2026-03-06;18:29:32;Cancelled;"SCAL4bX7mNJBjhA";"DAX Short 3x Factor GS";Security;Sell;DE000GQ6AXT2;0;0,00;0,00;0,00;0,00;EUR
2026-03-06;18:17:18;Executed;"SCALa8TyYzW5Uqj";"Rational Short Factor BNP";Security;Sell;DE000PN2PRN6;25;20,15;503,75;0,00;0,00;EUR
2026-03-06;18:17:06;Cancelled;"SCAL68MD2EadgAk";"Rational Short Factor BNP";Security;Sell;DE000PN2PRN6;0;0,00;0,00;0,00;0,00;EUR
2026-03-06;17:59:25;Cancelled;"SCALJpAMq443mMs";"DAX Short 3x Factor GS";Security;Sell;DE000GQ6AXT2;0;0,00;0,00;0,00;0,00;EUR
2026-03-06;17:59:01;Cancelled;"SCALYjtQUgvgsaj";"Rational Short Factor BNP";Security;Sell;DE000PN2PRN6;0;0,00;0,00;0,00;0,00;EUR
2026-03-06;16:13:39;Executed;"SCAL4qMaJxafsSf";"Samsung Electronics GDR";Security;Buy;US7960508882;1;2.650,00;-2.650,00;0,00;0,00;EUR
2026-03-06;14:47:52;Executed;"SCAL4b4bEtcXFd7";"WisdomTree Brent Crude Oil USD";Security;Buy;JE00B78CGV99;10;60,69;-606,90;0,00;0,00;EUR
2026-03-06;14:44:03;Executed;"SCALPGGZo1Gkj7H";"iShares Core DAX (Acc)";Security;Buy;DE0005933931;3;195,00;-585,00;0,00;0,00;EUR
2026-03-06;13:18:43;Executed;"SCALAFVpGqDFpi1";"Evonik Industries Short 3x Factor GS";Security;Sell;DE000GW00EL5;64;7,95;508,80;0,00;0,00;EUR
2026-03-06;13:18:28;Cancelled;"SCAL69DvB6hrheM";"Evonik Industries Short 3x Factor GS";Security;Sell;DE000GW00EL5;0;0,00;0,00;0,00;0,00;EUR
2026-03-06;13:16:32;Executed;"SCALvUQhEnfCEii";"Infineon Technologies Short Factor BNP";Security;Sell;DE000PL3FTS2;51;10,02;511,02;0,00;0,00;EUR
2026-03-06;13:16:00;Cancelled;"SCALaNkqgYSbjDu";"Infineon Technologies Short Factor BNP";Security;Sell;DE000PL3FTS2;0;0,00;0,00;0,00;0,00;EUR
2026-03-06;12:46:17;Executed;"SCALbBwynUjFBMQ";"Global X Copper Miners (Acc)";Security;Buy;IE0003Z9E2Y3;9;55,00;-495,00;0,00;0,00;EUR
2026-03-06;12:43:16;Executed;"SCALcnXbD7CLPyK";"WisdomTree Brent Crude Oil USD";Security;Sell;JE00B78CGV99;9;59,995;539,955;0,00;0,00;EUR
2026-03-06;11:48:10;Executed;"SCALjyRTWqSv4uf";"Invesco Physical Silver";Security;Buy;IE00B43VDT70;7;68,21;-477,47;0,00;0,00;EUR
2026-03-06;11:47:36;Executed;"SCAL5SdEA8FCaHU";"Invesco Physical Gold A";Security;Buy;IE00B579F325;1;422,96;-422,96;0,00;0,00;EUR
2026-03-06;11:46:05;Executed;"SCALYw8gbfyb2WG";"Brenntag Short 5x Factor GS";Security;Sell;DE000GJ79DH6;57;8,68;494,76;0,00;0,00;EUR
2026-03-06;11:19:15;Executed;"SCALppvW25ZeLZ9";"Allianz Short -5x Factor HVB";Security;Sell;DE000UG3DTR9;173;3,02;522,46;0,00;0,00;EUR
2026-03-06;11:18:05;Cancelled;"SCALrcVyQumcdv4";"WisdomTree Brent Crude Oil USD";Security;Buy;JE00B78CGV99;0;0,00;0,00;0,00;0,00;EUR
2026-03-06;10:51:37;Executed;"SCALJWy265iQqdJ";"Infineon Technologies Short Factor BNP";Security;Buy;DE000PL3FTS2;51;9,68;-493,68;0,00;0,00;EUR
2026-03-06;10:50:46;Executed;"SCALy6DQq9PG2YC";"Deutsche Boerse";Security;Sell;DE0005810055;2;240,70;481,40;0,00;0,00;EUR
2026-03-06;10:50:38;Cancelled;"SCALp1ac9Yn9Fce";"Deutsche Boerse";Security;Sell;DE0005810055;0;0,00;0,00;0,00;0,00;EUR
2026-03-06;10:49:03;Executed;"SCALUdSjEP8aA93";"Rational Short Factor BNP";Security;Buy;DE000PN2PRN6;25;19,36;-484,00;0,00;0,00;EUR
2026-03-06;10:39:31;Executed;"SCALYT51nAqPvCZ";"Brenntag Short 5x Factor GS";Security;Buy;DE000GJ79DH6;57;8,67;-494,19;0,00;0,00;EUR
2026-03-06;10:39:01;Executed;"SCAL1rmD4NAz7bK";"Brenntag";Security;Sell;DE000A1DAHH0;8;45,41;363,28;0,00;0,00;EUR
2026-03-06;09:07:01;Executed;"SCALSjQLWhqrmpB";"TecDAX Long 5x Factor GS";Security;Sell;DE000GK14MX9;53;8,38;444,14;0,00;0,00;EUR
2026-03-06;09:01:11;Executed;"SCAL6v7qyRv56Nv";"Allianz Short -5x Factor HVB";Security;Buy;DE000UG3DTR9;173;2,92;-505,16;0,00;0,00;EUR
2026-03-06;08:13:22;Executed;"SCALtXicQbpZUpn";"DAX Short 3x Factor GS";Security;Buy;DE000GQ6AXT2;177;2,819;-498,963;0,00;0,00;EUR
2026-03-06;01:00:00;Executed;"260306-9YPKNVKJPTYRNB5SFNXABH";"";Cash;Deposit;;;;5.000,00;0,00;;EUR
2026-03-05;22:36:08;Executed;"SCALNE363SAUFQi";"Oracle";Security;Sell;US68389X1054;8;135,00;1.080,00;0,00;0,00;EUR
2026-03-05;21:03:52;Executed;"SCAL76TMbdA4YfE";"WisdomTree Brent Crude Oil USD";Security;Buy;JE00B78CGV99;9;58,00;-522,00;0,00;0,00;EUR
2026-03-05;19:34:01;Executed;"SCALyRUABekTg12";"Oracle";Security;Buy;US68389X1054;8;131,48;-1.051,84;0,00;0,00;EUR
2026-03-05;16:45:15;Executed;"SCAL7ghTHCsKRMF";"Salesforce";Security;Sell;US79466L3024;3;175,02;525,06;0,00;0,00;EUR
2026-03-05;16:30:06;Cancelled;"SCALp91xbJJo4wi";"Salesforce";Security;Sell;US79466L3024;0;0,00;0,00;0,00;0,00;EUR
2026-03-05;15:54:40;Executed;"SCALL5Ew4Kn3VeN";"Oracle";Security;Sell;US68389X1054;12;135,00;1.620,00;0,00;0,00;EUR
2026-03-05;09:33:43;Executed;"SCALumDCCRStRz1";"WisdomTree Brent Crude Oil USD";Security;Sell;JE00B78CGV99;12;56,345;676,14;0,00;0,00;EUR
2026-03-05;09:00:08;Executed;"SCALV1xbvF9tcQu";"Evonik Industries Short 3x Factor GS";Security;Buy;DE000GW00EL5;64;7,57;-484,48;0,00;0,00;EUR
2026-03-05;08:00:04;Executed;"SCALnTbsL56CJAJ";"TecDAX Long 5x Factor GS";Security;Buy;DE000GK14MX9;53;8,93;-473,29;0,00;0,00;EUR
2026-03-05;07:55:50;Executed;"SCALBumPUrozAbq";"Deutsche Boerse";Security;Buy;DE0005810055;2;240,60;-481,20;0,00;0,00;EUR
2026-03-04;20:12:04;Executed;"SCALYBiC9k7m7bQ";"Invesco Physical Bitcoin";Security;Buy;XS2376095068;16;61,895;-990,32;6,83;0,00;EUR
2026-03-04;20:11:32;Cancelled;"SCALE4U9mPFMnMQ";"Samsung Electronics GDR";Security;Buy;US7960508882;0;0,00;0,00;0,00;0,00;EUR
2026-03-04;17:32:55;Executed;"SCALMyjBMQyuYno";"Amazon.com";Security;Sell;US0231351067;6;185,54;1.113,24;0,00;0,00;EUR
2026-03-03;09:52:23;Executed;"SCALKz9gtn7YPo5";"Brenntag Short Factor BNP";Security;Sell;DE000PD4SBN2;264;2,06;543,84;0,00;0,00;EUR
2026-03-03;09:51:44;Executed;"SCAL1GBmmn99oHg";"Global X Copper Miners (Acc)";Security;Buy;IE0003Z9E2Y3;8;59,33;-474,64;0,00;0,00;EUR
2026-03-03;08:03:09;Cancelled;"SCALyJghVoC9Hr3";"Evonik Industries Short 2x Factor GS";Security;Buy;DE000GX6B381;0;0,00;0,00;0,00;0,00;EUR
2026-03-03;08:02:10;Executed;"SCALARDexmDnfT6";"Brenntag Short Factor BNP";Security;Buy;DE000PD4SBN2;264;1,94;-512,16;0,00;0,00;EUR
2026-03-02;11:32:00;Executed;"SCALPJGugdgbj3d";"Invesco Physical Gold A";Security;Sell;IE00B579F325;1;441,80;441,80;0,00;0,00;EUR
2026-03-02;11:31:28;Executed;"SCAL9PKcTrNz6AE";"WisdomTree Brent Crude Oil USD";Security;Sell;JE00B78CGV99;10;52,28;522,80;0,00;0,00;EUR
2026-03-02;07:38:22;Executed;"SCALXFqzRT1HpeS";"WisdomTree Brent Crude Oil USD";Security;Buy;JE00B78CGV99;12;53,515;-642,18;0,00;0,00;EUR
2026-03-02;07:35:20;Cancelled;"SCAL7BCis2v9cyM";"WisdomTree Brent Crude Oil USD";Security;Buy;JE00B78CGV99;0;0,00;0,00;0,00;0,00;EUR
2026-03-01;01:00:00;Executed;"S2KRHXLLRP5XVBTP";"Entgelt PRIME+ Broker";Cash;Fee;;;;-4,99;0,00;;EUR
2026-02-27;19:41:04;Executed;"SCALoPf1cSU2tfC";"Amazon.com";Security;Buy;US0231351067;6;176,80;-1.060,80;0,00;0,00;EUR
2026-02-27;19:08:51;Executed;"SCALR6JekE8cXLe";"Salesforce";Security;Buy;US79466L3024;3;165,70;-497,10;0,00;0,00;EUR
2026-02-27;17:03:01;Executed;"SCALowehC4EtXYs";"Merck";Security;Sell;DE0006599905;4;128,55;514,20;0,00;0,00;EUR
2026-02-27;16:49:19;Cancelled;"SCALkPGzPi6EYaa";"Micron Technology";Security;Sell;US5951121038;0;0,00;0,00;0,00;0,00;EUR
2026-02-27;16:44:11;Executed;"SCALWFSqdwRzZCP";"Invesco Physical Silver";Security;Sell;IE00B43VDT70;7;74,995;524,965;0,00;0,00;EUR
2026-02-27;16:05:27;Executed;"SCALTqsiQuvbHwr";"Renk Group";Security;Sell;DE000RENK730;8;58,15;465,20;0,00;0,00;EUR
2026-02-27;14:50:15;Cancelled;"SCALbxe3kPTTf23";"Renk Group";Security;Sell;DE000RENK730;0;0,00;0,00;0,00;0,00;EUR
2026-02-27;14:47:16;Executed;"SCALG7Jy1aBqhU7";"Münchener Rück";Security;Sell;DE0008430026;1;556,00;556,00;0,00;0,00;EUR
2026-02-27;11:39:25;Cancelled;"SCALGUqzUfKbviH";"EURO STOXX 50 Long 5x Factor GS";Security;Buy;DE000GK00VS9;0;0,00;0,00;0,00;0,00;EUR
2026-02-27;07:31:15;Executed;"SCALwQe6j1Uwn6U";"Invesco Physical Platinum";Security;Sell;IE00B40QP990;3;192,26;576,78;0,00;0,00;EUR
2026-02-27;07:22:59;Cancelled;"SCALnFktVmX7nyG";"Merck";Security;Sell;DE0006599905;0;0,00;0,00;0,00;0,00;EUR
2026-02-26;22:48:19;Executed;"SCALDCmqdz85ub4";"NVIDIA";Security;Buy;US67066G1040;2;157,06;-314,12;0,00;0,00;EUR
2026-02-26;18:47:22;Executed;"SCALPwZdWSGrsXA";"Nasdaq";Security;Sell;US6311031081;15;74,22;1.113,30;0,00;0,00;EUR
2026-02-26;18:46:34;Executed;"SCALRL3ARSBz7oH";"Salesforce";Security;Sell;US79466L3024;3;167,32;501,96;0,00;0,00;EUR
2026-02-26;17:38:03;Executed;"SCALxE6DFwZpaHr";"SK HYNIX GDR";Security;Buy;US78392B1070;1;652,00;-652,00;0,00;0,00;EUR
2026-02-26;15:54:48;Executed;"SCALDcYDPt7nLM7";"EURO STOXX 50 Long 5x Factor GS";Security;Sell;DE000GK00VS9;9;57,43;516,87;0,00;0,00;EUR
2026-02-26;15:53:21;Executed;"SCALS2nGbhhJSWb";"Taiwan Semiconductor Manufact. ADR";Security;Buy;US8740391003;2;318,50;-637,00;0,00;0,00;EUR
2026-02-26;15:52:56;Executed;"SCALoV15maeTKm4";"iShares Core DAX (Acc)";Security;Sell;DE0005933931;3;209,00;627,00;0,00;0,00;EUR
2026-02-26;12:52:48;Cancelled;"SCAL8gnMb4vkmKR";"Merck";Security;Sell;DE0006599905;0;0,00;0,00;0,00;0,00;EUR
2026-02-26;10:04:20;Executed;"SCALPQs5eufk5iw";"SK HYNIX GDR";Security;Buy;US78392B1070;1;682,00;-682,00;0,00;0,00;EUR
2026-02-26;10:03:19;Executed;"SCALEKmoT44rDDa";"SK HYNIX GDR";Security;Sell;US78392B1070;1;674,00;674,00;0,00;0,00;EUR
2026-02-26;09:00:22;Executed;"SCAL84sSCZyxx85";"Fresenius";Security;Sell;DE0005785604;9;51,52;463,68;0,00;0,00;EUR
2026-02-26;08:06:17;Executed;"SCALJZsAw6dEE7b";"Münchener Rück";Security;Buy;DE0008430026;1;556,00;-556,00;0,00;0,00;EUR
2026-02-26;07:58:17;Executed;"SCAL9CYVdMEnbxA";"SK HYNIX GDR";Security;Buy;US78392B1070;1;668,00;-668,00;0,00;0,00;EUR
2026-02-25;21:49:24;Executed;"SCALVHsEFKSFTzK";"Invesco Physical Platinum";Security;Buy;IE00B40QP990;3;185,80;-557,40;0,00;0,00;EUR
2026-02-25;16:33:41;Executed;"SCALNGJCsFoaqVR";"Brenntag Short Factor BNP";Security;Sell;DE000PJ3A5T9;58;8,81;510,98;0,00;0,00;EUR
2026-02-25;16:03:29;Executed;"SCAL6mMKM8eWv9v";"Oracle";Security;Sell;US68389X1054;4;129,84;519,36;0,00;0,00;EUR
2026-02-25;15:45:04;Executed;"SCALe5FRXeSk7Z1";"Micron Technology";Security;Sell;US5951121038;2;369,55;739,10;0,00;0,00;EUR
2026-02-25;15:10:49;Executed;"SCALArR5XoamdeP";"Global X Copper Miners (Acc)";Security;Buy;IE0003Z9E2Y3;7;63,74;-446,18;0,00;0,00;EUR
2026-02-25;15:07:43;Executed;"SCALG7v66BWsm94";"Porsche Vz";Security;Sell;DE000PAG9113;11;41,67;458,37;0,00;0,00;EUR
2026-02-25;15:07:34;Cancelled;"SCALHtgyd4dmtW1";"Porsche Vz";Security;Sell;DE000PAG9113;0;0,00;0,00;0,00;0,00;EUR
2026-02-25;14:00:16;Executed;"SCAL3JFndA5A8B7";"Brenntag Short Factor BNP";Security;Buy;DE000PJ3A5T9;58;8,60;-498,80;0,00;0,00;EUR
2026-02-25;12:02:33;Executed;"SCAL8EYnfXUpmzQ";"iShares Core S&P 500 (Acc)";Security;Savings plan;IE00B5BMR087;0,477342;628,48;-299,99990016;0,00;0,00;EUR
2026-02-25;11:56:37;Executed;"SCALxaokD8KSG66";"Xtrackers MSCI World Information Technology (Acc)";Security;Savings plan;IE00BM67HT60;3,090563;97,0696788009;-299,9999577239459;0,00;0,00;EUR
2026-02-25;11:36:43;Executed;"SCALAiuq86N6p4d";"Invesco Physical Gold A";Security;Savings plan;IE00B579F325;0,70932;422,94;-299,9998008;0,00;0,00;EUR
2026-02-25;11:24:47;Executed;"SCALi2Y6rQS9UYs";"iShares Nasdaq 100 (Acc)";Security;Savings plan;IE00B53SZB19;0,246264;1.218,20;-299,9988048;0,00;0,00;EUR
2026-02-25;08:14:59;Executed;"SCALYS9PjmVjq8Q";"Vonovia";Security;Sell;DE000A1ML7J1;18;28,00;504,00;0,00;0,00;EUR
2026-02-25;08:00:03;Executed;"SCALsyaAMqXufN1";"EURO STOXX 50 Long 5x Factor GS";Security;Buy;DE000GK00VS9;9;56,29;-506,61;0,00;0,00;EUR
2026-02-24;22:05:11;Executed;"SCALBsMMpbSd3jq";"Salesforce";Security;Buy;US79466L3024;3;155,76;-467,28;0,00;0,00;EUR
2026-02-24;19:53:15;Executed;"SCAL94d3Q8GrBMN";"Micron Technology";Security;Buy;US5951121038;2;350,65;-701,30;0,00;0,00;EUR
2026-02-24;19:43:55;Executed;"SCALND1acyRAWg9";"Micron Technology";Security;Buy;US5951121038;2;359,25;-718,50;0,00;0,00;EUR
2026-02-24;17:11:27;Cancelled;"SCALwhPopgmgRN3";"Porsche Vz";Security;Sell;DE000PAG9113;0;0,00;0,00;0,00;0,00;EUR
2026-02-24;17:10:30;Executed;"SCALw3mBWgyU5k2";"Micron Technology";Security;Sell;US5951121038;2;365,25;730,50;0,00;0,00;EUR
2026-02-24;17:09:45;Cancelled;"SCALL7GK7BTQbX3";"Micron Technology";Security;Sell;US5951121038;0;0,00;0,00;0,00;0,00;EUR
2026-02-24;16:18:25;Executed;"SCALEszYCdHwDoN";"TeamViewer Short 2x Factor GS";Security;Sell;DE000GU3SA96;11;26,45;290,95;0,00;0,00;EUR
2026-02-24;15:54:41;Executed;"SCALLXK7e2Co5T1";"Salesforce";Security;Sell;US79466L3024;3;157,16;471,48;0,00;0,00;EUR
2026-02-24;15:46:20;Cancelled;"SCALaphhaANVckM";"TeamViewer Short 2x Factor GS";Security;Sell;DE000GU3SA96;0;0,00;0,00;0,00;0,00;EUR
2026-02-24;15:33:38;Executed;"SCALBwRBuoi2oUX";"Micron Technology";Security;Buy;US5951121038;2;358,40;-716,80;0,00;0,00;EUR
2026-02-24;14:13:13;Executed;"SCALbFA1qUEJ43h";"SK HYNIX GDR";Security;Buy;US78392B1070;1;600,00;-600,00;0,00;0,00;EUR
2026-02-24;13:59:42;Executed;"SCALybAjmDYz3ii";"Taiwan Semiconductor Manufact. ADR";Security;Sell;US8740391003;2;321,50;643,00;0,00;0,00;EUR
2026-02-24;13:59:30;Cancelled;"SCALzW7ZRMuK27H";"Taiwan Semiconductor Manufact. ADR";Security;Sell;US8740391003;0;0,00;0,00;0,00;0,00;EUR
2026-02-24;10:59:34;Executed;"SCALprCZ1CJKxJR";"Siemens Energy";Security;Sell;DE000ENER6Y0;3;166,05;498,15;0,00;0,00;EUR
2026-02-24;10:46:31;Cancelled;"SCALUxnsXBKV5y5";"Siemens Energy";Security;Sell;DE000ENER6Y0;0;0,00;0,00;0,00;0,00;EUR
2026-02-24;10:46:09;Executed;"SCALnSkM2AA8u8b";"Salesforce";Security;Buy;US79466L3024;3;151,18;-453,54;0,00;0,00;EUR
2026-02-24;09:05:33;Executed;"SCAL8AzBfHKepM9";"TeamViewer Short 2x Factor GS";Security;Buy;DE000GU3SA96;11;26,56;-292,16;0,00;0,00;EUR
2026-02-24;08:28:27;Executed;"SCALKGQfLwqbc7r";"MTU Aero Engines";Security;Buy;DE000A0D9PT0;1;394,90;-394,90;0,00;0,00;EUR
2026-02-24;08:25:02;Executed;"SCAL7TNXYc6UeCT";"iShares Core DAX (Acc)";Security;Buy;DE0005933931;3;206,95;-620,85;0,00;0,00;EUR
2026-02-24;08:13:26;Executed;"SCAL74NseJY1Sxd";"ASML Holding";Security;Buy;NL0010273215;1;1.264,60;-1.264,60;0,00;0,00;EUR
2026-02-24;07:45:16;Executed;"SCALgAsweGY8Z2o";"Samsung Electronics GDR";Security;Sell;US7960508882;1;2.920,00;2.920,00;0,00;0,00;EUR
2026-02-23;21:07:26;Executed;"SCALCu1n9Ax2BjF";"NVIDIA";Security;Buy;US67066G1040;3;161,56;-484,68;0,00;0,00;EUR
2026-02-23;18:03:18;Executed;"SCALnjr4UtzzZAV";"Invesco Physical Gold A";Security;Sell;IE00B579F325;1;425,00;425,00;0,00;0,00;EUR
2026-02-23;15:13:16;Executed;"SCAL4PpqnxRzzoM";"freenet";Security;Sell;DE000A0Z2ZZ5;31;31,00;961,00;0,00;0,00;EUR
2026-02-23;11:35:20;Cancelled;"SCALod7ET1JPFWu";"freenet";Security;Sell;DE000A0Z2ZZ5;0;0,00;0,00;0,00;0,00;EUR
2026-02-23;11:28:41;Executed;"SCALg6jnzYhnBvk";"Invesco Physical Silver";Security;Buy;IE00B43VDT70;7;70,17;-491,19;0,00;0,00;EUR
2026-02-23;11:28:22;Executed;"SCALTPeBJTPzW2X";"Kioxia Holdings";Security;Sell;JP3236330001;3;113,00;339,00;0,00;0,00;EUR
2026-02-23;11:27:25;Cancelled;"SCALTawmhupHRRr";"Siemens Energy";Security;Sell;DE000ENER6Y0;0;0,00;0,00;0,00;0,00;EUR
2026-02-23;09:04:38;Executed;"SCALqguYx6rWibK";"Kioxia Holdings";Security;Buy;JP3236330001;3;111,00;-333,00;0,00;0,00;EUR
2026-02-23;08:46:20;Cancelled;"SCAL9QMsVw5JegQ";"DAX Short 3x Factor GS";Security;Buy;DE000GQ6AXT2;0;0,00;0,00;0,00;0,00;EUR
2026-02-23;07:36:10;Cancelled;"SCALXAX5M4vxmqm";"Intel Corp";Security;Sell;US4581401001;0;0,00;0,00;0,00;0,00;EUR
2026-02-23;07:36:03;Cancelled;"SCALkwT3rcGtfzp";"Western Digital";Security;Sell;US9581021055;0;0,00;0,00;0,00;0,00;EUR
2026-02-23;07:34:37;Executed;"SCAL5hbUGBVeYeZ";"Knorr-Bremse";Security;Buy;DE000KBX1006;4;116,10;-464,40;0,00;0,00;EUR
2026-02-23;07:30:01;Executed;"SCAL9Hv233czHAU";"Invesco Physical Silver";Security;Buy;IE00B43VDT70;7;69,865;-489,055;0,00;0,00;EUR
2026-02-23;07:11:01;Rejected;"SCALVSLkyavbWUY";"DAX Short 3x Factor GS";Security;Buy;DE000GQ6AXT2;0;0,00;0,00;0,00;0,00;EUR
2026-02-23;07:10:06;Cancelled;"SCALGq1WbiXF33k";"Microsoft";Security;Buy;US5949181045;0;0,00;0,00;0,00;0,00;EUR
2026-02-23;01:00:00;Executed;"JTSJXI4Y1YKUSWNTSBQHDF";"Scalable Capital Broker 4x Sparplan";Cash;Deposit;;;;1.200,00;0,00;;EUR
2026-02-23;01:00:00;Executed;"363229_cns3t2c78AFERemuBBek9Q";"Infineon Technologies";Cash;Distribution;DE0006231004;;;3,50;0,00;0,00;EUR
2026-02-20;20:59:19;Executed;"SCAL7UF2H3xGtMT";"Samsung Electronics GDR";Security;Buy;US7960508882;1;2.870,00;-2.870,00;0,00;0,00;EUR
2026-02-20;20:58:29;Executed;"SCALGua8U8cz67A";"WisdomTree Brent Crude Oil USD";Security;Buy;JE00B78CGV99;10;48,074;-480,74;0,00;0,00;EUR
2026-02-20;20:56:57;Executed;"SCALvr91suvnun1";"Oracle";Security;Buy;US68389X1054;4;125,58;-502,32;0,00;0,00;EUR
2026-02-20;18:32:08;Executed;"SCALroBdv8dnZ33";"Münchener Rück";Security;Sell;DE0008430026;1;542,00;542,00;0,00;0,00;EUR
2026-02-20;16:10:14;Executed;"SCALgiC5UkiiXPZ";"Nasdaq 100 Long 5x Factor GS";Security;Sell;DE000GX82HZ4;25;19,593;489,825;0,00;0,00;EUR
2026-02-20;16:00:45;Executed;"SCALmWcjU9JtCsq";"Micron Technology";Security;Sell;US5951121038;2;360,00;720,00;0,00;0,00;EUR
2026-02-20;14:56:19;Executed;"SCALtk76eCrXU6J";"DAX Long 5x Factor GS";Security;Sell;DE000GH1L183;87;5,679;494,073;0,00;0,00;EUR
2026-02-20;14:56:08;Cancelled;"SCALENNzyUsR7DZ";"DAX Long 5x Factor GS";Security;Sell;DE000GH1L183;0;0,00;0,00;0,00;0,00;EUR
2026-02-20;12:29:11;Cancelled;"SCALwjpuzpr2Kqg";"DAX Long 5x Factor GS";Security;Sell;DE000GH1L183;0;0,00;0,00;0,00;0,00;EUR
2026-02-20;10:55:38;Executed;"SCALKMzQen9drna";"TeamViewer Short -2x Factor HVB";Security;Sell;DE000UG3X8A2;13;38,06;494,78;0,00;0,00;EUR
2026-02-20;10:54:41;Executed;"SCALzunfUgqFkHQ";"Invesco Physical Silver";Security;Sell;IE00B43VDT70;8;65,15;521,20;0,00;0,00;EUR
2026-02-20;08:33:50;Executed;"SCALALUBRMN5nqd";"E.ON";Security;Sell;DE000ENAG999;26;18,56;482,56;0,00;0,00;EUR
2026-02-20;08:22:54;Executed;"SCALzfEov4Mpggy";"Vonovia";Security;Buy;DE000A1ML7J1;18;27,41;-493,38;0,00;0,00;EUR
2026-02-20;08:21:54;Executed;"SCAL32xJXsaeFrf";"Merck";Security;Buy;DE0006599905;4;128,30;-513,20;0,00;0,00;EUR
2026-02-20;07:33:27;Executed;"SCALWjRaeUPTiDk";"SK HYNIX GDR";Security;Sell;US78392B1070;1;548,00;548,00;0,00;0,00;EUR
2026-02-20;07:30:11;Executed;"SCAL4FYnMfuhEtL";"Xtrackers MSCI Emerging Markets (Acc)";Security;Buy;IE00BTJRMP35;4;72,182;-288,728;0,00;0,00;EUR
2026-02-19;19:10:03;Executed;"SCALWeoGu33f2AC";"freenet";Security;Buy;DE000A0Z2ZZ5;16;30,74;-491,84;0,00;0,00;EUR
2026-02-19;15:43:04;Executed;"SCALbRtjK7P17Vp";"Micron Technology";Security;Buy;US5951121038;2;349,40;-698,80;0,00;0,00;EUR
2026-02-19;09:00:36;Executed;"SCALebXYQw7sqnZ";"Deutsche Lufthansa";Security;Sell;DE0008232125;55;9,30;511,50;0,00;0,00;EUR
2026-02-19;09:00:24;Cancelled;"SCALYaSN1ivkYLr";"Deutsche Lufthansa";Security;Sell;DE0008232125;0;0,00;0,00;0,00;0,00;EUR
2026-02-19;09:00:23;Executed;"SCALndoF9PfpDrp";"TeamViewer Short -2x Factor HVB";Security;Buy;DE000UG3X8A2;13;37,99;-493,87;0,00;0,00;EUR
2026-02-19;08:58:13;Executed;"SCAL8PaSMUv1tsK";"Renk Group";Security;Buy;DE000RENK730;8;61,60;-492,80;0,00;0,00;EUR
2026-02-19;08:57:55;Executed;"SCALDvC3wNP9Ycx";"Porsche Vz";Security;Buy;DE000PAG9113;11;42,22;-464,42;0,00;0,00;EUR
2026-02-19;08:54:36;Executed;"SCALLWdZqAY6TGv";"Infineon Technologies";Security;Buy;DE0006231004;10;46,18;-461,80;0,00;0,00;EUR
2026-02-19;08:36:41;Executed;"SCALL6WJ6fxtHMQ";"Nasdaq 100 Long 5x Factor GS";Security;Buy;DE000GX82HZ4;25;19,726;-493,15;0,00;0,00;EUR
2026-02-19;07:51:11;Executed;"SCALCSKnWkoEviU";"Rheinmetall";Security;Sell;DE0007030009;1;1.700,00;1.700,00;0,00;0,00;EUR
2026-02-19;01:00:00;Executed;"395674_cns3t2c78AFERemuBBek9Q";"ASML Holding";Cash;Distribution;NL0010273215;;;1,36;0,00;0,00;EUR
2026-02-19;00:12:31;Cancelled;"SCALSx6467PnUoS";"Western Digital";Security;Sell;US9581021055;0;0,00;0,00;0,00;0,00;EUR
2026-02-18;17:31:12;Executed;"SCALL56usfgPQZF";"Micron Technology";Security;Sell;US5951121038;2;360,05;720,10;0,00;0,00;EUR
2026-02-18;16:15:23;Executed;"SCALE6vT5P7fgfM";"ASML Holding";Security;Sell;NL0010273215;1;1.230,20;1.230,20;0,00;0,00;EUR
2026-02-18;09:23:53;Executed;"SCALcMy5Fwp4rJW";"DAX Long 5x Factor GS";Security;Buy;DE000GH1L183;87;5,748;-500,076;0,00;0,00;EUR
2026-02-18;09:23:24;Executed;"SCALJREqiRvdz4N";"Scout24 Short 5x Factor GS";Security;Sell;DE000GV6LA56;7;62,60;438,20;0,00;0,00;EUR
2026-02-18;08:43:15;Executed;"SCALqpKv2AnjMqP";"Fresenius";Security;Buy;DE0005785604;9;52,18;-469,62;0,00;0,00;EUR
2026-02-18;08:41:53;Executed;"SCALW4MitjsVD7F";"Heidelberg Materials";Security;Sell;DE0006047004;3;196,30;588,90;0,00;0,00;EUR
2026-02-18;01:00:00;Executed;"410480_cns3t2c78AFERemuBBek9Q";"Apple";Cash;Distribution;US0378331005;;;0,46;0,00;0,20;EUR
2026-02-17;21:21:11;Executed;"SCALyJ6BFpN3kSo";"Invesco Physical Silver";Security;Buy;IE00B43VDT70;8;59,135;-473,08;0,00;0,00;EUR
2026-02-17;21:20:30;Executed;"SCALg1FQF2c2UDJ";"Invesco Physical Gold A";Security;Buy;IE00B579F325;1;396,60;-396,60;0,00;0,00;EUR
2026-02-17;17:05:56;Executed;"SCALSQWoBtUpfGk";"MTU Aero Engines";Security;Sell;DE000A0D9PT0;1;400,00;400,00;0,00;0,00;EUR
2026-02-17;16:12:17;Executed;"SCALAvBmGdvHYbE";"Oracle";Security;Buy;US68389X1054;4;130,02;-520,08;0,00;0,00;EUR
2026-02-17;16:03:55;Cancelled;"SCAL8zsScWFMygF";"Scout24 Short 5x Factor GS";Security;Sell;DE000GV6LA56;0;0,00;0,00;0,00;0,00;EUR
2026-02-17;10:29:29;Executed;"SCALkykUp1ZU1KV";"Aroundtown";Security;Sell;LU1673108939;167;2,90;484,30;0,00;0,00;EUR
2026-02-17;09:59:16;Executed;"SCALByDngVs59Uy";"Henkel Vz";Security;Sell;DE0006048432;6;83,50;501,00;0,00;0,00;EUR
2026-02-17;09:00:04;Executed;"SCALEi1hzcxwuLT";"Scout24 Short 5x Factor GS";Security;Buy;DE000GV6LA56;7;65,44;-458,08;0,00;0,00;EUR
2026-02-17;07:48:01;Executed;"SCALm7jMZraSQrP";"K+S AG";Security;Sell;DE000KSAG888;34;14,42;490,28;0,00;0,00;EUR
2026-02-16;22:03:02;Executed;"SCALsXVKA9uX5PN";"SK HYNIX GDR";Security;Buy;US78392B1070;1;534,00;-534,00;0,00;0,00;EUR
2026-02-16;09:33:51;Executed;"SCAL1GCa9XkmFEc";"Heidelberg Materials";Security;Buy;DE0006047004;3;190,80;-572,40;0,00;0,00;EUR
2026-02-16;07:42:09;Executed;"SCALcdHuDku5RDF";"Henkel Vz";Security;Buy;DE0006048432;6;82,88;-497,28;0,00;0,00;EUR
2026-02-16;07:40:34;Executed;"SCALGmFGWABHGQ4";"Brenntag";Security;Buy;DE000A1DAHH0;8;58,40;-467,20;0,00;0,00;EUR
2026-02-16;07:40:03;Executed;"SCALKXoVx2LY1pA";"E.ON";Security;Buy;DE000ENAG999;26;18,58;-483,08;0,00;0,00;EUR
2026-02-16;07:38:20;Executed;"SCALNWxt2ZoYtz9";"Deutsche Post";Security;Sell;DE0005552004;20;49,03;980,60;0,00;0,00;EUR
2026-02-16;07:37:57;Executed;"SCALBGrhwdzgixD";"Micron Technology";Security;Buy;US5951121038;2;345,95;-691,90;0,00;0,00;EUR
2026-02-16;07:30:03;Executed;"SCALVwUKivupaGo";"SK HYNIX GDR";Security;Sell;US78392B1070;1;540,00;540,00;0,00;0,00;EUR
2026-02-13;21:36:55;Executed;"SCALb9orAY5e1J2";"Oracle";Security;Buy;US68389X1054;8;134,62;-1.076,96;0,00;0,00;EUR
2026-02-13;18:49:00;Executed;"SCAL37fH2f3Gctp";"Micron Technology";Security;Sell;US5951121038;1;353,15;353,15;0,00;0,00;EUR
2026-02-13;18:48:01;Executed;"SCALVmRxvWay19J";"Oracle";Security;Sell;US68389X1054;7;135,56;948,92;0,00;0,00;EUR
2026-02-13;13:32:28;Executed;"SCAL34CXwVkDwS1";"Sartorius Vz Short -3x Factor HVB";Security;Sell;DE000HD432Q0;109;4,11;447,99;0,00;0,00;EUR
2026-02-13;11:55:40;Executed;"SCALtxzSK7q8nK7";"iShares Core MSCI World (Acc)";Security;Savings plan;IE00B4L5Y983;2,681684;111,87;-299,99998908;0,00;0,00;EUR
2026-02-13;09:44:08;Executed;"SCALMSw2ArWCsua";"TeamViewer Short 2x Factor GS";Security;Sell;DE000GU3SA96;24;21,23;509,52;0,00;0,00;EUR
2026-02-13;09:09:36;Executed;"SCALv6i5pYeLUdR";"Sartorius Vz Short -3x Factor HVB";Security;Buy;DE000HD432Q0;109;4,39;-478,51;0,00;0,00;EUR
2026-02-13;09:00:16;Executed;"SCALx88nnkUxWw1";"TeamViewer Short 2x Factor GS";Security;Buy;DE000GU3SA96;24;20,68;-496,32;0,00;0,00;EUR
2026-02-13;08:26:24;Executed;"SCAL4M7HESmffVi";"K+S AG";Security;Buy;DE000KSAG888;34;14,51;-493,34;0,00;0,00;EUR
2026-02-13;08:08:14;Executed;"SCALSDDfHWU6iZp";"Siemens Energy";Security;Buy;DE000ENER6Y0;3;161,85;-485,55;0,00;0,00;EUR
2026-02-13;08:06:51;Executed;"SCALvvS69X4ye7g";"Münchener Rück";Security;Buy;DE0008430026;1;541,40;-541,40;0,00;0,00;EUR
2026-02-13;07:45:00;Executed;"SCAL7E7TSkjYaxt";"Micron Technology";Security;Buy;US5951121038;1;343,95;-343,95;0,00;0,00;EUR
2026-02-12;22:23:26;Executed;"SCAL69CH79d7JRh";"Invesco Physical Silver";Security;Buy;IE00B43VDT70;8;60,82;-486,56;0,00;0,00;EUR
2026-02-12;22:21:29;Executed;"SCAL5fbYud38k7C";"Novo-Nordisk B";Security;Sell;DK0062498333;12;41,01;492,12;0,00;0,00;EUR
2026-02-12;22:21:07;Cancelled;"SCAL8snooEKYcjx";"Novo-Nordisk B";Security;Sell;DK0062498333;0;0,00;0,00;0,00;0,00;EUR
2026-02-12;22:01:20;Executed;"SCAL5Zk9BfykcZd";"Allianz";Security;Sell;DE0008404005;3;367,70;1.103,10;0,00;0,00;EUR
2026-02-12;22:01:08;Cancelled;"SCALJ8MT6ecKGwt";"Allianz";Security;Sell;DE0008404005;0;0,00;0,00;0,00;0,00;EUR
2026-02-12;21:59:24;Executed;"SCALjcrmR5YRcvE";"Western Digital";Security;Buy;US9581021055;2;239,65;-479,30;0,00;0,00;EUR
2026-02-12;21:56:44;Executed;"SCALff5jyqejMqX";"Taiwan Semiconductor Manufact. ADR";Security;Buy;US8740391003;1;311,00;-311,00;0,00;0,00;EUR
2026-02-12;21:56:36;Executed;"SCALLQQSciptpQE";"Taiwan Semiconductor Manufact. ADR";Security;Buy;US8740391003;1;311,00;-311,00;0,00;0,00;EUR
2026-02-12;19:35:29;Executed;"SCALka17pemKdFK";"Invesco Physical Gold A";Security;Buy;IE00B579F325;1;400,92;-400,92;0,00;0,00;EUR
2026-02-12;18:58:53;Executed;"SCALiU8yxG8NQLQ";"Deutsche Post";Security;Buy;DE0005552004;20;48,97;-979,40;0,00;0,00;EUR
2026-02-12;15:31:32;Executed;"SCALqUn3wacRu6R";"Western Digital";Security;Sell;US9581021055;2;250,15;500,30;0,00;0,00;EUR
2026-02-12;15:21:16;Executed;"SCAL5b3iEpC6NPY";"Knorr-Bremse";Security;Sell;DE000KBX1006;4;107,00;428,00;0,00;0,00;EUR
2026-02-12;15:20:29;Executed;"SCALKg9aLLyVHpX";"freenet";Security;Buy;DE000A0Z2ZZ5;15;33,02;-495,30;0,00;0,00;EUR
2026-02-12;14:23:06;Executed;"SCALwmzGaPeQrEN";"Deutsche Post";Security;Sell;DE0005552004;20;51,50;1.030,00;0,00;0,00;EUR
2026-02-12;11:12:45;Cancelled;"SCALg8n9xzcWm8G";"Novo-Nordisk B";Security;Sell;DK0062498333;0;0,00;0,00;0,00;0,00;EUR
2026-02-11;21:50:45;Executed;"SCALKzMxsWkvGTo";"Daimler Truck Holding";Security;Sell;DE000DTR0CK8;11;43,83;482,13;0,00;0,00;EUR
2026-02-11;21:46:13;Executed;"SCALApbp21zcHF1";"Nasdaq";Security;Buy;US6311031081;15;67,86;-1.017,90;0,00;0,00;EUR
2026-02-11;21:36:43;Executed;"SCALaw4Lzjdc8od";"Micron Technology";Security;Sell;US5951121038;2;348,00;696,00;0,00;0,00;EUR
2026-02-11;19:04:02;Executed;"SCALGFsNWeiCvRq";"Nasdaq Long 5x Factor GS";Security;Sell;DE000GK5U8Q0;129;3,077;396,933;0,00;0,00;EUR
2026-02-11;15:32:30;Executed;"SCALZUxEst6ht6a";"Münchener Rück";Security;Sell;DE0008430026;1;535,00;535,00;0,00;0,00;EUR
2026-02-11;07:52:07;Executed;"SCAL886BM7J9f5t";"Knorr-Bremse";Security;Buy;DE000KBX1006;4;106,10;-424,40;0,00;0,00;EUR
2026-02-11;07:50:43;Executed;"SCALWZVaTML1NFM";"Deutsche Lufthansa";Security;Buy;DE0008232125;55;9,044;-497,42;0,00;0,00;EUR
2026-02-11;07:50:04;Executed;"SCAL4PR5cqxJ83U";"Aroundtown";Security;Buy;LU1673108939;167;2,982;-497,994;0,00;0,00;EUR
2026-02-11;07:30:00;Executed;"SCALWnWzEj6L9Ds";"Invesco Physical Gold A";Security;Buy;IE00B579F325;5;408,88;-2.044,40;0,00;0,00;EUR
2026-02-11;01:00:00;Executed;"43VFUABN8PM7FSIKYHTMRR";"Scalable Capital Broker Sparplan";Cash;Deposit;;;;300,00;0,00;;EUR
2026-02-10;17:07:58;Cancelled;"SCAL7WSktVathEH";"Nasdaq Long 5x Factor GS";Security;Sell;DE000GK5U8Q0;0;0,00;0,00;0,00;0,00;EUR
2026-02-10;16:48:50;Executed;"SCALRWrwzyAdqBm";"Alphabet A";Security;Buy;US02079K3059;2;267,50;-535,00;0,00;0,00;EUR
2026-02-10;16:16:03;Executed;"SCALBqknCZfXDNs";"Nasdaq Long 5x Factor GS";Security;Buy;DE000GK5U8Q0;129;3,816;-492,264;0,00;0,00;EUR
2026-02-10;12:23:31;Executed;"SCALz7Rvv8CtAbX";"Oracle";Security;Buy;US68389X1054;7;133,56;-934,92;0,00;0,00;EUR
2026-02-10;09:29:28;Executed;"SCALiPQ1Tp7oDyL";"Henkel Vz";Security;Sell;DE0006048432;6;80,04;480,24;0,00;0,00;EUR
2026-02-10;08:46:57;Executed;"SCALbYzjQ6ZjZYQ";"Zalando";Security;Buy;DE000ZAL1111;23;21,60;-496,80;0,00;0,00;EUR
2026-02-10;07:30:01;Executed;"SCALA6aaPamK9Bf";"Taiwan Semiconductor Manufact. ADR";Security;Sell;US8740391003;2;304,50;609,00;0,00;0,00;EUR
2026-02-10;07:30:01;Executed;"SCALptNCN54A5Gw";"Invesco Physical Gold A";Security;Buy;IE00B579F325;1;407,50;-407,50;0,00;0,00;EUR
2026-02-10;07:30:00;Executed;"SCALY6XSYjkGPJC";"Invesco Physical Gold A";Security;Buy;IE00B579F325;2;407,50;-815,00;0,00;0,00;EUR
2026-02-09;20:29:35;Executed;"SCAL4VG4WimPqTE";"MTU Aero Engines";Security;Buy;DE000A0D9PT0;1;387,30;-387,30;0,00;0,00;EUR
2026-02-09;20:26:46;Executed;"SCAL5avtXw53kbU";"Micron Technology";Security;Buy;US5951121038;2;323,60;-647,20;0,00;0,00;EUR
2026-02-09;19:49:35;Executed;"SCALC71pUdQc93x";"E.ON";Security;Sell;DE000ENAG999;56;17,95;1.005,20;0,00;0,00;EUR
2026-02-09;18:50:02;Cancelled;"SCALtpAE7dPsw8q";"E.ON";Security;Sell;DE000ENAG999;0;0,00;0,00;0,00;0,00;EUR
2026-02-09;17:45:21;Executed;"SCALr3BidV2dhuW";"Oracle";Security;Sell;US68389X1054;8;132,00;1.056,00;0,00;0,00;EUR
2026-02-09;17:28:13;Cancelled;"SCALGVZoL58sm2z";"Intel Corp";Security;Sell;US4581401001;0;0,00;0,00;0,00;0,00;EUR
2026-02-09;09:06:46;Executed;"SCAL8AbugPyendf";"Scout24 Short 5x Factor GS";Security;Sell;DE000GV6LA56;10;40,59;405,90;0,00;0,00;EUR
2026-02-09;09:02:47;Executed;"SCALZVwebLeQtSS";"Scout24 Short 5x Factor GS";Security;Buy;DE000GV6LA56;10;39,53;-395,30;0,00;0,00;EUR
2026-02-09;07:30:05;Executed;"SCAL4Bh5i8kZE5o";"Allianz";Security;Buy;DE0008404005;3;388,00;-1.164,00;0,00;0,00;EUR
2026-02-09;07:30:04;Executed;"SCAL2ANki8EZxHv";"Münchener Rück";Security;Buy;DE0008430026;1;533,00;-533,00;0,00;0,00;EUR
2026-02-09;07:30:04;Executed;"SCALxVU3aRjSVfh";"Deutsche Post";Security;Buy;DE0005552004;20;49,82;-996,40;0,00;0,00;EUR
2026-02-09;07:30:03;Executed;"SCALboLeMzhuheU";"Daimler Truck Holding";Security;Buy;DE000DTR0CK8;11;43,74;-481,14;0,00;0,00;EUR
2026-02-09;01:00:00;Executed;"BULK_WITHHOLDING_TAX_cns3t2c78AFERemuBBek9Q_2025121977251366";;Cash;Deposit;;;;0,00;0,00;;EUR
2026-02-06;13:03:40;Executed;"SCALxMDjvJt58Hx";"Oracle";Security;Buy;US68389X1054;8;117,34;-938,72;0,00;0,00;EUR
2026-02-06;11:38:19;Executed;"SCALmtxiAbNx9rJ";"Novo-Nordisk B";Security;Buy;DK0062498333;12;39,645;-475,74;0,00;0,00;EUR
2026-02-06;09:08:46;Executed;"SCALvWc6PqM71Bp";"Rheinmetall";Security;Buy;DE0007030009;1;1.579,50;-1.579,50;0,00;0,00;EUR
2026-02-06;09:06:43;Executed;"SCALojTkKRNR41J";"E.ON";Security;Buy;DE000ENAG999;56;17,68;-990,08;0,00;0,00;EUR
2026-02-05;17:42:16;Executed;"SCALS5Gz5MVHK54";"Invesco Physical Silver";Security;Buy;IE00B43VDT70;8;62,095;-496,76;0,00;0,00;EUR
2026-02-05;17:41:09;Executed;"SCALs7dsjBS3uZP";"Invesco Physical Silver";Security;Buy;IE00B43VDT70;8;61,915;-495,32;0,00;0,00;EUR
2026-02-05;15:50:07;Executed;"SCALvc7XkDxK9co";"Bayer";Security;Sell;DE000BAY0017;12;45,005;540,06;0,00;0,00;EUR
2026-02-05;12:41:54;Cancelled;"SCAL5urpCFpDy2Y";"Bayer";Security;Sell;DE000BAY0017;0;0,00;0,00;0,00;0,00;EUR
2026-02-05;12:39:09;Executed;"SCALg48CCq1AKuT";"DAX Long 5x Factor GS";Security;Sell;DE000GH1L183;91;5,153;468,923;0,00;0,00;EUR
2026-02-05;09:49:10;Executed;"SCALnqKRdS6gNiE";"Nasdaq Long 5x Factor GS";Security;Sell;DE000GK5U8Q0;93;5,29;491,97;0,00;0,00;EUR
2026-02-05;09:34:24;Cancelled;"SCAL1qux5im2mXJ";"Nasdaq Long 5x Factor GS";Security;Sell;DE000GK5U8Q0;0;0,00;0,00;0,00;0,00;EUR
2026-02-04;10:02:58;Executed;"SCALsSZo9F2MtKL";"Henkel Vz";Security;Buy;DE0006048432;6;76,36;-458,16;0,00;0,00;EUR
2026-02-03;19:05:22;Executed;"SCALAyGCA453Epr";"Nasdaq Long 5x Factor GS";Security;Buy;DE000GK5U8Q0;93;5,373;-499,689;0,00;0,00;EUR
2026-02-03;18:38:22;Executed;"SCAL6Qk25YwKW1C";"Advanced Micro Devices Short 5x Factor GS";Security;Sell;DE000GU5BX47;91;5,613;510,783;0,00;0,00;EUR
2026-02-03;18:14:36;Executed;"SCALRtegDEmwHMA";"Advanced Micro Devices Short 5x Factor GS";Security;Buy;DE000GU5BX47;91;5,461;-496,951;0,00;0,00;EUR
2026-02-03;16:16:41;Executed;"SCAL87U6ZX2WPHV";"Heidelberg Materials";Security;Sell;DE0006047004;2;238,00;476,00;0,00;0,00;EUR
2026-02-03;13:21:07;Executed;"SCALX8MQKsppdFG";"Siemens Energy";Security;Sell;DE000ENER6Y0;3;153,10;459,30;0,00;0,00;EUR
2026-02-03;13:10:45;Cancelled;"SCALQoXnrJYVS1z";"Siemens Energy";Security;Sell;DE000ENER6Y0;0;0,00;0,00;0,00;0,00;EUR
2026-02-03;10:29:51;Executed;"SCALcAMGKcUwbtN";"MDAX Long 5x Factor GS";Security;Sell;DE000GP0R521;29;16,52;479,08;0,00;0,00;EUR
2026-02-03;08:09:47;Executed;"SCALsSAAR6PcZxe";"MDAX Long 5x Factor GS";Security;Buy;DE000GP0R521;29;16,83;-488,07;0,00;0,00;EUR
2026-02-03;08:00:02;Executed;"SCALegDZdiLhW4T";"DAX Long 5x Factor GS";Security;Buy;DE000GH1L183;91;5,559;-505,869;0,00;0,00;EUR
2026-02-03;07:30:01;Executed;"SCALUZb7ZowfL6Q";"Intel Corp";Security;Buy;US4581401001;12;42,285;-507,42;0,00;0,00;EUR
2026-02-03;01:00:00;Executed;"327657_cns3t2c78AFERemuBBek9Q";"thyssenkrupp";Cash;Distribution;DE0007500001;;;6,00;0,00;0,00;EUR
2026-02-02;12:48:32;Executed;"SCALhbAyBkk88Vb";"DAX Long 5x Factor GS";Security;Sell;DE000GH1L183;94;5,303;498,482;0,00;0,00;EUR
2026-02-02;08:18:24;Executed;"SCALhoqTnnaYMKw";"Invesco Physical Bitcoin";Security;Buy;XS2376095068;8;63,50;-508,00;3,50;0,00;EUR
2026-02-01;01:00:00;Executed;"B91PFASRVYNJHP3B";"Entgelt PRIME+ Broker";Cash;Fee;;;;-4,99;0,00;;EUR
2026-01-30;21:28:01;Executed;"SCALjGnMoMkfTxa";"Intel Corp";Security;Sell;US4581401001;12;38,78;465,36;0,00;0,00;EUR
2026-01-30;20:32:16;Executed;"SCALSWZUKUicb9C";"SK HYNIX GDR";Security;Buy;US78392B1070;1;520,00;-520,00;0,00;0,00;EUR
2026-01-30;19:21:37;Executed;"SCALVYURw4w4ZgN";"Invesco Physical Silver";Security;Sell;IE00B43VDT70;10;64,51;645,10;0,00;0,00;EUR
2026-01-30;16:34:48;Executed;"SCALaeo44JW7TgT";"Siemens Healthineers Short -2x Factor HVB";Security;Sell;DE000UG51LS2;53;9,40;498,20;0,00;0,00;EUR
2026-01-30;16:20:01;Cancelled;"SCALBjuS5iEwTX2";"DAX Long 5x Factor GS";Security;Sell;DE000GH1L183;0;0,00;0,00;0,00;0,00;EUR
2026-01-30;16:00:40;Executed;"SCALdixKg4qtQEt";"SK HYNIX GDR";Security;Sell;US78392B1070;1;530,00;530,00;0,00;0,00;EUR
2026-01-30;15:59:57;Executed;"SCALdwvKeKyqBJr";"SAP SE Long Factor BNP";Security;Sell;DE000PK22H22;75;6,88;516,00;0,00;0,00;EUR
2026-01-30;15:42:54;Cancelled;"SCAL4JE9YTxkcH7";"SAP SE Long Factor BNP";Security;Sell;DE000PK22H22;0;0,00;0,00;0,00;0,00;EUR
2026-01-30;15:26:49;Executed;"SCALTFtPcdtPkAt";"Western Digital";Security;Buy;US9581021055;2;236,30;-472,60;0,00;0,00;EUR
2026-01-30;15:21:12;Executed;"SCALQNH8yWrUWz7";"Tkms Ag & Co. Kgaa";Security;Buy;DE000TKMS001;5;99,75;-498,75;0,00;0,00;EUR
2026-01-30;15:00:51;Executed;"SCALvCF42bFQJc4";"SAP SE";Security;Buy;DE0007164600;3;171,22;-513,66;0,00;0,00;EUR
2026-01-30;14:18:12;Executed;"SCALAuoXKWyXxE1";"Western Digital";Security;Sell;US9581021055;2;245,95;491,90;0,00;0,00;EUR
2026-01-30;09:00:32;Executed;"SCALAd2LQck6gnZ";"Siemens Healthineers Short -2x Factor HVB";Security;Buy;DE000UG51LS2;53;9,64;-510,92;0,00;0,00;EUR
2026-01-30;07:32:45;Executed;"SCALcxEQ5fzhHXA";"Global X Copper Miners (Acc)";Security;Buy;IE0003Z9E2Y3;8;61,20;-489,60;0,00;0,00;EUR
2026-01-29;12:29:13;Executed;"SCALZBjQJ6sGDtu";"SAP SE Long Factor BNP";Security;Buy;DE000PK22H22;75;6,68;-501,00;0,00;0,00;EUR
2026-01-29;12:22:26;Executed;"SCALv2SUmyHYDYN";"DAX Long 5x Factor GS";Security;Buy;DE000GH1L183;94;5,266;-495,004;0,00;0,00;EUR
2026-01-29;12:09:24;Executed;"SCALkG8NMJ3c1Ae";"Nasdaq Long 5x Factor GS";Security;Sell;DE000GK5U8Q0;51;9,95;507,45;0,00;0,00;EUR
2026-01-29;11:48:07;Executed;"SCALRvSScJb5qkn";"Micron Technology";Security;Sell;US5951121038;1;369,15;369,15;0,00;0,00;EUR
2026-01-28;22:09:37;Executed;"SCALEc9V2As884J";"Intel Corp";Security;Buy;US4581401001;12;40,9125;-490,95;0,00;0,00;EUR
2026-01-28;21:37:17;Executed;"SCAL5DU7c5ZUisY";"Nasdaq Long 5x Factor GS";Security;Buy;DE000GK5U8Q0;51;9,88;-503,88;0,00;0,00;EUR
2026-01-28;18:02:52;Executed;"SCAL612UAohTYDM";"Micron Technology Long 5x Factor HVB";Security;Sell;DE000UN0W9V6;5;111,80;559,00;0,00;0,00;EUR
2026-01-28;18:02:39;Cancelled;"SCALExc9m7ek5S2";"Micron Technology Long 5x Factor HVB";Security;Sell;DE000UN0W9V6;0;0,00;0,00;0,00;0,00;EUR
2026-01-28;17:43:04;Cancelled;"SCALtKYXnbti5u3";"Micron Technology Long 5x Factor HVB";Security;Sell;DE000UN0W9V6;0;0,00;0,00;0,00;0,00;EUR
2026-01-28;16:29:25;Executed;"SCALuxiesSfJ1K5";"Micron Technology Long 5x Factor HVB";Security;Buy;DE000UN0W9V6;5;105,64;-528,20;0,00;0,00;EUR
2026-01-28;10:18:21;Executed;"SCAL6vUReo6nFz8";"SK HYNIX GDR";Security;Buy;US78392B1070;1;512,00;-512,00;0,00;0,00;EUR
2026-01-28;10:17:26;Executed;"SCALQVrVjBZvf7x";"Western Digital";Security;Buy;US9581021055;2;227,80;-455,60;0,00;0,00;EUR
2026-01-27;19:06:26;Cancelled;"SCAL41XGcRUG7JL";"Siemens Energy";Security;Sell;DE000ENER6Y0;0;0,00;0,00;0,00;0,00;EUR
2026-01-27;19:05:48;Executed;"SCAL1vYofdBGdGm";"Xtrackers MSCI Emerging Markets (Acc)";Security;Buy;IE00BTJRMP35;8;69,462;-555,696;0,00;0,00;EUR
2026-01-27;10:14:18;Executed;"SCAL8QSGv8MUx94";"Heidelberg Materials";Security;Buy;DE0006047004;2;237,40;-474,80;0,00;0,00;EUR
2026-01-27;10:13:04;Executed;"SCALKDLFvPTP6Cm";"Siemens Energy";Security;Buy;DE000ENER6Y0;3;141,20;-423,60;0,00;0,00;EUR
2026-01-27;10:12:32;Executed;"SCALqCfNVAstPjh";"RWE";Security;Sell;DE0007037129;10;52,04;520,40;0,00;0,00;EUR
2026-01-27;10:11:30;Executed;"SCALkv6KHZ8jLpN";"E.ON";Security;Sell;DE000ENAG999;31;17,39;539,09;0,00;0,00;EUR
2026-01-27;09:57:40;Executed;"SCALBKvz6ZjYQee";"ASML Holding";Security;Buy;NL0010273215;1;1.193,20;-1.193,20;0,00;0,00;EUR
2026-01-26;11:54:14;Executed;"SCALppiEdewHu6U";"Invesco Physical Platinum";Security;Buy;IE00B40QP990;2;235,32;-470,64;0,00;0,00;EUR
2026-01-26;11:52:04;Executed;"SCALcD7q14YHHVP";"Xtrackers MSCI World Information Technology (Acc)";Security;Savings plan;IE00BM67HT60;3,062474;97,96;-299,99995304;0,00;0,00;EUR
2026-01-26;11:49:04;Executed;"SCALUgULEhHKt14";"Invesco Physical Gold A";Security;Savings plan;IE00B579F325;0,725864;413,30;-299,9995912;0,00;0,00;EUR
2026-01-26;11:38:52;Executed;"SCALkeofRyS6D1v";"iShares Core S&P 500 (Acc)";Security;Savings plan;IE00B5BMR087;0,480338;624,56;-299,99990128;0,00;0,00;EUR
2026-01-26;11:10:38;Executed;"SCALqpYftYCAuhd";"iShares Nasdaq 100 (Acc)";Security;Savings plan;IE00B53SZB19;0,243309;1.233,00;-299,999997;0,00;0,00;EUR
2026-01-22;01:00:00;Executed;"RANAVEF6YA92AKAERZY9EW";"Scalable Capital Broker 4x Sparplan";Cash;Deposit;;;;1.200,00;0,00;;EUR
2026-01-21;15:21:59;Executed;"SCALVMewNtCCtZ4";"Taiwan Semiconductor Manufact. ADR";Security;Buy;US8740391003;2;285,00;-570,00;0,00;0,00;EUR
2026-01-21;15:19:45;Executed;"SCALbenaNBbHkVP";"SAP SE Short -3x Factor HVB";Security;Sell;DE000UG21T10;40;13,18;527,20;0,00;0,00;EUR
2026-01-21;15:19:32;Cancelled;"SCALjg5YuC6uX5a";"SAP SE Short -3x Factor HVB";Security;Sell;DE000UG21T10;0;0,00;0,00;0,00;0,00;EUR
2026-01-21;09:00:33;Executed;"SCAL3CLapFy35vX";"SAP SE Short -3x Factor HVB";Security;Buy;DE000UG21T10;40;12,62;-504,80;0,00;0,00;EUR
2026-01-20;08:07:50;Executed;"SCALwh8g1XtcZuV";"Bayer";Security;Buy;DE000BAY0017;12;44,22;-530,64;0,00;0,00;EUR
2026-01-20;08:06:34;Cancelled;"SCALguZor6E8TAt";"Bayer";Security;Buy;DE000BAY0017;0;0,00;0,00;0,00;0,00;EUR
2026-01-19;08:00:07;Executed;"SCALod6PQn6uvyF";"MDAX Long 5x Factor GS";Security;Sell;DE000GP0R521;54;16,11;869,94;0,00;0,00;EUR
2026-01-19;08:00:05;Executed;"SCALnH5LMoVpySp";"DAX Long 5x Factor GS";Security;Sell;DE000GH1L183;167;5,676;947,892;0,00;0,00;EUR
2026-01-19;07:56:06;Executed;"SCALjKn9ErsAXY9";"Taiwan Semiconductor Manufact. ADR";Security;Sell;US8740391003;1;290,00;290,00;0,00;0,00;EUR
2026-01-19;07:50:05;Executed;"SCALUELf8JitRBP";"Tkms Ag & Co. Kgaa";Security;Sell;DE000TKMS001;4;98,00;392,00;0,00;0,00;EUR
2026-01-19;07:37:17;Executed;"SCALM5vEmAyBSeJ";"E.ON";Security;Buy;DE000ENAG999;31;17,35;-537,85;0,00;0,00;EUR
2026-01-19;07:37:14;Executed;"SCALx59xJRQZARZ";"Invesco Physical Silver";Security;Buy;IE00B43VDT70;6;76,875;-461,25;0,00;0,00;EUR
2026-01-19;07:36:08;Executed;"SCAL6mHTEiuEXLq";"RWE";Security;Buy;DE0007037129;10;50,46;-504,60;0,00;0,00;EUR
2026-01-19;07:30:31;Executed;"SCALYZteGajjB6o";"Airbus";Security;Sell;NL0000235190;2;214,10;428,20;0,00;0,00;EUR
2026-01-16;13:32:01;Executed;"SCALnPHu4v8xPgH";"SDAX Long 5x Factor HVB";Security;Sell;DE000HD6QK48;51;11,00;561,00;0,00;0,00;EUR
2026-01-16;11:39:17;Cancelled;"SCALgzZXDfA1M85";"Airbus";Security;Sell;NL0000235190;0;0,00;0,00;0,00;0,00;EUR
2026-01-15;22:57:00;Rejected;"SCALg33fjEgkcix";"SDAX Long 5x Factor HVB";Security;Sell;DE000HD6QK48;0;0,00;0,00;0,00;0,00;EUR
2026-01-15;22:56:25;Rejected;"SCALX4sETHeSAaL";"SDAX Long 5x Factor HVB";Security;Sell;DE000HD6QK48;0;0,00;0,00;0,00;0,00;EUR
2026-01-13;11:38:24;Executed;"SCALKQLVLXPbNnt";"iShares Core MSCI World (Acc)";Security;Savings plan;IE00B4L5Y983;2,627545;114,175;-299,999950375;0,00;0,00;EUR
2026-01-12;17:25:01;Executed;"SCALHrRDRZ7AENV";"Tkms Ag & Co. Kgaa Long Factor BNP";Security;Sell;DE000PK4BRP0;6;39,46;236,76;0,99;0,00;EUR
2026-01-12;17:11:56;Cancelled;"SCALizbiufZVeVU";"Tkms Ag & Co. Kgaa Long Factor BNP";Security;Sell;DE000PK4BRP0;0;0,00;0,00;0,00;0,00;EUR
2026-01-12;16:54:24;Executed;"SCAL36JhpQ7DsJA";"Tkms Ag & Co. Kgaa Long Factor BNP";Security;Buy;DE000PK4BRP0;6;44,25;-265,50;0,00;0,00;EUR
2026-01-12;09:31:00;Executed;"SCALzd3taSQUGn9";"Commerzbank";Security;Sell;DE000CBK1001;27;34,50;931,50;0,00;0,00;EUR
2026-01-12;07:30:27;Executed;"SCALcWBv6mGauNF";"Micron Technology";Security;Buy;US5951121038;1;291,45;-291,45;0,00;0,00;EUR
2026-01-09;08:10:27;Executed;"SCALhprczmEoykE";"MDAX Long 5x Factor GS";Security;Buy;DE000GP0R521;54;18,49;-998,46;0,00;0,00;EUR
2026-01-09;08:00:04;Executed;"SCALeeGSXGVV6gE";"DAX Long 5x Factor GS";Security;Buy;DE000GH1L183;167;5,984;-999,328;0,00;0,00;EUR
2026-01-09;07:30:11;Executed;"SCALNX1EXuYfzeK";"Taiwan Semiconductor Manufact. ADR";Security;Buy;US8740391003;1;274,00;-274,00;0,00;0,00;EUR
2026-01-09;01:00:00;Executed;"WACOKTYDKEGGVNGJVLWXWF";"Scalable Capital Broker Sparplan";Cash;Deposit;;;;300,00;0,00;;EUR
2026-01-08;22:40:29;Cancelled;"SCALstSXdMBqChP";"SDAX Long 5x Factor HVB";Security;Sell;DE000HD6QK48;0;0,00;0,00;0,00;0,00;EUR
2026-01-08;22:39:10;Cancelled;"SCALiqNEzuct68i";"DAX Long 5x Factor GS";Security;Buy;DE000GH1L183;0;0,00;0,00;0,00;0,00;EUR
2026-01-08;21:34:57;Executed;"SCALYqbHBP6RCTh";"Nasdaq 100 Long 2x Factor GS";Security;Sell;DE000GX502A1;33;7,902;260,766;0,00;0,00;EUR
2026-01-08;19:32:12;Cancelled;"SCALWxTRbdWzbkj";"Nasdaq 100 Long 2x Factor GS";Security;Sell;DE000GX502A1;0;0,00;0,00;0,00;0,00;EUR
2026-01-08;19:28:49;Executed;"SCALkP12TRCHcu6";"DAX Long 5x Factor GS";Security;Sell;DE000GH1L183;91;5,958;542,178;0,00;0,00;EUR
2026-01-08;19:27:21;Executed;"SCALmgtkTx6a6f8";"MDAX Long 5x Factor GS";Security;Sell;DE000GK43WQ1;86;7,09;609,74;0,00;0,00;EUR
2026-01-08;14:47:38;Executed;"SCALXX2dZbpyTPR";"RWE Long 5x Factor HVB";Security;Sell;DE000UG00JR5;6;50,00;300,00;0,00;0,00;EUR
2026-01-08;09:48:39;Executed;"SCALNmVkCP7FtNq";"SDAX Long 5x Factor HVB";Security;Buy;DE000HD6QK48;25;10,16;-254,00;0,00;0,00;EUR
2026-01-08;09:48:17;Executed;"SCALSAnb82MAa9j";"DAX Long 5x Factor GS";Security;Buy;DE000GH1L183;43;6,00;-258,00;0,00;0,00;EUR
2026-01-08;09:47:51;Executed;"SCALLFzqrRuKihM";"MDAX Long 5x Factor GS";Security;Buy;DE000GK43WQ1;37;6,947;-257,039;0,00;0,00;EUR
2026-01-08;09:15:36;Executed;"SCAL2U2NwCmjqpG";"Bayer";Security;Sell;DE000BAY0017;26;38,875;1.010,75;0,00;0,00;EUR
2026-01-08;09:12:43;Cancelled;"SCALsGsuE7fqoVk";"RWE Long 5x Factor HVB";Security;Sell;DE000UG00JR5;0;0,00;0,00;0,00;0,00;EUR
2026-01-08;09:08:24;Executed;"SCALczSJM2Rzq4E";"Allianz";Security;Sell;DE0008404005;1;386,40;386,40;0,00;0,00;EUR
2026-01-08;09:08:15;Cancelled;"SCALQxrcCo5M1mN";"Allianz";Security;Sell;DE0008404005;0;0,00;0,00;0,00;0,00;EUR
2026-01-08;01:00:00;Executed;"SWITCH-101-cns3t2c78AFERemuBBek9Q-l6X2Mj-EUR-DISTRIBUTION-RKN";"Dividend US67066G1040 (Transfer Baader Bank)";Cash;Deposit;;;;0,01;0,00;;EUR
2026-01-07;21:33:18;Cancelled;"SCAL1prSQSByZFz";"Nasdaq 100 Long 2x Factor GS";Security;Sell;DE000GX502A1;0;0,00;0,00;0,00;0,00;EUR
2026-01-07;15:30:00;Executed;"SCALJ5Tu5GJsdUc";"Exxon Mobil";Security;Sell;US30231G1022;3;103,52;310,56;0,00;0,00;EUR
2026-01-07;13:28:21;Executed;"SCALn87HRVEr6aB";"SDAX Long 5x Factor HVB";Security;Buy;DE000HD6QK48;26;9,85;-256,10;0,00;0,00;EUR
2026-01-07;09:31:23;Executed;"SCALqcy89Wbo7aa";"Airbus";Security;Buy;NL0000235190;2;209,15;-418,30;0,00;0,00;EUR
2026-01-06;14:16:42;Executed;"SCALq8aLcGefPZj";"RWE Long 5x Factor HVB";Security;Buy;DE000UG00JR5;6;49,66;-297,96;0,00;0,00;EUR
2026-01-06;12:01:15;Cancelled;"SCALZpkKVLqGm8N";"Nasdaq 100 Long 2x Factor GS";Security;Sell;DE000GX502A1;0;0,00;0,00;0,00;0,00;EUR
2026-01-05;18:05:57;Executed;"SCALmyQFgyKS2XG";"NVIDIA Long 5x Factor HVB";Security;Sell;DE000UG4KA77;19;23,89;453,91;0,00;0,00;EUR
2026-01-05;17:35:44;Executed;"SCALaYMserjm36q";"NVIDIA Long 5x Factor HVB";Security;Buy;DE000UG4KA77;19;25,24;-479,56;0,00;0,00;EUR
2026-01-05;15:40:33;Executed;"SCAL8A5Jvad31GG";"Chevron Corp";Security;Sell;US1667641005;2;138,22;276,44;0,00;0,00;EUR
2026-01-05;15:40:11;Executed;"SCALQStac8FKGW6";"ConocoPhillips";Security;Sell;US20825C1045;3;85,69;257,07;0,00;0,00;EUR
2026-01-05;11:29:22;Executed;"SCAL2zYJTsMvw2a";"MDAX Long 5x Factor GS";Security;Buy;DE000GK43WQ1;49;6,093;-298,557;0,00;0,00;EUR
2026-01-05;10:22:34;Executed;"SCALqYytGhcVidV";"thyssenkrupp";Security;Buy;DE0007500001;40;9,994;-399,76;0,00;0,00;EUR
2026-01-05;10:10:33;Cancelled;"SCALhNKdxqhqD37";"thyssenkrupp";Security;Buy;DE0007500001;0;0,00;0,00;0,00;0,00;EUR
2026-01-05;09:25:28;Executed;"SCALUhyU4Et7Pdc";"Nasdaq 100 Long 2x Factor GS";Security;Buy;DE000GX502A1;33;7,79;-257,07;0,00;0,00;EUR
2026-01-05;09:16:27;Executed;"SCALpLM5dQoodzF";"ConocoPhillips";Security;Buy;US20825C1045;3;90,80;-272,40;0,00;0,00;EUR
2026-01-05;09:16:01;Executed;"SCAL3M68MnHSQDH";"Exxon Mobil";Security;Buy;US30231G1022;3;109,16;-327,48;0,00;0,00;EUR
2026-01-05;09:15:14;Executed;"SCALt2wAs6Ch1pV";"Chevron Corp";Security;Buy;US1667641005;2;145,74;-291,48;0,00;0,00;EUR
2026-01-05;09:01:31;Cancelled;"SCAL11kGWFW42Y2";"thyssenkrupp";Security;Buy;DE0007500001;0;0,00;0,00;0,00;0,00;EUR
2026-01-05;09:00:10;Executed;"SCAL3QbEVscjrvK";"Bayer";Security;Buy;DE000BAY0017;26;38,48;-1.000,48;0,00;0,00;EUR
2026-01-05;09:00:02;Executed;"SCALL469iM5qrKn";"Commerzbank";Security;Buy;DE000CBK1001;27;36,66;-989,82;0,00;0,00;EUR
2026-01-02;16:18:11;Executed;"SCALDQ4amSRYBVs";"ASML Holding Long 3x Factor GS";Security;Sell;DE000GB7ADD3;26;9,754;253,604;0,00;0,00;EUR
2026-01-02;16:17:33;Cancelled;"SCALPhkZWefuiNd";"ASML Holding Long 3x Factor GS";Security;Sell;DE000GB7ADD3;0;0,00;0,00;0,00;0,00;EUR
2026-01-02;16:16:47;Executed;"SCALKzfT5C4Z9WQ";"ASML Holding";Security;Sell;NL0010273215;1;990,60;990,60;0,00;0,00;EUR
2026-01-02;16:16:29;Cancelled;"SCALGJCd4ec3scR";"ASML Holding";Security;Sell;NL0010273215;0;0,00;0,00;0,00;0,00;EUR
2026-01-02;16:13:39;Cancelled;"SCALzBaR3MLhptB";"ASML Holding";Security;Sell;NL0010273215;0;0,00;0,00;0,00;0,00;EUR
2026-01-02;15:40:48;Executed;"SCALvKU8h9oL7mg";"Microsoft";Security;Buy;US5949181045;2;411,00;-822,00;0,00;0,00;EUR
2026-01-02;15:40:19;Executed;"SCALeSZKiGmJETK";"ASML Holding Long 3x Factor GS";Security;Buy;DE000GB7ADD3;26;9,728;-252,928;0,00;0,00;EUR
2026-01-02;14:33:46;Executed;"SCAL4U9jUwmdgeR";"DAX Long 5x Factor GS";Security;Buy;DE000GH1L183;48;5,332;-255,936;0,00;0,00;EUR
2026-01-01;01:00:00;Executed;"9IRJC4POJFEWCCL0";"Entgelt PRIME+ Broker";Cash;Fee;;;;-4,99;0,00;;EUR
2026-01-01;01:00:00;Executed;"4c4b6a9e-4103-483d-ab22-3f42e6c8a43b";;Cash;Interest;;;;98,53;0,00;8,70;EUR
2025-12-30;11:53:24;Executed;"SCALKkh3zFjwDAi";"Apple";Security;Buy;US0378331005;3;232,00;-696,00;0,00;0,00;EUR
2025-12-30;10:38:59;Cancelled;"SCALeyjjsbAqHbJ";"Apple";Security;Buy;US0378331005;0;0,00;0,00;0,00;0,00;EUR
2025-12-30;10:37:25;Cancelled;"SCALEuJ5usHPy4o";"thyssenkrupp";Security;Buy;DE0007500001;0;0,00;0,00;0,00;0,00;EUR
2025-12-29;11:57:25;Executed;"SCALtnZFxP479hS";"iShares Core S&P 500 (Acc)";Security;Savings plan;IE00B5BMR087;0,476523;629,56;-299,99981988;0,00;0,00;EUR
2025-12-29;11:34:34;Executed;"SCAL3T9pAL48yzH";"Invesco Physical Gold A";Security;Savings plan;IE00B579F325;0,548305;364,76;-199,9997318;0,00;0,00;EUR
2025-12-29;11:33:36;Executed;"SCALVyPmFFuGYuc";"iShares Nasdaq 100 (Acc)";Security;Savings plan;IE00B53SZB19;0,24108;1.244,40;-299,999952;0,00;0,00;EUR
2025-12-29;11:04:04;Executed;"SCALS2CzUXqmCuk";"Xtrackers MSCI World Information Technology (Acc)";Security;Savings plan;IE00BM67HT60;2,985668;100,48;-299,99992064;0,00;0,00;EUR
2025-12-29;09:38:18;Executed;"SCALnoVcGz2Zx2H";"Tkms Ag & Co. Kgaa";Security;Buy;DE000TKMS001;4;66,00;-264,00;0,00;0,00;EUR
2025-12-23;15:58:57;Executed;"SCALVjTiFZjtS3R";"Zalando";Security;Buy;DE000ZAL1111;15;25,00;-375,00;0,00;0,00;EUR
2025-12-23;14:39:32;Executed;"SCALNgibfNeAt4X";"SAP SE";Security;Buy;DE0007164600;2;208,00;-416,00;0,00;0,00;EUR
2025-12-23;12:04:18;Executed;"SCALWMmGuygKAbn";"ASML Holding";Security;Buy;NL0010273215;1;897,10;-897,10;0,00;0,00;EUR
2025-12-23;12:04:02;Executed;"SCALZdtwSF7Lwer";"ASML Holding";Security;Sell;NL0010273215;1;896,90;896,90;0,00;0,00;EUR
2025-12-23;12:02:21;Executed;"SCALDLRS9scBxxS";"Tkms Ag & Co. Kgaa";Security;Sell;DE000TKMS001;2;66,50;133,00;0,99;0,00;EUR
2025-12-23;12:00:54;Executed;"SCALTZBnrXB7Byd";"thyssenkrupp";Security;Sell;DE0007500001;40;9,242;369,68;0,00;0,00;EUR
2025-12-23;12:00:27;Cancelled;"SCAL2irjCNf6HM1";"thyssenkrupp";Security;Sell;DE0007500001;0;0,00;0,00;0,00;0,00;EUR
2025-12-23;11:57:41;Executed;"SCALic39qJ3qJVR";"Microsoft";Security;Sell;US5949181045;2;411,50;823,00;0,00;0,00;EUR
2025-12-23;11:56:50;Executed;"SCALBpNNDaGayPB";"Apple";Security;Sell;US0378331005;3;229,50;688,50;0,00;0,00;EUR
2025-12-23;11:53:48;Executed;"SCALXAyto4APYHD";"Zalando";Security;Sell;DE000ZAL1111;15;25,57;383,55;0,00;0,00;EUR
2025-12-23;11:51:16;Executed;"SCALnFZ8uvo8C4o";"SAP SE";Security;Sell;DE0007164600;2;208,90;417,80;0,00;0,00;EUR
2025-12-23;11:49:41;Executed;"SCALdtHSUUw1jvd";"Rheinmetall";Security;Buy;DE0007030009;1;1.544,00;-1.544,00;0,00;0,00;EUR
2025-12-23;11:49:04;Executed;"SCAL1Njiu3pXxeM";"Rheinmetall";Security;Sell;DE0007030009;1;1.544,00;1.544,00;0,00;0,00;EUR
2025-12-23;11:35:24;Executed;"SCALpwV6VBvbfpF";"BMW St.";Security;Sell;DE0005190003;3;92,30;276,90;0,00;0,00;EUR
2025-12-23;01:00:00;Executed;"DLFBKKJY6L5CHARNQEIOGH";"Scalable Capital Broker 4x Sparplan";Cash;Deposit;;;;1.100,00;0,00;;EUR
2025-12-22;15:30:06;Executed;"SCALHCh43rNDq6f";"Alphabet A";Security;Buy;US02079K3059;3;263,00;-789,00;0,00;0,00;EUR
2025-12-22;13:00:02;Executed;"SCALx6dixm8bD2D";"NVIDIA";Security;Buy;US67066G1040;4;156,00;-624,00;0,00;0,00;EUR
2025-12-22;12:46:35;Executed;"SCALTM6LcKfy7gv";"NVIDIA";Security;Sell;US67066G1040;4;156,32;625,28;0,00;0,00;EUR
2025-12-22;12:41:21;Executed;"SCALvDzpqMZ8v1w";"Alphabet A";Security;Sell;US02079K3059;3;263,50;790,50;0,00;0,00;EUR
2025-12-22;10:09:11;Executed;"SCALCtCyr4Yd7FA";"iShares Core MSCI World (Acc)";Security;Sell;IE00B4L5Y983;65;111,02;7.216,30;0,00;0,00;EUR
2025-12-22;10:08:26;Executed;"SCALyhrA6HYTSU2";"iShares Core MSCI World (Acc)";Security;Buy;IE00B4L5Y983;66;111,035;-7.328,31;0,00;0,00;EUR
2025-12-22;07:30:11;Executed;"SCALWwbq7Ra9Lzs";"Invesco Physical Silver";Security;Buy;IE00B43VDT70;10;56,28;-562,80;0,00;0,00;EUR
2025-12-19;08:45:07;Executed;"SCALCvD3qwc16S2";"Mercedes-Benz Group";Security;Sell;DE0007100000;5;59,21;296,05;0,00;0,00;EUR
2025-12-19;01:00:00;Executed;"SWITCH-101-cns3t2c78AFERemuBBek9Q-Fgm10H-EUR-DISTRIBUTION-RKN";;Cash;Deposit;;;;1,09;0,00;;EUR
2025-12-18;09:02:30;Executed;"SCALX8g48KNnKa9";"Münchener Rück";Security;Sell;DE0008430026;1;545,40;545,40;0,00;0,00;EUR
2025-12-18;09:00:30;Executed;"SCALFjcdYVhQzYh";"Hannover Rück";Security;Sell;DE0008402215;1;257,60;257,60;0,00;0,00;EUR
2025-12-18;01:00:00;Executed;"262966_cns3t2c78AFERemuBBek9Q";"Alphabet A";Cash;Distribution;US02079K3059;;;0,38;0,00;0,16;EUR
2025-12-17;16:43:09;Executed;"SCALHPgFjVLeF4P";"Siemens";Security;Sell;DE0007236101;2;233,40;466,80;0,00;0,00;EUR
2025-12-17;13:22:10;Executed;"SCALsWXmKjgco1M";"Hannover Rück";Security;Buy;DE0008402215;1;259,80;-259,80;0,00;0,00;EUR
2025-12-17;13:06:41;Executed;"SCALnUQ5rdFt4UR";"Volkswagen Vz.";Security;Sell;DE0007664039;3;104,10;312,30;0,00;0,00;EUR
2025-12-16;17:50:32;Cancelled;"SCALPBHwtZHWy6F";"Allianz";Security;Sell;DE0008404005;0;0,00;0,00;0,00;0,00;EUR
2025-12-16;17:47:40;Executed;"SCALoTjZYiM2icQ";"Siemens";Security;Buy;DE0007236101;2;238,00;-476,00;0,00;0,00;EUR
2025-12-16;17:39:13;Executed;"SCALtMRgCoEckYF";"Volkswagen Vz.";Security;Buy;DE0007664039;3;106,85;-320,55;0,00;0,00;EUR
2025-12-16;17:37:48;Executed;"SCALwmyJgRVhH8z";"Münchener Rück";Security;Buy;DE0008430026;1;558,60;-558,60;0,00;0,00;EUR
2025-12-16;17:35:40;Executed;"SCAL89ngPek8spo";"Mercedes-Benz Group";Security;Buy;DE0007100000;5;60,67;-303,35;0,00;0,00;EUR
2025-12-16;17:34:10;Cancelled;"SCALxWhtPgTSLgy";"Continental";Security;Buy;DE0005439004;0;0,00;0,00;0,00;0,00;EUR
2025-12-16;17:32:23;Cancelled;"SCALrfEGGQLLE2d";"Continental";Security;Buy;DE0005439004;0;0,00;0,00;0,00;0,00;EUR
2025-12-16;17:28:42;Executed;"SCALTcXRVdFXajY";"BMW St.";Security;Buy;DE0005190003;3;94,16;-282,48;0,00;0,00;EUR
2025-12-16;17:23:56;Executed;"SCALeQ2St8gYr6f";"Allianz";Security;Buy;DE0008404005;1;383,30;-383,30;0,00;0,00;EUR
2025-12-15;11:58:49;Executed;"SCALp3Jq4syVN6u";"iShares Core MSCI World (Acc)";Security;Savings plan;IE00B4L5Y983;2,699905;111,115;-299,999944075;0,00;0,00;EUR
2025-12-11;01:00:00;Executed;"QHESJUH6KFNDKDWBWHRHQ7";"Scalable Capital Broker Sparplan";Cash;Deposit;;;;300,00;0,00;;EUR
2025-12-08;01:00:00;Executed;"5KX6MI";"Migration Cash";Cash;Withdrawal;;;;-3.543,91;0,00;;EUR
2025-12-08;01:00:00;Executed;"BULK_WITHHOLDING_TAX_cns3t2c78AFERemuBBek9Q";;Cash;Deposit;;;;0,00;0,00;;EUR
2025-12-08;01:00:00;Executed;"CDS_DTA_otnCmDq1XgzVoNy3y1Wztb_0_5k6T7JXSPk1B2ifRu2ok3x";"";Cash;Taxes;;;;195,23;0,00;;EUR
2025-12-06;01:00:00;Executed;"SWITCH-101-cns3t2c78AFERemuBBek9Q-US33813J1060-WDP";"Fisker A";Security;Security transfer;US33813J1060;650;0,00;0,00;;;EUR
2025-12-06;01:00:00;Executed;"SWITCH-101-cns3t2c78AFERemuBBek9Q-IE00B4L5Y983-WDP";"iShares Core MSCI World (Acc)";Security;Security transfer;IE00B4L5Y983;51,9;111,72;5.798,268;;;EUR
2025-12-06;01:00:00;Executed;"SWITCH-101-cns3t2c78AFERemuBBek9Q-IE00B53SZB19-WDP";"iShares Nasdaq 100 (Acc)";Security;Security transfer;IE00B53SZB19;4,026;1.266,00;5.096,916;;;EUR
2025-12-06;01:00:00;Executed;"SWITCH-101-cns3t2c78AFERemuBBek9Q-DE0007164600-WDP";"SAP SE";Security;Security transfer;DE0007164600;2;212,75;425,50;;;EUR
2025-12-06;01:00:00;Executed;"SWITCH-101-cns3t2c78AFERemuBBek9Q-DE0007500001-WDP";"thyssenkrupp";Security;Security transfer;DE0007500001;40;9,40;376,00;;;EUR
2025-12-06;01:00:00;Executed;"SWITCH-101-cns3t2c78AFERemuBBek9Q-US67066G1040-WDP";"NVIDIA";Security;Security transfer;US67066G1040;4;156,72;626,88;;;EUR
2025-12-06;01:00:00;Executed;"SWITCH-101-cns3t2c78AFERemuBBek9Q-DE0007030009-WDP";"Rheinmetall";Security;Security transfer;DE0007030009;1;1.532,00;1.532,00;;;EUR
2025-12-06;01:00:00;Executed;"SWITCH-101-cns3t2c78AFERemuBBek9Q-US02079K3059-WDP";"Alphabet A";Security;Security transfer;US02079K3059;3;274,95;824,85;;;EUR
2025-12-06;01:00:00;Executed;"SWITCH-101-cns3t2c78AFERemuBBek9Q-EUR-DEPOSIT";"";Cash;Deposit;;;;3.543,91;0,00;;EUR
2025-12-06;01:00:00;Executed;"SWITCH-101-cns3t2c78AFERemuBBek9Q-IE00B579F325-WDP";"Invesco Physical Gold A";Security;Security transfer;IE00B579F325;6,782;348,10;2.360,8142;;;EUR
2025-12-06;01:00:00;Executed;"SWITCH-101-cns3t2c78AFERemuBBek9Q-IE00B5BMR087-WDP";"iShares Core S&P 500 (Acc)";Security;Security transfer;IE00B5BMR087;8,71;631,46;5.500,0166;;;EUR
2025-12-06;01:00:00;Executed;"SWITCH-101-cns3t2c78AFERemuBBek9Q-DE000TKMS001-WDP";"Tkms Ag & Co. Kgaa";Security;Security transfer;DE000TKMS001;2;68,65;137,30;;;EUR
2025-12-06;01:00:00;Executed;"SWITCH-101-cns3t2c78AFERemuBBek9Q-DE000ZAL1111-WDP";"Zalando";Security;Security transfer;DE000ZAL1111;15;23,82;357,30;;;EUR
2025-12-06;01:00:00;Executed;"SWITCH-101-cns3t2c78AFERemuBBek9Q-IE00BM67HT60-WDP";"Xtrackers MSCI World Information Technology (Acc)";Security;Security transfer;IE00BM67HT60;51,728;102,28;5.290,73984;;;EUR
2025-12-06;01:00:00;Executed;"SWITCH-101-cns3t2c78AFERemuBBek9Q-US0378331005-WDP";"Apple";Security;Security transfer;US0378331005;3;240,00;720,00;;;EUR
2025-12-06;01:00:00;Executed;"SWITCH-101-cns3t2c78AFERemuBBek9Q-NL0010273215-WDP";"ASML Holding";Security;Security transfer;NL0010273215;1;943,90;943,90;;;EUR
2025-12-06;01:00:00;Executed;"SWITCH-101-cns3t2c78AFERemuBBek9Q-GB00BLD4ZL17-WDP";"CoinShares Physical Bitcoin";Security;Security transfer;GB00BLD4ZL17;10;74,01;740,10;;;EUR
2025-12-06;01:00:00;Executed;"SWITCH-101-cns3t2c78AFERemuBBek9Q-US5949181045-WDP";"Microsoft";Security;Security transfer;US5949181045;2;414,55;829,10;;;EUR
2025-12-06;01:00:00;Executed;"SWITCH-101-cns3t2c78AFERemuBBek9Q-IE00BHZRQZ17-WDP";"Franklin FTSE India (Acc)";Security;Security transfer;IE00BHZRQZ17;67,345;38,415;2.587,058175;;;EUR
2025-12-05;01:00:00;Executed;"WWUM 00594585571";"CoinShares Physical Bitcoin";Security;Security transfer;GB00BLD4ZL17;-10;76,50;-765,00;;;EUR
2025-12-05;01:00:00;Executed;"WWUM 00594585651";"iShares Core MSCI World (Acc)";Security;Security transfer;IE00B4L5Y983;-51,9;111,34;-5.778,546;;;EUR
2025-12-05;01:00:00;Executed;"WWUM 00594586792";"Alphabet A";Security;Security transfer;US02079K3059;-3;271,50;-814,50;;;EUR
2025-12-05;01:00:00;Executed;"WWUM 00594586168";"iShares Core S&P 500 (Acc)";Security;Security transfer;IE00B5BMR087;-8,71;628,92;-5.477,8932;;;EUR
2025-12-05;01:00:00;Executed;"WWUM 00594586036";"Invesco Physical Gold A";Security;Security transfer;IE00B579F325;-6,782;348,16;-2.361,22112;;;EUR
2025-12-05;01:00:00;Executed;"WWUM 00594586351";"Franklin FTSE India (Acc)";Security;Security transfer;IE00BHZRQZ17;-67,345;38,43;-2.588,06835;;;EUR
2025-12-05;01:00:00;Executed;"WWUM 00594585205";"SAP SE";Security;Security transfer;DE0007164600;-2;210,15;-420,30;;;EUR
2025-12-05;01:00:00;Executed;"WWUM 00594586707";"ASML Holding";Security;Security transfer;NL0010273215;-1;952,20;-952,20;;;EUR
2025-12-05;01:00:00;Executed;"WWUM 00594586871";"Apple";Security;Security transfer;US0378331005;-3;240,75;-722,25;;;EUR
2025-12-05;01:00:00;Executed;"WWUM 00594585404";"Tkms Ag & Co. Kgaa";Security;Security transfer;DE000TKMS001;-2;67,00;-134,00;;;EUR
2025-12-05;01:00:00;Executed;"WWUM 00594585484";"Zalando";Security;Security transfer;DE000ZAL1111;-15;23,58;-353,70;;;EUR
2025-12-05;01:00:00;Executed;"WWUM 00594585862";"iShares Nasdaq 100 (Acc)";Security;Security transfer;IE00B53SZB19;-4,026;1.256,60;-5.059,0716;;;EUR
2025-12-05;01:00:00;Executed;"WWUM 00594586528";"Xtrackers MSCI World Information Technology (Acc)";Security;Security transfer;IE00BM67HT60;-51,728;101,66;-5.258,66848;;;EUR
2025-12-05;01:00:00;Executed;"WWUM 00594587073";"Microsoft";Security;Security transfer;US5949181045;-2;410,30;-820,60;;;EUR
2025-12-05;01:00:00;Executed;"52025004";"KKT-Abschluss";Cash;Interest;;;;5,36;0,00;0,00;EUR
2025-12-05;01:00:00;Executed;"WWUM 00594585110";"Rheinmetall";Security;Security transfer;DE0007030009;-1;1.540,00;-1.540,00;;;EUR
2025-12-05;01:00:00;Executed;"WWUM 00594585295";"thyssenkrupp";Security;Security transfer;DE0007500001;-40;9,206;-368,24;;;EUR
2025-12-05;01:00:00;Executed;"WWUM 00594586994";"Fisker A";Security;Security transfer;US33813J1060;-650;0,00064421;-0,4187365;;;EUR
2025-12-05;01:00:00;Executed;"WWUM 00594587148";"NVIDIA";Security;Security transfer;US67066G1040;-4;156,76;-627,04;;;EUR
2025-12-01;01:00:00;Executed;"U2AZWIFVHFPG21VC";"Entgelt PRIME+ Broker";Cash;Fee;;;;-4,99;0,00;;EUR
2025-11-25;11:44:17;Executed;"SCALo5rBMG5Gpxe";"iShares Core S&P 500 (Acc)";Security;Savings plan;IE00B5BMR087;0,48278;621,40;-299,999492;0,00;0,00;EUR
2025-11-25;11:33:03;Executed;"SCALkgYb4GjBi98";"Invesco Physical Gold A";Security;Savings plan;IE00B579F325;0,580484;344,54;-199,99995736;0,00;0,00;EUR
2025-11-25;11:14:04;Executed;"SCALU8B6w9bxvtJ";"Xtrackers MSCI World Information Technology (Acc)";Security;Savings plan;IE00BM67HT60;3,029385;99,03;-299,99999655;0,00;0,00;EUR
2025-11-25;11:09:09;Executed;"SCALtNL9f4Qt7og";"iShares Nasdaq 100 (Acc)";Security;Savings plan;IE00B53SZB19;0,243466;1.232,20;-299,9988052;0,00;0,00;EUR
2025-11-21;01:00:00;Executed;"G4X4RWBT3PEMR82GXHTW9C";"Scalable Capital Broker 4x Sparplan";Cash;Deposit;;;;1.100,00;0,00;;EUR
2025-11-18;21:49:27;Executed;"SCALTkUC8BXVd9x";"Invesco Physical Bitcoin";Security;Buy;XS2376095068;12;78,06;-936,72;6,46;0,00;EUR
2025-11-14;01:00:00;Executed;"WWEK 53195194";"Apple";Cash;Distribution;US0378331005;;;0,47;0,00;0,20;EUR
2025-11-13;11:44:20;Executed;"SCALeNKagN5iMwY";"iShares Core MSCI World (Acc)";Security;Savings plan;IE00B4L5Y983;2,682883;111,82;-299,99997706;0,00;0,00;EUR
2025-11-11;01:00:00;Executed;"VF2DHBBFH6EWHH8EAXQ887";"Scalable Capital Broker Sparplan";Cash;Deposit;;;;300,00;0,00;;EUR
2025-11-06;01:00:00;Executed;"WWEK 53015571";"ASML Holding";Cash;Distribution;NL0010273215;;;1,36;0,00;0,24;EUR
2025-11-04;23:38:35;Expired;"SCALJSMW51Jq55a";"Rheinmetall";Security;Sell;DE0007030009;0;0,00;0,00;0,00;0,00;EUR
2025-11-01;01:00:00;Executed;"JDELCWHVQHMEB1GV";"Entgelt PRIME+ Broker";Cash;Fee;;;;-4,99;0,00;;EUR
2025-10-27;11:54:47;Executed;"SCALuQ88KhWosrq";"Invesco Physical Gold A";Security;Savings plan;IE00B579F325;0,598802;334,00;-199,999868;0,00;0,00;EUR
2025-10-27;11:27:22;Executed;"SCAL9ruJQSK6XHG";"iShares Core S&P 500 (Acc)";Security;Savings plan;IE00B5BMR087;0,476462;629,64;-299,99953368;0,00;0,00;EUR
2025-10-27;11:26:04;Executed;"SCALq83vLvsedMM";"Xtrackers MSCI World Information Technology (Acc)";Security;Savings plan;IE00BM67HT60;2,875766;104,32;-299,99990912;0,00;0,00;EUR
2025-10-27;11:07:09;Executed;"SCALT5FwQWDhgVs";"iShares Nasdaq 100 (Acc)";Security;Savings plan;IE00B53SZB19;0,237041;1.265,60;-299,9990896;0,00;0,00;EUR
2025-10-23;02:00:00;Executed;"GYFWQQ5ISFT9LF6QWOKZWY";"Scalable Capital Broker 4x Sparplan";Cash;Deposit;;;;1.100,00;0,00;;EUR
2025-10-20;02:00:00;Executed;"WWUM 00565691820";"TKMS AG & CO. KGAA";Security;Corporate action;DE000TKMS001;2;0,00;0,00;;;EUR
2025-10-13;11:26:48;Executed;"SCAL2BpaUhynPiP";"iShares Core MSCI World (Acc)";Security;Savings plan;IE00B4L5Y983;2,766251;108,45;-299,99992095;0,00;0,00;EUR
2025-10-09;02:00:00;Executed;"GSJEBOMHD3H6ELK8YRU7BP";"Scalable Capital Broker Sparplan";Cash;Deposit;;;;300,00;0,00;;EUR
2025-10-06;20:10:21;Executed;"SCALnsu9Ei2yqdn";"Advanced Micro Devices";Security;Sell;US0079031078;3;177,02;531,06;0,00;0,00;EUR
2025-10-06;20:09:40;Cancelled;"SCALwfnv9wM1xPG";"Advanced Micro Devices";Security;Sell;US0079031078;0;0,00;0,00;0,00;0,00;EUR
2025-10-06;20:02:30;Cancelled;"SCALg2ie4UtcmHm";"Advanced Micro Devices";Security;Sell;US0079031078;0;0,00;0,00;0,00;0,00;EUR
2025-10-06;19:49:16;Cancelled;"SCALHJUZqNS7CJ1";"Advanced Micro Devices";Security;Sell;US0079031078;0;0,00;0,00;0,00;0,00;EUR
2025-10-03;09:12:32;Executed;"SCALNtJUxyoF5WV";"Salzgitter";Security;Sell;DE0006202005;10;31,00;310,00;0,00;0,00;EUR
2025-10-03;02:00:00;Executed;"WWEK 52256870";"NVIDIA";Cash;Distribution;US67066G1040;;;0,01;0,00;0,02;EUR
2025-10-01;02:00:00;Executed;"267f6b11-1075-4e5b-9a26-11ea94f13ccb";;Cash;Interest;;;;123,95;0,00;44,39;EUR
2025-09-30;02:00:00;Executed;"52025003";"KKT-Abschluss";Cash;Interest;;;;5,56;0,00;0,00;EUR
2025-09-30;02:00:00;Executed;"DYCUEA8CJNEMVN5H";"Entgelt PRIME+ Broker";Cash;Fee;;;;-4,99;0,00;;EUR
2025-09-25;17:15:06;Executed;"SCALj9sXM4xjD4E";"Xtrackers MSCI World Information Technology (Acc)";Security;Savings plan;IE00BM67HT60;3,071882;97,66;-299,99999612;0,00;0,00;EUR
2025-09-25;17:07:27;Executed;"SCALib1BxT4VA2j";"iShares Nasdaq 100 (Acc)";Security;Savings plan;IE00B53SZB19;0,250626;1.197,00;-299,999322;0,00;0,00;EUR
2025-09-25;16:39:33;Executed;"SCALtMbotyne5MF";"Invesco Physical Gold A";Security;Savings plan;IE00B579F325;0,650448;307,48;-199,99975104;0,00;0,00;EUR
2025-09-25;16:34:42;Executed;"SCALZrnBc7URjTj";"iShares Core S&P 500 (Acc)";Security;Savings plan;IE00B5BMR087;0,495834;605,04;-299,99940336;0,00;0,00;EUR
2025-09-23;02:00:00;Executed;"XB6DVBTSRWKKXMRRQZT5Y8";"Scalable Capital Broker 4x Sparplan";Cash;Deposit;;;;1.100,00;0,00;;EUR
2025-09-16;02:00:00;Executed;"WWEK 51133968";"Alphabet A";Cash;Distribution;US02079K3059;;;0,37;0,00;0,16;EUR
2025-09-15;11:55:45;Executed;"SCALvJVL5H1hncS";"iShares Core MSCI World (Acc)";Security;Savings plan;IE00B4L5Y983;2,818621;106,435;-299,999926135;0,00;0,00;EUR
2025-09-12;02:00:00;Executed;"WWEK 50887989";"Microsoft";Cash;Distribution;US5949181045;;;0,99;0,00;0,42;EUR
2025-09-11;02:00:00;Executed;"TI7HJVP1DWPLKJDUMJJ5TH";"Scalable Capital Broker Sparplan";Cash;Deposit;;;;300,00;0,00;;EUR
2025-08-31;02:00:00;Executed;"FS58SLBWLEP8T24Z";"Entgelt PRIME+ Broker";Cash;Fee;;;;-4,99;0,00;;EUR
2025-08-29;12:04:20;Executed;"SCALYxzwmnPTraR";"Boeing Co";Security;Sell;US0970231058;3;201,40;604,20;0,00;0,00;EUR
2025-08-25;11:59:33;Executed;"SCALEsP5NmRsWjW";"Invesco Physical Gold A";Security;Savings plan;IE00B579F325;0,720824;277,46;-199,99982704;0,00;0,00;EUR
2025-08-25;11:54:38;Executed;"SCALKRNG9eg6KHR";"iShares Nasdaq 100 (Acc)";Security;Savings plan;IE00B53SZB19;0,261278;1.148,20;-299,9993996;0,00;0,00;EUR
2025-08-25;11:44:41;Executed;"SCALYQE648rfmdE";"iShares Core S&P 500 (Acc)";Security;Savings plan;IE00B5BMR087;0,50913;589,24;-299,9997612;0,00;0,00;EUR
2025-08-25;11:27:07;Executed;"SCALVMGxQ4HJcTR";"Xtrackers MSCI World Information Technology (Acc)";Security;Savings plan;IE00BM67HT60;3,269398;91,76;-299,99996048;0,00;0,00;EUR
2025-08-21;02:00:00;Executed;"BMXLGL7CGAZ9EVPGHRGZ2Q";"Scalable Capital Broker 4x Sparplan";Cash;Deposit;;;;1.100,00;0,00;;EUR
2025-08-15;02:00:00;Executed;"WWEK 49922239";"Apple";Cash;Distribution;US0378331005;;;0,47;0,00;0,20;EUR
2025-08-13;11:53:29;Executed;"SCALH3xhvv2f7gP";"iShares Core MSCI World (Acc)";Security;Savings plan;IE00B4L5Y983;2,874802;104,355;-299,99996271;0,00;0,00;EUR
2025-08-11;02:00:00;Executed;"KEH1FZDZKXH2KCPF2AQ8KX";"Scalable Capital Broker Sparplan";Cash;Deposit;;;;300,00;0,00;;EUR
2025-08-06;02:00:00;Executed;"WWEK 49719521";"ASML Holding";Cash;Distribution;NL0010273215;;;1,36;0,00;0,24;EUR
2025-08-05;02:00:00;Executed;"JLJAXUSIECXGGPWAMAUVCC";"Scalable Capital Broker Auszahlung";Cash;Withdrawal;;;;-30.000,00;0,00;;EUR
2025-07-31;02:00:00;Executed;"F3MAYVNP75IYGGK7";"Entgelt PRIME+ Broker";Cash;Fee;;;;-4,99;0,00;;EUR
2025-07-25;11:59:19;Executed;"SCALWBfJn73YJXy";"iShares Nasdaq 100 (Acc)";Security;Savings plan;IE00B53SZB19;0,264;1.134,80;-299,5872;0,00;0,00;EUR
2025-07-25;11:43:45;Executed;"SCAL1QNgUkjorja";"Xtrackers MSCI World Information Technology (Acc)";Security;Savings plan;IE00BM67HT60;3,302;90,84;-299,95368;0,00;0,00;EUR
2025-07-25;11:41:10;Executed;"SCALibuYyKEPoVc";"iShares Core S&P 500 (Acc)";Security;Savings plan;IE00B5BMR087;0,517;579,42;-299,56014;0,00;0,00;EUR
2025-07-25;11:02:43;Executed;"SCALaMHzvEf9uCx";"Invesco Physical Gold A";Security;Savings plan;IE00B579F325;0,728;274,50;-199,836;0,00;0,00;EUR
2025-07-24;02:00:00;Executed;"GUTHNPM4WPMIHTWFVDSMZH";"Scalable Capital Broker 4x Sparplan";Cash;Deposit;;;;1.100,00;0,00;;EUR
2025-07-14;11:55:57;Executed;"SCALWHJMdn3Ypat";"iShares Core MSCI World (Acc)";Security;Savings plan;IE00B4L5Y983;2,965;101,18;-299,9987;0,00;0,00;EUR
2025-07-13;02:00:00;Executed;"HN7KSM2X6QZRRYPVMCAAMF";"Scalable Capital Broker Auszahlung";Cash;Withdrawal;;;;-10.000,00;0,00;;EUR
2025-07-11;02:00:00;Executed;"4PARBWBDIXKFGRD8KGWIYM";"Scalable Capital Broker Sparplan";Cash;Deposit;;;;300,00;0,00;;EUR
2025-07-10;07:30:32;Executed;"SCALTaxZ8xr43Aw";"Salzgitter";Security;Buy;DE0006202005;10;29,08;-290,80;0,00;0,00;EUR
2025-07-07;18:14:40;Executed;"SCALbewYXnUUdSD";"Rheinmetall";Security;Buy;DE0007030009;1;1.794,00;-1.794,00;0,00;0,00;EUR
2025-07-04;02:00:00;Executed;"WWEK 48775217";"NVIDIA";Cash;Distribution;US67066G1040;;;0,01;0,00;0,02;EUR
2025-07-01;02:00:00;Executed;"8cd3688e-99fc-437e-897f-b6b188c42faa";;Cash;Interest;;;;249,06;0,00;89,22;EUR
2025-06-30;02:00:00;Executed;"52025002";"KKT-Abschluss";Cash;Interest;;;;12,28;0,00;0,00;EUR
2025-06-30;02:00:00;Executed;"SABWQK1ZI6WAVSXE";"Entgelt PRIME+ Broker";Cash;Fee;;;;-4,99;0,00;;EUR
2025-06-25;15:31:32;Executed;"SCALGXffyxWi1eH";"iShares Nasdaq 100 (Acc)";Security;Savings plan;IE00B53SZB19;0,272;1.101,80;-299,6896;0,00;0,00;EUR
2025-06-25;15:17:54;Executed;"SCAL2bnWoRhRDQj";"Invesco Physical Gold A";Security;Savings plan;IE00B579F325;0,725;275,60;-199,81;0,00;0,00;EUR
2025-06-25;14:49:41;Executed;"SCALic4fHri2x7U";"Xtrackers MSCI World Information Technology (Acc)";Security;Savings plan;IE00BM67HT60;3,452;86,90;-299,9788;0,00;0,00;EUR
2025-06-25;14:47:28;Executed;"SCALFAnvDfpDDDD";"iShares Core S&P 500 (Acc)";Security;Savings plan;IE00B5BMR087;0,534;561,32;-299,74488;0,00;0,00;EUR
2025-06-24;02:00:00;Executed;"EVGZDYDVBFNCOJMZEVU8K2";"Scalable Capital Broker 4x Sparplan";Cash;Deposit;;;;1.100,00;0,00;;EUR
2025-06-18;02:00:00;Executed;"WWEK 47617035";"Alphabet A";Cash;Distribution;US02079K3059;;;0,39;0,00;0,16;EUR
2025-06-13;12:12:20;Executed;"SCALGxq9YWkPwVc";"iShares Core MSCI World (Acc)";Security;Savings plan;IE00B4L5Y983;3,027;99,10;-299,9757;0,00;0,00;EUR
2025-06-13;11:27:34;Executed;"SCALxXCJYQmEAe2";"Franklin FTSE India (Acc)";Security;Savings plan;IE00BHZRQZ17;5,165;38,715;-199,962975;0,00;0,00;EUR
2025-06-13;02:00:00;Executed;"WWEK 47250491";"Microsoft";Cash;Distribution;US5949181045;;;1,00;0,00;0,44;EUR
2025-06-12;02:00:00;Executed;"7AZMKK43NUVY5HSYFXXRSB";"Scalable Capital Broker 2x Sparplan";Cash;Deposit;;;;500,00;0,00;;EUR
2025-05-31;02:00:00;Executed;"CUTC2954EBGZZH0H";"Entgelt PRIME+ Broker";Cash;Fee;;;;-4,99;0,00;;EUR
2025-05-26;11:39:08;Executed;"SCALyNf2bxpyHc4";"iShares Nasdaq 100 (Acc)";Security;Savings plan;IE00B53SZB19;0,281;1.066,60;-299,7146;0,00;0,00;EUR
2025-05-26;11:37:36;Executed;"SCALj639ps91k7f";"iShares Core S&P 500 (Acc)";Security;Savings plan;IE00B5BMR087;0,545;549,54;-299,4993;0,00;0,00;EUR
2025-05-26;11:33:50;Executed;"SCALAxs7CrkggAm";"Invesco Physical Gold A";Security;Savings plan;IE00B579F325;0,709;281,80;-199,7962;0,00;0,00;EUR
2025-05-26;11:07:17;Executed;"SCALrPooJnCh5o8";"Xtrackers MSCI World Information Technology (Acc)";Security;Savings plan;IE00BM67HT60;3,635;82,52;-299,9602;0,00;0,00;EUR
2025-05-23;02:00:00;Executed;"3QLB1GXGXWUAB3YA73ESHQ";"Scalable Capital Broker 4x Sparplan";Cash;Deposit;;;;1.100,00;0,00;;EUR
2025-05-16;02:00:00;Executed;"WWEK 45613662";"SAP SE";Cash;Distribution;DE0007164600;;;4,70;0,00;0,00;EUR
2025-05-16;02:00:00;Executed;"WWEK 45676125";"Apple";Cash;Distribution;US0378331005;;;0,48;0,00;0,22;EUR
2025-05-13;13:54:55;Executed;"SCALDAqNwqCaAey";"iShares Core MSCI World (Acc)";Security;Savings plan;IE00B4L5Y983;3,007;99,738;-299,912166;0,00;0,00;EUR
2025-05-13;13:35:03;Executed;"SCAL9ETmhbQtFRC";"Franklin FTSE India (Acc)";Security;Savings plan;IE00BHZRQZ17;4,996;40,025;-199,9649;0,00;0,00;EUR
2025-05-12;02:00:00;Executed;"QEUGWXL95PZFUTYD8HRGD";"Scalable Capital Broker 2x Sparplan";Cash;Deposit;;;;500,00;0,00;;EUR
2025-05-06;02:00:00;Executed;"WWEK 45016345";"ASML Holding";Cash;Distribution;NL0010273215;;;1,56;0,00;0,28;EUR
2025-04-30;02:00:00;Executed;"Q9AE6UUX1PMFA2VI";"Entgelt PRIME+ Broker";Cash;Fee;;;;-4,99;0,00;;EUR
2025-04-25;11:41:10;Executed;"SCALqTTpfCTj3Wt";"Xtrackers MSCI World Information Technology (Acc)";Security;Savings plan;IE00BM67HT60;4,066;73,78;-299,98948;0,00;0,00;EUR
2025-04-25;11:32:14;Executed;"SCALahbWMV2CHAP";"iShares Nasdaq 100 (Acc)";Security;Savings plan;IE00B53SZB19;0,308;972,40;-299,4992;0,00;0,00;EUR
2025-04-25;11:27:29;Executed;"SCAL3KEfRKJCRiC";"Invesco Physical Gold A";Security;Savings plan;IE00B579F325;0,712;280,54;-199,74448;0,00;0,00;EUR
2025-04-25;11:17:56;Executed;"SCALLK63ov9TbrF";"iShares Core S&P 500 (Acc)";Security;Savings plan;IE00B5BMR087;0,582;514,98;-299,71836;0,00;0,00;EUR
2025-04-24;02:00:00;Executed;"FMOHWXN5EPPAUAMQ6K3G7D";"Scalable Capital Broker 4x Sparplan";Cash;Deposit;;;;1.100,00;0,00;;EUR
2025-04-14;11:09:39;Executed;"SCALnYa1c75KFkw";"Franklin FTSE India (Acc)";Security;Savings plan;IE00BHZRQZ17;5,37;37,24;-199,9788;0,00;0,00;EUR
2025-04-14;11:06:57;Executed;"SCALWFMWFjoF51k";"iShares Core MSCI World (Acc)";Security;Savings plan;IE00B4L5Y983;3,318;90,392;-299,920656;0,00;0,00;EUR
2025-04-11;02:00:00;Executed;"ICWNQLRTSMM81RVUFC79CF";"Scalable Capital Broker 2x Sparplan";Cash;Deposit;;;;500,00;0,00;;EUR
2025-04-03;02:00:00;Executed;"WWEK 43961542";"NVIDIA";Cash;Distribution;US67066G1040;;;0,02;0,00;0,02;EUR
2025-04-01;02:00:00;Executed;"0a86cbbb-9d31-4701-9d2e-22560d64df09";;Cash;Interest;;;;172,00;0,00;61,62;EUR
2025-03-31;02:00:00;Executed;"XSWFHXCXE3ECYE25";"Entgelt PRIME+ Broker";Cash;Fee;;;;-4,99;0,00;;EUR
2025-03-31;02:00:00;Executed;"52025001";"KKT-Abschluss";Cash;Interest;;;;110,65;0,00;0,00;EUR
2025-03-25;11:49:41;Executed;"SCALzwou4Qxsjvf";"Invesco Physical Gold A";Security;Savings plan;IE00B579F325;0,742;269,46;-199,93932;0,00;0,00;EUR
2025-03-25;11:46:16;Executed;"SCALg3MRTWazhjB";"iShares Core S&P 500 (Acc)";Security;Savings plan;IE00B5BMR087;0,529;567,10;-299,9959;0,00;0,00;EUR
2025-03-25;11:38:42;Executed;"SCALCG9DtKXZmEm";"Xtrackers MSCI World Information Technology (Acc)";Security;Savings plan;IE00BM67HT60;3,654;82,08;-299,92032;0,00;0,00;EUR
2025-03-25;11:04:36;Executed;"SCAL2kjb95tkGTh";"iShares Nasdaq 100 (Acc)";Security;Savings plan;IE00B53SZB19;0,281;1.067,40;-299,9394;0,00;0,00;EUR
2025-03-24;01:00:00;Executed;"W9QJR66DMJJ94VZQXKWQSG";"Scalable Capital Broker 4x Sparplan";Cash;Deposit;;;;1.100,00;0,00;;EUR
2025-03-18;01:00:00;Executed;"WWEK 42966504";"Alphabet A";Cash;Distribution;US02079K3059;;;0,39;0,00;0,16;EUR
2025-03-14;01:00:00;Executed;"WWEK 42680950";"Microsoft";Cash;Distribution;US5949181045;;;1,06;0,00;0,46;EUR
2025-03-13;11:23:47;Executed;"SCALm2DdR155MsB";"Franklin FTSE India (Acc)";Security;Savings plan;IE00BHZRQZ17;5,432;36,815;-199,97908;0,00;0,00;EUR
2025-03-13;11:21:51;Executed;"SCAL8Jk8qP7dniy";"iShares Core MSCI World (Acc)";Security;Savings plan;IE00B4L5Y983;3,072;97,64;-299,95008;0,00;0,00;EUR
2025-03-12;01:00:00;Executed;"WDVBUGBW1NW4FLDK1XJHHQ";"Scalable Capital Broker 2x Sparplan";Cash;Deposit;;;;500,00;0,00;;EUR
2025-03-01;01:00:00;Executed;"JZE97WEEEGIK8YRB";"Entgelt PRIME+ Broker";Cash;Fee;;;;-4,99;0,00;;EUR
2025-02-25;12:12:12;Executed;"SCAL7xA8oHHRpLv";"Invesco Physical Gold A";Security;Savings plan;IE00B579F325;0,739;270,48;-199,88472;0,00;0,00;EUR
2025-02-25;11:49:50;Executed;"SCALF2w31RySBv4";"iShares Nasdaq 100 (Acc)";Security;Savings plan;IE00B53SZB19;0,258;1.161,80;-299,7444;0,00;0,00;EUR
2025-02-25;11:43:35;Executed;"SCALuR8jH8cYekb";"Xtrackers MSCI World Information Technology (Acc)";Security;Savings plan;IE00BM67HT60;3,341;89,78;-299,95498;0,00;0,00;EUR
2025-02-25;11:39:58;Executed;"SCALxobkZFReMdF";"iShares Core S&P 500 (Acc)";Security;Savings plan;IE00B5BMR087;0,494;606,20;-299,4628;0,00;0,00;EUR
2025-02-24;01:00:00;Executed;"ST5KUZESZNNKIHRKORJOIX";"Scalable Capital Broker 4x Sparplan";Cash;Deposit;;;;1.100,00;0,00;;EUR
2025-02-19;01:00:00;Executed;"WWEK 42014248";"ASML Holding";Cash;Distribution;NL0010273215;;;1,29;0,00;0,23;EUR
2025-02-18;07:30:09;Executed;"SCALQFfoc9Rvi3A";"Zalando";Security;Buy;DE000ZAL1111;15;39,66;-594,90;0,00;0,00;EUR
2025-02-14;01:00:00;Executed;"WWEK 41771303";"Apple";Cash;Distribution;US0378331005;;;0,51;0,00;0,20;EUR
2025-02-13;11:49:04;Executed;"SCAL9f6x8f1Gpjf";"iShares Core MSCI World (Acc)";Security;Savings plan;IE00B4L5Y983;2,784;107,72;-299,8924;0,00;0,00;EUR
2025-02-13;11:43:11;Executed;"SCALoBcc5vELYVK";"Franklin FTSE India (Acc)";Security;Savings plan;IE00BHZRQZ17;5,057;39,545;-199,979;0,00;0,00;EUR
2025-02-12;01:00:00;Executed;"GW7HHJ66EBJRDKAFTKHNAS";"Scalable Capital Broker 2x Sparplan";Cash;Deposit;;;;500,00;0,00;;EUR
2025-02-10;01:00:00;Executed;"kGvXFPoZTGrA4HsdQxsFTt";"Scalable Capital";Cash;Deposit;;;;10.000,00;0,00;;EUR
2025-02-07;01:00:00;Executed;"j8r6Tisww2FD6pi3t6amEi";"Scalable Capital";Cash;Deposit;;;;10.000,00;0,00;;EUR
2025-02-07;01:00:00;Executed;"5WekHEBCXZHTAydVbcvjmq";"Scalable Capital";Cash;Deposit;;;;10.000,00;0,00;;EUR
2025-02-06;01:00:00;Executed;"dvsazxZbJJhMo3ND31br6i";"Scalable Capital";Cash;Deposit;;;;10.000,00;0,00;;EUR
2025-02-06;01:00:00;Executed;"iqWHYK2DzLLAApeQumAVQs";"Scalable Capital";Cash;Deposit;;;;10.000,00;0,00;;EUR
2025-02-05;01:00:00;Executed;"WWEK 41037474";"thyssenkrupp";Cash;Distribution;DE0007500001;;;6,00;0,00;0,00;EUR
2025-02-03;01:00:00;Executed;"GT3TAGYFCHCJDPZB";"Entgelt PRIME+ Broker";Cash;Fee;;;;-4,99;0,00;;EUR
2025-02-03;01:00:00;Executed;"6CFS87eXfMT1qSGvsJAgs6";"Scalable Capital Broker";Cash;Deposit;;;;10.000,00;0,00;;EUR
2025-02-03;01:00:00;Executed;"VMLLD7EDXF1ZTSWWSNPEGC";"Scalable Capital Broker Auszahlung";Cash;Withdrawal;;;;-40.000,00;0,00;;EUR
2025-01-27;15:51:58;Executed;"SCAL6sP9JEqYiZu";"iShares Core S&P 500 (Acc)";Security;Savings plan;IE00B5BMR087;0,495;605,68;-299,8116;0,00;0,00;EUR
2025-01-27;15:49:12;Executed;"SCALMkyionhQBaN";"iShares Nasdaq 100 (Acc)";Security;Savings plan;IE00B53SZB19;0,26;1.153,00;-299,7799;0,00;0,00;EUR
2025-01-27;15:13:40;Executed;"SCAL1GLjpK8ZQ9z";"Invesco Physical Gold A";Security;Savings plan;IE00B579F325;0,792;252,50;-199,98;0,00;0,00;EUR
2025-01-27;15:00:41;Executed;"SCALhEnxHKdwkub";"Xtrackers MSCI World Information Technology (Acc)";Security;Savings plan;IE00BM67HT60;3,394;88,39;-299,9956;0,00;0,00;EUR
2025-01-24;11:19:31;Executed;"SCALYzEPALhtA7z";"NVIDIA";Security;Buy;US67066G1040;4;140,30;-561,20;0,00;0,00;EUR
2025-01-24;01:00:00;Executed;"DWRKBGSBVURP6NR1QVQYRO";"Scalable Capital Broker 4x Sparplan";Cash;Deposit;;;;1.100,00;0,00;;EUR
2025-01-21;09:44:40;Executed;"SCALRDuQTTzN2SK";"SAP SE";Security;Buy;DE0007164600;2;257,30;-514,60;0,00;0,00;EUR
2025-01-13;13:32:27;Executed;"SCALAFFdoQdvfhB";"Franklin FTSE India (Acc)";Security;Savings plan;IE00BHZRQZ17;4,874;41,03;-199,9802;0,00;0,00;EUR
2025-01-13;13:25:57;Executed;"SCALwXSLwLKY61R";"iShares Core MSCI World (Acc)";Security;Savings plan;IE00B4L5Y983;2,883;104,03;-299,9184;0,00;0,00;EUR
2025-01-10;01:00:00;Executed;"6ZM3SJNBQX1Z1EWBFYBUNX";"Scalable Capital Broker 2x Sparplan";Cash;Deposit;;;;500,00;0,00;;EUR
2025-01-08;01:00:00;Executed;"949474060";"Scalable Capital";Cash;Deposit;;;;10.000,00;0,00;;EUR
2025-01-06;01:00:00;Executed;"949327271";"Scalable Capital";Cash;Deposit;;;;10.000,00;0,00;;EUR
2025-01-02;01:00:00;Executed;"QJSWTHOAENOG1VGQ";"Entgelt PRIME+ Broker";Cash;Fee;;;;-4,99;0,00;;EUR
2024-12-31;01:00:00;Executed;"52024004";"KKT-Abschluss";Cash;Interest;;;;25,46;0,00;0,00;EUR
2024-12-30;01:00:00;Executed;"948756107";"Scalable Capital";Cash;Deposit;;;;10.000,00;0,00;;EUR
2024-12-27;11:40:12;Executed;"SCALuLUB8hvtaQB";"iShares Nasdaq 100 (Acc)";Security;Savings plan;IE00B53SZB19;0,251;1.191,40;-299,0414;0,00;0,00;EUR
2024-12-27;11:35:15;Executed;"SCALjwMcsuneYRS";"Xtrackers MSCI World Information Technology (Acc)";Security;Savings plan;IE00BM67HT60;3,18;94,33;-299,9694;0,00;0,00;EUR
2024-12-27;11:26:36;Executed;"SCALi6T1tDGMKLD";"iShares Core S&P 500 (Acc)";Security;Savings plan;IE00B5BMR087;0,489;613,02;-299,7667;0,00;0,00;EUR
2024-12-27;11:02:47;Executed;"SCALJEVBRK4V5zA";"Invesco Physical Gold A";Security;Savings plan;IE00B579F325;0,822;243,04;-199,7788;0,00;0,00;EUR
2024-12-24;01:00:00;Executed;"MEZ8BGXGJFM96WUPD7F5OC";"Scalable Capital Broker 4x Sparplan";Cash;Deposit;;;;1.100,00;0,00;;EUR
2024-12-23;01:00:00;Executed;"948485979";"Scalable Capital";Cash;Deposit;;;;10.000,00;0,00;;EUR
2024-12-17;01:00:00;Executed;"WWEK 35928783";"Alphabet A";Cash;Distribution;US02079K3059;;;0,39;0,00;0,18;EUR
2024-12-13;13:43:56;Executed;"SCAL6Dxtz1XEPTt";"Franklin FTSE India (Acc)";Security;Savings plan;IE00BHZRQZ17;4,568;43,78;-199,987;0,00;0,00;EUR
2024-12-13;13:39:12;Executed;"SCALtq4Cq7L2gL8";"iShares Core MSCI World (Acc)";Security;Savings plan;IE00B4L5Y983;2,828;106,045;-299,8952;0,00;0,00;EUR
2024-12-13;01:00:00;Executed;"WWEK 35514839";"Microsoft";Cash;Distribution;US5949181045;;;1,10;0,00;0,48;EUR
2024-12-12;01:00:00;Executed;"NXBQ7C7EYZRRYBIYSWSMYY";"Scalable Capital Broker 2x Sparplan";Cash;Deposit;;;;500,00;0,00;;EUR
2024-12-10;08:54:13;Executed;"SCALBJoW1n8B6Uq";"Rivian Automotive A";Security;Sell;US76954A1034;36;14,00;504,00;0,00;0,00;EUR
2024-12-02;01:00:00;Executed;"UJOYQHZWFJBI1AQG";"Entgelt PRIME+ Broker";Cash;Fee;;;;-4,99;0,00;;EUR
2024-11-28;12:11:21;Executed;"SCALn4ySs7cH1Uf";"Qualcomm";Security;Sell;US7475251036;3;148,60;445,80;0,00;0,00;EUR
2024-11-28;12:10:55;Executed;"SCAL5ktdsPG9W1g";"BYD Co H";Security;Sell;CNE100000296;20;30,51;610,20;0,00;0,00;EUR
2024-11-25;15:26:54;Cancelled;"SCALT6BMnmJcjNS";"CoinShares Physical Bitcoin";Security;Sell;GB00BLD4ZL17;0;0,00;0,00;0,00;0,00;EUR
2024-11-25;15:25:38;Executed;"SCALU95wPuZTRe3";"CoinShares Physical Bitcoin";Security;Sell;GB00BLD4ZL17;8;89,275;714,20;4,92;0,00;EUR
2024-11-25;11:42:40;Executed;"SCALqjt8VDcHYZY";"iShares Core S&P 500 (Acc)";Security;Savings plan;IE00B5BMR087;0,495;605,74;-299,8413;0,00;0,00;EUR
2024-11-25;11:31:43;Executed;"SCALYpuRG1gmHoZ";"iShares Nasdaq 100 (Acc)";Security;Savings plan;IE00B53SZB19;0,263;1.138,40;-299,3992;0,00;0,00;EUR
2024-11-25;11:18:51;Executed;"SCALtth7bvhAPNK";"Xtrackers MSCI World Information Technology (Acc)";Security;Savings plan;IE00BM67HT60;3,321;90,31;-299,9195;0,00;0,00;EUR
2024-11-25;11:00:44;Executed;"SCAL834HmG6ELiZ";"Invesco Physical Gold A";Security;Savings plan;IE00B579F325;0,813;245,86;-199,8841;0,00;0,00;EUR
2024-11-22;20:41:31;Executed;"SCALQHUzpRWubwz";"CoinShares Physical Bitcoin";Security;Buy;GB00BLD4ZL17;10;92,385;-923,85;6,37;0,00;EUR
2024-11-22;01:00:00;Executed;"HSKSAVFZ3WAOITBRK4Y2VM";"Scalable Capital Broker 4x Sparplan";Cash;Deposit;;;;1.100,00;0,00;;EUR
2024-11-19;09:04:52;Executed;"SCALc63ui6iu9wL";"iShares MSCI India (Acc)";Security;Sell;IE00BZCQB185;134,7;9,028;1.216,0716;0,00;0,00;EUR
2024-11-19;01:00:00;Executed;"WWEK 34536214";"Apple";Cash;Distribution;US0378331005;;;0,51;0,00;0,20;EUR
2024-11-15;19:16:35;Executed;"SCALumujEQsKed4";"NVIDIA";Security;Sell;US67066G1040;15;133,62;2.004,30;0,00;0,00;EUR
2024-11-13;14:05:44;Executed;"SCALvRCztc2kVqv";"iShares MSCI India (Acc)";Security;Savings plan;IE00BZCQB185;22,502;8,888;-199,9977;0,00;0,00;EUR
2024-11-13;14:01:58;Executed;"SCALZP4fGaMKxfV";"iShares Core MSCI World (Acc)";Security;Savings plan;IE00B4L5Y983;2,921;102,70;-299,9867;0,00;0,00;EUR
2024-11-13;13:50:15;Executed;"SCALCScexFwaxr8";"Franklin FTSE India (Acc)";Security;Savings plan;IE00BHZRQZ17;4,842;41,30;-199,9746;0,00;0,00;EUR
2024-11-12;08:00:41;Executed;"SCALLGTMjk7KP8S";"ON Semiconductor";Security;Sell;US6821891057;3;66,14;198,4199;0,99;0,00;EUR
2024-11-12;01:00:00;Executed;"HZZXKZMVNZEF1MPP95IU8F";"Scalable Capital Broker 3x Sparplan";Cash;Deposit;;;;700,00;0,00;;EUR
2024-11-11;15:30:08;Executed;"SCALSi8mb7xq5r4";"Starbucks";Security;Sell;US8552441094;3;92,14;276,42;0,00;0,00;EUR
2024-11-07;01:00:00;Executed;"WWEK 34233050";"ASML Holding";Cash;Distribution;NL0010273215;;;1,29;0,00;0,23;EUR
2024-11-04;01:00:00;Executed;"VSX72CT0JVVZC9DQ";"Entgelt PRIME+ Broker";Cash;Fee;;;;-4,99;0,00;;EUR
2024-10-29;01:00:00;Executed;"CANCEL-WWEK 25714438";"Qualcomm";Cash;Distribution;US7475251036;;;-1,55;0,00;-0,66;EUR
2024-10-29;01:00:00;Executed;"WWEK 34048528";"Qualcomm";Cash;Distribution;US7475251036;;;1,55;0,00;0,66;EUR
2024-10-25;14:11:58;Executed;"SCALNEzCQ2yPnCt";"iShares Core S&P 500 (Acc)";Security;Savings plan;IE00B5BMR087;0,525;570,38;-299,4495;0,00;0,00;EUR
2024-10-25;14:03:58;Executed;"SCALc1njQbMmsuk";"Xtrackers MSCI World Information Technology (Acc)";Security;Savings plan;IE00BM67HT60;3,494;85,84;-299,9249;0,00;0,00;EUR
2024-10-25;13:58:14;Executed;"SCALnHMGwWkuXML";"iShares Nasdaq 100 (Acc)";Security;Savings plan;IE00B53SZB19;0,28;1.071,40;-299,992;0,00;0,00;EUR
2024-10-24;17:28:42;Executed;"SCALZtrQHHwzd6z";"Tesla";Security;Sell;US88160R1014;2;235,05;470,10;0,00;0,00;EUR
2024-10-24;02:00:00;Executed;"QCOWWWERL8ANM8UKRVWEWG";"Scalable Capital Broker 3x Sparplan";Cash;Deposit;;;;900,00;0,00;;EUR
2024-10-14;13:57:10;Executed;"SCALDq6A72JmzJR";"iShares Core MSCI World (Acc)";Security;Savings plan;IE00B4L5Y983;3,022;99,24;-299,9032;0,00;0,00;EUR
2024-10-14;13:39:10;Executed;"SCALVBqT1yrYPmA";"iShares MSCI India (Acc)";Security;Savings plan;IE00BZCQB185;21,274;9,401;-199,9968;0,00;0,00;EUR
2024-10-14;13:29:41;Executed;"SCALoF7FHTsem6K";"Franklin FTSE India (Acc)";Security;Savings plan;IE00BHZRQZ17;4,608;43,395;-199,9641;0,00;0,00;EUR
2024-10-11;02:00:00;Executed;"VMZPIBNXVKCA4EHTRHSSJE";"Scalable Capital Broker 3x Sparplan";Cash;Deposit;;;;700,00;0,00;;EUR
2024-10-07;08:44:24;Executed;"SCALaN1FM9iVcqf";"Tesla";Security;Buy;US88160R1014;2;229,40;-458,80;0,00;0,00;EUR
2024-10-04;02:00:00;Executed;"WWEK 33589337";"NVIDIA";Cash;Distribution;US67066G1040;;;0,10;0,00;0,04;EUR
2024-10-02;02:00:00;Executed;"WCOZJUSJTREHVQMP";"Erstattung: Entgelt PRIME Broker";Cash;Fee;;;;26,91;0,00;;EUR
2024-10-02;02:00:00;Executed;"GXBSZANJQY7BMFEE";"Entgelt PRIME+ Broker";Cash;Fee;;;;-4,99;0,00;;EUR
2024-10-01;11:57:29;Cancelled;"SCALTazdCnJSYYm";"Rivian Automotive A";Security;Sell;US76954A1034;0;0,00;0,00;0,00;0,00;EUR
2024-09-27;02:00:00;Executed;"WWEK 33249372";"Qualcomm";Cash;Distribution;US7475251036;;;1,60;0,00;0,68;EUR
2024-09-25;14:17:17;Executed;"SCALcpWtDux9etS";"Xtrackers MSCI World Information Technology (Acc)";Security;Savings plan;IE00BM67HT60;2,488;80,37;-199,9605;0,00;0,00;EUR
2024-09-25;14:12:56;Executed;"SCALkW2XjXvUtaf";"iShares Core S&P 500 (Acc)";Security;Savings plan;IE00B5BMR087;0,369;541,56;-199,8356;0,00;0,00;EUR
2024-09-25;13:33:44;Executed;"SCALVwWZj7zgTNu";"iShares Nasdaq 100 (Acc)";Security;Savings plan;IE00B53SZB19;0,196;1.017,20;-199,3711;0,00;0,00;EUR
2024-09-24;02:00:00;Executed;"CAOPBYUMVF73QFZ7MODSHN";"Scalable Capital Broker 2x Sparplan";Cash;Deposit;;;;400,00;0,00;;EUR
2024-09-17;02:00:00;Executed;"WWEK 32694566";"Alphabet A";Cash;Distribution;US02079K3059;;;0,38;0,00;0,16;EUR
2024-09-13;14:26:07;Executed;"SCALcJtXvRQgGpf";"Franklin FTSE India (Acc)";Security;Savings plan;IE00BHZRQZ17;2,317;43,15;-99,9785;0,00;0,00;EUR
2024-09-13;13:50:09;Executed;"SCALKTdWkWdJ7mB";"iShares Core MSCI World (Acc)";Security;Savings plan;IE00B4L5Y983;2,112;94,68;-199,9641;0,00;0,00;EUR
2024-09-13;13:35:20;Executed;"SCALi2vJDRF7zLm";"iShares MSCI India (Acc)";Security;Savings plan;IE00BZCQB185;10,634;9,403;-99,9915;0,00;0,00;EUR
2024-09-13;02:00:00;Executed;"WWEK 32510437";"Microsoft";Cash;Distribution;US5949181045;;;0,93;0,00;0,42;EUR
2024-09-12;02:00:00;Executed;"7VWKJCAT5FQPK8HGLVBZHU";"Scalable Capital Broker 2x Sparplan";Cash;Deposit;;;;300,00;0,00;;EUR
2024-09-02;02:00:00;Executed;"WWEK 32015201";"Starbucks";Cash;Distribution;US8552441094;;;1,08;0,00;0,46;EUR
2024-08-26;11:42:44;Executed;"SCALe7ijwy6Gf9d";"iShares Nasdaq 100 (Acc)";Security;Savings plan;IE00B53SZB19;0,198;1.009,80;-199,9404;0,00;0,00;EUR
2024-08-26;11:39:03;Executed;"SCALg97jRNu7P9Z";"iShares Core S&P 500 (Acc)";Security;Savings plan;IE00B5BMR087;0,374;533,34;-199,4691;0,00;0,00;EUR
2024-08-26;11:21:01;Executed;"SCALkfFmtHj1gaf";"Xtrackers MSCI World Information Technology (Acc)";Security;Savings plan;IE00BM67HT60;2,47;80,96;-199,9712;0,00;0,00;EUR
2024-08-23;02:00:00;Executed;"JGK1G9SXISRKCIWLGDZXW";"Scalable Capital Broker 2x Sparplan";Cash;Deposit;;;;400,00;0,00;;EUR
2024-08-21;08:00:34;Executed;"SCALBb13adEgPSt";"Alphabet A";Security;Buy;US02079K3059;3;150,82;-452,46;0,00;0,00;EUR
2024-08-16;02:00:00;Executed;"WWEK 31655291";"Apple";Cash;Distribution;US0378331005;;;0,48;0,00;0,20;EUR
2024-08-14;17:16:05;Executed;"SCALWUnHEBJc5fH";"iShares Core MSCI World (Acc)";Security;Savings plan;IE00B4L5Y983;2,171;92,114;-199,9794;0,00;0,00;EUR
2024-08-14;16:29:35;Executed;"SCALrA3jtgn43wN";"iShares MSCI India (Acc)";Security;Savings plan;IE00BZCQB185;11,06;9,041;-99,9934;0,00;0,00;EUR
2024-08-13;16:56:05;Executed;"SCALR1LJz478Je5";"Franklin FTSE India (Acc)";Security;Savings plan;IE00BHZRQZ17;2,374;42,11;-99,9691;0,00;0,00;EUR
2024-08-12;02:00:00;Executed;"RZP8WWCSI22CTDNFSZ5PM8";"Scalable Capital Broker 2x Sparplan";Cash;Deposit;;;;300,00;0,00;;EUR
2024-08-07;02:00:00;Executed;"WWEK 31424846";"ASML Holding";Cash;Distribution;NL0010273215;;;1,29;0,00;0,23;EUR
2024-08-05;18:45:01;Executed;"SCALtNCN6VjSbyg";"Rivian Automotive A";Security;Buy;US76954A1034;36;13,70;-493,20;0,00;0,00;EUR
2024-08-05;08:26:10;Executed;"SCALTSaFXk8JSCx";"NVIDIA";Security;Buy;US67066G1040;5;84,17;-420,85;0,00;0,00;EUR
2024-08-02;17:15:09;Cancelled;"SCALx6EFUhd52Tj";"NVIDIA";Security;Buy;US67066G1040;0;0,00;0,00;0,00;0,00;EUR
2024-07-31;02:00:00;Executed;"WWEK 31183755";"BYD Co H";Cash;Distribution;CNE100000296;;;7,23;0,00;0,80;EUR
2024-07-25;14:09:56;Executed;"SCALZjbMUVVtJGr";"Xtrackers MSCI World Information Technology (Acc)";Security;Savings plan;IE00BM67HT60;2,517;79,45;-199,9756;0,00;0,00;EUR
2024-07-25;14:02:46;Executed;"SCALbkhSvJrJ88X";"iShares Core S&P 500 (Acc)";Security;Savings plan;IE00B5BMR087;0,379;527,60;-199,9604;0,00;0,00;EUR
2024-07-25;13:50:43;Executed;"SCALGNUC2EJ96x3";"iShares Nasdaq 100 (Acc)";Security;Savings plan;IE00B53SZB19;0,199;1.000,40;-199,0796;0,00;0,00;EUR
2024-07-24;02:00:00;Executed;"T69UFLIAT1P1BCLGKXTAUT";"Scalable Capital Broker 2x Sparplan";Cash;Deposit;;;;400,00;0,00;;EUR
2024-07-17;08:26:42;Executed;"SCALgadkUheykZt";"ASML Holding";Security;Buy;NL0010273215;1;948,10;-948,10;0,00;0,00;EUR
2024-07-15;13:22:33;Executed;"SCALkMbvGkxBi6Z";"iShares Core MSCI World (Acc)";Security;Savings plan;IE00B4L5Y983;2,077;96,292;-199,9984;0,00;0,00;EUR
2024-07-15;13:22:04;Executed;"SCALqxC3Nq9qdfe";"Franklin FTSE India (Acc)";Security;Savings plan;IE00BHZRQZ17;2,316;43,165;-99,9701;0,00;0,00;EUR
2024-07-15;13:16:16;Executed;"SCALKiNjwe52Cmy";"iShares MSCI India (Acc)";Security;Savings plan;IE00BZCQB185;10,621;9,415;-99,9967;0,00;0,00;EUR
2024-07-12;19:21:04;Executed;"SCALy6Ks1DuXsPS";"Rivian Automotive A";Security;Sell;US76954A1034;33;17,00;561,00;0,00;0,00;EUR
2024-07-12;02:00:00;Executed;"BEPTLCXW8BVFHGN6YZ3W3K";"Scalable Capital Broker 2x Sparplan";Cash;Deposit;;;;300,00;0,00;;EUR
2024-07-02;02:00:00;Executed;"WWEK 30293977";"NVIDIA";Cash;Distribution;US67066G1040;;;0,05;0,00;0,04;EUR
2024-06-26;14:36:03;Executed;"SCALAto9m5HcBWS";"iShares Core S&P 500 (Acc)";Security;Savings plan;IE00B5BMR087;0,37;539,54;-199,6298;0,00;0,00;EUR
2024-06-26;14:32:04;Executed;"SCALofLydC2VoG6";"iShares Nasdaq 100 (Acc)";Security;Savings plan;IE00B53SZB19;0,189;1.053,00;-199,017;0,00;0,00;EUR
2024-06-25;13:16:32;Executed;"SCAL6X45nehimiK";"Xtrackers MSCI World Information Technology (Acc)";Security;Savings plan;IE00BM67HT60;2,414;82,84;-199,9757;0,00;0,00;EUR
2024-06-24;02:00:00;Executed;"OUAL2GSRKQCMZY74CN84SB";"Scalable Capital Broker 2x Sparplan";Cash;Deposit;;;;400,00;0,00;;EUR
2024-06-21;02:00:00;Executed;"WWEK 29699789";"Qualcomm";Cash;Distribution;US7475251036;;;1,66;0,00;0,72;EUR
2024-06-17;11:08:50;Executed;"SCALt2RbwN281pw";"iShares MSCI India (Acc)";Security;Savings plan;IE00BZCQB185;10,842;9,223;-99,9957;0,00;0,00;EUR
2024-06-17;11:04:32;Executed;"SCALNyiEAXCgQxQ";"iShares Core MSCI World (Acc)";Security;Savings plan;IE00B4L5Y983;1,063;93,996;-99,9177;0,00;0,00;EUR
2024-06-14;02:00:00;Executed;"WWEK 29266285";"Microsoft";Cash;Distribution;US5949181045;;;0,96;0,00;0,44;EUR
2024-06-13;15:37:32;Executed;"SCALSJq71JtTtpz";"Franklin FTSE India (Acc)";Security;Savings plan;IE00BHZRQZ17;2,396;41,735;-99,997;0,00;0,00;EUR
2024-06-13;02:00:00;Executed;"GJZPBIU8I9YID3V6UB89DP";"Scalable Capital Broker 2x Sparplan";Cash;Deposit;;;;200,00;0,00;;EUR
2024-06-13;02:00:00;Executed;"ICSJM6GWZXPPPOPY";"Entgelt PRIME Broker";Cash;Fee;;;;-35,88;0,00;;EUR
2024-06-10;02:00:00;Executed;"WWUM 00325330745";"NVIDIA";Security;Corporate action;US67066G1040;-1;568,00;-568,00;;;EUR
2024-06-10;02:00:00;Executed;"WWUM 00325330750";"NVIDIA";Security;Corporate action;US67066G1040;10;56,80;568,00;;;EUR
2024-06-03;02:00:00;Executed;"WWEK 28694277";"Starbucks";Cash;Distribution;US8552441094;;;1,09;0,00;0,48;EUR
2024-05-30;19:50:08;Executed;"SCAL2U5fxEtAtEe";"Rivian Automotive A";Security;Sell;US76954A1034;50;10,10;505,00;0,00;0,00;EUR
2024-05-27;11:31:58;Executed;"SCALZibpZa7pn8s";"iShares Core S&P 500 (Acc)";Security;Savings plan;IE00B5BMR087;0,388;514,78;-199,7346;0,00;0,00;EUR
2024-05-27;11:11:37;Executed;"SCAL9JzaUJtU9dj";"iShares Nasdaq 100 (Acc)";Security;Savings plan;IE00B53SZB19;0,101;989,50;-99,9395;0,00;0,00;EUR
2024-05-24;02:00:00;Executed;"KJU4P3ZSR22ZOYR95QGTPP";"Scalable Capital Broker 2x Sparplan";Cash;Deposit;;;;300,00;0,00;;EUR
2024-05-20;02:00:00;Executed;"WWEK 28017980";"Apple";Cash;Distribution;US0378331005;;;0,49;0,00;0,20;EUR
2024-05-16;13:25:23;Executed;"SCALBP8C1hwmh2M";"Aurubis";Security;Sell;DE0006766504;4;77,00;308,00;0,00;0,00;EUR
2024-05-13;14:02:11;Executed;"SCALMh1KEWMonHq";"iShares MSCI India (Acc)";Security;Savings plan;IE00BZCQB185;11,773;8,494;-99,9998;0,00;0,00;EUR
2024-05-13;13:46:03;Executed;"SCALFGtwFVPggmb";"iShares Core MSCI World (Acc)";Security;Savings plan;IE00B4L5Y983;1,092;91,512;-99,9311;0,00;0,00;EUR
2024-05-13;13:35:03;Executed;"SCALRbVDkL64BDd";"Franklin FTSE India (Acc)";Security;Savings plan;IE00BHZRQZ17;2,557;39,095;-99,9659;0,00;0,00;EUR
2024-05-10;02:00:00;Executed;"TQZRHDHYUPKEOQ3FHYYWQT";"Scalable Capital Broker 2x Sparplan";Cash;Deposit;;;;200,00;0,00;;EUR
2024-04-25;13:51:36;Executed;"SCALKqiCoPzkaVZ";"iShares Nasdaq 100 (Acc)";Security;Savings plan;IE00B53SZB19;0,108;924,30;-99,8244;0,00;0,00;EUR
2024-04-25;13:25:37;Executed;"SCAL5dKfdMdeGtW";"iShares Core S&P 500 (Acc)";Security;Savings plan;IE00B5BMR087;0,404;494,54;-199,7941;0,00;0,00;EUR
2024-04-24;02:00:00;Executed;"F3DFIYKZQMBZIKAWWXRJ4T";"Scalable Capital Broker 2x Sparplan";Cash;Deposit;;;;300,00;0,00;;EUR
2024-04-16;15:59:11;Executed;"SCALZ298vZUBtVT";"iShares Core MSCI World (Acc)";Security;Savings plan;IE00B4L5Y983;1,12;89,284;-99,998;0,00;0,00;EUR
2024-04-16;15:47:56;Executed;"SCALMR4LBAxD3HF";"iShares MSCI India (Acc)";Security;Savings plan;IE00BZCQB185;11,775;8,492;-99,9933;0,00;0,00;EUR
2024-04-15;11:18:36;Executed;"SCALH9KjRruQcEZ";"Franklin FTSE India (Acc)";Security;Savings plan;IE00BHZRQZ17;2,531;39,50;-99,9745;0,00;0,00;EUR
2024-04-15;02:00:00;Executed;"D5QP5MZNSOCZLJDE8MNMBN";"Scalable Capital Broker 2x Sparplan";Cash;Deposit;;;;200,00;0,00;;EUR
2024-04-04;02:00:00;Executed;"WWEK 26366612";"Apple";Cash;Distribution;US0378331005;;;0,47;0,00;0,20;EUR
2024-04-04;02:00:00;Executed;"CANCEL-WWEK 24912738";"Apple";Cash;Distribution;US0378331005;;;-0,47;0,00;-0,20;EUR
2024-04-03;02:00:00;Executed;"WWEK 26139434";"NVIDIA";Cash;Distribution;US67066G1040;;;0,02;0,00;0,02;EUR
2024-03-25;12:03:23;Executed;"SCALt63SutVkCYZ";"iShares Core S&P 500 (Acc)";Security;Savings plan;IE00B5BMR087;0,394;507,38;-199,9077;0,00;0,00;EUR
2024-03-25;11:56:38;Executed;"SCALuGTUbLxxvBi";"iShares Nasdaq 100 (Acc)";Security;Savings plan;IE00B53SZB19;0,103;963,30;-99,2199;0,00;0,00;EUR
2024-03-22;01:00:00;Executed;"WWEK 25714438";"Qualcomm";Cash;Distribution;US7475251036;;;1,55;0,00;0,66;EUR
2024-03-22;01:00:00;Executed;"XPG2QXXYDT69ZYESSCMEBJ";"Scalable Capital Broker 2x Sparplan";Cash;Deposit;;;;300,00;0,00;;EUR
2024-03-15;01:00:00;Executed;"WWEK 25455726";"Microsoft";Cash;Distribution;US5949181045;;;0,96;0,00;0,42;EUR
2024-03-13;14:24:05;Executed;"SCALJZhpZzf9Xhh";"Franklin FTSE India (Acc)";Security;Savings plan;IE00BHZRQZ17;2,675;37,37;-99,9647;0,00;0,00;EUR
2024-03-13;14:11:14;Executed;"SCALfdZK1CvfwhJ";"iShares MSCI India (Acc)";Security;Savings plan;IE00BZCQB185;12,272;8,148;-99,9922;0,00;0,00;EUR
2024-03-13;13:35:12;Executed;"SCAL8rwL6qHCmdY";"iShares Core MSCI World (Acc)";Security;Savings plan;IE00B4L5Y983;1,122;89,08;-99,9477;0,00;0,00;EUR
2024-03-12;01:00:00;Executed;"7Z9VRMO7KDYR4C1A1H9LK8";"Scalable Capital Broker 2x Sparplan";Cash;Deposit;;;;200,00;0,00;;EUR
2024-03-08;08:41:13;Executed;"SCALRYpQV6azqG2";"CoinShares Physical Bitcoin (Acc)";Security;Buy;GB00BLD4ZL17;8;60,125;-481,00;3,31;0,00;EUR
2024-03-07;09:44:04;Executed;"SCAL3oK3WTNDvz9";"Fisker A";Security;Buy;US33813J1060;650;0,386;-250,90;0,00;0,00;EUR
2024-02-27;12:30:18;Executed;"SCALCpVbPZsYqRx";"Rivian Automotive A";Security;Buy;US76954A1034;50;10,08;-504,00;0,00;0,00;EUR
2024-02-26;11:54:04;Executed;"SCALiygVTBa29RH";"iShares Core S&P 500 UCITS ETF";Security;Savings plan;IE00B5BMR087;0,405;492,90;-199,6245;0,00;0,00;EUR
2024-02-26;11:40:37;Executed;"SCALCqSfALfjWhM";"iShares NASDAQ 100 UCITS ETF USD (Acc)";Security;Savings plan;IE00B53SZB19;0,106;943,30;-99,9898;0,00;0,00;EUR
2024-02-26;01:00:00;Executed;"WWEK 24912738";"Apple";Cash;Distribution;US0378331005;;;0,47;0,00;0,20;EUR
2024-02-26;01:00:00;Executed;"CANCEL-WWEK 24685946";"Apple";Cash;Distribution;US0378331005;;;-0,47;0,00;-0,20;EUR
2024-02-26;01:00:00;Executed;"WWEK 24855678";"Starbucks";Cash;Distribution;US8552441094;;;1,09;0,00;0,48;EUR
2024-02-23;01:00:00;Executed;"EMDPVKZU7TBHPM5RVB3DTQ";"Scalable Capital Broker 2x Sparplan";Cash;Deposit;;;;300,00;0,00;;EUR
2024-02-20;01:00:00;Executed;"WWEK 24817084";"Aurubis";Cash;Distribution;DE0006766504;;;5,60;0,00;0,00;EUR
2024-02-16;01:00:00;Executed;"WWEK 24685946";"Apple";Cash;Distribution;US0378331005;;;0,47;0,00;0,20;EUR
2024-02-14;14:24:18;Executed;"SCALWZ8oqnTirRE";"iShares Core MSCI World UCITS ETF";Security;Savings plan;IE00B4L5Y983;1,147;87,11;-99,9151;0,00;0,00;EUR
2024-02-14;13:56:11;Executed;"SCALdtvn38vztpa";"Franklin FTSE India UCITS ETF SINGLCLASS";Security;Savings plan;IE00BHZRQZ17;2,586;38,66;-99,9747;0,00;0,00;EUR
2024-02-14;13:36:37;Executed;"SCALFjPq9J1VWoy";"iShares MSCI India UCITS ETF USD (Acc)";Security;Savings plan;IE00BZCQB185;11,947;8,37;-99,9963;0,00;0,00;EUR
2024-02-14;12:05:03;Cancelled;"SCAL7yt92YKG6pL";"Starbucks";Security;Sell;US8552441094;0;0,00;0,00;0,00;0,00;EUR
2024-02-13;01:00:00;Executed;"X7POXF4BJ3R4YW1CUPX65F";"Scalable Capital Broker 2x Sparplan";Cash;Deposit;;;;200,00;0,00;;EUR
2024-02-09;12:59:22;Executed;"SCALpuiJcx9B1VG";"Qualcomm";Security;Buy;US7475251036;3;139,68;-419,04;0,00;0,00;EUR
2024-02-07;01:00:00;Executed;"WWEK 24465963";"thyssenkrupp";Cash;Distribution;DE0007500001;;;6,00;0,00;0,00;EUR
2024-02-05;07:00:58;Expired;"SCALVYzv22s2wUP";"thyssenkrupp";Security;Sell;DE0007500001;0;0,00;0,00;0,00;0,00;EUR
2024-02-02;08:02:24;Executed;"SCALapfSVYNGS6Y";"Apple";Security;Buy;US0378331005;3;166,80;-500,40;0,00;0,00;EUR
2024-02-01;15:23:24;Executed;"SCALHMCAqJYwdW9";"SAP SE";Security;Sell;DE0007164600;3;162,02;486,06;0,00;0,00;EUR
2024-01-31;09:38:13;Executed;"SCALD1JYMHbG6Zy";"Allianz";Security;Sell;DE0008404005;2;250,00;500,00;0,00;0,00;EUR
2024-01-29;09:16:55;Executed;"SCALwQ4vi4qSFo2";"Advanced Micro Devices";Security;Buy;US0079031078;3;165,44;-496,32;0,00;0,00;EUR
2024-01-29;09:15:12;Executed;"SCALr3N1pQ474jp";"NVIDIA";Security;Buy;US67066G1040;1;568,00;-568,00;0,00;0,00;EUR
2024-01-25;16:31:02;Executed;"SCALWGdqGAwxQTW";"Airbus";Security;Sell;NL0000235190;3;149,00;447,00;0,00;0,00;EUR
2024-01-25;16:29:38;Executed;"SCALsiZNkzSYmkA";"iShares NASDAQ 100 UCITS ETF USD (Acc)";Security;Savings plan;IE00B53SZB19;0,108;925,50;-99,9539;0,00;0,00;EUR
2024-01-25;16:28:57;Executed;"SCALdmSxaU4Xm5T";"iShares Core S&P 500 UCITS ETF";Security;Savings plan;IE00B5BMR087;0,422;473,81;-199,9478;0,00;0,00;EUR
2024-01-25;09:10:20;Executed;"SCALnGYLDPngobc";"Xtrackers MSCI World Information Technology UCITS ETF 1C";Security;Buy;IE00BM67HT60;7;70,35;-492,45;0,00;0,00;EUR
2024-01-25;08:29:13;Executed;"SCALCpPtCxVpZqg";"Merck";Security;Sell;DE0006599905;2;146,45;292,90;0,00;0,00;EUR
2024-01-25;08:28:50;Cancelled;"SCALdcCwXNSkMhy";"Merck";Security;Sell;DE0006599905;0;0,00;0,00;0,00;0,00;EUR
2024-01-24;15:49:58;Executed;"SCALbUFrQoY6BTg";"NVIDIA";Security;Sell;US67066G1040;1;555,00;555,00;0,00;0,00;EUR
2024-01-24;15:31:08;Executed;"SCAL6P4kfiQV7TM";"Rivian Automotive A";Security;Buy;US76954A1034;33;15,00;-495,00;0,00;0,00;EUR
2024-01-24;13:41:49;Cancelled;"SCALF55W4T6ZpkQ";"SAP SE";Security;Sell;DE0007164600;0;0,00;0,00;0,00;0,00;EUR
2024-01-24;13:41:14;Cancelled;"SCALSgCP3fq6PgA";"Airbus";Security;Sell;NL0000235190;0;0,00;0,00;0,00;0,00;EUR
2024-01-24;01:00:00;Executed;"PPPQAGVAFD26Z3TPXLAI1W";"Scalable Capital Broker 2x Sparplan";Cash;Deposit;;;;300,00;0,00;;EUR
2024-01-23;08:01:20;Executed;"SCALvyqbJh2yFMW";"Allianz";Security;Buy;DE0008404005;2;249,95;-499,90;0,00;0,00;EUR
2024-01-19;08:50:36;Executed;"SCALUyE7GV9HTR8";"Boeing Co";Security;Buy;US0970231058;3;195,66;-586,98;0,00;0,00;EUR
2024-01-16;16:00:53;Executed;"SCALxZN86xwLtgW";"Boeing Co";Security;Sell;US0970231058;2;188,84;377,68;0,00;0,00;EUR
2024-01-15;12:11:25;Executed;"SCALkjEGjZtf6ZW";"Franklin FTSE India UCITS ETF SINGLCLASS";Security;Savings plan;IE00BHZRQZ17;2,681;37,29;-99,9744;0,00;0,00;EUR
2024-01-15;11:47:07;Executed;"SCALvaUMUiA1tPd";"iShares Core MSCI World UCITS ETF";Security;Savings plan;IE00B4L5Y983;1,207;82,822;-99,9661;0,00;0,00;EUR
2024-01-12;09:30:40;Executed;"SCAL25bPeieqrLR";"Porsche Vz";Security;Sell;DE000PAG9113;6;75,84;455,04;0,00;0,00;EUR
2024-01-12;01:00:00;Executed;"QE8HSCKXIEHTIWKX89STNV";"Scalable Capital Broker Sparplan";Cash;Deposit;;;;100,00;0,00;;EUR
2024-01-11;10:44:47;Executed;"SCALfSZAmbbr3oJ";"Microsoft";Security;Buy;US5949181045;2;351,50;-703,00;0,00;0,00;EUR
2024-01-11;10:43:32;Executed;"SCALUssAoPMa38m";"NVIDIA";Security;Buy;US67066G1040;1;500,60;-500,60;0,00;0,00;EUR
2024-01-11;10:41:40;Executed;"SCAL6PCeLjo8aNY";"Porsche Vz";Security;Buy;DE000PAG9113;6;78,26;-469,56;0,00;0,00;EUR
2024-01-11;10:41:05;Executed;"SCALh9fF5ti3Nr6";"Airbus";Security;Buy;NL0000235190;3;144,20;-432,60;0,00;0,00;EUR
2024-01-11;10:39:07;Executed;"SCALBvUWTRCJyff";"SAP SE";Security;Buy;DE0007164600;3;143,24;-429,72;0,00;0,00;EUR
2024-01-11;10:31:01;Executed;"SCALtE1eBXqrV2M";"E.ON";Security;Sell;DE000ENAG999;39;12,595;491,205;0,00;0,00;EUR
2024-01-10;17:37:20;Executed;"SCALsKJfS69N8PD";"Commerzbank";Security;Sell;DE000CBK1001;23;11,50;264,50;0,00;0,00;EUR
2024-01-10;17:36:55;Cancelled;"SCALCp55RruTfV4";"Commerzbank";Security;Sell;DE000CBK1001;0;0,00;0,00;0,00;0,00;EUR
2024-01-10;16:13:35;Cancelled;"SCALgPXVkQGAamk";"Commerzbank";Security;Sell;DE000CBK1001;0;0,00;0,00;0,00;0,00;EUR
2024-01-10;15:36:04;Executed;"SCALGB2iNdK4oRJ";"Boeing Co";Security;Buy;US0970231058;2;210,30;-420,60;0,00;0,00;EUR
2024-01-10;09:51:17;Executed;"SCALx6dmXVAB3Ua";"E.ON";Security;Buy;DE000ENAG999;39;12,715;-495,885;0,00;0,00;EUR
2024-01-09;12:25:58;Cancelled;"SCALQDQCyUiVKGP";"Merck";Security;Sell;DE0006599905;0;0,00;0,00;0,00;0,00;EUR
2024-01-09;12:23:27;Cancelled;"SCALagtB3SrbeJn";"Commerzbank";Security;Sell;DE000CBK1001;0;0,00;0,00;0,00;0,00;EUR
2024-01-08;08:36:55;Executed;"SCALRVh4anXnDsx";"RIVIAN AUTOMOTIVE INC.";Security;Sell;US76954A1034;35;17,26;604,10;0,00;0,00;EUR
2024-01-05;13:06:07;Cancelled;"SCAL7XamkY6kBrN";"Commerzbank";Security;Sell;DE000CBK1001;0;0,00;0,00;0,00;0,00;EUR
2024-01-05;01:00:00;Executed;"WWEK 20443992";"Paccar";Cash;Distribution;US6937181088;;;6,10;0,00;2,62;EUR
2024-01-04;13:06:32;Executed;"SCALr5c8xvnSYkk";"Texas Instruments";Security;Sell;US8825081040;2;149,06;298,12;0,00;0,00;EUR
2024-01-03;13:11:22;Executed;"SCALXKejk6zShyx";"Dermapharm Holding";Security;Sell;DE000A2GS5D8;6;41,06;246,36;0,99;0,00;EUR
2024-01-02;12:46:40;Executed;"SCALA76g25LicWo";"Commerzbank";Security;Buy;DE000CBK1001;23;10,96;-252,08;0,00;0,00;EUR
2024-01-02;12:43:39;Executed;"SCALp8AHe4oirXF";"Texas Instruments";Security;Buy;US8825081040;2;155,00;-310,00;0,00;0,00;EUR
2024-01-02;12:41:04;Executed;"SCALhqhaJnjmJge";"Fastenal";Security;Sell;US3119001044;5;58,75;293,75;0,00;0,00;EUR
2023-12-29;13:11:02;Executed;"SCALcmmuCyo6qu6";"ON Semiconductor";Security;Sell;US6821891057;5;76,80;384,00;0,00;0,00;EUR
2023-12-29;13:09:46;Cancelled;"SCALJtX4UGJWnTj";"ON Semiconductor";Security;Sell;US6821891057;0;0,00;0,00;0,00;0,00;EUR
2023-12-28;18:01:38;Executed;"SCALfc6RpWLQFU9";"Texas Instruments";Security;Sell;US8825081040;2;155,00;310,00;0,00;0,00;EUR
2023-12-28;15:30:47;Executed;"SCALC6uUjdaL4cP";"Lululemon Athletica";Security;Sell;US5500211090;1;460,15;460,15;0,00;0,00;EUR
2023-12-28;09:15:00;Executed;"SCALWX3G7ezsmmV";"Dermapharm Holding";Security;Buy;DE000A2GS5D8;6;42,74;-256,44;0,00;0,00;EUR
2023-12-28;09:09:55;Executed;"SCALjMDoUpx74y8";"Merck";Security;Buy;DE0006599905;2;143,25;-286,50;0,00;0,00;EUR
2023-12-27;14:23:06;Executed;"SCALufs3strq6Po";"Covestro";Security;Sell;DE0006062144;5;53,00;265,00;0,00;0,00;EUR
2023-12-27;13:47:46;Executed;"SCALxgxcfH8mfWC";"Crowdstrike Holdings A";Security;Sell;US22788C1053;2;233,30;466,60;0,00;0,00;EUR
2023-12-27;13:13:54;Executed;"SCALDFwYQ3RqWZg";"thyssenkrupp";Security;Buy;DE0007500001;40;6,364;-254,56;0,00;0,00;EUR
2023-12-27;13:11:29;Cancelled;"SCALo8ej4xAThwf";"Crowdstrike Holdings A";Security;Sell;US22788C1053;0;0,00;0,00;0,00;0,00;EUR
2023-12-27;13:09:47;Cancelled;"SCAL8E15xmK7Tih";"Lululemon Athletica";Security;Sell;US5500211090;0;0,00;0,00;0,00;0,00;EUR
2023-12-27;13:07:26;Cancelled;"SCALSHwenEJaPid";"Texas Instruments";Security;Sell;US8825081040;0;0,00;0,00;0,00;0,00;EUR
2023-12-21;17:31:31;Cancelled;"SCALTc9GFvvuWHt";"Starbucks";Security;Sell;US8552441094;0;0,00;0,00;0,00;0,00;EUR
2023-12-21;15:06:09;Executed;"SCALq4DdbAyXZKb";"BASF";Security;Sell;DE000BASF111;6;48,835;293,01;0,00;0,00;EUR
2023-12-21;10:12:54;Executed;"SCALCsVsS5FZpjR";"Lululemon Athletica";Security;Buy;US5500211090;1;466,75;-466,75;0,00;0,00;EUR
2023-12-20;17:54:16;Executed;"SCALyFrrSxzDtUW";"Paccar";Security;Sell;US6937181088;3;88,80;266,40;0,00;0,00;EUR
2023-12-20;08:52:05;Executed;"SCAL3cZsFoD4gRL";"Crowdstrike Holdings A";Security;Buy;US22788C1053;2;237,55;-475,10;0,00;0,00;EUR
2023-12-19;17:19:04;Executed;"SCALW2nzYVdpFLi";"Airbus";Security;Sell;NL0000235190;2;140,00;280,00;0,00;0,00;EUR
2023-12-19;12:40:36;Executed;"SCALQuu7kpdyhiA";"Deutsche Post";Security;Sell;DE0005552004;6;45,80;274,80;0,00;0,00;EUR
2023-12-19;10:04:02;Cancelled;"SCALwh4TEj8Ryqi";"Deutsche Post";Security;Sell;DE0005552004;0;0,00;0,00;0,00;0,00;EUR
2023-12-18;11:25:46;Executed;"SCALwb19jzhZpqd";"iShares Core MSCI World UCITS ETF";Security;Savings plan;IE00B4L5Y983;1,219;82,02;-99,9823;0,00;0,00;EUR
2023-12-18;08:30:04;Executed;"SCALVe43jUxmNMF";"Texas Instruments";Security;Buy;US8825081040;2;154,96;-309,92;0,00;0,00;EUR
2023-12-18;08:05:27;Executed;"SCALERZYzT8idQo";"Aurubis";Security;Buy;DE0006766504;4;76,72;-306,88;0,00;0,00;EUR
2023-12-18;08:03:59;Executed;"SCALLNPp5FF2pUo";"Covestro";Security;Buy;DE0006062144;5;51,98;-259,90;0,00;0,00;EUR
2023-12-15;01:00:00;Executed;"GSZJ2QKMPET94C3SMTIPAZ";"Scalable Capital Broker Sparplan";Cash;Deposit;;;;100,00;0,00;;EUR
2023-12-14;08:53:40;Executed;"SCAL9PbvKXVtHRi";"eBay";Security;Sell;US2786421030;7;38,59;270,13;0,00;0,00;EUR
2023-12-14;08:41:11;Executed;"SCALnUgWzbqt28a";"Starbucks";Security;Buy;US8552441094;3;90,60;-271,80;0,00;0,00;EUR
2023-12-14;08:39:18;Cancelled;"SCALeMoMNGaV6zU";"eBay";Security;Sell;US2786421030;0;0,00;0,00;0,00;0,00;EUR
2023-12-13;12:09:51;Executed;"SCALETw6JEKjnMi";"Airbus";Security;Buy;NL0000235190;2;142,60;-285,20;0,00;0,00;EUR
2023-12-12;08:03:35;Executed;"SCAL7LathmPjUay";"Deutsche Post";Security;Buy;DE0005552004;6;46,135;-276,81;0,00;0,00;EUR
2023-12-11;16:16:50;Executed;"SCALM5QxdvUmP7R";"Cognizant Technology Solutions A";Security;Sell;US1924461023;4;66,64;266,56;0,00;0,00;EUR
2023-12-11;10:11:26;Executed;"SCALHgGF8czYFxH";"BASF";Security;Buy;DE000BASF111;6;44,66;-267,96;0,00;0,00;EUR
2023-12-08;15:44:13;Executed;"SCALwgekcu2KvTb";"Texas Instruments";Security;Sell;US8825081040;2;147,02;294,04;0,00;0,00;EUR
2023-12-08;08:00:20;Executed;"SCAL1HnHsrg9qox";"Paccar";Security;Buy;US6937181088;3;88,80;-266,40;0,00;0,00;EUR
2023-12-06;09:28:29;Executed;"SCAL8Vp3Eym1acG";"eBay";Security;Buy;US2786421030;7;38,59;-270,13;0,00;0,00;EUR
2023-12-06;09:28:02;Executed;"SCALj8VoWdwS2B9";"Fastenal";Security;Buy;US3119001044;5;56,50;-282,50;0,00;0,00;EUR
2023-12-06;09:26:34;Executed;"SCALurtRUugLP6f";"Texas Instruments";Security;Buy;US8825081040;2;146,54;-293,08;0,00;0,00;EUR
2023-12-05;15:03:02;Executed;"SCALmBJofuKVdDi";"American Electric Power";Security;Sell;US0255371017;4;74,00;296,00;0,00;0,00;EUR
2023-12-04;16:15:30;Executed;"SCAL5Soxe5y8W33";"Zoom Video Communic.";Security;Sell;US98980L1017;5;62,39;311,95;0,00;0,00;EUR
2023-12-04;16:15:04;Cancelled;"SCALryqRzxtjWrW";"Zoom Video Communic.";Security;Sell;US98980L1017;0;0,00;0,00;0,00;0,00;EUR
2023-12-04;10:54:28;Cancelled;"SCALxrgRtGeDK6t";"BYD Co H";Security;Sell;CNE100000296;0;0,00;0,00;0,00;0,00;EUR
2023-12-04;09:06:11;Cancelled;"SCAL7QcWzgu8chX";"American Electric Power";Security;Sell;US0255371017;0;0,00;0,00;0,00;0,00;EUR
2023-12-04;09:05:21;Cancelled;"SCALwk5w9tDQz5n";"Zoom Video Communic.";Security;Sell;US98980L1017;0;0,00;0,00;0,00;0,00;EUR
2023-12-04;09:04:26;Executed;"SCALgxFXhsykmug";"BYD Co H";Security;Buy;CNE100000296;20;24,46;-489,20;0,00;0,00;EUR
2023-12-01;08:26:30;Executed;"SCALdCqpgYh3XvG";"Zoom Video Communic.";Security;Buy;US98980L1017;5;62,39;-311,95;0,00;0,00;EUR
2023-12-01;08:22:21;Executed;"SCALSozD4FHPgKj";"American Electric Power";Security;Buy;US0255371017;4;73,10;-292,40;0,00;0,00;EUR
2023-12-01;01:00:00;Executed;"WWEK 19196650";"Cognizant Technology Solutions A";Cash;Distribution;US1924461023;;;0,75;0,00;0,32;EUR
2023-11-27;08:35:46;Executed;"SCALyC9tJmDKERn";"Merck";Security;Sell;DE0006599905;4;160,05;640,20;0,00;0,00;EUR
2023-11-27;08:33:16;Cancelled;"SCALuBGbGS1UnAV";"Merck";Security;Sell;DE0006599905;0;0,00;0,00;0,00;0,00;EUR
2023-11-24;11:50:14;Executed;"SCALSTwYMhBWUfT";"Münchener Rück";Security;Sell;DE0008430026;1;391,00;391,00;0,00;0,00;EUR
2023-11-24;10:52:19;Executed;"SCALbkW7ummLrAu";"DexCom";Security;Sell;US2521311074;3;101,44;304,32;0,00;0,00;EUR
2023-11-24;10:49:51;Cancelled;"SCALrLFWPFwN78m";"Münchener Rück";Security;Sell;DE0008430026;0;0,00;0,00;0,00;0,00;EUR
2023-11-23;13:10:26;Executed;"SCALRyx4u4NDz25";"Allianz";Security;Sell;DE0008404005;2;231,50;463,00;0,00;0,00;EUR
2023-11-23;13:10:05;Cancelled;"SCALGqWDPZ5e7KD";"Allianz";Security;Sell;DE0008404005;0;0,00;0,00;0,00;0,00;EUR
2023-11-22;10:49:53;Executed;"SCALhCu7gDEZLqT";"Münchener Rück";Security;Buy;DE0008430026;1;389,50;-389,50;0,00;0,00;EUR
2023-11-21;20:48:49;Executed;"SCALuU4csip64w1";"RIVIAN AUTOMOTIVE INC.";Security;Buy;US76954A1034;35;14,58;-510,30;0,00;0,00;EUR
2023-11-21;10:12:15;Executed;"SCAL83S1dsxfPgF";"Merck";Security;Buy;DE0006599905;2;162,45;-324,90;0,00;0,00;EUR
2023-11-21;10:11:58;Executed;"SCALejpaDin1BkD";"Merck";Security;Buy;DE0006599905;2;162,45;-324,90;0,00;0,00;EUR
2023-11-21;10:09:03;Executed;"SCALMRWrfnq4rZN";"Allianz";Security;Buy;DE0008404005;2;229,05;-458,10;0,00;0,00;EUR
2023-11-20;07:00:55;Expired;"SCALfzLBzYWYjEi";"Cognizant Technology Solutions Corp -A";Security;Sell;US1924461023;0;0,00;0,00;0,00;0,00;EUR
2023-11-16;12:08:46;Executed;"SCALJoobYnqZoeZ";"iShares Core MSCI World UCITS ETF";Security;Savings plan;IE00B4L5Y983;1,277;78,29;-99,9763;0,00;0,00;EUR
2023-11-16;09:00:30;Executed;"SCALYrruHAK9tKp";"Infineon Technologies";Security;Sell;DE0006231004;9;33,64;302,76;0,00;0,00;EUR
2023-11-15;19:07:11;Cancelled;"SCAL4zNdredhQnn";"Infineon Technologies";Security;Sell;DE0006231004;0;0,00;0,00;0,00;0,00;EUR
2023-11-15;17:58:34;Cancelled;"SCALuGaGjR1BGXq";"Infineon Technologies";Security;Sell;DE0006231004;0;0,00;0,00;0,00;0,00;EUR
2023-11-15;01:00:00;Executed;"9B3JPG19QJDWSJMFAZUKNN";"Scalable Capital Broker Sparplan";Cash;Deposit;;;;100,00;0,00;;EUR
2023-11-14;20:37:54;Cancelled;"SCAL13qBTzZoSDn";"Infineon Technologies";Security;Sell;DE0006231004;0;0,00;0,00;0,00;0,00;EUR
2023-11-08;13:16:15;Executed;"SCALgjkrudp5sid";"Infineon Technologies";Security;Buy;DE0006231004;9;29,25;-263,25;0,00;0,00;EUR
2023-11-02;10:29:30;Executed;"SCALZYiLXHuWR1j";"ON Semiconductor";Security;Buy;US6821891057;5;62,10;-310,50;0,00;0,00;EUR
2023-11-02;10:24:55;Executed;"SCALi1JDZL2uF8S";"Vonovia";Security;Sell;DE000A1ML7J1;12;23,01;276,12;0,00;0,00;EUR
2023-11-02;10:12:41;Cancelled;"SCALz6aa7bt85cu";"ON Semiconductor";Security;Sell;US6821891057;0;0,00;0,00;0,00;0,00;EUR
2023-11-02;10:11:16;Cancelled;"SCALQRmhELmjiFB";"Vonovia";Security;Sell;DE000A1ML7J1;0;0,00;0,00;0,00;0,00;EUR
2023-11-01;14:38:11;Executed;"SCALjhF49LaV4sp";"Vonovia";Security;Buy;DE000A1ML7J1;12;21,91;-262,92;0,00;0,00;EUR
2023-10-31;15:11:35;Executed;"SCALzzqT5Zj6xpT";"SAP SE";Security;Sell;DE0007164600;3;126,50;379,50;0,00;0,00;EUR
2023-10-31;14:35:54;Cancelled;"SCALNkqk7WWxf4w";"SAP SE";Security;Sell;DE0007164600;0;0,00;0,00;0,00;0,00;EUR
2023-10-19;11:58:25;Executed;"SCALrwrLXRhNsvZ";"DexCom";Security;Sell;US2521311074;4;80,00;320,00;0,00;0,00;EUR
2023-10-19;07:30:36;Cancelled;"SCALzYviJNHyaif";"DexCom";Security;Sell;US2521311074;0;0,00;0,00;0,00;0,00;EUR
2023-10-17;10:11:06;Executed;"SCALbQFJRdBWnkM";"DexCom";Security;Buy;US2521311074;4;75,12;-300,48;0,00;0,00;EUR
2023-10-16;11:35:17;Executed;"SCALAZeG2zCgi2V";"iShares Core MSCI World UCITS ETF";Security;Savings plan;IE00B4L5Y983;1,288;77,634;-99,9925;0,00;0,00;EUR
2023-10-13;02:00:00;Executed;"WK62EYDAKCYS3BLMC9SPAF";"Scalable Capital Broker Sparplan";Cash;Deposit;;;;100,00;0,00;;EUR
2023-10-11;20:25:47;Executed;"SCALLyyb4f7bPX6";"Advanced Micro Devices";Security;Sell;US0079031078;3;102,00;306,00;0,00;0,00;EUR
2023-10-09;08:00:08;Executed;"SCALFj4qQsWG2v2";"SAP SE";Security;Buy;DE0007164600;3;122,50;-367,50;0,00;0,00;EUR
2023-10-06;09:40:28;Executed;"SCALvdESZHoPNEU";"HeidelbergCement AG";Security;Sell;DE0006047004;4;74,04;296,16;0,00;0,00;EUR
2023-10-06;02:00:00;Executed;"WWEK 18082303";"NXP Semiconductors";Cash;Distribution;NL0009538784;;;1,64;0,00;0,28;EUR
2023-10-02;15:30:48;Executed;"SCALowt1LyQoreq";"CHARTER COMMUNICATIONS INC.";Security;Sell;US16119P1084;1;421,00;421,00;0,00;0,00;EUR
2023-10-02;12:00:38;Cancelled;"SCALMoREDAPJEup";"HeidelbergCement AG";Security;Sell;DE0006047004;0;0,00;0,00;0,00;0,00;EUR
2023-10-02;10:04:41;Executed;"SCALsT24p3QEMPU";"DAIMLER TRUCK HOLDING AG";Security;Sell;DE000DTR0CK8;8;33,22;265,76;0,00;0,00;EUR
2023-10-02;09:27:06;Executed;"SCAL9NSsPhthaTq";"CONSTELLATION ENERGY CORP.";Security;Sell;US21037T1097;3;103,46;310,38;0,00;0,00;EUR
2023-10-02;02:00:00;Executed;"WWEK 17982254";"Ross Stores Inc";Cash;Distribution;US7782961038;;;0,67;0,00;0,28;EUR
2023-09-28;16:40:25;Executed;"SCAL8TY1Zs2v8DY";"HeidelbergCement AG";Security;Buy;DE0006047004;4;74,04;-296,16;0,00;0,00;EUR
2023-09-28;16:39:42;Executed;"SCALXxu3aiDnhxp";"HeidelbergCement AG";Security;Sell;DE0006047004;4;74,02;296,08;0,00;0,00;EUR
2023-09-28;16:38:41;Cancelled;"SCALcXEh1yD6J2v";"HeidelbergCement AG";Security;Sell;DE0006047004;0;0,00;0,00;0,00;0,00;EUR
2023-09-28;09:00:22;Executed;"SCALZzHVXmSBcHQ";"Beiersdorf AG";Security;Sell;DE0005200000;2;121,80;243,60;0,99;0,00;EUR
2023-09-28;08:27:11;Executed;"SCALooDcTUDq7ep";"HeidelbergCement AG";Security;Buy;DE0006047004;4;72,74;-290,96;0,00;0,00;EUR
2023-09-27;08:00:24;Executed;"SCALBHoeA1y52AP";"MÜNCHENER RÜCKVERS.-GES. AG";Security;Sell;DE0008430026;1;376,90;376,90;0,00;0,00;EUR
2023-09-26;15:29:59;Executed;"SCALdUutkPtfs6b";"T-Mobile US Inc";Security;Sell;US8725901040;2;132,10;264,20;0,00;0,00;EUR
2023-09-26;14:04:11;Executed;"SCALvJKg2Kh6Ft9";"RHEINMETALL AG";Security;Sell;DE0007030009;1;249,10;249,10;0,99;0,00;EUR
2023-09-26;10:12:55;Executed;"SCALG1rjwrjTEJP";"Allianz SE NA";Security;Sell;DE0008404005;2;230,45;460,90;0,00;0,00;EUR
2023-09-26;09:00:23;Executed;"SCALDTQEUDEac9M";"Brenntag AG";Security;Sell;DE000A1DAHH0;4;73,78;295,12;0,00;0,00;EUR
2023-09-22;16:22:48;Executed;"SCALMHpWW6iHnho";"Deutsche Telekom AG";Security;Sell;DE0005557508;13;20,60;267,80;0,00;0,00;EUR
2023-09-22;08:03:09;Cancelled;"SCALCVaV1BxsE82";"Deutsche Telekom AG";Security;Sell;DE0005557508;0;0,00;0,00;0,00;0,00;EUR
2023-09-22;08:02:34;Executed;"SCALt888NrrrjqP";"Beiersdorf AG";Security;Buy;DE0005200000;2;126,25;-252,50;0,00;0,00;EUR
2023-09-21;17:14:19;Cancelled;"SCALBVrxv3p4tCV";"Deutsche Telekom AG";Security;Sell;DE0005557508;0;0,00;0,00;0,00;0,00;EUR
2023-09-21;09:04:35;Executed;"SCALcsogycPTCgd";"E.ON SE";Security;Sell;DE000ENAG999;22;11,805;259,71;0,00;0,00;EUR
2023-09-21;02:00:00;Executed;"WWEK 17601513";"OLD DOMINION FREIGHT LINE INC.";Cash;Distribution;US6795801009;;;0,25;0,00;0,12;EUR
2023-09-20;15:29:42;Executed;"SCALbdYZ7nE7Afc";"ATLASSIAN CORP.";Security;Sell;US0494681010;2;192,00;384,00;0,00;0,00;EUR
2023-09-20;11:16:07;Executed;"SCAL1Ut7FAfQN2G";"iShares Core MSCI World UCITS ETF";Security;Savings plan;IE00B4L5Y983;1,27;78,73;-99,9871;0,00;0,00;EUR
2023-09-20;09:10:04;Cancelled;"SCAL9HJ7kWFDhGv";"Cognizant Technology Solutions Corp -A";Security;Sell;US1924461023;0;0,00;0,00;0,00;0,00;EUR
2023-09-20;08:57:22;Cancelled;"SCALnjJ3zniDDed";"ATLASSIAN CORP.";Security;Sell;US0494681010;0;0,00;0,00;0,00;0,00;EUR
2023-09-20;08:33:51;Executed;"SCALzt59ntDyzQY";"Brenntag AG";Security;Buy;DE000A1DAHH0;4;76,96;-307,8399;0,00;0,00;EUR
2023-09-19;15:54:17;Executed;"SCALhKxwvwZWMQP";"Zscaler Inc";Security;Sell;US98980G1022;2;141,78;283,56;0,00;0,00;EUR
2023-09-19;08:01:28;Executed;"SCALY4bXJYZXk8n";"RHEINMETALL AG";Security;Buy;DE0007030009;1;264,60;-264,60;0,00;0,00;EUR
2023-09-19;08:01:22;Executed;"SCALzKVbgKsS77c";"E.ON SE";Security;Buy;DE000ENAG999;22;11,605;-255,31;0,00;0,00;EUR
2023-09-19;02:00:00;Executed;"UJNNZXMGYRV8NJV4URAVUR";"Scalable Capital Broker Sparplan";Cash;Deposit;;;;100,00;0,00;;EUR
2023-09-18;11:00:22;Executed;"SCALoHhDw3Q6PnE";"Merck KGaA";Security;Sell;DE0006599905;2;164,10;328,20;0,00;0,00;EUR
2023-09-18;10:59:09;Executed;"SCALb2EwPArmb4p";"Beiersdorf AG";Security;Sell;DE0005200000;3;121,35;364,05;0,00;0,00;EUR
2023-09-18;10:57:10;Executed;"SCALgEnrihL68nk";"Autodesk Inc";Security;Sell;US0527691069;2;199,86;399,72;0,00;0,00;EUR
2023-09-15;14:02:29;Executed;"SCALJU7QcsXBCs1";"Marriott Intl. Inc -A";Security;Sell;US5719032022;2;191,22;382,44;0,00;0,00;EUR
2023-09-15;14:02:13;Cancelled;"SCAL7749Xf7kHQ6";"Marriott Intl. Inc -A";Security;Sell;US5719032022;0;0,00;0,00;0,00;0,00;EUR
2023-09-15;14:01:50;Executed;"SCALQnY7iSEma1g";"NXP Semiconductors N.V.";Security;Sell;NL0009538784;2;187,20;374,40;0,00;0,00;EUR
2023-09-14;08:01:15;Executed;"SCALus91Chwjr6x";"Allianz SE NA";Security;Buy;DE0008404005;2;227,30;-454,60;0,00;0,00;EUR
2023-09-14;08:00:42;Executed;"SCALp1yMpdu6jxn";"MÜNCHENER RÜCKVERS.-GES. AG";Security;Buy;DE0008430026;1;371,50;-371,50;0,00;0,00;EUR
2023-09-13;08:52:30;Executed;"SCALpNBaG3nUhQw";"Cisco Systems Inc";Security;Sell;US17275R1023;5;52,00;260,00;0,00;0,00;EUR
2023-09-13;08:32:16;Executed;"SCALLdcjEvZ91d2";"Marriott Intl. Inc -A";Security;Buy;US5719032022;2;190,12;-380,24;0,00;0,00;EUR
2023-09-13;08:31:11;Executed;"SCALMhERSSWe9hw";"Dexcom Inc";Security;Buy;US2521311074;3;97,88;-293,64;0,00;0,00;EUR
2023-09-13;08:30:27;Executed;"SCALZv7HyGwHtcG";"CHARTER COMMUNICATIONS INC.";Security;Buy;US16119P1084;1;407,65;-407,65;0,00;0,00;EUR
2023-09-12;12:48:45;Executed;"SCALKrDDD5FEAKi";"Ross Stores Inc";Security;Sell;US7782961038;3;109,60;328,80;0,00;0,00;EUR
2023-09-12;11:20:14;Executed;"SCALxKki4qRQxTy";"SEAGEN INC.";Security;Sell;US81181C1045;2;192,70;385,40;0,00;0,00;EUR
2023-09-12;08:01:24;Executed;"SCAL64w3oHnaadB";"DAIMLER TRUCK HOLDING AG";Security;Buy;DE000DTR0CK8;8;33,22;-265,76;0,00;0,00;EUR
2023-09-12;08:00:43;Executed;"SCALbuRV9xYAqGS";"Beiersdorf AG";Security;Buy;DE0005200000;3;122,45;-367,35;0,00;0,00;EUR
2023-09-12;08:00:33;Executed;"SCAL5MEYnepyJCE";"Merck KGaA";Security;Buy;DE0006599905;2;165,45;-330,90;0,00;0,00;EUR
2023-09-12;08:00:32;Executed;"SCALR3i93bkcnUH";"Cognizant Technology Solutions Corp -A";Security;Buy;US1924461023;4;66,64;-266,56;0,00;0,00;EUR
2023-09-12;08:00:32;Executed;"SCALEwTAVawxFeP";"T-Mobile US Inc";Security;Buy;US8725901040;2;130,94;-261,88;0,00;0,00;EUR
2023-09-12;08:00:14;Executed;"SCAL5Uns6XhyyhV";"CONSTELLATION ENERGY CORP.";Security;Buy;US21037T1097;3;102,86;-308,58;0,00;0,00;EUR
2023-09-12;07:00:43;Expired;"SCALLLrQQZ79gFP";"NXP Semiconductors N.V.";Security;Sell;NL0009538784;0;0,00;0,00;0,00;0,00;EUR
2023-09-12;06:50:18;Rejected;"SCALfyWgYnocDXS";"Merck KGaA";Security;Buy;DE0006599905;0;0,00;0,00;0,00;0,00;EUR
2023-09-08;08:18:45;Executed;"SCALvHMYf2Xgr65";"Zscaler Inc";Security;Buy;US98980G1022;2;151,24;-302,48;0,00;0,00;EUR
2023-09-08;08:01:57;Executed;"SCAL1GEwaWLUCk8";"E.ON SE";Security;Sell;DE000ENAG999;22;11,33;249,26;0,99;0,00;EUR
2023-09-07;15:31:11;Executed;"SCALrE7V5ZgeXrb";"QUALCOMM INC.";Security;Sell;US7475251036;3;102,48;307,44;0,00;0,00;EUR
2023-09-07;08:01:15;Executed;"SCAL3coXiaN7LKt";"VERTEX PHARMACEUTICALS INC.";Security;Sell;US92532F1003;1;319,90;319,90;0,00;0,00;EUR
2023-09-07;08:01:15;Executed;"SCALRzqt7KcrRPB";"Brenntag AG";Security;Sell;DE000A1DAHH0;4;74,74;298,96;0,00;0,00;EUR
2023-09-07;08:00:28;Executed;"SCALxA2NCkUAWqc";"Advanced Micro Devices Inc";Security;Buy;US0079031078;3;102,00;-306,00;0,00;0,00;EUR
2023-09-07;08:00:28;Executed;"SCALQL5GkKt6omt";"Regeneron Pharmaceuticals Inc";Security;Sell;US75886F1075;1;759,00;759,00;0,00;0,00;EUR
2023-09-07;08:00:10;Executed;"SCALho9L4cf3KqZ";"MÜNCHENER RÜCKVERS.-GES. AG";Security;Sell;DE0008430026;1;356,70;356,70;0,00;0,00;EUR
2023-09-06;10:15:58;Executed;"SCALfjjvLKrG58W";"NXP Semiconductors N.V.";Security;Buy;NL0009538784;2;193,90;-387,80;0,00;0,00;EUR
2023-09-06;10:13:52;Executed;"SCALiFG9ZwgM935";"QUALCOMM INC.";Security;Buy;US7475251036;3;108,24;-324,72;0,00;0,00;EUR
2023-09-06;10:11:18;Executed;"SCAL5RGdivcQrNR";"ATLASSIAN CORP.";Security;Buy;US0494681010;2;192,00;-384,00;0,00;0,00;EUR
2023-09-06;10:09:53;Executed;"SCALtFSfHfMHdtH";"Allianz SE NA";Security;Sell;DE0008404005;2;219,70;439,40;0,00;0,00;EUR
2023-09-06;08:27:06;Executed;"SCALf3yijHkyFgn";"Fastenal Co";Security;Sell;US3119001044;5;52,12;260,60;0,00;0,00;EUR
2023-09-06;08:26:10;Executed;"SCALd42SK87xtCF";"OLD DOMINION FREIGHT LINE INC.";Security;Sell;US6795801009;1;391,80;391,80;0,00;0,00;EUR
2023-09-06;02:00:00;Executed;"5H8EBEAXEFOFJXTKJSFKKA";"Scalable Capital Broker Einzahlung";Cash;Deposit;;;;5.000,00;0,00;;EUR
2023-09-05;09:12:58;Executed;"SCALkgvmudQpmoe";"ON Semiconductor Corp";Security;Buy;US6821891057;3;92,44;-277,32;0,00;0,00;EUR
2023-09-05;09:01:44;Cancelled;"SCAL2FZtu1VBePB";"ON Semiconductor Corp";Security;Buy;US6821891057;0;0,00;0,00;0,00;0,00;EUR
2023-09-05;08:26:28;Executed;"SCALPvvBr1Q2qqb";"Henkel AG & Co. KGaA Vz";Security;Sell;DE0006048432;4;70,48;281,92;0,00;0,00;EUR
2023-08-29;08:01:14;Executed;"SCALMQUGcmNGrXh";"E.ON SE";Security;Buy;DE000ENAG999;22;11,38;-250,36;0,00;0,00;EUR
2023-08-29;08:00:28;Executed;"SCALwsYRawonzLj";"Deutsche Telekom AG";Security;Buy;DE0005557508;13;19,486;-253,318;0,00;0,00;EUR
2023-08-28;12:57:27;Executed;"SCALj5CcbS7Gbfz";"MÜNCHENER RÜCKVERS.-GES. AG";Security;Buy;DE0008430026;1;356,00;-356,00;0,00;0,00;EUR
2023-08-28;08:01:01;Executed;"SCALQagGN2ijNmw";"Autodesk Inc";Security;Buy;US0527691069;2;200,25;-400,50;0,00;0,00;EUR
2023-08-28;08:00:35;Executed;"SCALRwV8aJCPRHj";"SAP SE";Security;Sell;DE0007164600;2;126,30;252,60;0,00;0,00;EUR
2023-08-28;08:00:30;Executed;"SCALjc2UXNYX1Ry";"OLD DOMINION FREIGHT LINE INC.";Security;Buy;US6795801009;1;381,40;-381,40;0,00;0,00;EUR
2023-08-24;09:04:02;Cancelled;"SCAL4mW7j4oXtb7";"NVIDIA Corp";Security;Buy;US67066G1040;0;0,00;0,00;0,00;0,00;EUR
2023-08-24;08:01:16;Executed;"SCALAh7g9V1S3RB";"Allianz SE NA";Security;Buy;DE0008404005;2;222,85;-445,70;0,00;0,00;EUR
2023-08-24;08:01:15;Executed;"SCALuGdwCvb1Lff";"VERTEX PHARMACEUTICALS INC.";Security;Buy;US92532F1003;1;324,20;-324,20;0,00;0,00;EUR
2023-08-24;08:00:52;Executed;"SCALiBxU8G2ywu6";"MÜNCHENER RÜCKVERS.-GES. AG";Security;Sell;DE0008430026;1;355,00;355,00;0,00;0,00;EUR
2023-08-24;08:00:32;Executed;"SCALgF6cJVwodhq";"SEAGEN INC.";Security;Buy;US81181C1045;2;181,10;-362,20;0,00;0,00;EUR
2023-08-23;08:01:18;Executed;"SCALFfsxE57hRgj";"Fastenal Co";Security;Buy;US3119001044;5;52,51;-262,55;0,00;0,00;EUR
2023-08-23;08:01:14;Executed;"SCALBof8NWnijGY";"Ross Stores Inc";Security;Buy;US7782961038;3;109,14;-327,42;0,00;0,00;EUR
2023-08-22;08:03:45;Executed;"SCALy4EzaaW1HgC";"Cisco Systems Inc";Security;Buy;US17275R1023;5;50,81;-254,05;0,00;0,00;EUR
2023-08-22;08:00:49;Executed;"SCALQkfigXkF5oh";"MÜNCHENER RÜCKVERS.-GES. AG";Security;Buy;DE0008430026;1;357,20;-357,20;0,00;0,00;EUR
2023-08-21;20:34:58;Executed;"SCALzN2TQzCF7Gr";"NVIDIA Corp";Security;Sell;US67066G1040;1;424,30;424,30;0,00;0,00;EUR
2023-08-17;10:06:06;Cancelled;"SCALEqbba19iEu7";"Regeneron Pharmaceuticals Inc";Security;Sell;US75886F1075;0;0,00;0,00;0,00;0,00;EUR
2023-08-17;10:05:59;Cancelled;"SCALvFxTX9dijGP";"Henkel AG & Co. KGaA Vz";Security;Sell;DE0006048432;0;0,00;0,00;0,00;0,00;EUR
2023-08-17;10:02:28;Executed;"SCALwinSc7P1f7T";"Henkel AG & Co. KGaA Vz";Security;Buy;DE0006048432;4;71,80;-287,20;0,00;0,00;EUR
2023-08-17;10:01:48;Executed;"SCALQQfmYoR4nog";"Allianz SE NA";Security;Sell;DE0008404005;2;221,80;443,60;0,00;0,00;EUR
2023-08-17;10:01:24;Executed;"SCALFYhKsXNgVyR";"Beiersdorf AG";Security;Sell;DE0005200000;3;119,60;358,80;0,00;0,00;EUR
2023-08-16;16:08:43;Executed;"SCALmXjRLiyFpS9";"iShares Core MSCI World UCITS ETF";Security;Savings plan;IE00B4L5Y983;1,302;76,776;-99,9623;0,00;0,00;EUR
2023-08-16;08:11:09;Executed;"SCALrCCYunVYKs8";"Regeneron Pharmaceuticals Inc";Security;Buy;US75886F1075;1;741,50;-741,50;0,00;0,00;EUR
2023-08-15;08:01:13;Executed;"SCALEsVbXGW5EDb";"Allianz SE NA";Security;Buy;DE0008404005;2;224,20;-448,40;0,00;0,00;EUR
2023-08-15;08:00:54;Executed;"SCALfVV7fuGz7Pz";"SAP SE";Security;Buy;DE0007164600;2;127,28;-254,56;0,00;0,00;EUR
2023-08-15;08:00:45;Executed;"SCAL5DbqMSJ8Szk";"Marriott Intl. Inc -A";Security;Sell;US5719032022;4;188,88;755,52;0,00;0,00;EUR
2023-08-15;02:00:00;Executed;"6CRTFQX15RTSSCEDOMNAOT";"Scalable Capital Broker Sparplan";Cash;Deposit;;;;100,00;0,00;;EUR
2023-08-14;08:01:06;Executed;"SCALMMfSYzcpaee";"Brenntag AG";Security;Buy;DE000A1DAHH0;4;70,90;-283,60;0,00;0,00;EUR
2023-08-14;08:00:35;Executed;"SCAL6bs5WVD3qkp";"HeidelbergCement AG";Security;Sell;DE0006047004;4;75,20;300,80;0,00;0,00;EUR
2023-08-11;11:57:19;Executed;"SCALWgepgv7qcwr";"Marriott Intl. Inc -A";Security;Buy;US5719032022;2;189,78;-379,56;0,00;0,00;EUR
2023-08-11;08:01:26;Executed;"SCALQrkCr1onnDs";"RHEINMETALL AG";Security;Sell;DE0007030009;1;266,00;266,00;0,00;0,00;EUR
2023-08-10;08:56:19;Executed;"SCALWF6kymj3r4S";"Marriott Intl. Inc -A";Security;Buy;US5719032022;2;189,28;-378,56;0,00;0,00;EUR
2023-08-10;08:04:10;Executed;"SCALNZBZWxvbpSm";"RHEINMETALL AG";Security;Buy;DE0007030009;1;263,10;-263,10;0,00;0,00;EUR
2023-08-07;08:01:33;Executed;"SCAL4pXeeCAAEWj";"RHEINMETALL AG";Security;Sell;DE0007030009;1;263,20;263,20;0,00;0,00;EUR
2023-08-07;08:00:16;Executed;"SCALL3X1KUPp4c5";"Merck KGaA";Security;Sell;DE0006599905;2;160,85;321,70;0,00;0,00;EUR
2023-08-07;02:00:00;Executed;"AMWXJQPJ5VP77NMPAYJS9H";"Scalable Capital Broker Einzahlung";Cash;Deposit;;;;3.000,00;0,00;;EUR
2023-08-04;13:46:51;Executed;"SCALRiH16dBeAgQ";"Airbus SE";Security;Sell;NL0000235190;2;130,58;261,16;0,00;0,00;EUR
2023-08-04;08:16:42;Executed;"SCALA5upZexuRAQ";"RHEINMETALL AG";Security;Buy;DE0007030009;1;259,60;-259,60;0,00;0,00;EUR
2023-08-04;08:15:34;Executed;"SCALJL1JEySEro6";"Merck KGaA";Security;Buy;DE0006599905;2;165,40;-330,80;0,00;0,00;EUR
2023-08-04;08:13:49;Executed;"SCALwaGdAMb54er";"Brenntag AG";Security;Sell;DE000A1DAHH0;4;67,98;271,92;0,00;0,00;EUR
2023-08-03;18:56:52;Executed;"SCAL4PbfJisrQE3";"Brenntag AG";Security;Buy;DE000A1DAHH0;4;68,12;-272,48;0,00;0,00;EUR
2023-08-03;18:56:28;Executed;"SCAL281JJHtLiSg";"HeidelbergCement AG";Security;Buy;DE0006047004;4;75,98;-303,92;0,00;0,00;EUR
2023-08-03;16:07:06;Executed;"SCALuwqryUNjbB7";"Beiersdorf AG";Security;Buy;DE0005200000;3;119,80;-359,40;0,00;0,00;EUR
2023-08-03;16:04:58;Executed;"SCALJLSnTj9yhJH";"BYD Co. Ltd";Security;Sell;CNE100000296;10;32,005;320,05;0,00;0,00;EUR
2023-08-01;02:00:00;Executed;"DMMKODK9QN6FA8QXGWFK8W";"Scalable Capital Broker Einzahlung";Cash;Deposit;;;;900,00;0,00;;EUR
2023-07-28;10:37:27;Executed;"SCALU24TXpxJZDU";"NVIDIA Corp";Security;Buy;US67066G1040;1;424,10;-424,10;0,00;0,00;EUR
2023-07-20;15:37:40;Executed;"SCALVg4s851y3v7";"Airbus SE";Security;Buy;NL0000235190;2;133,92;-267,8399;0,00;0,00;EUR
2023-07-20;15:37:07;Executed;"SCALGPz8gMaGKd3";"E.ON SE";Security;Sell;DE000ENAG999;25;11,545;288,625;0,00;0,00;EUR
2023-07-17;11:25:25;Executed;"SCALdUtejeeJgHc";"iShares Core MSCI World UCITS ETF";Security;Savings plan;IE00B4L5Y983;1,311;76,22;-99,9244;0,00;0,00;EUR
2023-07-14;02:00:00;Executed;"HGPDDNJZYJZ6H7PAAGYWMW";"Scalable Capital Broker Sparplan";Cash;Deposit;;;;100,00;0,00;;EUR
2023-07-03;12:42:52;Executed;"SCALR2RxLXSFJbU";"E.ON SE";Security;Buy;DE000ENAG999;25;11,775;-294,375;0,00;0,00;EUR
2023-06-21;02:00:00;Executed;"924791976";"Scalable Capital";Cash;Deposit;;;;100,00;0,00;;EUR
2023-06-16;11:46:11;Executed;"SCALBCZXT9UCR1p";"iShares Core MSCI World UCITS ETF";Security;Savings plan;IE00B4L5Y983;1,295;77,212;-99,9895;0,00;0,00;EUR
2023-06-15;02:00:00;Executed;"AECV6T5WAYGHOXEPWDTNYB";"Scalable Capital Broker Sparplan";Cash;Deposit;;;;100,00;0,00;;EUR
2023-06-14;11:47:21;Executed;"SCALEoEsox9y5wt";"BYD Co. Ltd";Security;Buy;CNE100000296;10;30,495;-304,95;0,00;0,00;EUR
2023-06-13;02:00:00;Executed;"2SR5DNWET1J8NU5HGDK692";"Scalable Capital Broker Einzahlung";Cash;Deposit;;;;900,00;0,00;;EUR
2023-06-07;02:00:00;Executed;"HVUNKRC16Y32HT1CCOZLKP";"Scalable Capital Broker Erste Einzahlung";Cash;Deposit;;;;100,00;0,00;;EUR
