ticker,isin,branche,idNotation,isoCurrency,date,open,close,high,low,volume
DAX,DE0008469008,Deutschland,20735,EUR,2021-01-04 12:00:00,13890.22,13726.74,13907.13,13647.79,85705566.0
DAX,DE0008469008,Deutschland,20735,EUR,2021-01-05 12:00:00,13680.69,13651.22,13768.13,13566.47,80667857.0
DAX,DE0008469008,Deutschland,20735,EUR,2021-01-06 12:00:00,13687.08,13891.97,13919.23,13617.11,110771876.0
DAX,DE0008469008,Deutschland,20735,EUR,2021-01-07 12:00:00,13946.53,13968.24,14007.47,13902.24,99353840.0
DAX,DE0008469008,Deutschland,20735,EUR,2021-01-08 12:00:00,14106.6,14049.53,14131.52,14007.71,95347769.0
DAX,DE0008469008,Deutschland,20735,EUR,2021-01-11 12:00:00,13986.42,13936.66,14007.65,13806.69,78212781.0
DAX,DE0008469008,Deutschland,20735,EUR,2021-01-12 12:00:00,13985.89,13925.06,13999.57,13871.44,85738218.0
DAX,DE0008469008,Deutschland,20735,EUR,2021-01-13 12:00:00,13899.06,13939.71,13978.43,13868.83,79014472.0
DAX,DE0008469008,Deutschland,20735,EUR,2021-01-14 12:00:00,13973.77,13988.7,14030.22,13942.88,86638950.0
DAX,DE0008469008,Deutschland,20735,EUR,2021-01-15 12:00:00,13904.3,13787.73,13958.16,13672.67,108936356.0
DAX,DE0008469008,Deutschland,20735,EUR,2021-01-18 12:00:00,13701.98,13848.35,13850.4,13701.74,60587784.0
DAX,DE0008469008,Deutschland,20735,EUR,2021-01-19 12:00:00,13935.93,13815.06,13940.05,13804.46,75739200.0
DAX,DE0008469008,Deutschland,20735,EUR,2021-01-20 12:00:00,13848.77,13921.37,13952.2,13835.99,71423614.0
DAX,DE0008469008,Deutschland,20735,EUR,2021-01-21 12:00:00,13997.78,13906.67,14026.35,13878.84,72636454.0
DAX,DE0008469008,Deutschland,20735,EUR,2021-01-22 12:00:00,13858.05,13873.97,13897.73,13744.26,84446511.0
DAX,DE0008469008,Deutschland,20735,EUR,2021-01-25 12:00:00,13943.96,13643.95,13946.85,13599.78,92867825.0
DAX,DE0008469008,Deutschland,20735,EUR,2021-01-26 12:00:00,13687.39,13870.99,13925.73,13670.23,86888820.0
DAX,DE0008469008,Deutschland,20735,EUR,2021-01-27 12:00:00,13827.47,13620.46,13851.84,13475.03,124592060.0
DAX,DE0008469008,Deutschland,20735,EUR,2021-01-28 12:00:00,13500.64,13665.93,13698.54,13310.95,124106065.0
DAX,DE0008469008,Deutschland,20735,EUR,2021-01-29 12:00:00,13474.2,13432.87,13593.03,13403.74,116535596.0
DAX,DE0008469008,Deutschland,20735,EUR,2021-02-01 12:00:00,13559.94,13622.02,13648.05,13518.45,75533782.0
DAX,DE0008469008,Deutschland,20735,EUR,2021-02-02 12:00:00,13724.12,13835.16,13844.94,13693.93,88372943.0
DAX,DE0008469008,Deutschland,20735,EUR,2021-02-03 12:00:00,13986.72,13933.63,13988.15,13866.39,91169324.0
DAX,DE0008469008,Deutschland,20735,EUR,2021-02-04 12:00:00,13971.94,14060.29,14069.89,13955.7,95748491.0
DAX,DE0008469008,Deutschland,20735,EUR,2021-02-05 12:00:00,14061.69,14056.72,14114.44,14013.13,85490143.0
DAX,DE0008469008,Deutschland,20735,EUR,2021-02-08 12:00:00,14156.84,14059.91,14169.49,14056.55,71258544.0
DAX,DE0008469008,Deutschland,20735,EUR,2021-02-09 12:00:00,14055.6,14011.8,14061.61,13962.14,67923502.0
DAX,DE0008469008,Deutschland,20735,EUR,2021-02-10 12:00:00,14063.12,13932.97,14063.12,13830.12,81371786.0
DAX,DE0008469008,Deutschland,20735,EUR,2021-02-11 12:00:00,13958.39,14040.91,14053.06,13916.63,80197158.0
DAX,DE0008469008,Deutschland,20735,EUR,2021-02-12 12:00:00,13976.13,14049.89,14050.96,13916.73,70098836.0
DAX,DE0008469008,Deutschland,20735,EUR,2021-02-15 12:00:00,14109.07,14109.48,14131.21,14074.25,63504344.0
DAX,DE0008469008,Deutschland,20735,EUR,2021-02-16 12:00:00,14105.13,14064.6,14130.74,14049.98,70553804.0
DAX,DE0008469008,Deutschland,20735,EUR,2021-02-17 12:00:00,14028.1,13909.27,14036.95,13894.06,92124658.0
DAX,DE0008469008,Deutschland,20735,EUR,2021-02-18 12:00:00,13926.84,13886.93,13961.05,13853.77,88499603.0
DAX,DE0008469008,Deutschland,20735,EUR,2021-02-19 12:00:00,13941.4,13993.23,14026.18,13892.72,87766587.0
DAX,DE0008469008,Deutschland,20735,EUR,2021-02-22 12:00:00,13858.56,13950.04,13975.08,13802.55,77586424.0
DAX,DE0008469008,Deutschland,20735,EUR,2021-02-23 12:00:00,13984.98,13864.81,13989.24,13664.71,103824418.0
DAX,DE0008469008,Deutschland,20735,EUR,2021-02-24 12:00:00,13855.85,13976.0,13998.3,13855.85,82883297.0
DAX,DE0008469008,Deutschland,20735,EUR,2021-02-25 12:00:00,14045.02,13879.33,14051.01,13879.17,110432386.0
DAX,DE0008469008,Deutschland,20735,EUR,2021-02-26 12:00:00,13685.8,13786.29,13881.26,13673.07,119099697.0
DAX,DE0008469008,Deutschland,20735,EUR,2021-03-01 12:00:00,13962.43,14012.82,14022.02,13873.83,78913077.0
DAX,DE0008469008,Deutschland,20735,EUR,2021-03-02 12:00:00,13962.07,14039.8,14101.79,13961.62,69359288.0
DAX,DE0008469008,Deutschland,20735,EUR,2021-03-03 12:00:00,14130.86,14080.03,14197.49,13979.73,94582949.0
DAX,DE0008469008,Deutschland,20735,EUR,2021-03-04 12:00:00,14015.44,14056.34,14095.81,13959.27,93817716.0
DAX,DE0008469008,Deutschland,20735,EUR,2021-03-05 12:00:00,13958.54,13920.69,14068.03,13868.2,103311001.0
DAX,DE0008469008,Deutschland,20735,EUR,2021-03-08 12:00:00,14024.57,14380.91,14402.92,13977.13,123686328.0
DAX,DE0008469008,Deutschland,20735,EUR,2021-03-09 12:00:00,14345.51,14437.94,14475.65,14309.35,122068835.0
DAX,DE0008469008,Deutschland,20735,EUR,2021-03-10 12:00:00,14439.45,14540.25,14560.97,14408.52,109237056.0
DAX,DE0008469008,Deutschland,20735,EUR,2021-03-11 12:00:00,14553.54,14569.39,14595.02,14515.07,86859181.0
DAX,DE0008469008,Deutschland,20735,EUR,2021-03-12 12:00:00,14492.45,14502.39,14527.42,14450.72,78526063.0
DAX,DE0008469008,Deutschland,20735,EUR,2021-03-15 12:00:00,14504.49,14461.42,14572.24,14409.35,78694933.0
DAX,DE0008469008,Deutschland,20735,EUR,2021-03-16 12:00:00,14519.72,14557.58,14601.79,14511.3,83785172.0
DAX,DE0008469008,Deutschland,20735,EUR,2021-03-17 12:00:00,14565.29,14596.61,14601.63,14539.7,85052535.0
DAX,DE0008469008,Deutschland,20735,EUR,2021-03-18 12:00:00,14673.72,14775.52,14804.01,14669.95,115832245.0
DAX,DE0008469008,Deutschland,20735,EUR,2021-03-19 12:00:00,14697.26,14621.0,14747.56,14563.21,221420039.0
DAX,DE0008469008,Deutschland,20735,EUR,2021-03-22 12:00:00,14551.17,14657.21,14677.12,14539.27,74043030.0
DAX,DE0008469008,Deutschland,20735,EUR,2021-03-23 12:00:00,14582.07,14662.02,14707.37,14516.22,83473246.0
DAX,DE0008469008,Deutschland,20735,EUR,2021-03-24 12:00:00,14543.58,14610.39,14619.04,14523.12,77057081.0
DAX,DE0008469008,Deutschland,20735,EUR,2021-03-25 12:00:00,14550.4,14621.36,14621.36,14422.65,90626288.0
DAX,DE0008469008,Deutschland,20735,EUR,2021-03-26 12:00:00,14714.59,14748.94,14776.32,14693.94,72919035.0
DAX,DE0008469008,Deutschland,20735,EUR,2021-03-29 12:00:00,14809.8,14817.72,14845.42,14756.04,77778269.0
DAX,DE0008469008,Deutschland,20735,EUR,2021-03-30 12:00:00,14897.66,15008.61,15029.7,14890.28,80053673.0
DAX,DE0008469008,Deutschland,20735,EUR,2021-03-31 12:00:00,14982.12,15008.34,15026.49,14973.59,79391481.0
DAX,DE0008469008,Deutschland,20735,EUR,2021-04-01 12:00:00,15053.77,15107.17,15110.92,15032.52,77070873.0
DAX,DE0008469008,Deutschland,20735,EUR,2021-04-06 12:00:00,15289.97,15212.68,15311.86,15209.9,85858745.0
DAX,DE0008469008,Deutschland,20735,EUR,2021-04-07 12:00:00,15221.23,15176.36,15242.73,15160.28,66943692.0
DAX,DE0008469008,Deutschland,20735,EUR,2021-04-08 12:00:00,15236.44,15202.68,15247.78,15144.11,78048503.0
DAX,DE0008469008,Deutschland,20735,EUR,2021-04-09 12:00:00,15198.14,15234.16,15243.56,15157.21,65393113.0
DAX,DE0008469008,Deutschland,20735,EUR,2021-04-12 12:00:00,15238.85,15215.0,15275.33,15212.24,61916132.0
DAX,DE0008469008,Deutschland,20735,EUR,2021-04-13 12:00:00,15244.62,15234.36,15281.65,15184.95,70217646.0
DAX,DE0008469008,Deutschland,20735,EUR,2021-04-14 12:00:00,15253.59,15209.15,15255.92,15191.51,67337370.0
DAX,DE0008469008,Deutschland,20735,EUR,2021-04-15 12:00:00,15238.63,15255.33,15271.69,15227.63,63131449.0
DAX,DE0008469008,Deutschland,20735,EUR,2021-04-16 12:00:00,15277.85,15459.75,15473.83,15274.22,80739991.0
DAX,DE0008469008,Deutschland,20735,EUR,2021-04-19 12:00:00,15496.87,15368.39,15501.84,15368.14,68333735.0
DAX,DE0008469008,Deutschland,20735,EUR,2021-04-20 12:00:00,15361.15,15129.51,15393.13,15109.54,86369977.0
DAX,DE0008469008,Deutschland,20735,EUR,2021-04-21 12:00:00,15179.91,15195.97,15210.69,15071.78,76110549.0
DAX,DE0008469008,Deutschland,20735,EUR,2021-04-22 12:00:00,15252.04,15320.52,15328.33,15230.2,63871026.0
DAX,DE0008469008,Deutschland,20735,EUR,2021-04-23 12:00:00,15267.76,15279.62,15309.09,15149.35,62632475.0
DAX,DE0008469008,Deutschland,20735,EUR,2021-04-26 12:00:00,15297.93,15296.34,15325.89,15237.02,59086143.0
DAX,DE0008469008,Deutschland,20735,EUR,2021-04-27 12:00:00,15282.84,15249.27,15293.89,15186.76,60148693.0
DAX,DE0008469008,Deutschland,20735,EUR,2021-04-28 12:00:00,15320.4,15292.18,15355.28,15266.61,93710743.0
DAX,DE0008469008,Deutschland,20735,EUR,2021-04-29 12:00:00,15326.23,15154.2,15329.72,15085.02,95148942.0
DAX,DE0008469008,Deutschland,20735,EUR,2021-04-30 12:00:00,15204.39,15135.91,15244.26,15135.91,81168307.0
DAX,DE0008469008,Deutschland,20735,EUR,2021-05-03 12:00:00,15191.79,15236.47,15268.56,15111.3,59483388.0
DAX,DE0008469008,Deutschland,20735,EUR,2021-05-04 12:00:00,15259.5,14856.48,15260.75,14845.27,106088236.0
DAX,DE0008469008,Deutschland,20735,EUR,2021-05-05 12:00:00,14969.63,15170.78,15170.78,14963.77,86650941.0
DAX,DE0008469008,Deutschland,20735,EUR,2021-05-06 12:00:00,15170.77,15196.74,15281.4,15092.77,77310194.0
DAX,DE0008469008,Deutschland,20735,EUR,2021-05-07 12:00:00,15348.32,15399.65,15406.41,15290.2,78667536.0
DAX,DE0008469008,Deutschland,20735,EUR,2021-05-10 12:00:00,15417.53,15400.41,15419.43,15347.96,72953161.0
DAX,DE0008469008,Deutschland,20735,EUR,2021-05-11 12:00:00,15253.32,15119.75,15255.89,15006.73,94320674.0
DAX,DE0008469008,Deutschland,20735,EUR,2021-05-12 12:00:00,15144.04,15150.22,15226.36,15058.11,110109452.0
DAX,DE0008469008,Deutschland,20735,EUR,2021-05-13 12:00:00,14967.8,15199.68,15235.89,14816.35,74863526.0
DAX,DE0008469008,Deutschland,20735,EUR,2021-05-14 12:00:00,15301.74,15416.64,15417.24,15214.68,81899959.0
DAX,DE0008469008,Deutschland,20735,EUR,2021-05-17 12:00:00,15432.34,15396.62,15482.23,15353.66,74211803.0
DAX,DE0008469008,Deutschland,20735,EUR,2021-05-18 12:00:00,15514.72,15386.58,15538.01,15344.1,70032429.0
DAX,DE0008469008,Deutschland,20735,EUR,2021-05-19 12:00:00,15238.82,15113.56,15266.53,14961.27,81950420.0
DAX,DE0008469008,Deutschland,20735,EUR,2021-05-20 12:00:00,15207.32,15370.26,15370.26,15102.35,70514491.0
DAX,DE0008469008,Deutschland,20735,EUR,2021-05-21 12:00:00,15411.03,15437.51,15467.19,15364.43,85985883.0
DAX,DE0008469008,Deutschland,20735,EUR,2021-05-25 12:00:00,15548.29,15465.09,15568.6,15465.09,80872547.0
DAX,DE0008469008,Deutschland,20735,EUR,2021-05-26 12:00:00,15520.44,15450.72,15541.86,15407.48,62559420.0
DAX,DE0008469008,Deutschland,20735,EUR,2021-05-27 12:00:00,15419.2,15406.73,15490.06,15350.67,124295006.0
DAX,DE0008469008,Deutschland,20735,EUR,2021-05-28 12:00:00,15443.14,15519.98,15548.72,15435.74,61466235.0
DAX,DE0008469008,Deutschland,20735,EUR,2021-05-31 12:00:00,15496.48,15421.13,15499.64,15414.38,39288181.0
DAX,DE0008469008,Deutschland,20735,EUR,2021-06-01 12:00:00,15513.13,15567.36,15685.4,15512.36,59647149.0
DAX,DE0008469008,Deutschland,20735,EUR,2021-06-02 12:00:00,15570.77,15602.71,15631.02,15554.02,57493156.0
DAX,DE0008469008,Deutschland,20735,EUR,2021-06-03 12:00:00,15591.54,15632.67,15657.15,15477.32,48787059.0
DAX,DE0008469008,Deutschland,20735,EUR,2021-06-04 12:00:00,15651.69,15692.9,15705.89,15607.92,50019384.0
DAX,DE0008469008,Deutschland,20735,EUR,2021-06-07 12:00:00,15661.58,15677.15,15732.06,15614.18,51731435.0
DAX,DE0008469008,Deutschland,20735,EUR,2021-06-08 12:00:00,15674.41,15640.6,15727.23,15638.32,59649086.0
DAX,DE0008469008,Deutschland,20735,EUR,2021-06-09 12:00:00,15642.74,15581.14,15669.14,15505.15,53291214.0
DAX,DE0008469008,Deutschland,20735,EUR,2021-06-10 12:00:00,15610.08,15571.22,15637.94,15513.36,64536860.0
DAX,DE0008469008,Deutschland,20735,EUR,2021-06-11 12:00:00,15583.29,15693.27,15703.84,15548.35,65181735.0
DAX,DE0008469008,Deutschland,20735,EUR,2021-06-14 12:00:00,15739.89,15673.64,15802.67,15673.64,52876934.0
DAX,DE0008469008,Deutschland,20735,EUR,2021-06-15 12:00:00,15744.77,15729.52,15792.35,15714.94,63684313.0
DAX,DE0008469008,Deutschland,20735,EUR,2021-06-16 12:00:00,15756.83,15710.57,15759.66,15674.61,70198982.0
DAX,DE0008469008,Deutschland,20735,EUR,2021-06-17 12:00:00,15655.32,15727.67,15752.34,15649.22,70281216.0
DAX,DE0008469008,Deutschland,20735,EUR,2021-06-18 12:00:00,15720.52,15448.04,15736.93,15426.76,136061783.0
DAX,DE0008469008,Deutschland,20735,EUR,2021-06-21 12:00:00,15391.5,15603.24,15606.57,15309.44,71687942.0
DAX,DE0008469008,Deutschland,20735,EUR,2021-06-22 12:00:00,15587.57,15636.33,15652.75,15518.31,59421637.0
DAX,DE0008469008,Deutschland,20735,EUR,2021-06-23 12:00:00,15674.33,15456.39,15675.9,15456.39,58308672.0
DAX,DE0008469008,Deutschland,20735,EUR,2021-06-24 12:00:00,15528.55,15589.23,15606.89,15476.67,58199138.0
DAX,DE0008469008,Deutschland,20735,EUR,2021-06-25 12:00:00,15584.9,15607.97,15612.66,15533.4,53660165.0
DAX,DE0008469008,Deutschland,20735,EUR,2021-06-28 12:00:00,15570.8,15554.18,15668.08,15542.17,52687098.0
DAX,DE0008469008,Deutschland,20735,EUR,2021-06-29 12:00:00,15565.83,15690.59,15752.93,15555.49,57281712.0
DAX,DE0008469008,Deutschland,20735,EUR,2021-06-30 12:00:00,15700.06,15531.04,15709.34,15461.2,71017832.0
DAX,DE0008469008,Deutschland,20735,EUR,2021-07-01 12:00:00,15624.28,15603.81,15708.78,15488.49,54637906.0
DAX,DE0008469008,Deutschland,20735,EUR,2021-07-02 12:00:00,15644.84,15650.09,15705.53,15616.43,47216394.0
DAX,DE0008469008,Deutschland,20735,EUR,2021-07-05 12:00:00,15628.42,15661.97,15673.88,15535.29,36564566.0
DAX,DE0008469008,Deutschland,20735,EUR,2021-07-06 12:00:00,15615.07,15511.38,15647.88,15466.66,62432401.0
DAX,DE0008469008,Deutschland,20735,EUR,2021-07-07 12:00:00,15606.94,15692.71,15700.95,15604.58,66541202.0
DAX,DE0008469008,Deutschland,20735,EUR,2021-07-08 12:00:00,15584.72,15420.64,15591.65,15304.41,85313302.0
DAX,DE0008469008,Deutschland,20735,EUR,2021-07-09 12:00:00,15497.93,15687.93,15687.93,15479.44,65368988.0
DAX,DE0008469008,Deutschland,20735,EUR,2021-07-12 12:00:00,15675.42,15790.51,15806.9,15631.84,52303914.0
DAX,DE0008469008,Deutschland,20735,EUR,2021-07-13 12:00:00,15769.51,15789.64,15806.57,15747.57,51684085.0
DAX,DE0008469008,Deutschland,20735,EUR,2021-07-14 12:00:00,15733.19,15788.98,15810.68,15717.83,46508284.0
DAX,DE0008469008,Deutschland,20735,EUR,2021-07-15 12:00:00,15737.36,15629.66,15737.36,15592.01,59467498.0
DAX,DE0008469008,Deutschland,20735,EUR,2021-07-16 12:00:00,15682.75,15540.31,15699.93,15476.99,63423773.0
DAX,DE0008469008,Deutschland,20735,EUR,2021-07-19 12:00:00,15420.14,15133.2,15423.84,15048.56,96574114.0
DAX,DE0008469008,Deutschland,20735,EUR,2021-07-20 12:00:00,15234.85,15216.27,15300.29,15091.9,67289665.0
DAX,DE0008469008,Deutschland,20735,EUR,2021-07-21 12:00:00,15239.92,15422.5,15443.76,15194.54,70291672.0
DAX,DE0008469008,Deutschland,20735,EUR,2021-07-22 12:00:00,15533.22,15514.54,15578.75,15471.47,54394157.0
DAX,DE0008469008,Deutschland,20735,EUR,2021-07-23 12:00:00,15603.69,15669.29,15681.41,15583.65,54104972.0
DAX,DE0008469008,Deutschland,20735,EUR,2021-07-26 12:00:00,15586.66,15618.98,15641.61,15544.94,41219957.0
DAX,DE0008469008,Deutschland,20735,EUR,2021-07-27 12:00:00,15537.89,15519.13,15586.9,15423.56,50920072.0
DAX,DE0008469008,Deutschland,20735,EUR,2021-07-28 12:00:00,15538.75,15570.36,15577.13,15497.1,60588069.0
DAX,DE0008469008,Deutschland,20735,EUR,2021-07-29 12:00:00,15608.82,15640.47,15659.22,15563.65,58834393.0
DAX,DE0008469008,Deutschland,20735,EUR,2021-07-30 12:00:00,15493.74,15544.39,15613.66,15440.89,67319460.0
DAX,DE0008469008,Deutschland,20735,EUR,2021-08-02 12:00:00,15631.7,15568.73,15702.89,15511.25,59816522.0
DAX,DE0008469008,Deutschland,20735,EUR,2021-08-03 12:00:00,15537.69,15555.08,15608.07,15492.58,57941987.0
DAX,DE0008469008,Deutschland,20735,EUR,2021-08-04 12:00:00,15653.65,15692.13,15712.27,15600.8,73248427.0
DAX,DE0008469008,Deutschland,20735,EUR,2021-08-05 12:00:00,15691.74,15744.67,15751.88,15672.27,73401974.0
DAX,DE0008469008,Deutschland,20735,EUR,2021-08-06 12:00:00,15770.85,15761.45,15808.24,15737.1,61347867.0
DAX,DE0008469008,Deutschland,20735,EUR,2021-08-09 12:00:00,15773.51,15745.41,15798.51,15699.27,48193777.0
DAX,DE0008469008,Deutschland,20735,EUR,2021-08-10 12:00:00,15734.14,15770.71,15802.15,15733.65,44836446.0
DAX,DE0008469008,Deutschland,20735,EUR,2021-08-11 12:00:00,15792.12,15826.09,15887.16,15724.99,59594140.0
DAX,DE0008469008,Deutschland,20735,EUR,2021-08-12 12:00:00,15829.27,15937.51,15964.38,15823.53,63497901.0
DAX,DE0008469008,Deutschland,20735,EUR,2021-08-13 12:00:00,15948.15,15977.44,16030.33,15940.82,47065959.0
DAX,DE0008469008,Deutschland,20735,EUR,2021-08-16 12:00:00,15875.7,15925.73,15961.18,15851.28,57211496.0
DAX,DE0008469008,Deutschland,20735,EUR,2021-08-17 12:00:00,15872.12,15921.95,15937.47,15811.57,55603641.0
DAX,DE0008469008,Deutschland,20735,EUR,2021-08-18 12:00:00,15935.21,15965.97,15969.85,15872.99,51515347.0
DAX,DE0008469008,Deutschland,20735,EUR,2021-08-19 12:00:00,15737.18,15765.81,15804.85,15621.98,74612600.0
DAX,DE0008469008,Deutschland,20735,EUR,2021-08-20 12:00:00,15734.68,15808.04,15808.04,15656.28,60759238.0
DAX,DE0008469008,Deutschland,20735,EUR,2021-08-23 12:00:00,15930.72,15852.79,15930.72,15799.59,44987476.0
DAX,DE0008469008,Deutschland,20735,EUR,2021-08-24 12:00:00,15897.86,15905.85,15918.72,15856.05,51135032.0
DAX,DE0008469008,Deutschland,20735,EUR,2021-08-25 12:00:00,15912.85,15860.66,15932.62,15853.32,42302594.0
DAX,DE0008469008,Deutschland,20735,EUR,2021-08-26 12:00:00,15773.71,15793.62,15834.91,15701.85,45378983.0
DAX,DE0008469008,Deutschland,20735,EUR,2021-08-27 12:00:00,15778.92,15851.75,15859.77,15752.09,36986026.0
DAX,DE0008469008,Deutschland,20735,EUR,2021-08-30 12:00:00,15856.71,15887.31,15896.73,15847.66,33479785.0
DAX,DE0008469008,Deutschland,20735,EUR,2021-08-31 12:00:00,15929.26,15835.09,16006.76,15761.57,84537469.0
DAX,DE0008469008,Deutschland,20735,EUR,2021-09-01 12:00:00,15958.41,15824.29,15981.7,15773.44,62897476.0
DAX,DE0008469008,Deutschland,20735,EUR,2021-09-02 12:00:00,15813.57,15840.59,15874.67,15810.77,43158514.0
DAX,DE0008469008,Deutschland,20735,EUR,2021-09-03 12:00:00,15841.45,15781.2,15868.69,15690.02,48678996.0
DAX,DE0008469008,Deutschland,20735,EUR,2021-09-06 12:00:00,15818.44,15932.12,15959.74,15814.63,37906252.0
DAX,DE0008469008,Deutschland,20735,EUR,2021-09-07 12:00:00,15896.56,15843.09,15927.77,15826.86,56201028.0
DAX,DE0008469008,Deutschland,20735,EUR,2021-09-08 12:00:00,15714.61,15610.28,15755.3,15590.41,66543330.0
DAX,DE0008469008,Deutschland,20735,EUR,2021-09-09 12:00:00,15499.45,15623.15,15693.22,15453.96,62413192.0
DAX,DE0008469008,Deutschland,20735,EUR,2021-09-10 12:00:00,15648.89,15609.81,15702.6,15574.94,61535352.0
DAX,DE0008469008,Deutschland,20735,EUR,2021-09-13 12:00:00,15681.17,15701.42,15787.66,15674.16,57549481.0
DAX,DE0008469008,Deutschland,20735,EUR,2021-09-14 12:00:00,15697.72,15722.99,15763.58,15663.42,54710267.0
DAX,DE0008469008,Deutschland,20735,EUR,2021-09-15 12:00:00,15731.48,15616.0,15740.01,15613.72,67555788.0
DAX,DE0008469008,Deutschland,20735,EUR,2021-09-16 12:00:00,15666.63,15651.75,15745.19,15638.23,61280541.0
DAX,DE0008469008,Deutschland,20735,EUR,2021-09-17 12:00:00,15774.57,15490.17,15791.9,15455.54,172655507.0
DAX,DE0008469008,Deutschland,20735,EUR,2021-09-20 12:00:00,15259.5,15132.06,15262.76,15019.49,123770050.0
DAX,DE0008469008,Deutschland,20735,EUR,2021-09-21 12:00:00,15265.03,15348.53,15394.33,15205.7,83251721.0
DAX,DE0008469008,Deutschland,20735,EUR,2021-09-22 12:00:00,15463.24,15506.74,15508.42,15378.93,92304179.0
DAX,DE0008469008,Deutschland,20735,EUR,2021-09-23 12:00:00,15630.01,15643.97,15695.65,15593.72,71719542.0
DAX,DE0008469008,Deutschland,20735,EUR,2021-09-24 12:00:00,15562.14,15531.75,15573.46,15497.17,67476497.0
DAX,DE0008469008,Deutschland,20735,EUR,2021-09-27 12:00:00,15699.01,15573.88,15704.05,15552.09,80538975.0
DAX,DE0008469008,Deutschland,20735,EUR,2021-09-28 12:00:00,15542.03,15248.56,15542.41,15232.97,89262760.0
DAX,DE0008469008,Deutschland,20735,EUR,2021-09-29 12:00:00,15357.0,15365.27,15422.75,15301.35,73966001.0
DAX,DE0008469008,Deutschland,20735,EUR,2021-09-30 12:00:00,15434.33,15260.69,15448.52,15246.0,113238232.0
DAX,DE0008469008,Deutschland,20735,EUR,2021-10-01 12:00:00,15041.6,15156.44,15262.75,14983.8,79334962.0
DAX,DE0008469008,Deutschland,20735,EUR,2021-10-04 12:00:00,15061.86,15036.55,15175.25,15016.93,61567712.0
DAX,DE0008469008,Deutschland,20735,EUR,2021-10-05 12:00:00,15055.4,15194.49,15202.2,15011.44,71545125.0
DAX,DE0008469008,Deutschland,20735,EUR,2021-10-06 12:00:00,15040.1,14973.33,15049.49,14818.71,117597327.0
DAX,DE0008469008,Deutschland,20735,EUR,2021-10-07 12:00:00,15162.75,15250.86,15253.29,15116.47,96107761.0
DAX,DE0008469008,Deutschland,20735,EUR,2021-10-08 12:00:00,15242.76,15206.13,15267.92,15184.76,68063850.0
DAX,DE0008469008,Deutschland,20735,EUR,2021-10-11 12:00:00,15115.46,15199.14,15202.74,15094.44,83189963.0
DAX,DE0008469008,Deutschland,20735,EUR,2021-10-12 12:00:00,15025.35,15146.87,15174.29,15012.07,75496604.0
DAX,DE0008469008,Deutschland,20735,EUR,2021-10-13 12:00:00,15130.8,15249.38,15302.43,15109.61,81335822.0
DAX,DE0008469008,Deutschland,20735,EUR,2021-10-14 12:00:00,15350.72,15462.72,15464.38,15303.39,67591902.0
DAX,DE0008469008,Deutschland,20735,EUR,2021-10-15 12:00:00,15481.22,15587.36,15598.58,15465.93,86457479.0
DAX,DE0008469008,Deutschland,20735,EUR,2021-10-18 12:00:00,15518.59,15474.47,15542.17,15416.02,60770927.0
DAX,DE0008469008,Deutschland,20735,EUR,2021-10-19 12:00:00,15510.99,15515.83,15527.97,15457.43,64045025.0
DAX,DE0008469008,Deutschland,20735,EUR,2021-10-20 12:00:00,15473.56,15522.92,15567.07,15465.03,79605252.0
DAX,DE0008469008,Deutschland,20735,EUR,2021-10-21 12:00:00,15408.8,15472.56,15532.94,15406.59,65039651.0
DAX,DE0008469008,Deutschland,20735,EUR,2021-10-22 12:00:00,15507.99,15542.98,15614.76,15492.29,60817834.0
DAX,DE0008469008,Deutschland,20735,EUR,2021-10-25 12:00:00,15580.58,15599.23,15618.88,15531.95,61606786.0
DAX,DE0008469008,Deutschland,20735,EUR,2021-10-26 12:00:00,15652.91,15757.06,15781.0,15650.35,68517411.0
DAX,DE0008469008,Deutschland,20735,EUR,2021-10-27 12:00:00,15725.4,15705.81,15744.79,15671.59,79544767.0
DAX,DE0008469008,Deutschland,20735,EUR,2021-10-28 12:00:00,15681.52,15696.33,15706.39,15629.33,74913881.0
DAX,DE0008469008,Deutschland,20735,EUR,2021-10-29 12:00:00,15579.9,15688.77,15689.66,15495.51,83784370.0
DAX,DE0008469008,Deutschland,20735,EUR,2021-11-01 12:00:00,15764.55,15806.29,15849.4,15760.35,59696726.0
DAX,DE0008469008,Deutschland,20735,EUR,2021-11-02 12:00:00,15825.27,15954.45,15960.21,15824.11,69412229.0
DAX,DE0008469008,Deutschland,20735,EUR,2021-11-03 12:00:00,15957.15,15959.98,15972.71,15922.1,92750268.0
DAX,DE0008469008,Deutschland,20735,EUR,2021-11-04 12:00:00,16035.9,16029.65,16064.79,15997.63,104951084.0
DAX,DE0008469008,Deutschland,20735,EUR,2021-11-05 12:00:00,16011.57,16054.36,16084.9,16008.4,94992355.0
DAX,DE0008469008,Deutschland,20735,EUR,2021-11-08 12:00:00,16040.85,16046.52,16068.73,16016.2,62435806.0
DAX,DE0008469008,Deutschland,20735,EUR,2021-11-09 12:00:00,16026.74,16040.47,16104.13,16022.64,70846671.0
DAX,DE0008469008,Deutschland,20735,EUR,2021-11-10 12:00:00,16053.0,16067.83,16076.56,15985.9,74852880.0
DAX,DE0008469008,Deutschland,20735,EUR,2021-11-11 12:00:00,16067.34,16083.11,16114.55,16032.5,76871850.0
DAX,DE0008469008,Deutschland,20735,EUR,2021-11-12 12:00:00,16100.08,16094.07,16122.76,16065.06,68112447.0
DAX,DE0008469008,Deutschland,20735,EUR,2021-11-15 12:00:00,16109.41,16148.64,16149.87,16072.29,65745275.0
DAX,DE0008469008,Deutschland,20735,EUR,2021-11-16 12:00:00,16174.31,16247.86,16266.26,16157.58,81495726.0
DAX,DE0008469008,Deutschland,20735,EUR,2021-11-17 12:00:00,16248.32,16251.13,16283.52,16240.51,66071881.0
DAX,DE0008469008,Deutschland,20735,EUR,2021-11-18 12:00:00,16262.29,16221.73,16290.19,16193.34,73808695.0
DAX,DE0008469008,Deutschland,20735,EUR,2021-11-19 12:00:00,16269.22,16159.97,16282.87,16092.63,129835012.0
DAX,DE0008469008,Deutschland,20735,EUR,2021-11-22 12:00:00,16188.54,16115.69,16202.77,16090.54,76959648.0
DAX,DE0008469008,Deutschland,20735,EUR,2021-11-23 12:00:00,15987.2,15937.0,16054.38,15866.01,101437088.0
DAX,DE0008469008,Deutschland,20735,EUR,2021-11-24 12:00:00,15942.28,15878.39,15974.3,15740.6,94491746.0
DAX,DE0008469008,Deutschland,20735,EUR,2021-11-25 12:00:00,15928.38,15917.98,15962.54,15865.41,58357144.0
DAX,DE0008469008,Deutschland,20735,EUR,2021-11-26 12:00:00,15383.9,15257.04,15540.29,15244.46,183152327.0
DAX,DE0008469008,Deutschland,20735,EUR,2021-11-29 12:00:00,15418.28,15280.86,15441.91,15237.87,113718863.0
DAX,DE0008469008,Deutschland,20735,EUR,2021-11-30 12:00:00,15117.63,15100.13,15280.04,15015.42,168184581.0
DAX,DE0008469008,Deutschland,20735,EUR,2021-12-01 12:00:00,15233.37,15472.67,15509.46,15187.09,99177394.0
DAX,DE0008469008,Deutschland,20735,EUR,2021-12-02 12:00:00,15300.73,15263.11,15373.52,15172.9,98749649.0
DAX,DE0008469008,Deutschland,20735,EUR,2021-12-03 12:00:00,15422.9,15169.98,15422.9,15101.71,90764703.0
DAX,DE0008469008,Deutschland,20735,EUR,2021-12-06 12:00:00,15323.2,15380.79,15415.46,15150.54,89833286.0
DAX,DE0008469008,Deutschland,20735,EUR,2021-12-07 12:00:00,15546.7,15813.94,15827.94,15544.79,93798391.0
DAX,DE0008469008,Deutschland,20735,EUR,2021-12-08 12:00:00,15781.05,15687.09,15834.04,15683.67,80069581.0
DAX,DE0008469008,Deutschland,20735,EUR,2021-12-09 12:00:00,15705.93,15639.26,15721.48,15613.4,65476135.0
DAX,DE0008469008,Deutschland,20735,EUR,2021-12-10 12:00:00,15572.69,15623.31,15689.5,15550.45,64435269.0
DAX,DE0008469008,Deutschland,20735,EUR,2021-12-13 12:00:00,15653.57,15621.72,15794.31,15591.62,66246050.0
DAX,DE0008469008,Deutschland,20735,EUR,2021-12-14 12:00:00,15680.35,15453.56,15697.98,15448.45,69125785.0
DAX,DE0008469008,Deutschland,20735,EUR,2021-12-15 12:00:00,15503.64,15476.35,15531.04,15451.74,59535806.0
DAX,DE0008469008,Deutschland,20735,EUR,2021-12-16 12:00:00,15708.94,15636.4,15780.93,15621.57,88761082.0
DAX,DE0008469008,Deutschland,20735,EUR,2021-12-17 12:00:00,15599.75,15531.69,15609.51,15419.55,151027254.0
DAX,DE0008469008,Deutschland,20735,EUR,2021-12-20 12:00:00,15152.56,15239.67,15296.08,15060.1,77762883.0
DAX,DE0008469008,Deutschland,20735,EUR,2021-12-21 12:00:00,15379.08,15447.44,15452.42,15305.61,65643805.0
DAX,DE0008469008,Deutschland,20735,EUR,2021-12-22 12:00:00,15474.84,15593.47,15593.47,15425.16,50983000.0
DAX,DE0008469008,Deutschland,20735,EUR,2021-12-23 12:00:00,15660.78,15756.31,15768.45,15622.6,57253164.0
DAX,DE0008469008,Deutschland,20735,EUR,2021-12-27 12:00:00,15705.53,15835.25,15854.62,15697.44,34011441.0
DAX,DE0008469008,Deutschland,20735,EUR,2021-12-28 12:00:00,15839.19,15963.7,15974.79,15832.96,39794180.0
DAX,DE0008469008,Deutschland,20735,EUR,2021-12-29 12:00:00,15952.47,15852.25,15955.03,15803.59,39317346.0
DAX,DE0008469008,Deutschland,20735,EUR,2021-12-30 12:00:00,15837.56,15884.86,15890.74,15834.57,34004525.0
DAX,DE0008469008,Deutschland,20735,EUR,2022-01-03 12:00:00,15947.44,16020.73,16069.38,15943.16,75334941.0
DAX,DE0008469008,Deutschland,20735,EUR,2022-01-04 12:00:00,16069.8,16152.61,16202.58,16036.52,98705824.0
DAX,DE0008469008,Deutschland,20735,EUR,2022-01-05 12:00:00,16177.44,16271.75,16285.35,16161.72,80012390.0
DAX,DE0008469008,Deutschland,20735,EUR,2022-01-06 12:00:00,16076.16,16052.03,16156.56,15988.63,83880362.0
DAX,DE0008469008,Deutschland,20735,EUR,2022-01-07 12:00:00,15999.02,15947.74,16044.28,15862.71,83182118.0
DAX,DE0008469008,Deutschland,20735,EUR,2022-01-10 12:00:00,16006.44,15768.27,16015.34,15724.23,93234713.0
DAX,DE0008469008,Deutschland,20735,EUR,2022-01-11 12:00:00,15918.82,15941.81,15979.99,15880.39,83806091.0
DAX,DE0008469008,Deutschland,20735,EUR,2022-01-12 12:00:00,16054.93,16010.32,16061.5,15955.54,76233529.0
DAX,DE0008469008,Deutschland,20735,EUR,2022-01-13 12:00:00,15959.83,16031.59,16090.29,15941.78,75259171.0
DAX,DE0008469008,Deutschland,20735,EUR,2022-01-14 12:00:00,15929.37,15883.24,15970.7,15833.73,81152803.0
DAX,DE0008469008,Deutschland,20735,EUR,2022-01-17 12:00:00,15948.9,15933.72,15962.7,15894.77,46699374.0
DAX,DE0008469008,Deutschland,20735,EUR,2022-01-18 12:00:00,15839.15,15772.56,15843.58,15669.35,71959835.0
DAX,DE0008469008,Deutschland,20735,EUR,2022-01-19 12:00:00,15639.45,15809.72,15898.05,15629.86,88364686.0
DAX,DE0008469008,Deutschland,20735,EUR,2022-01-20 12:00:00,15837.24,15912.33,15912.33,15737.33,71567157.0
DAX,DE0008469008,Deutschland,20735,EUR,2022-01-21 12:00:00,15694.82,15603.88,15728.29,15456.87,95542571.0
DAX,DE0008469008,Deutschland,20735,EUR,2022-01-24 12:00:00,15499.61,15011.13,15587.39,14952.67,122941583.0
DAX,DE0008469008,Deutschland,20735,EUR,2022-01-25 12:00:00,15139.07,15123.87,15205.75,14979.11,92175581.0
DAX,DE0008469008,Deutschland,20735,EUR,2022-01-26 12:00:00,15273.06,15459.39,15524.96,15272.87,90806346.0
DAX,DE0008469008,Deutschland,20735,EUR,2022-01-27 12:00:00,15229.98,15524.27,15582.45,15197.53,108938762.0
DAX,DE0008469008,Deutschland,20735,EUR,2022-01-28 12:00:00,15411.86,15318.95,15416.59,15122.65,94721558.0
DAX,DE0008469008,Deutschland,20735,EUR,2022-01-31 12:00:00,15506.79,15471.2,15566.38,15338.19,98407040.0
DAX,DE0008469008,Deutschland,20735,EUR,2022-02-01 12:00:00,15620.56,15619.39,15687.96,15537.05,82125202.0
DAX,DE0008469008,Deutschland,20735,EUR,2022-02-02 12:00:00,15689.16,15613.77,15736.52,15604.99,75861674.0
DAX,DE0008469008,Deutschland,20735,EUR,2022-02-03 12:00:00,15565.94,15368.47,15602.5,15367.16,115239247.0
DAX,DE0008469008,Deutschland,20735,EUR,2022-02-04 12:00:00,15410.73,15099.56,15423.94,15060.48,100721251.0
DAX,DE0008469008,Deutschland,20735,EUR,2022-02-07 12:00:00,15220.08,15206.64,15256.08,15076.89,73739885.0
DAX,DE0008469008,Deutschland,20735,EUR,2022-02-08 12:00:00,15221.7,15242.38,15338.0,15158.8,95177734.0
DAX,DE0008469008,Deutschland,20735,EUR,2022-02-09 12:00:00,15356.95,15482.01,15513.94,15351.48,99169403.0
DAX,DE0008469008,Deutschland,20735,EUR,2022-02-10 12:00:00,15597.06,15490.44,15614.47,15413.37,98912554.0
DAX,DE0008469008,Deutschland,20735,EUR,2022-02-11 12:00:00,15353.86,15425.12,15511.34,15308.69,99052940.0
DAX,DE0008469008,Deutschland,20735,EUR,2022-02-14 12:00:00,15065.73,15113.97,15150.54,14844.1,135527008.0
DAX,DE0008469008,Deutschland,20735,EUR,2022-02-15 12:00:00,15077.32,15412.71,15418.41,15068.33,92238947.0
DAX,DE0008469008,Deutschland,20735,EUR,2022-02-16 12:00:00,15431.27,15370.3,15542.84,15327.94,78171630.0
DAX,DE0008469008,Deutschland,20735,EUR,2022-02-17 12:00:00,15404.14,15267.63,15440.08,15206.4,96878493.0
DAX,DE0008469008,Deutschland,20735,EUR,2022-02-18 12:00:00,15278.66,15042.51,15317.39,14989.05,100302595.0
DAX,DE0008469008,Deutschland,20735,EUR,2022-02-21 12:00:00,15186.63,14731.12,15192.47,14617.66,90323817.0
DAX,DE0008469008,Deutschland,20735,EUR,2022-02-22 12:00:00,14365.06,14693.0,14782.16,14357.86,134513021.0
DAX,DE0008469008,Deutschland,20735,EUR,2022-02-23 12:00:00,14754.22,14631.36,14901.09,14586.35,99842711.0
DAX,DE0008469008,Deutschland,20735,EUR,2022-02-24 12:00:00,13989.41,14052.1,14221.71,13807.28,243857846.0
DAX,DE0008469008,Deutschland,20735,EUR,2022-02-25 12:00:00,14230.09,14567.23,14567.62,14027.93,175538744.0
DAX,DE0008469008,Deutschland,20735,EUR,2022-02-28 12:00:00,14263.73,14461.02,14510.77,14106.89,175776982.0
DAX,DE0008469008,Deutschland,20735,EUR,2022-03-01 12:00:00,14404.22,13904.85,14448.61,13904.85,174812960.0
DAX,DE0008469008,Deutschland,20735,EUR,2022-03-02 12:00:00,13836.93,14000.11,14114.79,13707.86,176823527.0
DAX,DE0008469008,Deutschland,20735,EUR,2022-03-03 12:00:00,13990.25,13698.4,14057.15,13669.1,136742967.0
DAX,DE0008469008,Deutschland,20735,EUR,2022-03-04 12:00:00,13485.98,13094.54,13562.6,13094.54,213350257.0
DAX,DE0008469008,Deutschland,20735,EUR,2022-03-07 12:00:00,12614.08,12834.65,13150.35,12438.85,227828170.0
DAX,DE0008469008,Deutschland,20735,EUR,2022-03-08 12:00:00,12673.89,12831.51,13106.78,12672.0,190721724.0
DAX,DE0008469008,Deutschland,20735,EUR,2022-03-09 12:00:00,13215.06,13847.93,13847.93,13199.68,197838222.0
DAX,DE0008469008,Deutschland,20735,EUR,2022-03-10 12:00:00,13819.44,13442.1,13829.97,13341.79,172206980.0
DAX,DE0008469008,Deutschland,20735,EUR,2022-03-11 12:00:00,13479.69,13628.11,13943.97,13407.97,148277164.0
DAX,DE0008469008,Deutschland,20735,EUR,2022-03-14 12:00:00,13827.22,13929.11,14082.06,13815.8,128076997.0
DAX,DE0008469008,Deutschland,20735,EUR,2022-03-15 12:00:00,13768.44,13917.27,13974.84,13577.81,109891707.0
DAX,DE0008469008,Deutschland,20735,EUR,2022-03-16 12:00:00,14245.77,14440.74,14553.1,14183.26,158639549.0
DAX,DE0008469008,Deutschland,20735,EUR,2022-03-17 12:00:00,14500.05,14388.06,14509.23,14243.94,117241378.0
DAX,DE0008469008,Deutschland,20735,EUR,2022-03-18 12:00:00,14374.41,14413.09,14413.09,14109.79,177983239.0
DAX,DE0008469008,Deutschland,20735,EUR,2022-03-21 12:00:00,14385.82,14326.97,14457.3,14306.26,78464996.0
DAX,DE0008469008,Deutschland,20735,EUR,2022-03-22 12:00:00,14365.67,14473.2,14508.01,14343.34,89283099.0
DAX,DE0008469008,Deutschland,20735,EUR,2022-03-23 12:00:00,14532.84,14283.65,14539.31,14226.43,81680496.0
DAX,DE0008469008,Deutschland,20735,EUR,2022-03-24 12:00:00,14305.8,14273.79,14375.82,14187.82,84088019.0
DAX,DE0008469008,Deutschland,20735,EUR,2022-03-25 12:00:00,14332.26,14305.76,14428.03,14247.38,77681823.0
DAX,DE0008469008,Deutschland,20735,EUR,2022-03-28 12:00:00,14376.0,14417.37,14627.58,14371.9,79440952.0
DAX,DE0008469008,Deutschland,20735,EUR,2022-03-29 12:00:00,14592.74,14820.33,14925.25,14553.71,116134089.0
DAX,DE0008469008,Deutschland,20735,EUR,2022-03-30 12:00:00,14712.32,14606.05,14744.72,14555.87,86592694.0
DAX,DE0008469008,Deutschland,20735,EUR,2022-03-31 12:00:00,14674.83,14414.75,14732.0,14404.03,96511213.0
DAX,DE0008469008,Deutschland,20735,EUR,2022-04-01 12:00:00,14447.78,14446.48,14506.02,14403.09,77564741.0
DAX,DE0008469008,Deutschland,20735,EUR,2022-04-04 12:00:00,14503.96,14518.16,14535.07,14334.1,73075908.0
DAX,DE0008469008,Deutschland,20735,EUR,2022-04-05 12:00:00,14504.8,14424.36,14603.44,14347.33,86267789.0
DAX,DE0008469008,Deutschland,20735,EUR,2022-04-06 12:00:00,14402.16,14151.69,14437.91,14027.18,118391682.0
DAX,DE0008469008,Deutschland,20735,EUR,2022-04-07 12:00:00,14187.13,14078.15,14315.35,14069.53,88699774.0
DAX,DE0008469008,Deutschland,20735,EUR,2022-04-08 12:00:00,14275.87,14283.67,14321.82,14178.28,81899744.0
DAX,DE0008469008,Deutschland,20735,EUR,2022-04-11 12:00:00,14162.97,14192.78,14298.02,14094.83,76971751.0
DAX,DE0008469008,Deutschland,20735,EUR,2022-04-12 12:00:00,13956.56,14124.95,14180.09,13887.11,124048065.0
DAX,DE0008469008,Deutschland,20735,EUR,2022-04-13 12:00:00,14062.7,14076.44,14100.03,13961.95,86181032.0
DAX,DE0008469008,Deutschland,20735,EUR,2022-04-14 12:00:00,14098.48,14163.85,14198.78,14038.3,89309193.0
DAX,DE0008469008,Deutschland,20735,EUR,2022-04-19 12:00:00,14057.43,14153.46,14199.09,13991.7,71011794.0
DAX,DE0008469008,Deutschland,20735,EUR,2022-04-20 12:00:00,14154.48,14362.03,14362.03,14149.68,82568547.0
DAX,DE0008469008,Deutschland,20735,EUR,2022-04-21 12:00:00,14376.05,14502.41,14598.11,14374.59,90351983.0
DAX,DE0008469008,Deutschland,20735,EUR,2022-04-22 12:00:00,14320.51,14142.09,14372.47,14142.09,84050747.0
DAX,DE0008469008,Deutschland,20735,EUR,2022-04-25 12:00:00,13908.05,13924.17,14037.63,13863.39,90678896.0
DAX,DE0008469008,Deutschland,20735,EUR,2022-04-26 12:00:00,14087.08,13756.4,14112.84,13749.68,109361893.0
DAX,DE0008469008,Deutschland,20735,EUR,2022-04-27 12:00:00,13760.22,13793.94,13849.43,13566.2,142169365.0
DAX,DE0008469008,Deutschland,20735,EUR,2022-04-28 12:00:00,13907.06,13979.84,14074.71,13822.16,94805660.0
DAX,DE0008469008,Deutschland,20735,EUR,2022-04-29 12:00:00,14095.93,14097.88,14187.02,14038.55,99058928.0
DAX,DE0008469008,Deutschland,20735,EUR,2022-05-02 12:00:00,13996.82,13939.07,14036.11,13778.13,84872047.0
DAX,DE0008469008,Deutschland,20735,EUR,2022-05-03 12:00:00,13958.92,14039.47,14081.15,13920.46,87162879.0
DAX,DE0008469008,Deutschland,20735,EUR,2022-05-04 12:00:00,14020.9,13970.82,14073.21,13970.62,72635878.0
DAX,DE0008469008,Deutschland,20735,EUR,2022-05-05 12:00:00,14282.77,13902.52,14315.24,13857.58,90793345.0
DAX,DE0008469008,Deutschland,20735,EUR,2022-05-06 12:00:00,13832.65,13674.29,13851.45,13592.15,99531192.0
DAX,DE0008469008,Deutschland,20735,EUR,2022-05-09 12:00:00,13624.92,13380.67,13697.9,13380.67,85515461.0
DAX,DE0008469008,Deutschland,20735,EUR,2022-05-10 12:00:00,13550.02,13534.74,13719.95,13514.49,89522786.0
DAX,DE0008469008,Deutschland,20735,EUR,2022-05-11 12:00:00,13587.29,13828.64,13829.1,13508.56,119122134.0
DAX,DE0008469008,Deutschland,20735,EUR,2022-05-12 12:00:00,13512.13,13739.64,13808.09,13479.36,112508536.0
DAX,DE0008469008,Deutschland,20735,EUR,2022-05-13 12:00:00,13837.42,14027.93,14034.15,13795.64,90139477.0
DAX,DE0008469008,Deutschland,20735,EUR,2022-05-16 12:00:00,13986.17,13964.38,14043.1,13864.95,70618639.0
DAX,DE0008469008,Deutschland,20735,EUR,2022-05-17 12:00:00,14072.67,14185.94,14203.09,14056.98,74417330.0
DAX,DE0008469008,Deutschland,20735,EUR,2022-05-18 12:00:00,14197.18,14007.76,14226.47,13999.54,76979695.0
DAX,DE0008469008,Deutschland,20735,EUR,2022-05-19 12:00:00,13822.35,13882.3,13882.3,13683.59,87130934.0
DAX,DE0008469008,Deutschland,20735,EUR,2022-05-20 12:00:00,13968.26,13981.91,14161.32,13944.16,83488864.0
DAX,DE0008469008,Deutschland,20735,EUR,2022-05-23 12:00:00,14179.84,14175.4,14217.48,14026.14,65590954.0
DAX,DE0008469008,Deutschland,20735,EUR,2022-05-24 12:00:00,14043.22,13919.75,14105.06,13917.08,86854536.0
DAX,DE0008469008,Deutschland,20735,EUR,2022-05-25 12:00:00,14022.27,14007.93,14053.59,13871.48,70366716.0
DAX,DE0008469008,Deutschland,20735,EUR,2022-05-26 12:00:00,14025.44,14231.29,14253.61,14025.44,57450102.0
DAX,DE0008469008,Deutschland,20735,EUR,2022-05-27 12:00:00,14289.53,14462.19,14463.5,14246.83,73200858.0
DAX,DE0008469008,Deutschland,20735,EUR,2022-05-30 12:00:00,14572.8,14575.98,14589.45,14509.58,56505251.0
DAX,DE0008469008,Deutschland,20735,EUR,2022-05-31 12:00:00,14513.34,14388.35,14547.09,14359.39,157746740.0
DAX,DE0008469008,Deutschland,20735,EUR,2022-06-01 12:00:00,14478.37,14340.47,14489.0,14329.51,68436217.0
DAX,DE0008469008,Deutschland,20735,EUR,2022-06-02 12:00:00,14394.36,14485.17,14492.78,14393.04,50263789.0
DAX,DE0008469008,Deutschland,20735,EUR,2022-06-03 12:00:00,14585.18,14460.09,14589.91,14443.11,53772839.0
DAX,DE0008469008,Deutschland,20735,EUR,2022-06-06 12:00:00,14576.87,14653.81,14709.38,14548.26,42270990.0
DAX,DE0008469008,Deutschland,20735,EUR,2022-06-07 12:00:00,14569.3,14556.62,14590.69,14458.34,55750992.0
DAX,DE0008469008,Deutschland,20735,EUR,2022-06-08 12:00:00,14595.78,14445.99,14602.06,14378.5,68803137.0
DAX,DE0008469008,Deutschland,20735,EUR,2022-06-09 12:00:00,14364.59,14198.8,14420.73,14186.93,69311708.0
DAX,DE0008469008,Deutschland,20735,EUR,2022-06-10 12:00:00,14110.03,13761.83,14121.07,13749.77,98589338.0
DAX,DE0008469008,Deutschland,20735,EUR,2022-06-13 12:00:00,13564.47,13427.03,13648.84,13379.87,100017570.0
DAX,DE0008469008,Deutschland,20735,EUR,2022-06-14 12:00:00,13557.44,13304.39,13569.93,13294.0,82249526.0
DAX,DE0008469008,Deutschland,20735,EUR,2022-06-15 12:00:00,13480.5,13485.29,13566.8,13358.4,87102982.0
DAX,DE0008469008,Deutschland,20735,EUR,2022-06-16 12:00:00,13440.43,13038.49,13443.32,13007.91,100432301.0
DAX,DE0008469008,Deutschland,20735,EUR,2022-06-17 12:00:00,13092.85,13126.26,13237.7,13020.42,186236590.0
DAX,DE0008469008,Deutschland,20735,EUR,2022-06-20 12:00:00,13207.79,13265.6,13265.6,13106.38,63327327.0
DAX,DE0008469008,Deutschland,20735,EUR,2022-06-21 12:00:00,13335.15,13292.4,13443.77,13273.2,74058490.0
DAX,DE0008469008,Deutschland,20735,EUR,2022-06-22 12:00:00,13062.26,13144.28,13206.11,12965.69,87167557.0
DAX,DE0008469008,Deutschland,20735,EUR,2022-06-23 12:00:00,13082.62,12912.59,13120.31,12912.59,113407905.0
DAX,DE0008469008,Deutschland,20735,EUR,2022-06-24 12:00:00,12949.87,13118.13,13160.71,12904.86,101719782.0
DAX,DE0008469008,Deutschland,20735,EUR,2022-06-27 12:00:00,13217.9,13186.07,13378.42,13126.86,71273523.0
DAX,DE0008469008,Deutschland,20735,EUR,2022-06-28 12:00:00,13264.62,13231.82,13358.62,13221.04,65980836.0
DAX,DE0008469008,Deutschland,20735,EUR,2022-06-29 12:00:00,13089.99,13003.35,13132.36,12946.76,78594695.0
DAX,DE0008469008,Deutschland,20735,EUR,2022-06-30 12:00:00,12795.22,12783.77,12811.43,12618.68,127739216.0
DAX,DE0008469008,Deutschland,20735,EUR,2022-07-01 12:00:00,12627.66,12813.03,12894.38,12623.23,86770248.0
DAX,DE0008469008,Deutschland,20735,EUR,2022-07-04 12:00:00,12904.09,12773.38,12919.7,12741.63,58734155.0
DAX,DE0008469008,Deutschland,20735,EUR,2022-07-05 12:00:00,12851.29,12401.2,12870.24,12390.95,100294756.0
DAX,DE0008469008,Deutschland,20735,EUR,2022-07-06 12:00:00,12587.55,12594.52,12668.68,12509.22,86239664.0
DAX,DE0008469008,Deutschland,20735,EUR,2022-07-07 12:00:00,12757.63,12843.22,12867.71,12693.65,90040764.0
DAX,DE0008469008,Deutschland,20735,EUR,2022-07-08 12:00:00,12814.1,13015.23,13019.13,12766.8,87408911.0
DAX,DE0008469008,Deutschland,20735,EUR,2022-07-11 12:00:00,12783.09,12832.44,12934.87,12774.23,60372693.0
DAX,DE0008469008,Deutschland,20735,EUR,2022-07-12 12:00:00,12751.3,12905.48,12905.48,12655.06,70027223.0
DAX,DE0008469008,Deutschland,20735,EUR,2022-07-13 12:00:00,12800.87,12756.32,12851.9,12625.22,66018752.0
DAX,DE0008469008,Deutschland,20735,EUR,2022-07-14 12:00:00,12759.29,12519.66,12788.01,12434.29,77226325.0
DAX,DE0008469008,Deutschland,20735,EUR,2022-07-15 12:00:00,12562.15,12864.72,12875.67,12532.94,89239727.0
DAX,DE0008469008,Deutschland,20735,EUR,2022-07-18 12:00:00,12935.05,12959.81,13062.23,12913.69,67405052.0
DAX,DE0008469008,Deutschland,20735,EUR,2022-07-19 12:00:00,12884.83,13308.41,13351.2,12827.89,81623730.0
DAX,DE0008469008,Deutschland,20735,EUR,2022-07-20 12:00:00,13356.67,13281.98,13399.4,13129.13,77737214.0
DAX,DE0008469008,Deutschland,20735,EUR,2022-07-21 12:00:00,13261.82,13246.64,13318.64,13097.75,91764207.0
DAX,DE0008469008,Deutschland,20735,EUR,2022-07-22 12:00:00,13179.56,13253.68,13367.04,13171.14,74891223.0
DAX,DE0008469008,Deutschland,20735,EUR,2022-07-25 12:00:00,13183.24,13210.32,13337.06,13151.86,56911341.0
DAX,DE0008469008,Deutschland,20735,EUR,2022-07-26 12:00:00,13181.92,13096.93,13197.95,13042.41,58844614.0
DAX,DE0008469008,Deutschland,20735,EUR,2022-07-27 12:00:00,13158.64,13166.38,13204.58,13089.96,79958833.0
DAX,DE0008469008,Deutschland,20735,EUR,2022-07-28 12:00:00,13214.41,13282.11,13289.39,13091.26,73551516.0
DAX,DE0008469008,Deutschland,20735,EUR,2022-07-29 12:00:00,13353.28,13484.05,13515.03,13340.59,82140365.0
DAX,DE0008469008,Deutschland,20735,EUR,2022-08-01 12:00:00,13471.2,13479.63,13570.22,13464.9,57004604.0
DAX,DE0008469008,Deutschland,20735,EUR,2022-08-02 12:00:00,13419.19,13449.2,13484.55,13335.39,55733034.0
DAX,DE0008469008,Deutschland,20735,EUR,2022-08-03 12:00:00,13398.7,13587.56,13595.07,13388.34,67660174.0
DAX,DE0008469008,Deutschland,20735,EUR,2022-08-04 12:00:00,13629.7,13662.68,13792.88,13628.57,73255004.0
DAX,DE0008469008,Deutschland,20735,EUR,2022-08-05 12:00:00,13642.91,13573.93,13693.34,13562.62,68926521.0
DAX,DE0008469008,Deutschland,20735,EUR,2022-08-08 12:00:00,13703.38,13687.69,13745.59,13604.55,60152478.0
DAX,DE0008469008,Deutschland,20735,EUR,2022-08-09 12:00:00,13647.06,13534.97,13674.6,13514.71,58053376.0
DAX,DE0008469008,Deutschland,20735,EUR,2022-08-10 12:00:00,13482.63,13700.93,13715.56,13455.7,61673006.0
DAX,DE0008469008,Deutschland,20735,EUR,2022-08-11 12:00:00,13747.07,13694.51,13763.26,13661.17,59981005.0
DAX,DE0008469008,Deutschland,20735,EUR,2022-08-12 12:00:00,13709.83,13795.85,13813.05,13705.02,66010836.0
DAX,DE0008469008,Deutschland,20735,EUR,2022-08-15 12:00:00,13847.88,13816.61,13857.98,13736.0,41080701.0
DAX,DE0008469008,Deutschland,20735,EUR,2022-08-16 12:00:00,13849.62,13910.12,13947.85,13824.97,56569347.0
DAX,DE0008469008,Deutschland,20735,EUR,2022-08-17 12:00:00,13928.12,13626.71,13930.57,13610.44,61961356.0
DAX,DE0008469008,Deutschland,20735,EUR,2022-08-18 12:00:00,13653.82,13697.41,13775.66,13638.16,48569301.0
DAX,DE0008469008,Deutschland,20735,EUR,2022-08-19 12:00:00,13591.24,13544.52,13660.34,13525.69,69868463.0
DAX,DE0008469008,Deutschland,20735,EUR,2022-08-22 12:00:00,13471.44,13230.57,13510.29,13189.27,72508794.0
DAX,DE0008469008,Deutschland,20735,EUR,2022-08-23 12:00:00,13163.52,13194.23,13298.26,13156.44,60164070.0
DAX,DE0008469008,Deutschland,20735,EUR,2022-08-24 12:00:00,13131.12,13220.06,13238.61,13085.2,48859638.0
DAX,DE0008469008,Deutschland,20735,EUR,2022-08-25 12:00:00,13328.49,13271.96,13364.55,13210.99,44116692.0
DAX,DE0008469008,Deutschland,20735,EUR,2022-08-26 12:00:00,13335.1,12971.47,13375.02,12939.96,68149601.0
DAX,DE0008469008,Deutschland,20735,EUR,2022-08-29 12:00:00,12838.42,12892.99,12942.46,12758.44,56779871.0
DAX,DE0008469008,Deutschland,20735,EUR,2022-08-30 12:00:00,12919.43,12961.14,13154.15,12885.08,64474278.0
DAX,DE0008469008,Deutschland,20735,EUR,2022-08-31 12:00:00,13018.48,12834.96,13020.54,12814.81,81756478.0
DAX,DE0008469008,Deutschland,20735,EUR,2022-09-01 12:00:00,12713.75,12630.23,12743.05,12603.58,63503902.0
DAX,DE0008469008,Deutschland,20735,EUR,2022-09-02 12:00:00,12768.44,13050.27,13051.57,12736.01,74410091.0
DAX,DE0008469008,Deutschland,20735,EUR,2022-09-05 12:00:00,12827.58,12760.78,12827.58,12617.4,65888628.0
DAX,DE0008469008,Deutschland,20735,EUR,2022-09-06 12:00:00,12807.27,12871.44,12927.79,12760.04,59582761.0
DAX,DE0008469008,Deutschland,20735,EUR,2022-09-07 12:00:00,12770.72,12915.97,12953.99,12736.09,76964010.0
DAX,DE0008469008,Deutschland,20735,EUR,2022-09-08 12:00:00,12985.61,12904.32,13008.82,12688.87,82891203.0
DAX,DE0008469008,Deutschland,20735,EUR,2022-09-09 12:00:00,12926.15,13088.21,13121.13,12925.57,80289879.0
DAX,DE0008469008,Deutschland,20735,EUR,2022-09-12 12:00:00,13171.92,13402.27,13441.54,13165.78,75993073.0
DAX,DE0008469008,Deutschland,20735,EUR,2022-09-13 12:00:00,13450.39,13188.95,13564.83,13183.19,70326707.0
DAX,DE0008469008,Deutschland,20735,EUR,2022-09-14 12:00:00,13131.34,13028.0,13192.82,12952.09,72840004.0
DAX,DE0008469008,Deutschland,20735,EUR,2022-09-15 12:00:00,13040.36,12956.66,13111.38,12927.2,74457013.0
DAX,DE0008469008,Deutschland,20735,EUR,2022-09-16 12:00:00,12814.92,12741.26,12815.33,12699.22,139580346.0
DAX,DE0008469008,Deutschland,20735,EUR,2022-09-19 12:00:00,12685.29,12803.24,12866.7,12606.64,49537398.0
DAX,DE0008469008,Deutschland,20735,EUR,2022-09-20 12:00:00,12849.78,12670.83,12936.57,12638.22,65798202.0
DAX,DE0008469008,Deutschland,20735,EUR,2022-09-21 12:00:00,12555.31,12767.15,12771.78,12520.81,58454074.0
DAX,DE0008469008,Deutschland,20735,EUR,2022-09-22 12:00:00,12531.66,12531.63,12781.56,12526.61,69318868.0
DAX,DE0008469008,Deutschland,20735,EUR,2022-09-23 12:00:00,12506.64,12284.19,12521.25,12180.76,89628961.0
DAX,DE0008469008,Deutschland,20735,EUR,2022-09-26 12:00:00,12231.84,12227.92,12368.49,12184.0,67336432.0
DAX,DE0008469008,Deutschland,20735,EUR,2022-09-27 12:00:00,12332.85,12139.68,12414.09,12139.68,78839821.0
DAX,DE0008469008,Deutschland,20735,EUR,2022-09-28 12:00:00,12025.43,12183.28,12198.37,11862.84,107187924.0
DAX,DE0008469008,Deutschland,20735,EUR,2022-09-29 12:00:00,12143.21,11975.55,12147.31,11866.98,87259892.0
DAX,DE0008469008,Deutschland,20735,EUR,2022-09-30 12:00:00,12063.09,12114.36,12137.77,11973.91,86778417.0
DAX,DE0008469008,Deutschland,20735,EUR,2022-10-03 12:00:00,11951.84,12209.48,12227.87,11893.94,67264890.0
DAX,DE0008469008,Deutschland,20735,EUR,2022-10-04 12:00:00,12360.72,12670.48,12673.35,12358.98,81664633.0
DAX,DE0008469008,Deutschland,20735,EUR,2022-10-05 12:00:00,12611.07,12517.18,12661.88,12455.36,63650499.0
DAX,DE0008469008,Deutschland,20735,EUR,2022-10-06 12:00:00,12593.41,12470.78,12643.22,12421.89,51807953.0
DAX,DE0008469008,Deutschland,20735,EUR,2022-10-07 12:00:00,12414.78,12273.0,12497.52,12272.59,53119894.0
DAX,DE0008469008,Deutschland,20735,EUR,2022-10-10 12:00:00,12175.52,12272.94,12410.83,12174.63,67183483.0
DAX,DE0008469008,Deutschland,20735,EUR,2022-10-11 12:00:00,12168.66,12220.25,12258.15,12097.68,65483931.0
DAX,DE0008469008,Deutschland,20735,EUR,2022-10-12 12:00:00,12207.97,12172.26,12298.62,12104.62,63995082.0
DAX,DE0008469008,Deutschland,20735,EUR,2022-10-13 12:00:00,12114.23,12355.58,12379.24,12000.43,91138765.0
DAX,DE0008469008,Deutschland,20735,EUR,2022-10-14 12:00:00,12549.02,12437.81,12676.42,12395.99,84334477.0
DAX,DE0008469008,Deutschland,20735,EUR,2022-10-17 12:00:00,12467.54,12649.03,12716.81,12398.05,66275412.0
DAX,DE0008469008,Deutschland,20735,EUR,2022-10-18 12:00:00,12788.53,12765.61,12931.76,12746.36,71800690.0
DAX,DE0008469008,Deutschland,20735,EUR,2022-10-19 12:00:00,12817.63,12741.41,12819.11,12705.26,65621894.0
DAX,DE0008469008,Deutschland,20735,EUR,2022-10-20 12:00:00,12685.16,12767.41,12818.34,12628.78,55554676.0
DAX,DE0008469008,Deutschland,20735,EUR,2022-10-21 12:00:00,12641.12,12730.9,12775.52,12548.15,77806181.0
DAX,DE0008469008,Deutschland,20735,EUR,2022-10-24 12:00:00,12868.77,12931.45,13020.45,12747.38,64537610.0
DAX,DE0008469008,Deutschland,20735,EUR,2022-10-25 12:00:00,12965.19,13052.96,13053.24,12789.26,64473477.0
DAX,DE0008469008,Deutschland,20735,EUR,2022-10-26 12:00:00,13054.49,13195.81,13203.24,13023.4,65699714.0
DAX,DE0008469008,Deutschland,20735,EUR,2022-10-27 12:00:00,13152.99,13211.23,13259.49,13062.04,77033046.0
DAX,DE0008469008,Deutschland,20735,EUR,2022-10-28 12:00:00,13072.92,13243.33,13250.66,13051.25,67233098.0
DAX,DE0008469008,Deutschland,20735,EUR,2022-10-31 12:00:00,13254.31,13253.74,13307.09,13216.48,61225770.0
DAX,DE0008469008,Deutschland,20735,EUR,2022-11-01 12:00:00,13344.85,13338.74,13444.07,13287.07,53367445.0
DAX,DE0008469008,Deutschland,20735,EUR,2022-11-02 12:00:00,13369.33,13256.74,13398.64,13255.07,55242742.0
DAX,DE0008469008,Deutschland,20735,EUR,2022-11-03 12:00:00,13130.97,13130.19,13194.32,13022.64,64501247.0
DAX,DE0008469008,Deutschland,20735,EUR,2022-11-04 12:00:00,13201.24,13459.85,13542.35,13193.51,83169105.0
DAX,DE0008469008,Deutschland,20735,EUR,2022-11-07 12:00:00,13398.79,13533.52,13611.3,13391.0,63007028.0
DAX,DE0008469008,Deutschland,20735,EUR,2022-11-08 12:00:00,13506.65,13688.75,13689.61,13487.91,59730986.0
DAX,DE0008469008,Deutschland,20735,EUR,2022-11-09 12:00:00,13653.98,13666.32,13691.12,13557.08,74879667.0
DAX,DE0008469008,Deutschland,20735,EUR,2022-11-10 12:00:00,13603.79,14146.09,14157.25,13599.35,113222440.0
DAX,DE0008469008,Deutschland,20735,EUR,2022-11-11 12:00:00,14179.39,14224.86,14263.53,14172.47,105737262.0
DAX,DE0008469008,Deutschland,20735,EUR,2022-11-14 12:00:00,14295.81,14313.3,14431.18,14243.35,80722286.0
DAX,DE0008469008,Deutschland,20735,EUR,2022-11-15 12:00:00,14372.42,14378.51,14440.78,14266.42,81512939.0
DAX,DE0008469008,Deutschland,20735,EUR,2022-11-16 12:00:00,14374.86,14234.03,14382.62,14195.31,74727209.0
DAX,DE0008469008,Deutschland,20735,EUR,2022-11-17 12:00:00,14348.46,14266.38,14384.54,14149.7,61950344.0
DAX,DE0008469008,Deutschland,20735,EUR,2022-11-18 12:00:00,14320.61,14431.86,14457.76,14300.21,92893094.0
DAX,DE0008469008,Deutschland,20735,EUR,2022-11-21 12:00:00,14395.53,14379.93,14425.95,14321.84,52443669.0
DAX,DE0008469008,Deutschland,20735,EUR,2022-11-22 12:00:00,14352.54,14422.35,14485.49,14343.8,55329335.0
DAX,DE0008469008,Deutschland,20735,EUR,2022-11-23 12:00:00,14438.2,14427.59,14446.33,14363.51,52183221.0
DAX,DE0008469008,Deutschland,20735,EUR,2022-11-24 12:00:00,14456.15,14539.56,14570.71,14447.55,45842604.0
DAX,DE0008469008,Deutschland,20735,EUR,2022-11-25 12:00:00,14547.58,14541.38,14571.66,14498.05,48231651.0
DAX,DE0008469008,Deutschland,20735,EUR,2022-11-28 12:00:00,14471.1,14383.36,14514.73,14374.15,52538634.0
DAX,DE0008469008,Deutschland,20735,EUR,2022-11-29 12:00:00,14404.67,14355.45,14429.87,14327.04,49060496.0
DAX,DE0008469008,Deutschland,20735,EUR,2022-11-30 12:00:00,14429.22,14397.04,14487.7,14363.32,93128396.0
DAX,DE0008469008,Deutschland,20735,EUR,2022-12-01 12:00:00,14543.8,14490.3,14563.7,14423.79,64247056.0
DAX,DE0008469008,Deutschland,20735,EUR,2022-12-02 12:00:00,14465.7,14529.39,14584.59,14372.42,59112065.0
DAX,DE0008469008,Deutschland,20735,EUR,2022-12-05 12:00:00,14487.43,14447.61,14507.16,14394.37,51484563.0
DAX,DE0008469008,Deutschland,20735,EUR,2022-12-06 12:00:00,14406.87,14343.19,14471.5,14305.26,50107879.0
DAX,DE0008469008,Deutschland,20735,EUR,2022-12-07 12:00:00,14304.95,14261.19,14372.35,14218.18,53466383.0
DAX,DE0008469008,Deutschland,20735,EUR,2022-12-08 12:00:00,14277.75,14264.56,14298.81,14196.77,54141280.0
DAX,DE0008469008,Deutschland,20735,EUR,2022-12-09 12:00:00,14325.8,14370.72,14385.57,14217.96,56592444.0
DAX,DE0008469008,Deutschland,20735,EUR,2022-12-12 12:00:00,14300.43,14306.63,14366.39,14262.6,47555819.0
DAX,DE0008469008,Deutschland,20735,EUR,2022-12-13 12:00:00,14345.88,14497.89,14675.84,14302.49,78942697.0
DAX,DE0008469008,Deutschland,20735,EUR,2022-12-14 12:00:00,14453.54,14460.2,14470.74,14375.95,68908766.0
DAX,DE0008469008,Deutschland,20735,EUR,2022-12-15 12:00:00,14351.31,13986.23,14363.12,13982.59,84901992.0
DAX,DE0008469008,Deutschland,20735,EUR,2022-12-16 12:00:00,13978.44,13893.07,14011.26,13815.24,160384078.0
DAX,DE0008469008,Deutschland,20735,EUR,2022-12-19 12:00:00,13934.75,13942.87,14001.37,13927.05,50001459.0
DAX,DE0008469008,Deutschland,20735,EUR,2022-12-20 12:00:00,13829.9,13884.66,13931.29,13791.52,68884658.0
DAX,DE0008469008,Deutschland,20735,EUR,2022-12-21 12:00:00,13944.69,14097.82,14099.75,13912.17,49576366.0
DAX,DE0008469008,Deutschland,20735,EUR,2022-12-22 12:00:00,14113.01,13914.07,14160.87,13890.54,43517155.0
DAX,DE0008469008,Deutschland,20735,EUR,2022-12-23 12:00:00,13945.59,13940.93,14000.68,13874.5,31669517.0
DAX,DE0008469008,Deutschland,20735,EUR,2022-12-27 12:00:00,14047.42,13995.1,14063.14,13966.35,24479464.0
DAX,DE0008469008,Deutschland,20735,EUR,2022-12-28 12:00:00,14013.72,13925.6,14018.47,13914.62,28841285.0
DAX,DE0008469008,Deutschland,20735,EUR,2022-12-29 12:00:00,13890.81,14071.72,14071.72,13871.32,38416871.0
DAX,DE0008469008,Deutschland,20735,EUR,2022-12-30 12:00:00,14005.84,13923.59,14008.97,13922.55,24738415.0
DAX,DE0008469008,Deutschland,20735,EUR,2023-01-02 12:00:00,13992.71,14069.26,14095.91,13976.44,36396910.0
DAX,DE0008469008,Deutschland,20735,EUR,2023-01-03 12:00:00,14116.07,14181.67,14293.87,14083.76,59841990.0
DAX,DE0008469008,Deutschland,20735,EUR,2023-01-04 12:00:00,14266.98,14490.78,14492.78,14264.6,79680708.0
DAX,DE0008469008,Deutschland,20735,EUR,2023-01-05 12:00:00,14451.23,14436.31,14501.6,14403.73,70378125.0
DAX,DE0008469008,Deutschland,20735,EUR,2023-01-06 12:00:00,14476.72,14610.02,14610.23,14388.98,55707630.0
DAX,DE0008469008,Deutschland,20735,EUR,2023-01-09 12:00:00,14650.73,14792.83,14832.89,14628.61,67689327.0
DAX,DE0008469008,Deutschland,20735,EUR,2023-01-10 12:00:00,14741.97,14774.6,14790.82,14692.74,57793623.0
DAX,DE0008469008,Deutschland,20735,EUR,2023-01-11 12:00:00,14805.4,14947.91,14965.47,14794.99,63246160.0
DAX,DE0008469008,Deutschland,20735,EUR,2023-01-12 12:00:00,14972.28,15058.3,15095.03,14934.51,67713771.0
DAX,DE0008469008,Deutschland,20735,EUR,2023-01-13 12:00:00,15063.21,15086.52,15132.37,15041.16,69409502.0
DAX,DE0008469008,Deutschland,20735,EUR,2023-01-16 12:00:00,15112.05,15134.04,15153.19,15083.94,41626495.0
DAX,DE0008469008,Deutschland,20735,EUR,2023-01-17 12:00:00,15130.03,15187.07,15269.71,15083.95,59134940.0
DAX,DE0008469008,Deutschland,20735,EUR,2023-01-18 12:00:00,15182.95,15181.8,15250.36,15156.89,67793721.0
DAX,DE0008469008,Deutschland,20735,EUR,2023-01-19 12:00:00,15115.55,14920.36,15134.07,14906.27,71456491.0
DAX,DE0008469008,Deutschland,20735,EUR,2023-01-20 12:00:00,14986.52,15033.56,15034.43,14940.68,64363343.0
DAX,DE0008469008,Deutschland,20735,EUR,2023-01-23 12:00:00,15077.4,15102.95,15145.9,15022.83,42664335.0
DAX,DE0008469008,Deutschland,20735,EUR,2023-01-24 12:00:00,15140.5,15093.11,15147.45,15022.55,49985108.0
DAX,DE0008469008,Deutschland,20735,EUR,2023-01-25 12:00:00,15095.72,15081.64,15114.41,14969.65,54913622.0
DAX,DE0008469008,Deutschland,20735,EUR,2023-01-26 12:00:00,15146.29,15132.85,15151.54,15068.72,69967229.0
DAX,DE0008469008,Deutschland,20735,EUR,2023-01-27 12:00:00,15115.75,15150.03,15186.49,15077.62,56603781.0
DAX,DE0008469008,Deutschland,20735,EUR,2023-01-30 12:00:00,15070.3,15126.08,15161.07,14988.98,59163911.0
DAX,DE0008469008,Deutschland,20735,EUR,2023-01-31 12:00:00,15081.17,15128.27,15136.22,14993.59,61576790.0
DAX,DE0008469008,Deutschland,20735,EUR,2023-02-01 12:00:00,15125.12,15180.74,15222.34,15107.83,61403701.0
DAX,DE0008469008,Deutschland,20735,EUR,2023-02-02 12:00:00,15275.0,15509.19,15520.97,15264.31,125794122.0
DAX,DE0008469008,Deutschland,20735,EUR,2023-02-03 12:00:00,15408.4,15476.43,15476.67,15347.86,78094613.0
DAX,DE0008469008,Deutschland,20735,EUR,2023-02-06 12:00:00,15367.04,15345.91,15406.93,15275.57,55191328.0
DAX,DE0008469008,Deutschland,20735,EUR,2023-02-07 12:00:00,15359.59,15320.88,15363.41,15273.6,52274866.0
DAX,DE0008469008,Deutschland,20735,EUR,2023-02-08 12:00:00,15450.67,15412.05,15486.13,15371.93,60497408.0
DAX,DE0008469008,Deutschland,20735,EUR,2023-02-09 12:00:00,15560.15,15523.42,15658.56,15519.63,66880977.0
DAX,DE0008469008,Deutschland,20735,EUR,2023-02-10 12:00:00,15438.94,15307.98,15487.98,15246.39,71906333.0
DAX,DE0008469008,Deutschland,20735,EUR,2023-02-13 12:00:00,15322.06,15397.34,15409.27,15305.94,38893469.0
DAX,DE0008469008,Deutschland,20735,EUR,2023-02-14 12:00:00,15419.0,15380.56,15526.28,15366.37,69193037.0
DAX,DE0008469008,Deutschland,20735,EUR,2023-02-15 12:00:00,15394.44,15506.34,15520.39,15388.85,56409917.0
DAX,DE0008469008,Deutschland,20735,EUR,2023-02-16 12:00:00,15612.43,15533.64,15634.04,15417.17,84464471.0
DAX,DE0008469008,Deutschland,20735,EUR,2023-02-17 12:00:00,15372.06,15482.0,15514.72,15300.42,75340335.0
DAX,DE0008469008,Deutschland,20735,EUR,2023-02-20 12:00:00,15524.16,15477.55,15532.44,15436.79,40744295.0
DAX,DE0008469008,Deutschland,20735,EUR,2023-02-21 12:00:00,15450.62,15397.62,15470.52,15286.71,50300360.0
DAX,DE0008469008,Deutschland,20735,EUR,2023-02-22 12:00:00,15342.6,15399.89,15408.58,15247.5,59277507.0
DAX,DE0008469008,Deutschland,20735,EUR,2023-02-23 12:00:00,15453.29,15475.69,15552.77,15433.97,54434521.0
DAX,DE0008469008,Deutschland,20735,EUR,2023-02-24 12:00:00,15501.82,15209.74,15530.46,15162.48,148935113.0
DAX,DE0008469008,Deutschland,20735,EUR,2023-02-27 12:00:00,15351.63,15381.43,15481.06,15351.63,56357758.0
DAX,DE0008469008,Deutschland,20735,EUR,2023-02-28 12:00:00,15299.79,15365.14,15443.17,15289.43,85723608.0
DAX,DE0008469008,Deutschland,20735,EUR,2023-03-01 12:00:00,15399.91,15305.02,15478.84,15254.11,66277635.0
DAX,DE0008469008,Deutschland,20735,EUR,2023-03-02 12:00:00,15171.07,15327.64,15329.29,15150.67,55472725.0
DAX,DE0008469008,Deutschland,20735,EUR,2023-03-03 12:00:00,15430.66,15578.39,15590.44,15409.99,74039236.0
DAX,DE0008469008,Deutschland,20735,EUR,2023-03-06 12:00:00,15597.9,15653.58,15677.93,15587.78,61401924.0
DAX,DE0008469008,Deutschland,20735,EUR,2023-03-07 12:00:00,15638.44,15559.53,15706.37,15544.07,58282175.0
DAX,DE0008469008,Deutschland,20735,EUR,2023-03-08 12:00:00,15528.81,15631.87,15667.21,15524.85,59114570.0
DAX,DE0008469008,Deutschland,20735,EUR,2023-03-09 12:00:00,15619.75,15633.21,15667.05,15535.13,51512580.0
DAX,DE0008469008,Deutschland,20735,EUR,2023-03-10 12:00:00,15369.67,15427.97,15495.87,15316.38,104431717.0
DAX,DE0008469008,Deutschland,20735,EUR,2023-03-13 12:00:00,15435.16,14959.47,15435.81,14887.44,155617293.0
DAX,DE0008469008,Deutschland,20735,EUR,2023-03-14 12:00:00,15016.53,15232.83,15272.11,14951.71,96409275.0
DAX,DE0008469008,Deutschland,20735,EUR,2023-03-15 12:00:00,15175.44,14735.26,15246.17,14702.91,153457783.0
DAX,DE0008469008,Deutschland,20735,EUR,2023-03-16 12:00:00,14973.84,14967.1,15018.31,14664.17,128036205.0
DAX,DE0008469008,Deutschland,20735,EUR,2023-03-17 12:00:00,15073.76,14768.2,15153.11,14694.26,197631864.0
DAX,DE0008469008,Deutschland,20735,EUR,2023-03-20 12:00:00,14715.4,14933.38,14980.43,14458.39,121399506.0
DAX,DE0008469008,Deutschland,20735,EUR,2023-03-21 12:00:00,15062.06,15195.34,15253.1,15055.93,89942223.0
DAX,DE0008469008,Deutschland,20735,EUR,2023-03-22 12:00:00,15174.67,15216.19,15298.49,15166.95,72094826.0
DAX,DE0008469008,Deutschland,20735,EUR,2023-03-23 12:00:00,15178.25,15210.39,15244.32,15078.72,70480540.0
DAX,DE0008469008,Deutschland,20735,EUR,2023-03-24 12:00:00,15135.5,14957.23,15135.65,14809.82,173150484.0
DAX,DE0008469008,Deutschland,20735,EUR,2023-03-27 12:00:00,15133.68,15127.68,15185.35,15020.07,84014637.0
DAX,DE0008469008,Deutschland,20735,EUR,2023-03-28 12:00:00,15255.93,15142.02,15261.49,15103.76,60455297.0
DAX,DE0008469008,Deutschland,20735,EUR,2023-03-29 12:00:00,15242.52,15328.78,15342.27,15186.75,66189427.0
DAX,DE0008469008,Deutschland,20735,EUR,2023-03-30 12:00:00,15429.38,15522.4,15536.42,15424.69,70005338.0
DAX,DE0008469008,Deutschland,20735,EUR,2023-03-31 12:00:00,15568.37,15628.84,15659.06,15499.84,78945689.0
DAX,DE0008469008,Deutschland,20735,EUR,2023-04-03 12:00:00,15623.45,15580.92,15659.35,15553.9,59990944.0
DAX,DE0008469008,Deutschland,20735,EUR,2023-04-04 12:00:00,15639.02,15603.47,15736.56,15601.4,57978983.0
DAX,DE0008469008,Deutschland,20735,EUR,2023-04-05 12:00:00,15611.68,15520.17,15627.29,15482.88,74944329.0
DAX,DE0008469008,Deutschland,20735,EUR,2023-04-06 12:00:00,15530.2,15597.89,15601.49,15509.09,55910680.0
DAX,DE0008469008,Deutschland,20735,EUR,2023-04-11 12:00:00,15710.45,15655.17,15726.02,15625.79,57597941.0
DAX,DE0008469008,Deutschland,20735,EUR,2023-04-12 12:00:00,15689.14,15703.6,15827.28,15668.2,62970024.0
DAX,DE0008469008,Deutschland,20735,EUR,2023-04-13 12:00:00,15708.21,15729.46,15754.99,15675.15,53302090.0
DAX,DE0008469008,Deutschland,20735,EUR,2023-04-14 12:00:00,15789.78,15807.5,15841.47,15760.32,72470545.0
DAX,DE0008469008,Deutschland,20735,EUR,2023-04-17 12:00:00,15838.89,15789.53,15903.25,15764.38,57295847.0
DAX,DE0008469008,Deutschland,20735,EUR,2023-04-18 12:00:00,15841.5,15882.67,15916.28,15802.75,61915802.0
DAX,DE0008469008,Deutschland,20735,EUR,2023-04-19 12:00:00,15850.52,15895.2,15908.47,15829.55,54348264.0
DAX,DE0008469008,Deutschland,20735,EUR,2023-04-20 12:00:00,15864.15,15795.97,15883.31,15734.25,67143540.0
DAX,DE0008469008,Deutschland,20735,EUR,2023-04-21 12:00:00,15782.58,15881.66,15899.62,15706.83,71193004.0
DAX,DE0008469008,Deutschland,20735,EUR,2023-04-24 12:00:00,15852.27,15863.95,15919.11,15831.1,62355439.0
DAX,DE0008469008,Deutschland,20735,EUR,2023-04-25 12:00:00,15836.79,15872.13,15891.73,15794.81,73660010.0
DAX,DE0008469008,Deutschland,20735,EUR,2023-04-26 12:00:00,15804.5,15795.73,15826.02,15694.36,73842048.0
DAX,DE0008469008,Deutschland,20735,EUR,2023-04-27 12:00:00,15739.35,15800.45,15859.25,15706.69,76885868.0
DAX,DE0008469008,Deutschland,20735,EUR,2023-04-28 12:00:00,15884.79,15922.38,15922.38,15688.17,85474135.0
DAX,DE0008469008,Deutschland,20735,EUR,2023-05-02 12:00:00,15950.36,15726.94,16011.56,15707.55,73267659.0
DAX,DE0008469008,Deutschland,20735,EUR,2023-05-03 12:00:00,15774.02,15815.06,15868.88,15745.98,59319584.0
DAX,DE0008469008,Deutschland,20735,EUR,2023-05-04 12:00:00,15781.46,15734.24,15796.71,15662.32,75563611.0
DAX,DE0008469008,Deutschland,20735,EUR,2023-05-05 12:00:00,15837.44,15961.02,15961.54,15755.97,68521136.0
DAX,DE0008469008,Deutschland,20735,EUR,2023-05-08 12:00:00,15967.57,15952.83,15996.16,15933.69,38248571.0
DAX,DE0008469008,Deutschland,20735,EUR,2023-05-09 12:00:00,15950.89,15955.48,15962.62,15879.56,53887144.0
DAX,DE0008469008,Deutschland,20735,EUR,2023-05-10 12:00:00,15973.38,15896.23,15984.82,15848.69,61986813.0
DAX,DE0008469008,Deutschland,20735,EUR,2023-05-11 12:00:00,15943.85,15834.91,15970.54,15754.76,68382412.0
DAX,DE0008469008,Deutschland,20735,EUR,2023-05-12 12:00:00,15918.25,15913.82,15938.01,15852.1,57152574.0
DAX,DE0008469008,Deutschland,20735,EUR,2023-05-15 12:00:00,15966.96,15917.24,15982.1,15874.24,45736459.0
DAX,DE0008469008,Deutschland,20735,EUR,2023-05-16 12:00:00,15892.78,15897.93,15968.41,15862.37,56611721.0
DAX,DE0008469008,Deutschland,20735,EUR,2023-05-17 12:00:00,15883.61,15951.3,15992.77,15862.15,92513604.0
DAX,DE0008469008,Deutschland,20735,EUR,2023-05-18 12:00:00,16069.42,16163.36,16230.44,16069.42,71824417.0
DAX,DE0008469008,Deutschland,20735,EUR,2023-05-19 12:00:00,16233.11,16275.38,16331.94,16203.6,83111433.0
DAX,DE0008469008,Deutschland,20735,EUR,2023-05-22 12:00:00,16235.98,16223.99,16267.93,16196.36,49506569.0
DAX,DE0008469008,Deutschland,20735,EUR,2023-05-23 12:00:00,16186.44,16152.86,16224.32,16143.98,48982026.0
DAX,DE0008469008,Deutschland,20735,EUR,2023-05-24 12:00:00,16008.52,15842.13,16013.29,15802.86,61512101.0
DAX,DE0008469008,Deutschland,20735,EUR,2023-05-25 12:00:00,15872.46,15793.8,15872.6,15726.5,63209332.0
DAX,DE0008469008,Deutschland,20735,EUR,2023-05-26 12:00:00,15850.09,15983.97,16008.59,15726.74,53383741.0
DAX,DE0008469008,Deutschland,20735,EUR,2023-05-29 12:00:00,16064.13,15952.73,16079.73,15925.22,22053183.0
DAX,DE0008469008,Deutschland,20735,EUR,2023-05-30 12:00:00,15962.31,15908.91,16058.43,15889.46,52445297.0
DAX,DE0008469008,Deutschland,20735,EUR,2023-05-31 12:00:00,15757.43,15664.02,15871.7,15629.12,148864361.0
DAX,DE0008469008,Deutschland,20735,EUR,2023-06-01 12:00:00,15744.01,15853.66,15863.41,15734.86,49029069.0
DAX,DE0008469008,Deutschland,20735,EUR,2023-06-02 12:00:00,15949.04,16051.23,16071.32,15922.61,89608792.0
DAX,DE0008469008,Deutschland,20735,EUR,2023-06-05 12:00:00,16079.86,15963.89,16114.84,15928.44,60179181.0
DAX,DE0008469008,Deutschland,20735,EUR,2023-06-06 12:00:00,15939.31,15992.44,16009.28,15925.56,48972580.0
DAX,DE0008469008,Deutschland,20735,EUR,2023-06-07 12:00:00,15998.1,15960.56,16020.28,15909.85,63436785.0
DAX,DE0008469008,Deutschland,20735,EUR,2023-06-08 12:00:00,15951.61,15989.96,16019.0,15913.95,56316120.0
DAX,DE0008469008,Deutschland,20735,EUR,2023-06-09 12:00:00,15993.02,15949.84,15998.9,15924.51,54440671.0
DAX,DE0008469008,Deutschland,20735,EUR,2023-06-12 12:00:00,16052.91,16097.87,16126.3,16021.55,56348812.0
DAX,DE0008469008,Deutschland,20735,EUR,2023-06-13 12:00:00,16218.2,16230.68,16232.7,16088.47,66571223.0
DAX,DE0008469008,Deutschland,20735,EUR,2023-06-14 12:00:00,16219.09,16310.79,16336.27,16217.45,73669683.0
DAX,DE0008469008,Deutschland,20735,EUR,2023-06-15 12:00:00,16275.73,16290.12,16301.73,16165.66,71652545.0
DAX,DE0008469008,Deutschland,20735,EUR,2023-06-16 12:00:00,16306.63,16357.63,16427.42,16276.79,187644996.0
DAX,DE0008469008,Deutschland,20735,EUR,2023-06-19 12:00:00,16272.21,16201.2,16302.29,16189.57,48192092.0
DAX,DE0008469008,Deutschland,20735,EUR,2023-06-20 12:00:00,16100.29,16111.32,16184.3,16069.1,58288822.0
DAX,DE0008469008,Deutschland,20735,EUR,2023-06-21 12:00:00,16082.75,16023.13,16145.29,16002.27,56586348.0
DAX,DE0008469008,Deutschland,20735,EUR,2023-06-22 12:00:00,15867.65,15988.16,15988.21,15810.48,58367324.0
DAX,DE0008469008,Deutschland,20735,EUR,2023-06-23 12:00:00,15862.79,15829.94,15917.14,15733.12,74113549.0
DAX,DE0008469008,Deutschland,20735,EUR,2023-06-26 12:00:00,15874.15,15813.06,15874.9,15713.7,56235316.0
DAX,DE0008469008,Deutschland,20735,EUR,2023-06-27 12:00:00,15873.73,15846.86,15895.7,15758.13,53834324.0
DAX,DE0008469008,Deutschland,20735,EUR,2023-06-28 12:00:00,15922.71,15949.0,15994.31,15906.88,54395373.0
DAX,DE0008469008,Deutschland,20735,EUR,2023-06-29 12:00:00,15960.47,15946.72,15998.67,15920.04,45245754.0
DAX,DE0008469008,Deutschland,20735,EUR,2023-06-30 12:00:00,15989.43,16147.9,16176.55,15978.9,71920440.0
DAX,DE0008469008,Deutschland,20735,EUR,2023-07-03 12:00:00,16187.91,16081.04,16209.29,16070.49,46104564.0
DAX,DE0008469008,Deutschland,20735,EUR,2023-07-04 12:00:00,16082.93,16039.17,16103.95,16023.72,33009682.0
DAX,DE0008469008,Deutschland,20735,EUR,2023-07-05 12:00:00,15930.16,15937.58,15982.96,15901.39,55216160.0
DAX,DE0008469008,Deutschland,20735,EUR,2023-07-06 12:00:00,15816.11,15528.54,15846.25,15495.84,73033923.0
DAX,DE0008469008,Deutschland,20735,EUR,2023-07-07 12:00:00,15515.0,15603.4,15661.41,15456.16,62588358.0
DAX,DE0008469008,Deutschland,20735,EUR,2023-07-10 12:00:00,15585.34,15673.16,15722.03,15545.33,49081197.0
DAX,DE0008469008,Deutschland,20735,EUR,2023-07-11 12:00:00,15716.26,15790.34,15807.66,15659.1,54621131.0
DAX,DE0008469008,Deutschland,20735,EUR,2023-07-12 12:00:00,15842.26,16023.0,16044.28,15806.28,67884212.0
DAX,DE0008469008,Deutschland,20735,EUR,2023-07-13 12:00:00,16009.26,16141.03,16185.11,16000.38,62186013.0
DAX,DE0008469008,Deutschland,20735,EUR,2023-07-14 12:00:00,16123.13,16105.07,16149.12,16071.74,59532698.0
DAX,DE0008469008,Deutschland,20735,EUR,2023-07-17 12:00:00,16013.52,16068.65,16102.51,15995.45,43596277.0
DAX,DE0008469008,Deutschland,20735,EUR,2023-07-18 12:00:00,16042.03,16125.49,16140.2,16031.07,50304435.0
DAX,DE0008469008,Deutschland,20735,EUR,2023-07-19 12:00:00,16190.0,16108.93,16240.79,16075.17,51215751.0
DAX,DE0008469008,Deutschland,20735,EUR,2023-07-20 12:00:00,16059.22,16204.22,16211.43,16050.98,60040074.0
DAX,DE0008469008,Deutschland,20735,EUR,2023-07-21 12:00:00,16125.21,16177.22,16181.34,16103.48,62582666.0
DAX,DE0008469008,Deutschland,20735,EUR,2023-07-24 12:00:00,16126.71,16190.95,16208.76,16121.27,46646435.0
DAX,DE0008469008,Deutschland,20735,EUR,2023-07-25 12:00:00,16169.75,16211.59,16225.89,16135.6,49325414.0
DAX,DE0008469008,Deutschland,20735,EUR,2023-07-26 12:00:00,16183.7,16131.46,16212.91,16000.04,72420837.0
DAX,DE0008469008,Deutschland,20735,EUR,2023-07-27 12:00:00,16162.16,16406.03,16408.8,16131.64,89879172.0
DAX,DE0008469008,Deutschland,20735,EUR,2023-07-28 12:00:00,16356.38,16469.75,16490.13,16336.42,68043045.0
DAX,DE0008469008,Deutschland,20735,EUR,2023-07-31 12:00:00,16434.66,16446.83,16528.97,16427.47,55291032.0
DAX,DE0008469008,Deutschland,20735,EUR,2023-08-01 12:00:00,16414.79,16240.4,16430.66,16240.4,55959392.0
DAX,DE0008469008,Deutschland,20735,EUR,2023-08-02 12:00:00,16027.65,16020.02,16140.76,15955.31,68069996.0
DAX,DE0008469008,Deutschland,20735,EUR,2023-08-03 12:00:00,15879.03,15893.38,15920.32,15807.85,93576603.0
DAX,DE0008469008,Deutschland,20735,EUR,2023-08-04 12:00:00,15917.01,15951.86,15973.96,15784.52,74466964.0
DAX,DE0008469008,Deutschland,20735,EUR,2023-08-07 12:00:00,15877.54,15950.76,15962.61,15824.78,54692494.0
DAX,DE0008469008,Deutschland,20735,EUR,2023-08-08 12:00:00,15868.31,15774.93,15946.57,15706.31,74890369.0
DAX,DE0008469008,Deutschland,20735,EUR,2023-08-09 12:00:00,15918.06,15852.58,15983.78,15831.08,58637113.0
DAX,DE0008469008,Deutschland,20735,EUR,2023-08-10 12:00:00,15921.42,15996.52,16060.27,15880.41,66053330.0
DAX,DE0008469008,Deutschland,20735,EUR,2023-08-11 12:00:00,15927.79,15832.17,15962.45,15803.08,51493017.0
DAX,DE0008469008,Deutschland,20735,EUR,2023-08-14 12:00:00,15818.21,15904.25,15937.78,15817.59,38751885.0
DAX,DE0008469008,Deutschland,20735,EUR,2023-08-15 12:00:00,15909.57,15767.28,15923.13,15703.03,40761166.0
DAX,DE0008469008,Deutschland,20735,EUR,2023-08-16 12:00:00,15737.02,15789.45,15814.66,15725.1,37549298.0
DAX,DE0008469008,Deutschland,20735,EUR,2023-08-17 12:00:00,15712.94,15676.9,15793.53,15664.3,45787972.0
DAX,DE0008469008,Deutschland,20735,EUR,2023-08-18 12:00:00,15597.12,15574.26,15612.88,15468.65,54000324.0
DAX,DE0008469008,Deutschland,20735,EUR,2023-08-21 12:00:00,15573.95,15603.28,15710.21,15571.82,38609010.0
DAX,DE0008469008,Deutschland,20735,EUR,2023-08-22 12:00:00,15684.64,15705.62,15799.34,15677.44,38647704.0
DAX,DE0008469008,Deutschland,20735,EUR,2023-08-23 12:00:00,15761.25,15728.41,15820.95,15672.43,46451472.0
DAX,DE0008469008,Deutschland,20735,EUR,2023-08-24 12:00:00,15876.22,15621.49,15896.74,15618.69,45554059.0
DAX,DE0008469008,Deutschland,20735,EUR,2023-08-25 12:00:00,15582.95,15631.82,15739.78,15578.97,42170380.0
DAX,DE0008469008,Deutschland,20735,EUR,2023-08-28 12:00:00,15756.47,15792.61,15804.95,15673.89,38461170.0
DAX,DE0008469008,Deutschland,20735,EUR,2023-08-29 12:00:00,15844.76,15930.88,15942.12,15805.42,45692486.0
DAX,DE0008469008,Deutschland,20735,EUR,2023-08-30 12:00:00,15956.92,15891.93,15960.4,15823.33,45769664.0
DAX,DE0008469008,Deutschland,20735,EUR,2023-08-31 12:00:00,15937.39,15947.08,16042.66,15914.43,80138978.0
DAX,DE0008469008,Deutschland,20735,EUR,2023-09-01 12:00:00,15936.34,15840.34,15984.59,15840.25,49840561.0
DAX,DE0008469008,Deutschland,20735,EUR,2023-09-04 12:00:00,15904.63,15824.85,15958.74,15795.97,32570869.0
DAX,DE0008469008,Deutschland,20735,EUR,2023-09-05 12:00:00,15729.78,15771.71,15838.44,15691.49,66724867.0
DAX,DE0008469008,Deutschland,20735,EUR,2023-09-06 12:00:00,15712.59,15741.37,15781.89,15676.51,60038501.0
DAX,DE0008469008,Deutschland,20735,EUR,2023-09-07 12:00:00,15661.66,15718.66,15794.72,15661.38,54927788.0
DAX,DE0008469008,Deutschland,20735,EUR,2023-09-08 12:00:00,15777.56,15740.3,15783.38,15577.04,58291892.0
DAX,DE0008469008,Deutschland,20735,EUR,2023-09-11 12:00:00,15799.42,15800.99,15867.57,15771.07,57505728.0
DAX,DE0008469008,Deutschland,20735,EUR,2023-09-12 12:00:00,15804.08,15715.53,15808.38,15686.34,50676719.0
DAX,DE0008469008,Deutschland,20735,EUR,2023-09-13 12:00:00,15648.92,15654.03,15726.6,15564.64,64716110.0
DAX,DE0008469008,Deutschland,20735,EUR,2023-09-14 12:00:00,15652.41,15805.29,15824.06,15588.12,69760901.0
DAX,DE0008469008,Deutschland,20735,EUR,2023-09-15 12:00:00,15940.39,15893.53,15989.3,15871.17,140334184.0
DAX,DE0008469008,Deutschland,20735,EUR,2023-09-18 12:00:00,15858.81,15727.12,15870.62,15693.87,54866148.0
DAX,DE0008469008,Deutschland,20735,EUR,2023-09-19 12:00:00,15688.07,15664.48,15743.9,15630.94,48499268.0
DAX,DE0008469008,Deutschland,20735,EUR,2023-09-20 12:00:00,15703.09,15781.59,15810.36,15699.34,48504054.0
DAX,DE0008469008,Deutschland,20735,EUR,2023-09-21 12:00:00,15650.98,15571.86,15696.66,15548.69,60186245.0
DAX,DE0008469008,Deutschland,20735,EUR,2023-09-22 12:00:00,15473.8,15557.29,15592.27,15471.75,62283217.0
DAX,DE0008469008,Deutschland,20735,EUR,2023-09-25 12:00:00,15513.32,15405.49,15572.14,15329.4,68571537.0
DAX,DE0008469008,Deutschland,20735,EUR,2023-09-26 12:00:00,15330.91,15255.87,15360.43,15229.35,62407766.0
DAX,DE0008469008,Deutschland,20735,EUR,2023-09-27 12:00:00,15225.58,15217.45,15299.68,15194.68,63107240.0
DAX,DE0008469008,Deutschland,20735,EUR,2023-09-28 12:00:00,15229.1,15323.5,15323.73,15138.66,56671130.0
DAX,DE0008469008,Deutschland,20735,EUR,2023-09-29 12:00:00,15394.82,15386.58,15515.99,15382.56,106516181.0
DAX,DE0008469008,Deutschland,20735,EUR,2023-10-02 12:00:00,15439.96,15247.21,15476.38,15192.01,56613674.0
DAX,DE0008469008,Deutschland,20735,EUR,2023-10-03 12:00:00,15184.49,15085.21,15257.86,15074.85,61279407.0
DAX,DE0008469008,Deutschland,20735,EUR,2023-10-04 12:00:00,14979.81,15099.92,15174.63,14948.08,71186226.0
DAX,DE0008469008,Deutschland,20735,EUR,2023-10-05 12:00:00,15113.94,15070.22,15157.7,15048.42,44778789.0
DAX,DE0008469008,Deutschland,20735,EUR,2023-10-06 12:00:00,15109.16,15229.77,15230.89,15033.55,57938696.0
DAX,DE0008469008,Deutschland,20735,EUR,2023-10-09 12:00:00,15143.29,15128.11,15201.06,15077.66,49820136.0
DAX,DE0008469008,Deutschland,20735,EUR,2023-10-10 12:00:00,15272.57,15423.52,15443.45,15272.57,57375629.0
DAX,DE0008469008,Deutschland,20735,EUR,2023-10-11 12:00:00,15366.78,15460.01,15486.11,15361.74,61474884.0
DAX,DE0008469008,Deutschland,20735,EUR,2023-10-12 12:00:00,15537.87,15425.03,15575.28,15413.2,50016168.0
DAX,DE0008469008,Deutschland,20735,EUR,2023-10-13 12:00:00,15400.09,15186.66,15409.89,15178.07,58208577.0
DAX,DE0008469008,Deutschland,20735,EUR,2023-10-16 12:00:00,15219.42,15237.99,15271.51,15103.12,52484352.0
DAX,DE0008469008,Deutschland,20735,EUR,2023-10-17 12:00:00,15211.29,15251.69,15288.32,15117.24,46080092.0
DAX,DE0008469008,Deutschland,20735,EUR,2023-10-18 12:00:00,15244.05,15094.91,15271.15,15081.69,62372314.0
DAX,DE0008469008,Deutschland,20735,EUR,2023-10-19 12:00:00,15060.65,15045.23,15104.37,14984.59,62928201.0
DAX,DE0008469008,Deutschland,20735,EUR,2023-10-20 12:00:00,14872.02,14798.47,14936.49,14798.47,81665783.0
DAX,DE0008469008,Deutschland,20735,EUR,2023-10-23 12:00:00,14823.03,14800.72,14838.01,14630.21,53653239.0
DAX,DE0008469008,Deutschland,20735,EUR,2023-10-24 12:00:00,14802.52,14879.94,14916.6,14750.32,53808140.0
DAX,DE0008469008,Deutschland,20735,EUR,2023-10-25 12:00:00,14870.63,14892.18,14933.69,14789.63,82704914.0
DAX,DE0008469008,Deutschland,20735,EUR,2023-10-26 12:00:00,14696.22,14731.05,14795.41,14655.08,80021215.0
DAX,DE0008469008,Deutschland,20735,EUR,2023-10-27 12:00:00,14757.11,14687.41,14824.29,14667.37,61475258.0
DAX,DE0008469008,Deutschland,20735,EUR,2023-10-30 12:00:00,14770.95,14716.54,14798.0,14678.73,52283347.0
DAX,DE0008469008,Deutschland,20735,EUR,2023-10-31 12:00:00,14741.44,14810.34,14829.62,14722.38,60202622.0
DAX,DE0008469008,Deutschland,20735,EUR,2023-11-01 12:00:00,14851.96,14923.27,14949.58,14786.32,54008911.0
DAX,DE0008469008,Deutschland,20735,EUR,2023-11-02 12:00:00,15033.65,15143.6,15202.43,15028.03,82866295.0
DAX,DE0008469008,Deutschland,20735,EUR,2023-11-03 12:00:00,15203.8,15189.25,15269.5,15149.72,77685694.0
DAX,DE0008469008,Deutschland,20735,EUR,2023-11-06 12:00:00,15219.32,15135.97,15223.41,15110.84,53712673.0
DAX,DE0008469008,Deutschland,20735,EUR,2023-11-07 12:00:00,15084.79,15152.64,15194.53,15068.25,53320511.0
DAX,DE0008469008,Deutschland,20735,EUR,2023-11-08 12:00:00,15093.48,15229.6,15287.73,15086.41,99952794.0
DAX,DE0008469008,Deutschland,20735,EUR,2023-11-09 12:00:00,15246.5,15352.54,15364.49,15212.99,60440295.0
DAX,DE0008469008,Deutschland,20735,EUR,2023-11-10 12:00:00,15296.58,15234.39,15309.52,15171.58,74534429.0
DAX,DE0008469008,Deutschland,20735,EUR,2023-11-13 12:00:00,15285.12,15345.0,15346.79,15252.27,56008890.0
DAX,DE0008469008,Deutschland,20735,EUR,2023-11-14 12:00:00,15358.59,15614.43,15632.44,15337.6,85307335.0
DAX,DE0008469008,Deutschland,20735,EUR,2023-11-15 12:00:00,15631.67,15748.17,15759.84,15628.19,75360410.0
DAX,DE0008469008,Deutschland,20735,EUR,2023-11-16 12:00:00,15806.91,15786.61,15862.09,15783.51,60048442.0
DAX,DE0008469008,Deutschland,20735,EUR,2023-11-17 12:00:00,15828.78,15919.16,15952.45,15826.67,70582930.0
DAX,DE0008469008,Deutschland,20735,EUR,2023-11-20 12:00:00,15915.24,15901.33,15929.93,15854.82,87015485.0
DAX,DE0008469008,Deutschland,20735,EUR,2023-11-21 12:00:00,15911.02,15900.53,15948.07,15891.31,61284814.0
DAX,DE0008469008,Deutschland,20735,EUR,2023-11-22 12:00:00,15965.13,15957.82,15998.41,15931.74,61729510.0
DAX,DE0008469008,Deutschland,20735,EUR,2023-11-23 12:00:00,15976.62,15994.73,16005.45,15958.06,37944199.0
DAX,DE0008469008,Deutschland,20735,EUR,2023-11-24 12:00:00,15988.19,16029.49,16041.17,15972.67,40451255.0
DAX,DE0008469008,Deutschland,20735,EUR,2023-11-27 12:00:00,16007.26,15966.37,16039.42,15957.96,50564849.0
DAX,DE0008469008,Deutschland,20735,EUR,2023-11-28 12:00:00,15939.19,15992.67,15993.42,15915.4,60601095.0
DAX,DE0008469008,Deutschland,20735,EUR,2023-11-29 12:00:00,16013.16,16166.45,16208.97,16010.48,69366637.0
DAX,DE0008469008,Deutschland,20735,EUR,2023-11-30 12:00:00,16204.74,16215.43,16262.96,16169.11,108532142.0
DAX,DE0008469008,Deutschland,20735,EUR,2023-12-01 12:00:00,16296.92,16397.52,16399.06,16279.45,68139436.0
DAX,DE0008469008,Deutschland,20735,EUR,2023-12-04 12:00:00,16390.17,16404.76,16455.68,16386.8,52149257.0
DAX,DE0008469008,Deutschland,20735,EUR,2023-12-05 12:00:00,16405.14,16533.11,16551.34,16394.02,63915988.0
DAX,DE0008469008,Deutschland,20735,EUR,2023-12-06 12:00:00,16565.65,16656.44,16727.07,16536.12,78581656.0
DAX,DE0008469008,Deutschland,20735,EUR,2023-12-07 12:00:00,16623.89,16628.99,16655.3,16595.11,76803178.0
DAX,DE0008469008,Deutschland,20735,EUR,2023-12-08 12:00:00,16644.62,16759.22,16782.72,16630.18,77814459.0
DAX,DE0008469008,Deutschland,20735,EUR,2023-12-11 12:00:00,16760.59,16794.43,16817.81,16734.27,66736111.0
DAX,DE0008469008,Deutschland,20735,EUR,2023-12-12 12:00:00,16823.01,16791.74,16837.18,16753.81,67862472.0
DAX,DE0008469008,Deutschland,20735,EUR,2023-12-13 12:00:00,16811.56,16766.05,16836.45,16760.12,65413494.0
DAX,DE0008469008,Deutschland,20735,EUR,2023-12-14 12:00:00,16948.79,16752.23,17003.28,16670.35,141290060.0
DAX,DE0008469008,Deutschland,20735,EUR,2023-12-15 12:00:00,16822.5,16751.44,16890.11,16713.7,173711503.0
DAX,DE0008469008,Deutschland,20735,EUR,2023-12-18 12:00:00,16683.69,16650.55,16744.27,16624.65,56720396.0
DAX,DE0008469008,Deutschland,20735,EUR,2023-12-19 12:00:00,16657.44,16744.41,16750.51,16656.64,59217466.0
DAX,DE0008469008,Deutschland,20735,EUR,2023-12-20 12:00:00,16779.41,16733.05,16789.96,16694.56,63366449.0
DAX,DE0008469008,Deutschland,20735,EUR,2023-12-21 12:00:00,16667.31,16687.42,16708.35,16624.16,57871291.0
DAX,DE0008469008,Deutschland,20735,EUR,2023-12-22 12:00:00,16673.3,16706.18,16735.32,16651.78,46295273.0
DAX,DE0008469008,Deutschland,20735,EUR,2023-12-27 12:00:00,16727.77,16742.07,16775.71,16697.58,37678895.0
DAX,DE0008469008,Deutschland,20735,EUR,2023-12-28 12:00:00,16780.95,16701.55,16783.79,16688.52,36091618.0
DAX,DE0008469008,Deutschland,20735,EUR,2023-12-29 12:00:00,16729.26,16751.64,16758.53,16726.97,26861904.0
DAX,DE0008469008,Deutschland,20735,EUR,2024-01-02 12:00:00,16828.75,16769.36,16963.47,16648.8,59893348.0
DAX,DE0008469008,Deutschland,20735,EUR,2024-01-03 12:00:00,16771.35,16538.39,16784.07,16479.92,70845820.0
DAX,DE0008469008,Deutschland,20735,EUR,2024-01-04 12:00:00,16563.69,16617.29,16626.84,16501.4,65869366.0
DAX,DE0008469008,Deutschland,20735,EUR,2024-01-05 12:00:00,16504.88,16594.21,16645.89,16448.71,66762924.0
DAX,DE0008469008,Deutschland,20735,EUR,2024-01-08 12:00:00,16618.51,16716.47,16716.47,16517.49,55073386.0
DAX,DE0008469008,Deutschland,20735,EUR,2024-01-09 12:00:00,16743.27,16688.36,16743.27,16611.53,59798524.0
DAX,DE0008469008,Deutschland,20735,EUR,2024-01-10 12:00:00,16703.12,16689.81,16753.69,16654.99,61300898.0
DAX,DE0008469008,Deutschland,20735,EUR,2024-01-11 12:00:00,16775.92,16547.03,16839.49,16541.38,72206754.0
DAX,DE0008469008,Deutschland,20735,EUR,2024-01-12 12:00:00,16649.45,16704.56,16752.24,16608.0,62163037.0
DAX,DE0008469008,Deutschland,20735,EUR,2024-01-15 12:00:00,16723.24,16622.22,16736.16,16609.22,47794981.0
DAX,DE0008469008,Deutschland,20735,EUR,2024-01-16 12:00:00,16497.54,16571.68,16581.93,16476.09,73101889.0
DAX,DE0008469008,Deutschland,20735,EUR,2024-01-17 12:00:00,16400.42,16431.69,16435.68,16345.02,71437814.0
DAX,DE0008469008,Deutschland,20735,EUR,2024-01-18 12:00:00,16440.66,16567.35,16579.12,16421.2,72318642.0
DAX,DE0008469008,Deutschland,20735,EUR,2024-01-19 12:00:00,16626.53,16555.13,16647.85,16513.46,66146838.0
DAX,DE0008469008,Deutschland,20735,EUR,2024-01-22 12:00:00,16684.1,16683.36,16705.49,16607.72,67438713.0
DAX,DE0008469008,Deutschland,20735,EUR,2024-01-23 12:00:00,16753.09,16627.09,16753.09,16626.59,64365633.0
DAX,DE0008469008,Deutschland,20735,EUR,2024-01-24 12:00:00,16793.27,16889.92,16921.41,16760.92,74569155.0
DAX,DE0008469008,Deutschland,20735,EUR,2024-01-25 12:00:00,16849.76,16906.92,16916.6,16785.69,62016673.0
DAX,DE0008469008,Deutschland,20735,EUR,2024-01-26 12:00:00,16879.01,16961.39,16967.72,16849.31,84664223.0
DAX,DE0008469008,Deutschland,20735,EUR,2024-01-29 12:00:00,16925.39,16941.71,16941.71,16860.05,65956639.0
DAX,DE0008469008,Deutschland,20735,EUR,2024-01-30 12:00:00,16991.37,16972.34,16999.58,16946.56,60704012.0
DAX,DE0008469008,Deutschland,20735,EUR,2024-01-31 12:00:00,16972.47,16903.76,16991.84,16884.87,83768042.0
DAX,DE0008469008,Deutschland,20735,EUR,2024-02-01 12:00:00,16834.13,16859.04,16915.92,16821.6,88985519.0
DAX,DE0008469008,Deutschland,20735,EUR,2024-02-02 12:00:00,16977.75,16918.21,17004.55,16894.67,85368328.0
DAX,DE0008469008,Deutschland,20735,EUR,2024-02-05 12:00:00,16925.97,16904.06,16972.62,16859.0,68905913.0
DAX,DE0008469008,Deutschland,20735,EUR,2024-02-06 12:00:00,16965.89,17033.24,17049.52,16871.32,73663111.0
DAX,DE0008469008,Deutschland,20735,EUR,2024-02-07 12:00:00,17020.77,16921.96,17021.55,16907.15,91610663.0
DAX,DE0008469008,Deutschland,20735,EUR,2024-02-08 12:00:00,16936.14,16963.83,17029.54,16889.13,66756625.0
DAX,DE0008469008,Deutschland,20735,EUR,2024-02-09 12:00:00,16973.58,16926.5,16993.12,16876.36,60835577.0
DAX,DE0008469008,Deutschland,20735,EUR,2024-02-12 12:00:00,16975.99,17037.35,17042.74,16958.8,52716365.0
DAX,DE0008469008,Deutschland,20735,EUR,2024-02-13 12:00:00,16987.09,16880.83,16991.61,16831.53,62476453.0
DAX,DE0008469008,Deutschland,20735,EUR,2024-02-14 12:00:00,16872.89,16945.48,16957.78,16857.34,52879576.0
DAX,DE0008469008,Deutschland,20735,EUR,2024-02-15 12:00:00,17022.54,17046.69,17089.12,17003.82,83235947.0
DAX,DE0008469008,Deutschland,20735,EUR,2024-02-16 12:00:00,17117.37,17117.44,17198.45,17060.38,75722155.0
DAX,DE0008469008,Deutschland,20735,EUR,2024-02-19 12:00:00,17075.74,17092.26,17098.61,17049.22,42816751.0
DAX,DE0008469008,Deutschland,20735,EUR,2024-02-20 12:00:00,17066.23,17068.43,17084.87,17019.15,62308575.0
DAX,DE0008469008,Deutschland,20735,EUR,2024-02-21 12:00:00,17102.08,17118.12,17157.95,17063.25,58824029.0
DAX,DE0008469008,Deutschland,20735,EUR,2024-02-22 12:00:00,17326.76,17370.45,17429.66,17279.73,85416410.0
DAX,DE0008469008,Deutschland,20735,EUR,2024-02-23 12:00:00,17372.01,17419.33,17443.74,17354.76,76131804.0
DAX,DE0008469008,Deutschland,20735,EUR,2024-02-26 12:00:00,17396.74,17423.23,17460.53,17396.4,52669916.0
DAX,DE0008469008,Deutschland,20735,EUR,2024-02-27 12:00:00,17431.37,17556.49,17563.41,17428.17,59242402.0
DAX,DE0008469008,Deutschland,20735,EUR,2024-02-28 12:00:00,17569.61,17601.22,17605.61,17552.98,56264947.0
DAX,DE0008469008,Deutschland,20735,EUR,2024-02-29 12:00:00,17634.61,17678.19,17742.48,17620.11,101475692.0
DAX,DE0008469008,Deutschland,20735,EUR,2024-03-01 12:00:00,17793.47,17735.07,17816.52,17690.89,85402482.0
DAX,DE0008469008,Deutschland,20735,EUR,2024-03-04 12:00:00,17743.44,17716.17,17756.39,17684.73,61099359.0
DAX,DE0008469008,Deutschland,20735,EUR,2024-03-05 12:00:00,17682.78,17698.4,17746.57,17643.11,73477648.0
DAX,DE0008469008,Deutschland,20735,EUR,2024-03-06 12:00:00,17685.92,17716.71,17745.16,17682.51,90759749.0
DAX,DE0008469008,Deutschland,20735,EUR,2024-03-07 12:00:00,17648.89,17842.85,17879.11,17619.4,86210752.0
DAX,DE0008469008,Deutschland,20735,EUR,2024-03-08 12:00:00,17849.85,17814.51,17860.51,17795.13,67581803.0
DAX,DE0008469008,Deutschland,20735,EUR,2024-03-11 12:00:00,17690.95,17746.27,17750.72,17662.55,66254510.0
DAX,DE0008469008,Deutschland,20735,EUR,2024-03-12 12:00:00,17810.15,17965.11,17973.22,17746.89,90994405.0
DAX,DE0008469008,Deutschland,20735,EUR,2024-03-13 12:00:00,17984.5,17961.38,18001.42,17939.56,92554663.0
DAX,DE0008469008,Deutschland,20735,EUR,2024-03-14 12:00:00,18002.97,17942.04,18039.05,17899.93,92956718.0
DAX,DE0008469008,Deutschland,20735,EUR,2024-03-15 12:00:00,17938.14,17936.65,18038.11,17926.72,201200319.0
DAX,DE0008469008,Deutschland,20735,EUR,2024-03-18 12:00:00,17936.31,17932.68,18015.49,17902.92,62511872.0
DAX,DE0008469008,Deutschland,20735,EUR,2024-03-19 12:00:00,17932.18,17987.49,17998.04,17914.18,73096724.0
DAX,DE0008469008,Deutschland,20735,EUR,2024-03-20 12:00:00,17987.91,18015.13,18044.49,17955.69,61396766.0
DAX,DE0008469008,Deutschland,20735,EUR,2024-03-21 12:00:00,18019.86,18179.25,18179.81,18019.86,78520692.0
DAX,DE0008469008,Deutschland,20735,EUR,2024-03-22 12:00:00,18175.08,18205.94,18225.97,18140.99,68164339.0
DAX,DE0008469008,Deutschland,20735,EUR,2024-03-25 12:00:00,18206.36,18261.31,18285.58,18176.85,53344207.0
DAX,DE0008469008,Deutschland,20735,EUR,2024-03-26 12:00:00,18262.11,18384.35,18411.98,18256.81,57994182.0
DAX,DE0008469008,Deutschland,20735,EUR,2024-03-27 12:00:00,18385.17,18477.09,18511.17,18385.17,65764429.0
DAX,DE0008469008,Deutschland,20735,EUR,2024-03-28 12:00:00,18477.4,18492.49,18513.83,18468.87,74922787.0
DAX,DE0008469008,Deutschland,20735,EUR,2024-04-02 12:00:00,18492.36,18283.13,18567.16,18275.94,81262874.0
DAX,DE0008469008,Deutschland,20735,EUR,2024-04-03 12:00:00,18281.82,18367.72,18376.08,18281.82,75738130.0
DAX,DE0008469008,Deutschland,20735,EUR,2024-04-04 12:00:00,18366.37,18403.13,18427.43,18340.24,61902970.0
DAX,DE0008469008,Deutschland,20735,EUR,2024-04-05 12:00:00,18401.83,18175.04,18401.83,18088.03,76555408.0
DAX,DE0008469008,Deutschland,20735,EUR,2024-04-08 12:00:00,18163.39,18318.97,18326.37,18163.39,60609015.0
DAX,DE0008469008,Deutschland,20735,EUR,2024-04-09 12:00:00,18318.4,18076.69,18318.51,18058.22,64454948.0
DAX,DE0008469008,Deutschland,20735,EUR,2024-04-10 12:00:00,18078.89,18097.3,18239.5,17975.84,82673138.0
DAX,DE0008469008,Deutschland,20735,EUR,2024-04-11 12:00:00,18096.51,17954.48,18101.31,17864.69,83481992.0
DAX,DE0008469008,Deutschland,20735,EUR,2024-04-12 12:00:00,17965.95,17930.32,18162.56,17860.73,78518332.0
DAX,DE0008469008,Deutschland,20735,EUR,2024-04-15 12:00:00,17937.62,18026.58,18191.95,17937.62,65138535.0
DAX,DE0008469008,Deutschland,20735,EUR,2024-04-16 12:00:00,18022.17,17766.23,18022.69,17713.5,73217295.0
DAX,DE0008469008,Deutschland,20735,EUR,2024-04-17 12:00:00,17764.03,17770.02,17907.58,17731.79,55970675.0
DAX,DE0008469008,Deutschland,20735,EUR,2024-04-18 12:00:00,17775.41,17837.4,17863.32,17716.92,60700541.0
DAX,DE0008469008,Deutschland,20735,EUR,2024-04-19 12:00:00,17834.83,17737.36,17834.87,17626.9,79447685.0
DAX,DE0008469008,Deutschland,20735,EUR,2024-04-22 12:00:00,17738.04,17860.8,17889.47,17738.04,62454412.0
DAX,DE0008469008,Deutschland,20735,EUR,2024-04-23 12:00:00,17861.2,18137.65,18144.66,17861.2,68529197.0
DAX,DE0008469008,Deutschland,20735,EUR,2024-04-24 12:00:00,18140.19,18088.7,18226.32,18060.26,75104624.0
DAX,DE0008469008,Deutschland,20735,EUR,2024-04-25 12:00:00,18088.17,17917.28,18100.75,17795.96,101517322.0
DAX,DE0008469008,Deutschland,20735,EUR,2024-04-26 12:00:00,17920.73,18161.01,18199.71,17920.73,76008641.0
DAX,DE0008469008,Deutschland,20735,EUR,2024-04-29 12:00:00,18162.15,18118.32,18235.8,18103.43,77250951.0
DAX,DE0008469008,Deutschland,20735,EUR,2024-04-30 12:00:00,18119.93,17932.17,18153.69,17920.72,88206201.0
DAX,DE0008469008,Deutschland,20735,EUR,2024-05-02 12:00:00,17935.78,17896.5,17981.04,17875.98,71332195.0
DAX,DE0008469008,Deutschland,20735,EUR,2024-05-03 12:00:00,17900.15,18001.6,18105.82,17900.02,71259917.0
DAX,DE0008469008,Deutschland,20735,EUR,2024-05-06 12:00:00,18001.13,18175.21,18199.15,18001.13,46036639.0
DAX,DE0008469008,Deutschland,20735,EUR,2024-05-07 12:00:00,18175.21,18430.05,18442.4,18175.21,85365169.0
DAX,DE0008469008,Deutschland,20735,EUR,2024-05-08 12:00:00,18430.25,18498.38,18542.1,18427.26,74222500.0
DAX,DE0008469008,Deutschland,20735,EUR,2024-05-09 12:00:00,18498.09,18686.6,18699.29,18488.04,53613627.0
DAX,DE0008469008,Deutschland,20735,EUR,2024-05-10 12:00:00,18686.85,18772.85,18845.86,18686.85,87914075.0
DAX,DE0008469008,Deutschland,20735,EUR,2024-05-13 12:00:00,18773.24,18742.22,18799.77,18706.08,66373080.0
DAX,DE0008469008,Deutschland,20735,EUR,2024-05-14 12:00:00,18735.84,18716.42,18748.76,18629.03,73288557.0
DAX,DE0008469008,Deutschland,20735,EUR,2024-05-15 12:00:00,18719.81,18869.36,18892.92,18719.81,81628668.0
DAX,DE0008469008,Deutschland,20735,EUR,2024-05-16 12:00:00,18874.85,18738.81,18890.78,18716.33,76322099.0
DAX,DE0008469008,Deutschland,20735,EUR,2024-05-17 12:00:00,18713.25,18704.42,18724.02,18627.91,75994081.0
DAX,DE0008469008,Deutschland,20735,EUR,2024-05-20 12:00:00,18710.13,18768.96,18804.0,18710.13,41185388.0
DAX,DE0008469008,Deutschland,20735,EUR,2024-05-21 12:00:00,18768.64,18726.76,18768.64,18638.14,65727778.0
DAX,DE0008469008,Deutschland,20735,EUR,2024-05-22 12:00:00,18731.65,18680.2,18731.65,18642.2,57984163.0
DAX,DE0008469008,Deutschland,20735,EUR,2024-05-23 12:00:00,18682.48,18691.32,18766.68,18639.17,63719282.0
DAX,DE0008469008,Deutschland,20735,EUR,2024-05-24 12:00:00,18687.6,18693.37,18706.65,18515.84,53855862.0
DAX,DE0008469008,Deutschland,20735,EUR,2024-05-27 12:00:00,18703.13,18774.71,18775.13,18680.81,37335424.0
DAX,DE0008469008,Deutschland,20735,EUR,2024-05-28 12:00:00,18775.55,18677.87,18855.05,18635.04,52670426.0
DAX,DE0008469008,Deutschland,20735,EUR,2024-05-29 12:00:00,18677.7,18473.29,18677.7,18438.01,59553559.0
DAX,DE0008469008,Deutschland,20735,EUR,2024-05-30 12:00:00,18465.47,18496.79,18531.85,18394.43,52348329.0
DAX,DE0008469008,Deutschland,20735,EUR,2024-05-31 12:00:00,18495.22,18497.94,18542.27,18426.72,144013823.0
DAX,DE0008469008,Deutschland,20735,EUR,2024-06-03 12:00:00,18503.79,18608.16,18697.09,18503.79,54181609.0
DAX,DE0008469008,Deutschland,20735,EUR,2024-06-04 12:00:00,18608.3,18405.64,18608.3,18365.53,81414755.0
DAX,DE0008469008,Deutschland,20735,EUR,2024-06-05 12:00:00,18406.06,18575.94,18624.36,18406.06,63882078.0
DAX,DE0008469008,Deutschland,20735,EUR,2024-06-06 12:00:00,18576.58,18652.67,18784.65,18576.58,60877918.0
DAX,DE0008469008,Deutschland,20735,EUR,2024-06-07 12:00:00,18649.08,18557.27,18649.08,18424.6,61383205.0
DAX,DE0008469008,Deutschland,20735,EUR,2024-06-10 12:00:00,18550.33,18494.89,18550.33,18359.42,53451597.0
DAX,DE0008469008,Deutschland,20735,EUR,2024-06-11 12:00:00,18497.85,18369.94,18543.04,18281.56,63755533.0
DAX,DE0008469008,Deutschland,20735,EUR,2024-06-12 12:00:00,18368.52,18630.86,18651.7,18368.52,61490027.0
DAX,DE0008469008,Deutschland,20735,EUR,2024-06-13 12:00:00,18632.01,18265.68,18632.01,18253.42,72490884.0
DAX,DE0008469008,Deutschland,20735,EUR,2024-06-14 12:00:00,18267.68,18002.02,18304.79,17951.17,92522587.0
DAX,DE0008469008,Deutschland,20735,EUR,2024-06-17 12:00:00,18008.23,18068.21,18149.33,17969.54,57818778.0
DAX,DE0008469008,Deutschland,20735,EUR,2024-06-18 12:00:00,18073.44,18131.97,18214.2,18073.24,50842965.0
DAX,DE0008469008,Deutschland,20735,EUR,2024-06-19 12:00:00,18131.35,18067.91,18148.01,18055.63,52036853.0
DAX,DE0008469008,Deutschland,20735,EUR,2024-06-20 12:00:00,18068.67,18254.18,18254.18,18068.58,59523624.0
DAX,DE0008469008,Deutschland,20735,EUR,2024-06-21 12:00:00,18254.57,18163.52,18257.94,18090.04,154535257.0
DAX,DE0008469008,Deutschland,20735,EUR,2024-06-24 12:00:00,18165.54,18325.58,18354.71,18165.54,61738679.0
DAX,DE0008469008,Deutschland,20735,EUR,2024-06-25 12:00:00,18300.42,18177.62,18307.61,18075.75,54133540.0
DAX,DE0008469008,Deutschland,20735,EUR,2024-06-26 12:00:00,18176.8,18155.24,18363.39,18045.54,56452282.0
DAX,DE0008469008,Deutschland,20735,EUR,2024-06-27 12:00:00,18154.97,18210.55,18265.52,18141.28,54448473.0
DAX,DE0008469008,Deutschland,20735,EUR,2024-06-28 12:00:00,18211.97,18235.45,18352.65,18198.1,64588116.0
DAX,DE0008469008,Deutschland,20735,EUR,2024-07-01 12:00:00,18236.35,18290.66,18460.72,18236.27,55846538.0
DAX,DE0008469008,Deutschland,20735,EUR,2024-07-02 12:00:00,18286.86,18164.06,18286.86,18030.49,57146834.0
DAX,DE0008469008,Deutschland,20735,EUR,2024-07-03 12:00:00,18181.71,18374.53,18395.6,18181.71,59157824.0
DAX,DE0008469008,Deutschland,20735,EUR,2024-07-04 12:00:00,18375.96,18450.48,18468.16,18375.68,34330864.0
DAX,DE0008469008,Deutschland,20735,EUR,2024-07-05 12:00:00,18450.59,18475.45,18650.36,18420.57,45501291.0
DAX,DE0008469008,Deutschland,20735,EUR,2024-07-08 12:00:00,18474.27,18472.05,18631.61,18444.06,45306579.0
DAX,DE0008469008,Deutschland,20735,EUR,2024-07-09 12:00:00,18471.35,18236.19,18473.0,18213.98,56403117.0
DAX,DE0008469008,Deutschland,20735,EUR,2024-07-10 12:00:00,18236.75,18407.22,18420.13,18236.75,49277264.0
DAX,DE0008469008,Deutschland,20735,EUR,2024-07-11 12:00:00,18409.7,18534.56,18578.45,18409.65,50928518.0
DAX,DE0008469008,Deutschland,20735,EUR,2024-07-12 12:00:00,18534.49,18748.18,18779.4,18528.39,49829885.0
DAX,DE0008469008,Deutschland,20735,EUR,2024-07-15 12:00:00,18736.11,18590.89,18743.68,18581.02,42769147.0
DAX,DE0008469008,Deutschland,20735,EUR,2024-07-16 12:00:00,18586.42,18518.03,18586.42,18448.27,45194949.0
DAX,DE0008469008,Deutschland,20735,EUR,2024-07-17 12:00:00,18512.11,18437.3,18532.66,18347.24,49011579.0
DAX,DE0008469008,Deutschland,20735,EUR,2024-07-18 12:00:00,18439.33,18354.76,18536.26,18352.33,52139732.0
DAX,DE0008469008,Deutschland,20735,EUR,2024-07-19 12:00:00,18340.85,18171.93,18341.82,18162.3,58262319.0
DAX,DE0008469008,Deutschland,20735,EUR,2024-07-22 12:00:00,18270.85,18407.07,18468.6,18231.41,46821136.0
DAX,DE0008469008,Deutschland,20735,EUR,2024-07-23 12:00:00,18500.67,18557.7,18647.1,18464.22,48611009.0
DAX,DE0008469008,Deutschland,20735,EUR,2024-07-24 12:00:00,18394.3,18387.46,18456.39,18348.99,71705700.0
DAX,DE0008469008,Deutschland,20735,EUR,2024-07-25 12:00:00,18209.4,18298.72,18326.18,18096.69,70728312.0
DAX,DE0008469008,Deutschland,20735,EUR,2024-07-26 12:00:00,18255.35,18417.55,18428.88,18218.54,46952621.0
DAX,DE0008469008,Deutschland,20735,EUR,2024-07-29 12:00:00,18542.43,18320.67,18546.32,18309.27,42845457.0
DAX,DE0008469008,Deutschland,20735,EUR,2024-07-30 12:00:00,18363.93,18411.18,18469.08,18341.42,43049685.0
DAX,DE0008469008,Deutschland,20735,EUR,2024-07-31 12:00:00,18503.18,18508.65,18564.39,18434.82,62448056.0
DAX,DE0008469008,Deutschland,20735,EUR,2024-08-01 12:00:00,18432.5,18083.05,18440.92,18069.62,71404346.0
DAX,DE0008469008,Deutschland,20735,EUR,2024-08-02 12:00:00,17884.86,17661.22,17918.02,17623.97,93521907.0
DAX,DE0008469008,Deutschland,20735,EUR,2024-08-05 12:00:00,17525.59,17339.0,17525.59,17024.82,101880262.0
DAX,DE0008469008,Deutschland,20735,EUR,2024-08-06 12:00:00,17422.57,17354.32,17505.23,17233.07,78115270.0
DAX,DE0008469008,Deutschland,20735,EUR,2024-08-07 12:00:00,17438.65,17615.15,17666.82,17386.88,73601420.0
DAX,DE0008469008,Deutschland,20735,EUR,2024-08-08 12:00:00,17516.05,17680.4,17696.67,17439.87,61730756.0
DAX,DE0008469008,Deutschland,20735,EUR,2024-08-09 12:00:00,17672.9,17722.88,17788.72,17618.42,47959363.0
DAX,DE0008469008,Deutschland,20735,EUR,2024-08-12 12:00:00,17784.03,17726.47,17829.1,17677.79,38708583.0
DAX,DE0008469008,Deutschland,20735,EUR,2024-08-13 12:00:00,17799.66,17812.05,17817.07,17669.64,40715154.0
DAX,DE0008469008,Deutschland,20735,EUR,2024-08-14 12:00:00,17882.18,17885.6,17921.99,17827.08,48456474.0
DAX,DE0008469008,Deutschland,20735,EUR,2024-08-15 12:00:00,17977.81,18183.24,18198.09,17909.74,53289670.0
DAX,DE0008469008,Deutschland,20735,EUR,2024-08-16 12:00:00,18236.02,18322.4,18344.22,18226.6,63794899.0
DAX,DE0008469008,Deutschland,20735,EUR,2024-08-19 12:00:00,18312.51,18421.69,18454.94,18284.86,43769709.0
DAX,DE0008469008,Deutschland,20735,EUR,2024-08-20 12:00:00,18473.23,18357.52,18495.28,18349.98,42911975.0
DAX,DE0008469008,Deutschland,20735,EUR,2024-08-21 12:00:00,18358.79,18448.95,18476.63,18352.19,36068083.0
DAX,DE0008469008,Deutschland,20735,EUR,2024-08-22 12:00:00,18459.28,18493.39,18551.39,18458.61,40950913.0
DAX,DE0008469008,Deutschland,20735,EUR,2024-08-23 12:00:00,18538.87,18633.1,18670.45,18519.29,41122454.0
DAX,DE0008469008,Deutschland,20735,EUR,2024-08-26 12:00:00,18589.9,18617.02,18638.97,18554.51,23952311.0
DAX,DE0008469008,Deutschland,20735,EUR,2024-08-27 12:00:00,18637.2,18681.81,18724.39,18622.66,35308151.0
DAX,DE0008469008,Deutschland,20735,EUR,2024-08-28 12:00:00,18745.14,18782.29,18856.59,18731.45,37615090.0
DAX,DE0008469008,Deutschland,20735,EUR,2024-08-29 12:00:00,18791.17,18912.57,18936.04,18781.16,39421492.0
DAX,DE0008469008,Deutschland,20735,EUR,2024-08-30 12:00:00,18891.35,18906.92,18970.71,18886.09,95583036.0
DAX,DE0008469008,Deutschland,20735,EUR,2024-09-02 12:00:00,18913.53,18930.85,18937.98,18778.54,36654734.0
DAX,DE0008469008,Deutschland,20735,EUR,2024-09-03 12:00:00,18979.53,18747.11,18990.78,18728.46,51866742.0
DAX,DE0008469008,Deutschland,20735,EUR,2024-09-04 12:00:00,18531.98,18591.85,18654.2,18531.98,52360556.0
DAX,DE0008469008,Deutschland,20735,EUR,2024-09-05 12:00:00,18539.15,18576.5,18677.63,18536.56,57259508.0
DAX,DE0008469008,Deutschland,20735,EUR,2024-09-06 12:00:00,18534.87,18301.9,18607.79,18274.98,60804906.0
DAX,DE0008469008,Deutschland,20735,EUR,2024-09-09 12:00:00,18379.52,18443.56,18484.28,18353.25,43109501.0
DAX,DE0008469008,Deutschland,20735,EUR,2024-09-10 12:00:00,18417.11,18265.92,18490.68,18233.86,70039511.0
DAX,DE0008469008,Deutschland,20735,EUR,2024-09-11 12:00:00,18342.57,18330.27,18434.62,18208.84,87371767.0
DAX,DE0008469008,Deutschland,20735,EUR,2024-09-12 12:00:00,18533.41,18518.39,18595.83,18382.26,61591144.0
DAX,DE0008469008,Deutschland,20735,EUR,2024-09-13 12:00:00,18546.22,18699.4,18722.19,18542.23,69687629.0
DAX,DE0008469008,Deutschland,20735,EUR,2024-09-16 12:00:00,18621.78,18633.11,18672.23,18599.53,51208635.0
DAX,DE0008469008,Deutschland,20735,EUR,2024-09-17 12:00:00,18686.76,18726.08,18805.09,18671.64,60260506.0
DAX,DE0008469008,Deutschland,20735,EUR,2024-09-18 12:00:00,18729.64,18711.49,18756.53,18695.37,56152848.0
DAX,DE0008469008,Deutschland,20735,EUR,2024-09-19 12:00:00,18877.57,19002.38,19044.96,18806.16,80223004.0
DAX,DE0008469008,Deutschland,20735,EUR,2024-09-20 12:00:00,18895.82,18720.01,18900.44,18710.34,155117389.0
DAX,DE0008469008,Deutschland,20735,EUR,2024-09-23 12:00:00,18766.92,18846.79,18857.37,18684.34,67192688.0
DAX,DE0008469008,Deutschland,20735,EUR,2024-09-24 12:00:00,18982.4,18996.63,19029.45,18903.48,57329661.0
DAX,DE0008469008,Deutschland,20735,EUR,2024-09-25 12:00:00,18845.92,18918.5,18965.01,18840.13,52174636.0
DAX,DE0008469008,Deutschland,20735,EUR,2024-09-26 12:00:00,19107.86,19238.36,19253.07,19088.42,78292916.0
DAX,DE0008469008,Deutschland,20735,EUR,2024-09-27 12:00:00,19257.68,19473.63,19491.93,19239.86,77616711.0
DAX,DE0008469008,Deutschland,20735,EUR,2024-09-30 12:00:00,19412.33,19324.93,19449.98,19314.34,67084490.0
DAX,DE0008469008,Deutschland,20735,EUR,2024-10-01 12:00:00,19409.39,19213.14,19448.95,19143.79,69875307.0
DAX,DE0008469008,Deutschland,20735,EUR,2024-10-02 12:00:00,19221.66,19164.75,19250.89,19059.6,49480844.0
DAX,DE0008469008,Deutschland,20735,EUR,2024-10-03 12:00:00,19074.45,19015.41,19110.31,18964.31,46992814.0
DAX,DE0008469008,Deutschland,20735,EUR,2024-10-04 12:00:00,18968.85,19120.93,19171.54,18952.44,58395363.0
DAX,DE0008469008,Deutschland,20735,EUR,2024-10-07 12:00:00,19150.27,19104.1,19151.97,19011.94,46285516.0
DAX,DE0008469008,Deutschland,20735,EUR,2024-10-08 12:00:00,18937.7,19066.47,19098.48,18911.72,49308370.0
DAX,DE0008469008,Deutschland,20735,EUR,2024-10-09 12:00:00,19065.18,19254.93,19259.12,19007.85,53333543.0
DAX,DE0008469008,Deutschland,20735,EUR,2024-10-10 12:00:00,19242.85,19210.9,19285.16,19145.42,52366470.0
DAX,DE0008469008,Deutschland,20735,EUR,2024-10-11 12:00:00,19206.31,19373.83,19377.1,19175.78,54978172.0
DAX,DE0008469008,Deutschland,20735,EUR,2024-10-14 12:00:00,19409.69,19508.29,19518.44,19392.64,43005794.0
DAX,DE0008469008,Deutschland,20735,EUR,2024-10-15 12:00:00,19581.57,19486.19,19633.91,19457.49,69656187.0
DAX,DE0008469008,Deutschland,20735,EUR,2024-10-16 12:00:00,19465.3,19432.81,19510.26,19401.54,51088744.0
DAX,DE0008469008,Deutschland,20735,EUR,2024-10-17 12:00:00,19509.79,19583.39,19674.68,19499.46,49000664.0
DAX,DE0008469008,Deutschland,20735,EUR,2024-10-18 12:00:00,19543.71,19657.37,19667.34,19540.2,57112263.0
DAX,DE0008469008,Deutschland,20735,EUR,2024-10-21 12:00:00,19609.42,19461.19,19645.02,19451.72,41631540.0
DAX,DE0008469008,Deutschland,20735,EUR,2024-10-22 12:00:00,19528.91,19421.91,19591.49,19368.69,54437962.0
DAX,DE0008469008,Deutschland,20735,EUR,2024-10-23 12:00:00,19399.33,19377.62,19464.54,19330.11,52258394.0
DAX,DE0008469008,Deutschland,20735,EUR,2024-10-24 12:00:00,19417.73,19443.0,19555.45,19417.73,55469100.0
DAX,DE0008469008,Deutschland,20735,EUR,2024-10-25 12:00:00,19419.52,19463.59,19516.24,19388.91,46013411.0
DAX,DE0008469008,Deutschland,20735,EUR,2024-10-28 12:00:00,19528.67,19531.62,19570.92,19399.16,46669128.0
DAX,DE0008469008,Deutschland,20735,EUR,2024-10-29 12:00:00,19634.33,19478.07,19643.12,19465.0,46982440.0
DAX,DE0008469008,Deutschland,20735,EUR,2024-10-30 12:00:00,19403.43,19257.34,19420.94,19201.24,59541098.0
DAX,DE0008469008,Deutschland,20735,EUR,2024-10-31 12:00:00,19096.68,19077.54,19184.31,19004.97,63370356.0
DAX,DE0008469008,Deutschland,20735,EUR,2024-11-01 12:00:00,19093.99,19254.97,19297.64,19082.1,45756600.0
DAX,DE0008469008,Deutschland,20735,EUR,2024-11-04 12:00:00,19231.86,19147.85,19286.04,19147.76,43111604.0
DAX,DE0008469008,Deutschland,20735,EUR,2024-11-05 12:00:00,19170.15,19256.27,19263.14,19104.59,47179815.0
DAX,DE0008469008,Deutschland,20735,EUR,2024-11-06 12:00:00,19360.75,19039.31,19563.97,19007.88,112726701.0
DAX,DE0008469008,Deutschland,20735,EUR,2024-11-07 12:00:00,19157.22,19362.52,19437.88,19148.79,83268905.0
DAX,DE0008469008,Deutschland,20735,EUR,2024-11-08 12:00:00,19411.59,19215.48,19411.6,19146.53,69792496.0
DAX,DE0008469008,Deutschland,20735,EUR,2024-11-11 12:00:00,19386.7,19448.6,19546.9,19382.48,59016819.0
DAX,DE0008469008,Deutschland,20735,EUR,2024-11-12 12:00:00,19260.58,19033.64,19339.82,19019.67,92931094.0
DAX,DE0008469008,Deutschland,20735,EUR,2024-11-13 12:00:00,19024.28,19003.11,19125.69,18838.68,92679550.0
DAX,DE0008469008,Deutschland,20735,EUR,2024-11-14 12:00:00,19072.19,19263.7,19307.57,19060.44,77861901.0
DAX,DE0008469008,Deutschland,20735,EUR,2024-11-15 12:00:00,19135.64,19210.81,19288.89,19121.14,67439847.0
DAX,DE0008469008,Deutschland,20735,EUR,2024-11-18 12:00:00,19249.26,19189.19,19279.16,19091.9,51554303.0
DAX,DE0008469008,Deutschland,20735,EUR,2024-11-19 12:00:00,19175.84,19060.31,19211.8,18812.53,62320368.0
DAX,DE0008469008,Deutschland,20735,EUR,2024-11-20 12:00:00,19153.03,19004.78,19198.74,18962.19,53795442.0
DAX,DE0008469008,Deutschland,20735,EUR,2024-11-21 12:00:00,19060.92,19146.17,19152.61,18900.02,55646812.0
DAX,DE0008469008,Deutschland,20735,EUR,2024-11-22 12:00:00,19240.23,19322.59,19338.1,19036.41,71163965.0
DAX,DE0008469008,Deutschland,20735,EUR,2024-11-25 12:00:00,19462.24,19405.2,19468.3,19329.88,121851793.0
DAX,DE0008469008,Deutschland,20735,EUR,2024-11-26 12:00:00,19309.16,19295.98,19385.35,19239.37,60758153.0
DAX,DE0008469008,Deutschland,20735,EUR,2024-11-27 12:00:00,19257.77,19261.75,19287.04,19145.01,51794509.0
DAX,DE0008469008,Deutschland,20735,EUR,2024-11-28 12:00:00,19366.72,19425.73,19437.57,19346.59,42531069.0
DAX,DE0008469008,Deutschland,20735,EUR,2024-11-29 12:00:00,19400.38,19626.45,19640.15,19380.21,52514011.0
DAX,DE0008469008,Deutschland,20735,EUR,2024-12-02 12:00:00,19586.17,19933.62,19933.62,19568.5,63250144.0
DAX,DE0008469008,Deutschland,20735,EUR,2024-12-03 12:00:00,19947.18,20016.75,20038.01,19926.26,63234727.0
DAX,DE0008469008,Deutschland,20735,EUR,2024-12-04 12:00:00,20103.89,20232.14,20260.61,20085.31,63418896.0
DAX,DE0008469008,Deutschland,20735,EUR,2024-12-05 12:00:00,20218.29,20358.8,20373.43,20216.33,58274507.0
DAX,DE0008469008,Deutschland,20735,EUR,2024-12-06 12:00:00,20374.54,20384.61,20425.86,20331.24,61609983.0
DAX,DE0008469008,Deutschland,20735,EUR,2024-12-09 12:00:00,20461.85,20345.96,20461.85,20318.26,58794893.0
DAX,DE0008469008,Deutschland,20735,EUR,2024-12-10 12:00:00,20278.74,20329.16,20393.86,20277.63,66183845.0
DAX,DE0008469008,Deutschland,20735,EUR,2024-12-11 12:00:00,20296.19,20399.16,20415.41,20292.86,59737946.0
DAX,DE0008469008,Deutschland,20735,EUR,2024-12-12 12:00:00,20440.07,20426.27,20453.44,20388.03,55684980.0
DAX,DE0008469008,Deutschland,20735,EUR,2024-12-13 12:00:00,20450.96,20405.92,20522.82,20367.12,52015923.0
DAX,DE0008469008,Deutschland,20735,EUR,2024-12-16 12:00:00,20360.75,20313.81,20387.88,20304.78,64212734.0
DAX,DE0008469008,Deutschland,20735,EUR,2024-12-17 12:00:00,20290.96,20246.37,20356.58,20241.5,70862391.0
DAX,DE0008469008,Deutschland,20735,EUR,2024-12-18 12:00:00,20273.85,20242.57,20329.67,20241.98,62488129.0
DAX,DE0008469008,Deutschland,20735,EUR,2024-12-19 12:00:00,20032.05,19969.86,20105.1,19959.18,70045669.0
DAX,DE0008469008,Deutschland,20735,EUR,2024-12-20 12:00:00,19822.87,19884.75,19924.7,19649.87,135977885.0
DAX,DE0008469008,Deutschland,20735,EUR,2024-12-23 12:00:00,19847.97,19848.77,19901.32,19805.57,38341594.0
DAX,DE0008469008,Deutschland,20735,EUR,2024-12-27 12:00:00,19831.68,19984.32,19984.32,19801.33,43230748.0
DAX,DE0008469008,Deutschland,20735,EUR,2024-12-30 12:00:00,19892.97,19909.14,19978.0,19882.67,26574626.0
DAX,DE0008469008,Deutschland,20735,EUR,2025-01-02 12:00:00,19923.07,20024.66,20024.79,19833.82,52251790.0
DAX,DE0008469008,Deutschland,20735,EUR,2025-01-03 12:00:00,20028.4,19906.08,20031.11,19868.14,44230612.0
DAX,DE0008469008,Deutschland,20735,EUR,2025-01-06 12:00:00,19982.66,20216.19,20216.19,19921.12,70662596.0
DAX,DE0008469008,Deutschland,20735,EUR,2025-01-07 12:00:00,20206.04,20340.57,20391.17,20152.7,61707595.0
DAX,DE0008469008,Deutschland,20735,EUR,2025-01-08 12:00:00,20322.17,20329.94,20480.49,20242.56,62638889.0
DAX,DE0008469008,Deutschland,20735,EUR,2025-01-09 12:00:00,20284.2,20317.1,20360.38,20245.96,49986252.0
DAX,DE0008469008,Deutschland,20735,EUR,2025-01-10 12:00:00,20316.55,20214.79,20400.52,20187.97,75792244.0
DAX,DE0008469008,Deutschland,20735,EUR,2025-01-13 12:00:00,20157.24,20132.85,20176.11,20025.28,55987840.0
DAX,DE0008469008,Deutschland,20735,EUR,2025-01-14 12:00:00,20266.14,20271.33,20362.59,20234.26,65078352.0
DAX,DE0008469008,Deutschland,20735,EUR,2025-01-15 12:00:00,20305.24,20574.68,20629.77,20290.62,80587725.0
DAX,DE0008469008,Deutschland,20735,EUR,2025-01-16 12:00:00,20665.61,20655.39,20675.08,20580.09,65944494.0
DAX,DE0008469008,Deutschland,20735,EUR,2025-01-17 12:00:00,20732.04,20903.39,20924.5,20716.38,75791180.0
DAX,DE0008469008,Deutschland,20735,EUR,2025-01-20 12:00:00,20900.68,20990.31,21054.6,20880.57,49742887.0
DAX,DE0008469008,Deutschland,20735,EUR,2025-01-21 12:00:00,20925.75,21042.0,21045.67,20922.8,48994289.0
DAX,DE0008469008,Deutschland,20735,EUR,2025-01-22 12:00:00,21169.61,21254.27,21330.87,21162.31,63066633.0
DAX,DE0008469008,Deutschland,20735,EUR,2025-01-23 12:00:00,21277.58,21411.53,21423.02,21254.08,55726429.0
DAX,DE0008469008,Deutschland,20735,EUR,2025-01-24 12:00:00,21463.15,21394.93,21520.5,21353.01,67117041.0
DAX,DE0008469008,Deutschland,20735,EUR,2025-01-27 12:00:00,21201.99,21282.18,21344.98,21081.61,78699512.0
DAX,DE0008469008,Deutschland,20735,EUR,2025-01-28 12:00:00,21374.29,21430.58,21475.9,21296.33,67728161.0
DAX,DE0008469008,Deutschland,20735,EUR,2025-01-29 12:00:00,21511.47,21637.53,21671.59,21475.64,68891831.0
DAX,DE0008469008,Deutschland,20735,EUR,2025-01-30 12:00:00,21676.22,21727.2,21732.05,21650.78,80559980.0
DAX,DE0008469008,Deutschland,20735,EUR,2025-01-31 12:00:00,21771.49,21732.05,21800.52,21689.29,69477346.0
DAX,DE0008469008,Deutschland,20735,EUR,2025-02-03 12:00:00,21301.53,21428.24,21462.79,21252.71,79629274.0
DAX,DE0008469008,Deutschland,20735,EUR,2025-02-04 12:00:00,21474.79,21505.7,21518.54,21298.71,62931224.0
DAX,DE0008469008,Deutschland,20735,EUR,2025-02-05 12:00:00,21429.83,21585.93,21585.93,21387.72,60277658.0
DAX,DE0008469008,Deutschland,20735,EUR,2025-02-06 12:00:00,21718.1,21902.42,21921.02,21691.57,74298028.0
DAX,DE0008469008,Deutschland,20735,EUR,2025-02-07 12:00:00,21908.48,21787.0,21945.31,21759.97,67408089.0
DAX,DE0008469008,Deutschland,20735,EUR,2025-02-10 12:00:00,21830.93,21911.74,21945.57,21785.02,53213637.0
DAX,DE0008469008,Deutschland,20735,EUR,2025-02-11 12:00:00,21909.96,22037.83,22046.41,21884.38,54907436.0
DAX,DE0008469008,Deutschland,20735,EUR,2025-02-12 12:00:00,22077.82,22148.03,22193.65,21971.63,72648593.0
DAX,DE0008469008,Deutschland,20735,EUR,2025-02-13 12:00:00,22410.58,22612.02,22624.57,22306.33,95299502.0
DAX,DE0008469008,Deutschland,20735,EUR,2025-02-14 12:00:00,22526.87,22513.42,22609.97,22467.37,67008085.0
DAX,DE0008469008,Deutschland,20735,EUR,2025-02-17 12:00:00,22589.91,22798.09,22804.2,22550.73,49073102.0
DAX,DE0008469008,Deutschland,20735,EUR,2025-02-18 12:00:00,22851.37,22844.5,22882.77,22715.25,60593148.0
DAX,DE0008469008,Deutschland,20735,EUR,2025-02-19 12:00:00,22875.96,22433.63,22935.06,22416.11,71513424.0
DAX,DE0008469008,Deutschland,20735,EUR,2025-02-20 12:00:00,22501.21,22314.65,22574.59,22280.23,69510601.0
DAX,DE0008469008,Deutschland,20735,EUR,2025-02-21 12:00:00,22329.22,22287.56,22393.59,22226.34,72070070.0
DAX,DE0008469008,Deutschland,20735,EUR,2025-02-24 12:00:00,22470.68,22425.93,22515.36,22235.26,71006929.0
DAX,DE0008469008,Deutschland,20735,EUR,2025-02-25 12:00:00,22362.81,22410.27,22576.12,22332.15,70510614.0
DAX,DE0008469008,Deutschland,20735,EUR,2025-02-26 12:00:00,22571.93,22794.11,22833.25,22554.37,80096973.0
DAX,DE0008469008,Deutschland,20735,EUR,2025-02-27 12:00:00,22587.27,22550.89,22686.41,22378.06,73261955.0
DAX,DE0008469008,Deutschland,20735,EUR,2025-02-28 12:00:00,22409.25,22551.43,22551.43,22329.06,116891273.0
DAX,DE0008469008,Deutschland,20735,EUR,2025-03-03 12:00:00,22682.95,23147.02,23307.97,22531.6,92971048.0
DAX,DE0008469008,Deutschland,20735,EUR,2025-03-04 12:00:00,22852.72,22326.81,22869.92,22320.07,105882061.0
DAX,DE0008469008,Deutschland,20735,EUR,2025-03-05 12:00:00,22804.81,23081.03,23176.39,22790.89,142346475.0
DAX,DE0008469008,Deutschland,20735,EUR,2025-03-06 12:00:00,23245.34,23419.48,23475.88,23061.57,146679921.0
DAX,DE0008469008,Deutschland,20735,EUR,2025-03-07 12:00:00,23195.22,23008.94,23234.28,22860.08,105138312.0
DAX,DE0008469008,Deutschland,20735,EUR,2025-03-10 12:00:00,23163.78,22620.95,23164.24,22519.21,107711214.0
DAX,DE0008469008,Deutschland,20735,EUR,2025-03-11 12:00:00,22680.39,22328.77,22835.1,22258.3,95896962.0
DAX,DE0008469008,Deutschland,20735,EUR,2025-03-12 12:00:00,22525.74,22676.41,22813.84,22461.77,79772889.0
DAX,DE0008469008,Deutschland,20735,EUR,2025-03-13 12:00:00,22578.1,22567.14,22752.83,22417.52,77853737.0
DAX,DE0008469008,Deutschland,20735,EUR,2025-03-14 12:00:00,22501.34,22986.82,23049.48,22465.12,92111269.0
DAX,DE0008469008,Deutschland,20735,EUR,2025-03-17 12:00:00,22998.53,23154.57,23154.57,22933.57,66467834.0
DAX,DE0008469008,Deutschland,20735,EUR,2025-03-18 12:00:00,23266.65,23380.7,23476.01,23240.56,80019449.0
DAX,DE0008469008,Deutschland,20735,EUR,2025-03-19 12:00:00,23272.15,23288.06,23372.08,23136.54,78783213.0
DAX,DE0008469008,Deutschland,20735,EUR,2025-03-20 12:00:00,23295.72,22999.15,23315.49,22819.76,91602191.0
DAX,DE0008469008,Deutschland,20735,EUR,2025-03-21 12:00:00,22926.42,22891.68,22956.98,22723.19,145641555.0
DAX,DE0008469008,Deutschland,20735,EUR,2025-03-24 12:00:00,23075.76,22852.66,23137.48,22813.11,66086875.0
DAX,DE0008469008,Deutschland,20735,EUR,2025-03-25 12:00:00,22913.42,23109.79,23182.78,22845.52,59925153.0
DAX,DE0008469008,Deutschland,20735,EUR,2025-03-26 12:00:00,23202.25,22839.03,23204.59,22826.37,57180326.0
DAX,DE0008469008,Deutschland,20735,EUR,2025-03-27 12:00:00,22574.46,22678.74,22740.47,22469.88,74126481.0
DAX,DE0008469008,Deutschland,20735,EUR,2025-03-28 12:00:00,22558.84,22461.52,22614.96,22377.91,80570417.0
DAX,DE0008469008,Deutschland,20735,EUR,2025-03-31 12:00:00,22253.05,22163.49,22320.02,21978.46,82585990.0
DAX,DE0008469008,Deutschland,20735,EUR,2025-04-01 12:00:00,22343.41,22539.98,22573.71,22297.37,66996612.0
DAX,DE0008469008,Deutschland,20735,EUR,2025-04-02 12:00:00,22483.93,22390.84,22485.41,22139.27,60310347.0
DAX,DE0008469008,Deutschland,20735,EUR,2025-04-03 12:00:00,21842.08,21717.39,22147.45,21670.96,115126421.0
DAX,DE0008469008,Deutschland,20735,EUR,2025-04-04 12:00:00,21543.47,20641.72,21642.17,20437.37,186421940.0
DAX,DE0008469008,Deutschland,20735,EUR,2025-04-07 12:00:00,18751.75,19789.62,20799.68,18489.91,244204266.0
DAX,DE0008469008,Deutschland,20735,EUR,2025-04-08 12:00:00,20039.69,20280.26,20468.43,19884.48,135767382.0
DAX,DE0008469008,Deutschland,20735,EUR,2025-04-09 12:00:00,19833.56,19670.88,20025.38,19384.39,139693472.0
DAX,DE0008469008,Deutschland,20735,EUR,2025-04-10 12:00:00,21207.76,20562.73,21300.31,20562.73,133710821.0
DAX,DE0008469008,Deutschland,20735,EUR,2025-04-11 12:00:00,20787.06,20374.1,20796.45,20114.54,99259829.0
DAX,DE0008469008,Deutschland,20735,EUR,2025-04-14 12:00:00,20802.42,20954.83,21048.33,20698.91,73353264.0
DAX,DE0008469008,Deutschland,20735,EUR,2025-04-15 12:00:00,21076.06,21253.7,21288.12,21042.27,66006580.0
DAX,DE0008469008,Deutschland,20735,EUR,2025-04-16 12:00:00,21117.78,21311.02,21315.96,20956.38,61729082.0
DAX,DE0008469008,Deutschland,20735,EUR,2025-04-17 12:00:00,21433.55,21205.86,21436.66,21142.26,65245907.0
DAX,DE0008469008,Deutschland,20735,EUR,2025-04-22 12:00:00,21150.54,21293.53,21296.91,21044.61,61094315.0
DAX,DE0008469008,Deutschland,20735,EUR,2025-04-23 12:00:00,21801.66,21961.97,22043.75,21722.84,87462897.0
DAX,DE0008469008,Deutschland,20735,EUR,2025-04-24 12:00:00,21890.1,22064.51,22081.52,21731.79,61875949.0
DAX,DE0008469008,Deutschland,20735,EUR,2025-04-25 12:00:00,22210.51,22242.45,22318.36,22078.34,69962855.0
DAX,DE0008469008,Deutschland,20735,EUR,2025-04-28 12:00:00,22339.89,22271.67,22443.41,22255.33,55053304.0
DAX,DE0008469008,Deutschland,20735,EUR,2025-04-29 12:00:00,22377.17,22425.83,22455.68,22319.28,74601615.0
DAX,DE0008469008,Deutschland,20735,EUR,2025-04-30 12:00:00,22520.49,22496.98,22607.32,22235.74,97888776.0
DAX,DE0008469008,Deutschland,20735,EUR,2025-05-02 12:00:00,22818.18,23086.65,23086.65,22764.51,83170865.0
DAX,DE0008469008,Deutschland,20735,EUR,2025-05-05 12:00:00,23064.26,23344.54,23364.24,23064.26,48142998.0
DAX,DE0008469008,Deutschland,20735,EUR,2025-05-06 12:00:00,23387.35,23249.65,23389.86,22861.4,65748526.0
DAX,DE0008469008,Deutschland,20735,EUR,2025-05-07 12:00:00,23252.95,23115.96,23300.88,23100.93,65208163.0
DAX,DE0008469008,Deutschland,20735,EUR,2025-05-08 12:00:00,23265.77,23352.69,23408.5,23238.46,66873999.0
DAX,DE0008469008,Deutschland,20735,EUR,2025-05-09 12:00:00,23480.38,23499.32,23543.27,23428.88,67904891.0
DAX,DE0008469008,Deutschland,20735,EUR,2025-05-12 12:00:00,23758.58,23566.54,23911.98,23361.72,91708371.0
DAX,DE0008469008,Deutschland,20735,EUR,2025-05-13 12:00:00,23583.74,23638.56,23649.88,23543.05,78847792.0
DAX,DE0008469008,Deutschland,20735,EUR,2025-05-14 12:00:00,23679.03,23527.01,23702.2,23444.41,79176930.0
DAX,DE0008469008,Deutschland,20735,EUR,2025-05-15 12:00:00,23422.18,23695.59,23696.68,23338.89,73734657.0
DAX,DE0008469008,Deutschland,20735,EUR,2025-05-16 12:00:00,23775.68,23767.43,23887.14,23664.39,70693154.0
DAX,DE0008469008,Deutschland,20735,EUR,2025-05-19 12:00:00,23705.93,23934.98,23935.09,23676.35,47094792.0
DAX,DE0008469008,Deutschland,20735,EUR,2025-05-20 12:00:00,24004.39,24036.11,24082.48,23898.85,65152399.0
DAX,DE0008469008,Deutschland,20735,EUR,2025-05-21 12:00:00,23966.42,24122.4,24152.24,23871.47,57375943.0
DAX,DE0008469008,Deutschland,20735,EUR,2025-05-22 12:00:00,24017.06,23999.17,24040.21,23843.07,54889499.0
DAX,DE0008469008,Deutschland,20735,EUR,2025-05-23 12:00:00,24026.69,23629.58,24149.08,23274.85,92938329.0
DAX,DE0008469008,Deutschland,20735,EUR,2025-05-26 12:00:00,24009.1,24027.65,24050.6,23932.04,36513659.0
DAX,DE0008469008,Deutschland,20735,EUR,2025-05-27 12:00:00,24054.16,24226.49,24300.97,24027.75,52112925.0
DAX,DE0008469008,Deutschland,20735,EUR,2025-05-28 12:00:00,24250.99,24038.19,24325.97,24038.19,56392853.0
DAX,DE0008469008,Deutschland,20735,EUR,2025-05-29 12:00:00,24255.01,23933.23,24255.01,23917.06,41646859.0
DAX,DE0008469008,Deutschland,20735,EUR,2025-05-30 12:00:00,23963.49,23997.48,24181.53,23958.43,106601746.0
DAX,DE0008469008,Deutschland,20735,EUR,2025-06-02 12:00:00,23865.38,23930.67,23993.22,23740.09,52095179.0
DAX,DE0008469008,Deutschland,20735,EUR,2025-06-03 12:00:00,24031.96,24091.62,24101.55,23826.39,49656874.0
DAX,DE0008469008,Deutschland,20735,EUR,2025-06-04 12:00:00,24253.69,24276.48,24346.15,24129.32,53402619.0
DAX,DE0008469008,Deutschland,20735,EUR,2025-06-05 12:00:00,24281.21,24323.58,24479.42,24220.71,52903478.0
DAX,DE0008469008,Deutschland,20735,EUR,2025-06-06 12:00:00,24304.37,24304.46,24355.03,24214.53,40551958.0
DAX,DE0008469008,Deutschland,20735,EUR,2025-06-09 12:00:00,24252.26,24174.32,24289.51,24097.09,35360718.0
DAX,DE0008469008,Deutschland,20735,EUR,2025-06-10 12:00:00,24156.53,23987.56,24168.59,23964.77,58222266.0
DAX,DE0008469008,Deutschland,20735,EUR,2025-06-11 12:00:00,23996.66,23948.9,24151.39,23948.57,60980595.0
DAX,DE0008469008,Deutschland,20735,EUR,2025-06-12 12:00:00,23768.05,23771.45,23885.06,23618.85,62891843.0
DAX,DE0008469008,Deutschland,20735,EUR,2025-06-13 12:00:00,23448.19,23516.23,23557.71,23360.16,72463689.0
DAX,DE0008469008,Deutschland,20735,EUR,2025-06-16 12:00:00,23589.47,23699.12,23711.73,23505.54,54574798.0
DAX,DE0008469008,Deutschland,20735,EUR,2025-06-17 12:00:00,23495.06,23434.65,23550.99,23315.07,53774298.0
DAX,DE0008469008,Deutschland,20735,EUR,2025-06-18 12:00:00,23426.97,23317.81,23502.95,23262.64,55577447.0
DAX,DE0008469008,Deutschland,20735,EUR,2025-06-19 12:00:00,23178.6,23057.38,23254.86,23051.55,40726324.0
DAX,DE0008469008,Deutschland,20735,EUR,2025-06-20 12:00:00,23197.12,23350.55,23481.97,23187.48,151630580.0
DAX,DE0008469008,Deutschland,20735,EUR,2025-06-23 12:00:00,23242.9,23269.01,23385.6,23080.29,49325223.0
DAX,DE0008469008,Deutschland,20735,EUR,2025-06-24 12:00:00,23689.19,23641.58,23812.79,23580.21,63222413.0
DAX,DE0008469008,Deutschland,20735,EUR,2025-06-25 12:00:00,23713.24,23498.33,23713.24,23466.73,56696671.0
DAX,DE0008469008,Deutschland,20735,EUR,2025-06-26 12:00:00,23609.3,23649.3,23710.58,23521.1,50456977.0
DAX,DE0008469008,Deutschland,20735,EUR,2025-06-27 12:00:00,23864.67,24033.22,24040.55,23784.62,56827439.0
DAX,DE0008469008,Deutschland,20735,EUR,2025-06-30 12:00:00,24109.15,23909.61,24120.82,23854.31,69646561.0
DAX,DE0008469008,Deutschland,20735,EUR,2025-07-01 12:00:00,23966.95,23673.29,23978.3,23671.27,61034430.0
DAX,DE0008469008,Deutschland,20735,EUR,2025-07-02 12:00:00,23789.06,23790.11,23824.5,23620.42,52613116.0
DAX,DE0008469008,Deutschland,20735,EUR,2025-07-03 12:00:00,23884.8,23934.13,23944.1,23762.42,45919489.0
DAX,DE0008469008,Deutschland,20735,EUR,2025-07-04 12:00:00,23833.14,23787.45,23868.93,23702.65,33833194.0
DAX,DE0008469008,Deutschland,20735,EUR,2025-07-07 12:00:00,23845.88,24073.67,24073.67,23836.58,39141944.0
DAX,DE0008469008,Deutschland,20735,EUR,2025-07-08 12:00:00,24135.74,24206.91,24244.09,24063.42,59730263.0
DAX,DE0008469008,Deutschland,20735,EUR,2025-07-09 12:00:00,24278.89,24549.56,24609.15,24261.01,59783142.0
DAX,DE0008469008,Deutschland,20735,EUR,2025-07-10 12:00:00,24638.58,24456.81,24639.1,24450.97,58127443.0
DAX,DE0008469008,Deutschland,20735,EUR,2025-07-11 12:00:00,24333.11,24255.31,24369.05,24166.63,44980329.0
DAX,DE0008469008,Deutschland,20735,EUR,2025-07-14 12:00:00,24038.29,24160.64,24168.14,23975.46,41561024.0
DAX,DE0008469008,Deutschland,20735,EUR,2025-07-15 12:00:00,24220.52,24060.29,24266.81,24060.29,40944261.0
DAX,DE0008469008,Deutschland,20735,EUR,2025-07-16 12:00:00,24011.99,24009.38,24207.81,23968.95,50919663.0
DAX,DE0008469008,Deutschland,20735,EUR,2025-07-17 12:00:00,24227.54,24370.93,24374.5,24174.76,46803933.0
DAX,DE0008469008,Deutschland,20735,EUR,2025-07-18 12:00:00,24483.66,24289.51,24494.88,24251.36,46937656.0
DAX,DE0008469008,Deutschland,20735,EUR,2025-07-21 12:00:00,24309.39,24307.8,24335.26,24191.63,41939506.0
DAX,DE0008469008,Deutschland,20735,EUR,2025-07-22 12:00:00,24236.09,24041.9,24237.41,23921.83,48165255.0
DAX,DE0008469008,Deutschland,20735,EUR,2025-07-23 12:00:00,24246.8,24240.82,24310.96,24122.19,79372043.0
DAX,DE0008469008,Deutschland,20735,EUR,2025-07-24 12:00:00,24502.99,24295.93,24514.93,24235.44,77203625.0
DAX,DE0008469008,Deutschland,20735,EUR,2025-07-25 12:00:00,24097.33,24217.5,24252.59,24065.19,53139940.0
DAX,DE0008469008,Deutschland,20735,EUR,2025-07-28 12:00:00,24424.67,23970.36,24444.47,23942.12,51853323.0
DAX,DE0008469008,Deutschland,20735,EUR,2025-07-29 12:00:00,24051.71,24217.37,24310.0,24051.71,49200208.0
DAX,DE0008469008,Deutschland,20735,EUR,2025-07-30 12:00:00,24169.26,24262.22,24302.77,24138.21,50388488.0
DAX,DE0008469008,Deutschland,20735,EUR,2025-07-31 12:00:00,24340.21,24065.47,24433.4,24039.92,60288562.0
DAX,DE0008469008,Deutschland,20735,EUR,2025-08-01 12:00:00,23786.91,23425.97,23802.73,23380.94,68542170.0
DAX,DE0008469008,Deutschland,20735,EUR,2025-08-04 12:00:00,23523.24,23757.69,23783.79,23521.61,49605788.0
DAX,DE0008469008,Deutschland,20735,EUR,2025-08-05 12:00:00,23914.32,23846.07,23979.59,23785.08,56599141.0
DAX,DE0008469008,Deutschland,20735,EUR,2025-08-06 12:00:00,23972.03,23924.36,23996.89,23806.92,64661620.0
DAX,DE0008469008,Deutschland,20735,EUR,2025-08-07 12:00:00,23910.87,24192.5,24392.04,23899.46,74544777.0
DAX,DE0008469008,Deutschland,20735,EUR,2025-08-08 12:00:00,24165.88,24162.86,24268.82,24095.99,54991452.0
DAX,DE0008469008,Deutschland,20735,EUR,2025-08-11 12:00:00,24206.26,24081.34,24219.09,24030.05,40794305.0
DAX,DE0008469008,Deutschland,20735,EUR,2025-08-12 12:00:00,24147.01,24024.78,24156.25,23940.24,54585174.0
DAX,DE0008469008,Deutschland,20735,EUR,2025-08-13 12:00:00,24156.51,24185.59,24247.39,24138.79,47669282.0
DAX,DE0008469008,Deutschland,20735,EUR,2025-08-14 12:00:00,24205.59,24377.5,24409.35,24205.37,47217597.0
DAX,DE0008469008,Deutschland,20735,EUR,2025-08-15 12:00:00,24530.7,24359.3,24536.11,24327.6,46347321.0
DAX,DE0008469008,Deutschland,20735,EUR,2025-08-18 12:00:00,24313.82,24314.77,24336.74,24245.17,39641335.0
DAX,DE0008469008,Deutschland,20735,EUR,2025-08-19 12:00:00,24357.23,24423.07,24441.0,24283.55,42817766.0
DAX,DE0008469008,Deutschland,20735,EUR,2025-08-20 12:00:00,24252.72,24276.97,24369.87,24217.51,44141037.0
DAX,DE0008469008,Deutschland,20735,EUR,2025-08-21 12:00:00,24274.42,24293.34,24306.06,24179.91,38659661.0
DAX,DE0008469008,Deutschland,20735,EUR,2025-08-22 12:00:00,24254.81,24363.09,24444.41,24222.54,44011298.0
DAX,DE0008469008,Deutschland,20735,EUR,2025-08-25 12:00:00,24232.02,24273.12,24377.38,24224.15,30849718.0
DAX,DE0008469008,Deutschland,20735,EUR,2025-08-26 12:00:00,24110.08,24152.87,24263.11,24036.88,77596208.0
DAX,DE0008469008,Deutschland,20735,EUR,2025-08-27 12:00:00,24174.62,24046.21,24198.3,23977.99,42877610.0
DAX,DE0008469008,Deutschland,20735,EUR,2025-08-28 12:00:00,24180.62,24039.92,24206.53,23972.54,40454245.0
DAX,DE0008469008,Deutschland,20735,EUR,2025-08-29 12:00:00,23949.43,23902.21,24063.55,23881.98,44366449.0
DAX,DE0008469008,Deutschland,20735,EUR,2025-09-01 12:00:00,24012.04,24037.33,24046.85,23969.36,26001785.0
DAX,DE0008469008,Deutschland,20735,EUR,2025-09-02 12:00:00,23975.34,23487.33,23990.81,23482.67,52288060.0
DAX,DE0008469008,Deutschland,20735,EUR,2025-09-03 12:00:00,23606.69,23594.8,23705.95,23507.11,51896416.0
DAX,DE0008469008,Deutschland,20735,EUR,2025-09-04 12:00:00,23664.79,23770.33,23800.12,23610.45,45880032.0
DAX,DE0008469008,Deutschland,20735,EUR,2025-09-05 12:00:00,23851.94,23596.98,23854.68,23546.7,45904797.0
DAX,DE0008469008,Deutschland,20735,EUR,2025-09-08 12:00:00,23771.86,23807.13,23830.12,23655.47,47888688.0
DAX,DE0008469008,Deutschland,20735,EUR,2025-09-09 12:00:00,23802.61,23718.45,23859.56,23633.95,43667840.0
DAX,DE0008469008,Deutschland,20735,EUR,2025-09-10 12:00:00,23837.17,23632.95,23883.58,23600.47,47926079.0
DAX,DE0008469008,Deutschland,20735,EUR,2025-09-11 12:00:00,23654.93,23703.65,23787.18,23563.37,46656163.0
DAX,DE0008469008,Deutschland,20735,EUR,2025-09-12 12:00:00,23767.34,23698.15,23793.06,23604.36,43141073.0
DAX,DE0008469008,Deutschland,20735,EUR,2025-09-15 12:00:00,23785.26,23748.86,23855.35,23664.11,39335297.0
DAX,DE0008469008,Deutschland,20735,EUR,2025-09-16 12:00:00,23711.99,23329.24,23717.67,23317.3,50248640.0
DAX,DE0008469008,Deutschland,20735,EUR,2025-09-17 12:00:00,23407.39,23359.18,23476.71,23284.67,48973745.0
DAX,DE0008469008,Deutschland,20735,EUR,2025-09-18 12:00:00,23577.06,23674.53,23690.47,23557.81,53489786.0
DAX,DE0008469008,Deutschland,20735,EUR,2025-09-19 12:00:00,23723.34,23639.41,23785.24,23599.26,210013761.0
DAX,DE0008469008,Deutschland,20735,EUR,2025-09-22 12:00:00,23567.49,23527.05,23589.25,23424.44,55802973.0
DAX,DE0008469008,Deutschland,20735,EUR,2025-09-23 12:00:00,23604.36,23611.33,23723.2,23564.97,47935944.0
DAX,DE0008469008,Deutschland,20735,EUR,2025-09-24 12:00:00,23601.5,23666.81,23736.6,23499.98,53191917.0
DAX,DE0008469008,Deutschland,20735,EUR,2025-09-25 12:00:00,23620.4,23534.83,23629.37,23383.84,54364272.0
DAX,DE0008469008,Deutschland,20735,EUR,2025-09-26 12:00:00,23601.19,23739.47,23756.04,23579.25,43810137.0
DAX,DE0008469008,Deutschland,20735,EUR,2025-09-29 12:00:00,23835.61,23745.06,23835.61,23666.81,38493782.0
DAX,DE0008469008,Deutschland,20735,EUR,2025-09-30 12:00:00,23726.43,23880.72,23887.73,23676.36,46694458.0
DAX,DE0008469008,Deutschland,20735,EUR,2025-10-01 12:00:00,23755.23,24113.62,24162.23,23753.08,52595883.0
DAX,DE0008469008,Deutschland,20735,EUR,2025-10-02 12:00:00,24293.83,24422.56,24502.33,24247.45,53169621.0
DAX,DE0008469008,Deutschland,20735,EUR,2025-10-03 12:00:00,24511.57,24378.8,24524.11,24343.21,37777971.0
DAX,DE0008469008,Deutschland,20735,EUR,2025-10-06 12:00:00,24357.59,24378.29,24482.9,24269.94,42989661.0
DAX,DE0008469008,Deutschland,20735,EUR,2025-10-07 12:00:00,24400.77,24385.78,24452.93,24308.04,40943035.0
DAX,DE0008469008,Deutschland,20735,EUR,2025-10-08 12:00:00,24382.66,24597.13,24630.97,24360.65,56621628.0
DAX,DE0008469008,Deutschland,20735,EUR,2025-10-09 12:00:00,24674.65,24611.25,24771.34,24602.12,40626186.0
DAX,DE0008469008,Deutschland,20735,EUR,2025-10-10 12:00:00,24664.23,24241.46,24690.72,24241.46,49616967.0
DAX,DE0008469008,Deutschland,20735,EUR,2025-10-13 12:00:00,24372.9,24387.93,24448.77,24260.77,36154355.0
DAX,DE0008469008,Deutschland,20735,EUR,2025-10-14 12:00:00,24169.03,24236.94,24242.85,23986.93,44544086.0
DAX,DE0008469008,Deutschland,20735,EUR,2025-10-15 12:00:00,24263.71,24181.37,24339.27,24179.99,42719260.0
DAX,DE0008469008,Deutschland,20735,EUR,2025-10-16 12:00:00,24188.15,24272.19,24283.57,24051.85,43937347.0
DAX,DE0008469008,Deutschland,20735,EUR,2025-10-17 12:00:00,23833.11,23830.99,23987.75,23684.37,68456469.0
DAX,DE0008469008,Deutschland,20735,EUR,2025-10-20 12:00:00,24035.19,24258.8,24296.39,24026.59,45891527.0
DAX,DE0008469008,Deutschland,20735,EUR,2025-10-21 12:00:00,24310.44,24330.03,24384.24,24201.29,42383792.0
DAX,DE0008469008,Deutschland,20735,EUR,2025-10-22 12:00:00,24296.16,24151.13,24342.18,24138.25,56700539.0
DAX,DE0008469008,Deutschland,20735,EUR,2025-10-23 12:00:00,24202.78,24207.79,24222.84,24035.21,51473032.0
DAX,DE0008469008,Deutschland,20735,EUR,2025-10-24 12:00:00,24275.99,24239.89,24275.99,24145.26,43952188.0
DAX,DE0008469008,Deutschland,20735,EUR,2025-10-27 12:00:00,24332.85,24308.78,24348.59,24185.84,44587711.0
DAX,DE0008469008,Deutschland,20735,EUR,2025-10-28 12:00:00,24228.18,24278.63,24339.94,24188.37,41895158.0
DAX,DE0008469008,Deutschland,20735,EUR,2025-10-29 12:00:00,24261.09,24124.21,24322.9,24090.58,63061676.0
DAX,DE0008469008,Deutschland,20735,EUR,2025-10-30 12:00:00,24187.82,24118.89,24215.3,24034.75,53239446.0
DAX,DE0008469008,Deutschland,20735,EUR,2025-10-31 12:00:00,24115.31,23958.3,24119.66,23922.95,42416649.0
DAX,DE0008469008,Deutschland,20735,EUR,2025-11-03 12:00:00,23990.34,24132.41,24248.67,23982.28,46904873.0
DAX,DE0008469008,Deutschland,20735,EUR,2025-11-04 12:00:00,23801.24,23949.11,23974.31,23674.65,49296330.0
DAX,DE0008469008,Deutschland,20735,EUR,2025-11-05 12:00:00,23774.55,24049.74,24103.53,23732.38,53202652.0
DAX,DE0008469008,Deutschland,20735,EUR,2025-11-06 12:00:00,23996.24,23734.02,24058.73,23721.99,56747117.0
DAX,DE0008469008,Deutschland,20735,EUR,2025-11-07 12:00:00,23801.97,23569.96,23837.12,23452.89,51725694.0
DAX,DE0008469008,Deutschland,20735,EUR,2025-11-10 12:00:00,23925.36,23959.99,24022.69,23854.49,51347670.0
DAX,DE0008469008,Deutschland,20735,EUR,2025-11-11 12:00:00,23990.14,24088.06,24108.43,23952.41,46174878.0
DAX,DE0008469008,Deutschland,20735,EUR,2025-11-12 12:00:00,24245.89,24381.46,24441.28,24234.94,74189782.0
DAX,DE0008469008,Deutschland,20735,EUR,2025-11-13 12:00:00,24367.7,24041.62,24416.33,24027.92,59608414.0
DAX,DE0008469008,Deutschland,20735,EUR,2025-11-14 12:00:00,23977.72,23876.55,23992.12,23609.06,62939674.0
DAX,DE0008469008,Deutschland,20735,EUR,2025-11-17 12:00:00,23890.48,23590.52,23928.48,23529.73,45564046.0
DAX,DE0008469008,Deutschland,20735,EUR,2025-11-18 12:00:00,23238.33,23180.53,23358.75,23085.38,60296023.0
DAX,DE0008469008,Deutschland,20735,EUR,2025-11-19 12:00:00,23180.93,23162.92,23379.36,23105.55,51356722.0
DAX,DE0008469008,Deutschland,20735,EUR,2025-11-20 12:00:00,23387.42,23278.85,23512.49,23277.09,47183910.0
DAX,DE0008469008,Deutschland,20735,EUR,2025-11-21 12:00:00,22963.17,23091.87,23256.27,22943.06,67543549.0
DAX,DE0008469008,Deutschland,20735,EUR,2025-11-24 12:00:00,23280.32,23239.18,23392.22,23149.7,126642898.0
DAX,DE0008469008,Deutschland,20735,EUR,2025-11-25 12:00:00,23254.46,23464.63,23487.23,23139.27,49177252.0
DAX,DE0008469008,Deutschland,20735,EUR,2025-11-26 12:00:00,23585.26,23726.22,23727.25,23445.28,44783897.0
DAX,DE0008469008,Deutschland,20735,EUR,2025-11-27 12:00:00,23732.81,23767.96,23830.97,23708.42,30793880.0
DAX,DE0008469008,Deutschland,20735,EUR,2025-11-28 12:00:00,23780.75,23836.79,23883.98,23720.56,36506547.0
DAX,DE0008469008,Deutschland,20735,EUR,2025-12-01 12:00:00,23731.29,23589.44,23734.2,23433.48,47973386.0
DAX,DE0008469008,Deutschland,20735,EUR,2025-12-02 12:00:00,23637.49,23710.86,23792.05,23607.7,49713215.0
DAX,DE0008469008,Deutschland,20735,EUR,2025-12-03 12:00:00,23788.82,23693.71,23838.05,23646.43,51358108.0
DAX,DE0008469008,Deutschland,20735,EUR,2025-12-04 12:00:00,23836.23,23882.03,23930.52,23797.71,52062435.0
DAX,DE0008469008,Deutschland,20735,EUR,2025-12-05 12:00:00,23942.73,24028.14,24130.92,23929.26,45684464.0
DAX,DE0008469008,Deutschland,20735,EUR,2025-12-08 12:00:00,24015.97,24046.01,24116.99,23985.28,44813231.0
DAX,DE0008469008,Deutschland,20735,EUR,2025-12-09 12:00:00,24094.99,24162.65,24186.92,24092.5,47723673.0
DAX,DE0008469008,Deutschland,20735,EUR,2025-12-10 12:00:00,24131.39,24130.14,24168.72,24001.43,46153703.0
DAX,DE0008469008,Deutschland,20735,EUR,2025-12-11 12:00:00,24055.17,24294.61,24364.01,24007.98,51022671.0
DAX,DE0008469008,Deutschland,20735,EUR,2025-12-12 12:00:00,24368.94,24186.49,24474.62,24173.28,44486963.0
DAX,DE0008469008,Deutschland,20735,EUR,2025-12-15 12:00:00,24297.64,24229.91,24318.3,24170.45,45948593.0
DAX,DE0008469008,Deutschland,20735,EUR,2025-12-16 12:00:00,24124.11,24076.87,24191.6,24011.8,51701744.0
DAX,DE0008469008,Deutschland,20735,EUR,2025-12-17 12:00:00,24159.62,23960.59,24185.47,23949.17,51145444.0
DAX,DE0008469008,Deutschland,20735,EUR,2025-12-18 12:00:00,23947.03,24199.5,24215.98,23923.97,50443550.0
DAX,DE0008469008,Deutschland,20735,EUR,2025-12-19 12:00:00,24196.19,24288.4,24305.82,24153.23,128582098.0
DAX,DE0008469008,Deutschland,20735,EUR,2025-12-22 12:00:00,24291.85,24283.97,24356.11,24203.37,31351161.0
DAX,DE0008469008,Deutschland,20735,EUR,2025-12-23 12:00:00,24297.62,24340.06,24362.01,24257.47,27518004.0
DAX,DE0008469008,Deutschland,20735,EUR,2025-12-29 12:00:00,24370.94,24351.12,24389.15,24253.73,34456100.0
DAX,DE0008469008,Deutschland,20735,EUR,2025-12-30 12:00:00,24343.19,24490.41,24527.94,24328.42,22738956.0
DAX,DE0008469008,Deutschland,20735,EUR,2026-01-02 12:00:00,24499.51,24539.34,24676.79,24448.98,48067258.0
DAX,DE0008469008,Deutschland,20735,EUR,2026-01-05 12:00:00,24681.35,24868.69,24872.92,24639.68,52451345.0
DAX,DE0008469008,Deutschland,20735,EUR,2026-01-06 12:00:00,24904.68,24892.2,24969.17,24836.33,55783387.0
DAX,DE0008469008,Deutschland,20735,EUR,2026-01-07 12:00:00,24995.0,25122.26,25122.46,24982.62,55715639.0
DAX,DE0008469008,Deutschland,20735,EUR,2026-01-08 12:00:00,25128.46,25127.46,25217.52,25024.65,56723041.0
DAX,DE0008469008,Deutschland,20735,EUR,2026-01-09 12:00:00,25124.02,25261.64,25281.18,25107.92,54320011.0
EURO STOXX 50,EU0009658145,Europe,193736,EUR,2021-01-04 12:00:00,3565.68,3564.39,3609.91,3548.31,308468000.0
EURO STOXX 50,EU0009658145,Europe,193736,EUR,2021-01-05 12:00:00,3554.24,3547.85,3574.98,3524.63,315201804.0
EURO STOXX 50,EU0009658145,Europe,193736,EUR,2021-01-06 12:00:00,3559.81,3611.08,3620.57,3547.45,503397687.0
EURO STOXX 50,EU0009658145,Europe,193736,EUR,2021-01-07 12:00:00,3621.16,3622.42,3635.64,3604.13,355906785.0
EURO STOXX 50,EU0009658145,Europe,193736,EUR,2021-01-08 12:00:00,3632.14,3645.05,3657.83,3630.71,316785725.0
EURO STOXX 50,EU0009658145,Europe,193736,EUR,2021-01-11 12:00:00,3636.67,3620.62,3641.74,3595.11,296984094.0
EURO STOXX 50,EU0009658145,Europe,193736,EUR,2021-01-12 12:00:00,3622.37,3612.13,3633.68,3600.06,322022000.0
EURO STOXX 50,EU0009658145,Europe,193736,EUR,2021-01-13 12:00:00,3615.02,3616.51,3624.19,3599.49,276110347.0
EURO STOXX 50,EU0009658145,Europe,193736,EUR,2021-01-14 12:00:00,3619.3,3641.37,3647.32,3619.3,314055075.0
EURO STOXX 50,EU0009658145,Europe,193736,EUR,2021-01-15 12:00:00,3633.41,3599.55,3633.46,3573.6,372886571.0
EURO STOXX 50,EU0009658145,Europe,193736,EUR,2021-01-18 12:00:00,3591.23,3602.67,3603.36,3577.77,203261391.0
EURO STOXX 50,EU0009658145,Europe,193736,EUR,2021-01-19 12:00:00,3618.03,3595.42,3623.26,3591.73,246748747.0
EURO STOXX 50,EU0009658145,Europe,193736,EUR,2021-01-20 12:00:00,3603.8,3624.04,3630.44,3603.57,272242760.0
EURO STOXX 50,EU0009658145,Europe,193736,EUR,2021-01-21 12:00:00,3637.86,3618.35,3649.73,3616.5,276036910.0
EURO STOXX 50,EU0009658145,Europe,193736,EUR,2021-01-22 12:00:00,3611.43,3602.41,3611.43,3570.68,322291688.0
EURO STOXX 50,EU0009658145,Europe,193736,EUR,2021-01-25 12:00:00,3614.72,3553.14,3621.49,3540.25,416020975.0
EURO STOXX 50,EU0009658145,Europe,193736,EUR,2021-01-26 12:00:00,3551.21,3592.83,3607.42,3551.21,427045096.0
EURO STOXX 50,EU0009658145,Europe,193736,EUR,2021-01-27 12:00:00,3593.19,3536.38,3593.19,3502.74,522630250.0
EURO STOXX 50,EU0009658145,Europe,193736,EUR,2021-01-28 12:00:00,3519.11,3557.04,3567.06,3473.76,628249707.0
EURO STOXX 50,EU0009658145,Europe,193736,EUR,2021-01-29 12:00:00,3538.63,3481.44,3538.63,3481.44,493064731.0
EURO STOXX 50,EU0009658145,Europe,193736,EUR,2021-02-01 12:00:00,3492.86,3530.85,3543.18,3492.86,349823824.0
EURO STOXX 50,EU0009658145,Europe,193736,EUR,2021-02-02 12:00:00,3545.09,3590.46,3596.2,3545.09,456782544.0
EURO STOXX 50,EU0009658145,Europe,193736,EUR,2021-02-03 12:00:00,3599.76,3609.75,3632.67,3599.36,619389967.0
EURO STOXX 50,EU0009658145,Europe,193736,EUR,2021-02-04 12:00:00,3604.62,3642.12,3644.64,3604.62,456263577.0
EURO STOXX 50,EU0009658145,Europe,193736,EUR,2021-02-05 12:00:00,3642.69,3655.77,3668.4,3642.28,551253208.0
EURO STOXX 50,EU0009658145,Europe,193736,EUR,2021-02-08 12:00:00,3665.77,3665.51,3681.82,3661.88,446491232.0
EURO STOXX 50,EU0009658145,Europe,193736,EUR,2021-02-09 12:00:00,3669.54,3661.13,3670.8,3649.5,315510224.0
EURO STOXX 50,EU0009658145,Europe,193736,EUR,2021-02-10 12:00:00,3672.12,3648.37,3677.16,3628.47,323051161.0
EURO STOXX 50,EU0009658145,Europe,193736,EUR,2021-02-11 12:00:00,3654.34,3671.68,3673.39,3648.41,289353526.0
EURO STOXX 50,EU0009658145,Europe,193736,EUR,2021-02-12 12:00:00,3669.04,3695.61,3696.19,3649.11,307372054.0
EURO STOXX 50,EU0009658145,Europe,193736,EUR,2021-02-15 12:00:00,3711.35,3734.2,3742.53,3706.4,352370348.0
EURO STOXX 50,EU0009658145,Europe,193736,EUR,2021-02-16 12:00:00,3735.53,3726.4,3740.56,3718.66,285720811.0
EURO STOXX 50,EU0009658145,Europe,193736,EUR,2021-02-17 12:00:00,3720.26,3699.85,3726.35,3696.12,359602213.0
EURO STOXX 50,EU0009658145,Europe,193736,EUR,2021-02-18 12:00:00,3700.99,3681.04,3711.38,3672.8,315803085.0
EURO STOXX 50,EU0009658145,Europe,193736,EUR,2021-02-19 12:00:00,3683.38,3713.46,3718.99,3681.45,386084054.0
EURO STOXX 50,EU0009658145,Europe,193736,EUR,2021-02-22 12:00:00,3706.07,3699.85,3707.42,3660.9,304757689.0
EURO STOXX 50,EU0009658145,Europe,193736,EUR,2021-02-23 12:00:00,3698.24,3689.1,3708.11,3643.33,399086137.0
EURO STOXX 50,EU0009658145,Europe,193736,EUR,2021-02-24 12:00:00,3684.67,3705.99,3712.66,3681.66,338160854.0
EURO STOXX 50,EU0009658145,Europe,193736,EUR,2021-02-25 12:00:00,3716.67,3685.28,3728.65,3685.28,489055006.0
EURO STOXX 50,EU0009658145,Europe,193736,EUR,2021-02-26 12:00:00,3665.89,3636.44,3676.59,3622.24,459541688.0
EURO STOXX 50,EU0009658145,Europe,193736,EUR,2021-03-01 12:00:00,3658.12,3706.62,3711.52,3658.12,314738383.0
EURO STOXX 50,EU0009658145,Europe,193736,EUR,2021-03-02 12:00:00,3702.8,3707.72,3728.47,3689.82,296028334.0
EURO STOXX 50,EU0009658145,Europe,193736,EUR,2021-03-03 12:00:00,3711.39,3712.78,3742.5,3687.45,436544835.0
EURO STOXX 50,EU0009658145,Europe,193736,EUR,2021-03-04 12:00:00,3702.37,3704.85,3716.31,3680.83,369080180.0
EURO STOXX 50,EU0009658145,Europe,193736,EUR,2021-03-05 12:00:00,3689.41,3669.54,3714.26,3656.21,452664276.0
EURO STOXX 50,EU0009658145,Europe,193736,EUR,2021-03-08 12:00:00,3679.35,3763.24,3767.45,3679.35,472373978.0
EURO STOXX 50,EU0009658145,Europe,193736,EUR,2021-03-09 12:00:00,3759.26,3786.05,3795.63,3754.62,430674460.0
EURO STOXX 50,EU0009658145,Europe,193736,EUR,2021-03-10 12:00:00,3780.26,3819.92,3822.66,3780.0,343181799.0
EURO STOXX 50,EU0009658145,Europe,193736,EUR,2021-03-11 12:00:00,3827.18,3845.64,3846.51,3827.18,365201748.0
EURO STOXX 50,EU0009658145,Europe,193736,EUR,2021-03-12 12:00:00,3840.73,3833.36,3840.73,3818.25,275303858.0
EURO STOXX 50,EU0009658145,Europe,193736,EUR,2021-03-15 12:00:00,3840.85,3829.84,3857.07,3818.2,319724418.0
EURO STOXX 50,EU0009658145,Europe,193736,EUR,2021-03-16 12:00:00,3842.33,3850.96,3856.78,3838.22,370408053.0
EURO STOXX 50,EU0009658145,Europe,193736,EUR,2021-03-17 12:00:00,3846.58,3849.74,3853.66,3838.43,335122646.0
EURO STOXX 50,EU0009658145,Europe,193736,EUR,2021-03-18 12:00:00,3856.76,3867.54,3874.91,3852.25,443401813.0
EURO STOXX 50,EU0009658145,Europe,193736,EUR,2021-03-19 12:00:00,3851.61,3837.02,3861.65,3819.38,862020137.0
EURO STOXX 50,EU0009658145,Europe,193736,EUR,2021-03-22 12:00:00,3828.66,3833.84,3841.49,3811.8,258628881.0
EURO STOXX 50,EU0009658145,Europe,193736,EUR,2021-03-23 12:00:00,3827.54,3827.02,3842.37,3804.9,278024994.0
EURO STOXX 50,EU0009658145,Europe,193736,EUR,2021-03-24 12:00:00,3820.78,3832.55,3833.66,3803.84,269240457.0
EURO STOXX 50,EU0009658145,Europe,193736,EUR,2021-03-25 12:00:00,3822.59,3832.57,3832.57,3784.09,242027830.0
EURO STOXX 50,EU0009658145,Europe,193736,EUR,2021-03-26 12:00:00,3841.46,3866.68,3871.88,3841.46,245128578.0
EURO STOXX 50,EU0009658145,Europe,193736,EUR,2021-03-29 12:00:00,3871.82,3882.87,3890.2,3867.25,226271456.0
EURO STOXX 50,EU0009658145,Europe,193736,EUR,2021-03-30 12:00:00,3885.11,3926.2,3929.49,3885.11,282176634.0
EURO STOXX 50,EU0009658145,Europe,193736,EUR,2021-03-31 12:00:00,3923.92,3919.21,3925.97,3910.9,290626417.0
EURO STOXX 50,EU0009658145,Europe,193736,EUR,2021-04-01 12:00:00,3922.36,3945.96,3948.99,3922.36,205309099.0
EURO STOXX 50,EU0009658145,Europe,193736,EUR,2021-04-06 12:00:00,3950.18,3970.42,3988.1,3950.18,309126530.0
EURO STOXX 50,EU0009658145,Europe,193736,EUR,2021-04-07 12:00:00,3965.86,3956.77,3971.89,3952.12,218301876.0
EURO STOXX 50,EU0009658145,Europe,193736,EUR,2021-04-08 12:00:00,3961.0,3977.83,3977.92,3961.0,284894542.0
EURO STOXX 50,EU0009658145,Europe,193736,EUR,2021-04-09 12:00:00,3978.84,3978.84,3987.73,3970.41,214263856.0
EURO STOXX 50,EU0009658145,Europe,193736,EUR,2021-04-12 12:00:00,3978.54,3961.9,3980.52,3961.9,193986450.0
EURO STOXX 50,EU0009658145,Europe,193736,EUR,2021-04-13 12:00:00,3964.91,3966.99,3980.57,3953.26,244663407.0
EURO STOXX 50,EU0009658145,Europe,193736,EUR,2021-04-14 12:00:00,3973.33,3976.28,3982.08,3968.68,234204692.0
EURO STOXX 50,EU0009658145,Europe,193736,EUR,2021-04-15 12:00:00,3978.39,3993.43,3997.69,3978.39,239127375.0
EURO STOXX 50,EU0009658145,Europe,193736,EUR,2021-04-16 12:00:00,3992.56,4032.99,4037.61,3991.2,357636854.0
EURO STOXX 50,EU0009658145,Europe,193736,EUR,2021-04-19 12:00:00,4033.59,4019.91,4040.88,4017.7,234494315.0
EURO STOXX 50,EU0009658145,Europe,193736,EUR,2021-04-20 12:00:00,4014.01,3940.46,4018.66,3935.83,338719714.0
EURO STOXX 50,EU0009658145,Europe,193736,EUR,2021-04-21 12:00:00,3943.19,3976.41,3985.31,3943.19,273778208.0
EURO STOXX 50,EU0009658145,Europe,193736,EUR,2021-04-22 12:00:00,3979.58,4014.8,4017.19,3979.58,208373925.0
EURO STOXX 50,EU0009658145,Europe,193736,EUR,2021-04-23 12:00:00,4011.1,4013.34,4016.82,3981.87,194457102.0
EURO STOXX 50,EU0009658145,Europe,193736,EUR,2021-04-26 12:00:00,4013.07,4020.83,4026.33,4004.53,251552482.0
EURO STOXX 50,EU0009658145,Europe,193736,EUR,2021-04-27 12:00:00,4017.92,4011.91,4019.21,4001.24,274520411.0
EURO STOXX 50,EU0009658145,Europe,193736,EUR,2021-04-28 12:00:00,4011.02,4015.03,4026.74,4006.34,281379002.0
EURO STOXX 50,EU0009658145,Europe,193736,EUR,2021-04-29 12:00:00,4021.44,3996.9,4033.87,3985.25,343511219.0
EURO STOXX 50,EU0009658145,Europe,193736,EUR,2021-04-30 12:00:00,3993.19,3974.74,4004.84,3974.72,279793165.0
EURO STOXX 50,EU0009658145,Europe,193736,EUR,2021-05-03 12:00:00,3979.5,4000.25,4009.73,3965.5,207717459.0
EURO STOXX 50,EU0009658145,Europe,193736,EUR,2021-05-04 12:00:00,4001.13,3924.8,4018.14,3919.46,391477641.0
EURO STOXX 50,EU0009658145,Europe,193736,EUR,2021-05-05 12:00:00,3927.29,4002.79,4003.09,3927.29,301111363.0
EURO STOXX 50,EU0009658145,Europe,193736,EUR,2021-05-06 12:00:00,3997.7,3999.44,4022.74,3974.82,323086199.0
EURO STOXX 50,EU0009658145,Europe,193736,EUR,2021-05-07 12:00:00,3999.93,4034.25,4034.25,3999.93,274965911.0
EURO STOXX 50,EU0009658145,Europe,193736,EUR,2021-05-10 12:00:00,4031.99,4023.35,4035.66,4014.67,295160956.0
EURO STOXX 50,EU0009658145,Europe,193736,EUR,2021-05-11 12:00:00,4020.49,3946.06,4020.49,3917.64,349468613.0
EURO STOXX 50,EU0009658145,Europe,193736,EUR,2021-05-12 12:00:00,3947.65,3947.43,3964.8,3925.85,322497243.0
EURO STOXX 50,EU0009658145,Europe,193736,EUR,2021-05-13 12:00:00,3931.19,3952.45,3963.61,3857.76,309305980.0
EURO STOXX 50,EU0009658145,Europe,193736,EUR,2021-05-14 12:00:00,3970.76,4017.44,4017.44,3961.1,242579628.0
EURO STOXX 50,EU0009658145,Europe,193736,EUR,2021-05-17 12:00:00,4018.16,4006.84,4032.11,3993.88,253404203.0
EURO STOXX 50,EU0009658145,Europe,193736,EUR,2021-05-18 12:00:00,4014.68,4005.34,4043.21,3996.75,264609151.0
EURO STOXX 50,EU0009658145,Europe,193736,EUR,2021-05-19 12:00:00,3995.7,3936.74,3995.7,3892.72,325813283.0
EURO STOXX 50,EU0009658145,Europe,193736,EUR,2021-05-20 12:00:00,3948.63,3999.91,3999.91,3936.79,255591462.0
EURO STOXX 50,EU0009658145,Europe,193736,EUR,2021-05-21 12:00:00,4001.53,4025.78,4032.97,3999.11,316475237.0
EURO STOXX 50,EU0009658145,Europe,193736,EUR,2021-05-24 12:00:00,4021.58,4035.58,4035.76,4021.58,173057731.0
EURO STOXX 50,EU0009658145,Europe,193736,EUR,2021-05-25 12:00:00,4042.49,4036.04,4056.95,4036.04,247460640.0
EURO STOXX 50,EU0009658145,Europe,193736,EUR,2021-05-26 12:00:00,4039.57,4031.67,4054.14,4022.05,257977513.0
EURO STOXX 50,EU0009658145,Europe,193736,EUR,2021-05-27 12:00:00,4028.75,4039.21,4056.79,4019.85,457916822.0
EURO STOXX 50,EU0009658145,Europe,193736,EUR,2021-05-28 12:00:00,4042.37,4070.56,4075.87,4042.37,226286895.0
EURO STOXX 50,EU0009658145,Europe,193736,EUR,2021-05-31 12:00:00,4068.11,4039.46,4071.74,4037.25,175927614.0
EURO STOXX 50,EU0009658145,Europe,193736,EUR,2021-06-01 12:00:00,4044.07,4071.75,4101.26,4044.07,250403057.0
EURO STOXX 50,EU0009658145,Europe,193736,EUR,2021-06-02 12:00:00,4072.1,4088.5,4088.52,4064.07,236793070.0
EURO STOXX 50,EU0009658145,Europe,193736,EUR,2021-06-03 12:00:00,4088.95,4079.24,4088.95,4051.81,231227300.0
EURO STOXX 50,EU0009658145,Europe,193736,EUR,2021-06-04 12:00:00,4079.29,4089.38,4091.95,4070.35,230282689.0
EURO STOXX 50,EU0009658145,Europe,193736,EUR,2021-06-07 12:00:00,4089.27,4097.65,4107.03,4069.52,238896553.0
EURO STOXX 50,EU0009658145,Europe,193736,EUR,2021-06-08 12:00:00,4098.63,4096.01,4115.62,4092.76,248027480.0
EURO STOXX 50,EU0009658145,Europe,193736,EUR,2021-06-09 12:00:00,4095.14,4096.85,4102.06,4078.16,181703486.0
EURO STOXX 50,EU0009658145,Europe,193736,EUR,2021-06-10 12:00:00,4099.07,4096.07,4109.2,4080.15,249408778.0
EURO STOXX 50,EU0009658145,Europe,193736,EUR,2021-06-11 12:00:00,4098.04,4126.7,4128.99,4097.99,211444515.0
EURO STOXX 50,EU0009658145,Europe,193736,EUR,2021-06-14 12:00:00,4134.79,4132.67,4155.24,4127.94,213272164.0
EURO STOXX 50,EU0009658145,Europe,193736,EUR,2021-06-15 12:00:00,4144.8,4143.52,4158.36,4143.52,210296030.0
EURO STOXX 50,EU0009658145,Europe,193736,EUR,2021-06-16 12:00:00,4145.5,4151.76,4156.81,4138.75,251653171.0
EURO STOXX 50,EU0009658145,Europe,193736,EUR,2021-06-17 12:00:00,4144.91,4158.14,4164.58,4131.42,304683588.0
EURO STOXX 50,EU0009658145,Europe,193736,EUR,2021-06-18 12:00:00,4155.78,4083.37,4165.59,4078.76,657063441.0
EURO STOXX 50,EU0009658145,Europe,193736,EUR,2021-06-21 12:00:00,4079.42,4112.33,4114.19,4049.6,259080331.0
EURO STOXX 50,EU0009658145,Europe,193736,EUR,2021-06-22 12:00:00,4112.34,4123.13,4128.4,4093.47,211964366.0
EURO STOXX 50,EU0009658145,Europe,193736,EUR,2021-06-23 12:00:00,4126.1,4075.94,4133.98,4075.94,207750725.0
EURO STOXX 50,EU0009658145,Europe,193736,EUR,2021-06-24 12:00:00,4083.05,4122.43,4126.41,4083.05,227758085.0
EURO STOXX 50,EU0009658145,Europe,193736,EUR,2021-06-25 12:00:00,4123.94,4120.66,4127.45,4105.76,209696118.0
EURO STOXX 50,EU0009658145,Europe,193736,EUR,2021-06-28 12:00:00,4119.87,4089.91,4125.73,4089.0,164173826.0
EURO STOXX 50,EU0009658145,Europe,193736,EUR,2021-06-29 12:00:00,4092.3,4107.51,4124.33,4090.29,197239772.0
EURO STOXX 50,EU0009658145,Europe,193736,EUR,2021-06-30 12:00:00,4104.75,4064.3,4111.98,4048.05,305430536.0
EURO STOXX 50,EU0009658145,Europe,193736,EUR,2021-07-01 12:00:00,4068.2,4078.89,4113.58,4049.6,223898029.0
EURO STOXX 50,EU0009658145,Europe,193736,EUR,2021-07-02 12:00:00,4082.7,4084.31,4099.99,4076.23,185248816.0
EURO STOXX 50,EU0009658145,Europe,193736,EUR,2021-07-05 12:00:00,4081.08,4087.37,4095.15,4057.91,147979467.0
EURO STOXX 50,EU0009658145,Europe,193736,EUR,2021-07-06 12:00:00,4087.5,4052.67,4087.5,4038.77,233485458.0
EURO STOXX 50,EU0009658145,Europe,193736,EUR,2021-07-07 12:00:00,4055.64,4078.53,4083.11,4055.64,243240207.0
EURO STOXX 50,EU0009658145,Europe,193736,EUR,2021-07-08 12:00:00,4070.74,3991.66,4070.74,3961.98,391114006.0
EURO STOXX 50,EU0009658145,Europe,193736,EUR,2021-07-09 12:00:00,3996.72,4068.09,4068.14,3996.72,261553270.0
EURO STOXX 50,EU0009658145,Europe,193736,EUR,2021-07-12 12:00:00,4068.64,4093.38,4098.76,4046.11,183400636.0
EURO STOXX 50,EU0009658145,Europe,193736,EUR,2021-07-13 12:00:00,4094.26,4094.56,4100.81,4084.78,232035163.0
EURO STOXX 50,EU0009658145,Europe,193736,EUR,2021-07-14 12:00:00,4088.1,4099.5,4104.83,4077.14,163925274.0
EURO STOXX 50,EU0009658145,Europe,193736,EUR,2021-07-15 12:00:00,4096.0,4056.39,4096.0,4046.04,225182903.0
EURO STOXX 50,EU0009658145,Europe,193736,EUR,2021-07-16 12:00:00,4060.22,4035.77,4072.58,4014.58,237205050.0
EURO STOXX 50,EU0009658145,Europe,193736,EUR,2021-07-19 12:00:00,4018.91,3928.53,4018.91,3904.78,374823027.0
EURO STOXX 50,EU0009658145,Europe,193736,EUR,2021-07-20 12:00:00,3937.4,3956.34,3979.28,3920.93,281631819.0
EURO STOXX 50,EU0009658145,Europe,193736,EUR,2021-07-21 12:00:00,3973.9,4026.68,4029.09,3973.9,287319103.0
EURO STOXX 50,EU0009658145,Europe,193736,EUR,2021-07-22 12:00:00,4037.94,4059.05,4078.58,4037.94,225244296.0
EURO STOXX 50,EU0009658145,Europe,193736,EUR,2021-07-23 12:00:00,4066.7,4109.1,4111.43,4066.7,216727706.0
EURO STOXX 50,EU0009658145,Europe,193736,EUR,2021-07-26 12:00:00,4103.5,4102.59,4106.4,4072.86,258248301.0
EURO STOXX 50,EU0009658145,Europe,193736,EUR,2021-07-27 12:00:00,4099.8,4064.83,4099.8,4056.23,228758001.0
EURO STOXX 50,EU0009658145,Europe,193736,EUR,2021-07-28 12:00:00,4067.84,4103.03,4103.45,4065.25,213346709.0
EURO STOXX 50,EU0009658145,Europe,193736,EUR,2021-07-29 12:00:00,4104.98,4116.77,4128.81,4104.98,224915061.0
EURO STOXX 50,EU0009658145,Europe,193736,EUR,2021-07-30 12:00:00,4113.11,4089.3,4114.28,4078.33,302751214.0
EURO STOXX 50,EU0009658145,Europe,193736,EUR,2021-08-02 12:00:00,4095.5,4116.62,4135.68,4095.5,223886699.0
EURO STOXX 50,EU0009658145,Europe,193736,EUR,2021-08-03 12:00:00,4114.52,4117.95,4129.21,4102.13,217858708.0
EURO STOXX 50,EU0009658145,Europe,193736,EUR,2021-08-04 12:00:00,4124.33,4144.9,4150.09,4124.33,234713992.0
EURO STOXX 50,EU0009658145,Europe,193736,EUR,2021-08-05 12:00:00,4141.3,4161.08,4166.14,4141.3,222415960.0
EURO STOXX 50,EU0009658145,Europe,193736,EUR,2021-08-06 12:00:00,4159.04,4174.54,4183.92,4155.16,285388194.0
EURO STOXX 50,EU0009658145,Europe,193736,EUR,2021-08-09 12:00:00,4175.57,4177.15,4186.05,4170.95,181096540.0
EURO STOXX 50,EU0009658145,Europe,193736,EUR,2021-08-10 12:00:00,4178.59,4187.82,4197.12,4178.59,166513901.0
EURO STOXX 50,EU0009658145,Europe,193736,EUR,2021-08-11 12:00:00,4189.63,4206.33,4219.06,4184.87,234618860.0
EURO STOXX 50,EU0009658145,Europe,193736,EUR,2021-08-12 12:00:00,4205.74,4226.33,4232.22,4204.12,204426017.0
EURO STOXX 50,EU0009658145,Europe,193736,EUR,2021-08-13 12:00:00,4225.73,4229.7,4242.26,4223.49,180789428.0
EURO STOXX 50,EU0009658145,Europe,193736,EUR,2021-08-16 12:00:00,4219.79,4202.44,4219.79,4188.97,201082787.0
EURO STOXX 50,EU0009658145,Europe,193736,EUR,2021-08-17 12:00:00,4197.85,4196.4,4202.02,4172.67,279561604.0
EURO STOXX 50,EU0009658145,Europe,193736,EUR,2021-08-18 12:00:00,4197.32,4189.42,4199.5,4179.58,221289961.0
EURO STOXX 50,EU0009658145,Europe,193736,EUR,2021-08-19 12:00:00,4183.74,4124.71,4183.74,4082.07,319078507.0
EURO STOXX 50,EU0009658145,Europe,193736,EUR,2021-08-20 12:00:00,4125.3,4147.5,4150.66,4105.99,216531832.0
EURO STOXX 50,EU0009658145,Europe,193736,EUR,2021-08-23 12:00:00,4160.76,4176.42,4184.03,4157.49,200053219.0
EURO STOXX 50,EU0009658145,Europe,193736,EUR,2021-08-24 12:00:00,4182.68,4178.08,4197.67,4163.69,179733751.0
EURO STOXX 50,EU0009658145,Europe,193736,EUR,2021-08-25 12:00:00,4178.17,4181.12,4188.23,4178.17,174576341.0
EURO STOXX 50,EU0009658145,Europe,193736,EUR,2021-08-26 12:00:00,4172.32,4169.87,4176.28,4141.33,201382255.0
EURO STOXX 50,EU0009658145,Europe,193736,EUR,2021-08-27 12:00:00,4167.39,4190.98,4192.09,4160.47,146610748.0
EURO STOXX 50,EU0009658145,Europe,193736,EUR,2021-08-30 12:00:00,4191.99,4198.8,4202.87,4191.79,110333274.0
EURO STOXX 50,EU0009658145,Europe,193736,EUR,2021-08-31 12:00:00,4201.77,4196.41,4222.62,4175.32,328978992.0
EURO STOXX 50,EU0009658145,Europe,193736,EUR,2021-09-01 12:00:00,4207.0,4227.27,4251.39,4207.0,279930867.0
EURO STOXX 50,EU0009658145,Europe,193736,EUR,2021-09-02 12:00:00,4225.03,4232.1,4239.02,4219.42,184642080.0
EURO STOXX 50,EU0009658145,Europe,193736,EUR,2021-09-03 12:00:00,4234.26,4201.98,4234.26,4182.96,224048539.0
EURO STOXX 50,EU0009658145,Europe,193736,EUR,2021-09-06 12:00:00,4204.07,4246.13,4252.78,4204.07,139677014.0
EURO STOXX 50,EU0009658145,Europe,193736,EUR,2021-09-07 12:00:00,4244.4,4225.01,4245.76,4219.86,195736146.0
EURO STOXX 50,EU0009658145,Europe,193736,EUR,2021-09-08 12:00:00,4219.82,4177.15,4219.82,4160.37,280143254.0
EURO STOXX 50,EU0009658145,Europe,193736,EUR,2021-09-09 12:00:00,4171.46,4177.11,4194.59,4134.8,235560756.0
EURO STOXX 50,EU0009658145,Europe,193736,EUR,2021-09-10 12:00:00,4184.05,4170.35,4205.22,4161.09,237107804.0
EURO STOXX 50,EU0009658145,Europe,193736,EUR,2021-09-13 12:00:00,4174.67,4189.53,4210.62,4174.67,255300715.0
EURO STOXX 50,EU0009658145,Europe,193736,EUR,2021-09-14 12:00:00,4188.35,4191.67,4202.44,4163.95,263915339.0
EURO STOXX 50,EU0009658145,Europe,193736,EUR,2021-09-15 12:00:00,4188.92,4145.94,4196.6,4145.94,338464318.0
EURO STOXX 50,EU0009658145,Europe,193736,EUR,2021-09-16 12:00:00,4151.63,4169.87,4190.17,4151.63,333667702.0
EURO STOXX 50,EU0009658145,Europe,193736,EUR,2021-09-17 12:00:00,4180.28,4130.84,4213.73,4119.27,689781993.0
EURO STOXX 50,EU0009658145,Europe,193736,EUR,2021-09-20 12:00:00,4102.19,4043.63,4102.19,4011.49,480273498.0
EURO STOXX 50,EU0009658145,Europe,193736,EUR,2021-09-21 12:00:00,4049.69,4097.51,4106.76,4049.69,350430540.0
EURO STOXX 50,EU0009658145,Europe,193736,EUR,2021-09-22 12:00:00,4104.43,4150.19,4150.19,4104.43,310672557.0
EURO STOXX 50,EU0009658145,Europe,193736,EUR,2021-09-23 12:00:00,4158.21,4194.92,4206.11,4158.21,338003822.0
EURO STOXX 50,EU0009658145,Europe,193736,EUR,2021-09-24 12:00:00,4188.43,4158.51,4188.43,4149.94,266276126.0
EURO STOXX 50,EU0009658145,Europe,193736,EUR,2021-09-27 12:00:00,4164.63,4165.48,4196.07,4159.6,372207945.0
EURO STOXX 50,EU0009658145,Europe,193736,EUR,2021-09-28 12:00:00,4160.47,4058.82,4160.47,4056.17,408769639.0
EURO STOXX 50,EU0009658145,Europe,193736,EUR,2021-09-29 12:00:00,4070.45,4080.22,4108.22,4070.45,276471681.0
EURO STOXX 50,EU0009658145,Europe,193736,EUR,2021-09-30 12:00:00,4089.16,4048.08,4116.35,4048.08,387814473.0
EURO STOXX 50,EU0009658145,Europe,193736,EUR,2021-10-01 12:00:00,4037.16,4035.3,4055.01,3981.81,325883132.0
EURO STOXX 50,EU0009658145,Europe,193736,EUR,2021-10-04 12:00:00,4026.7,3996.41,4037.35,3993.87,253631185.0
EURO STOXX 50,EU0009658145,Europe,193736,EUR,2021-10-05 12:00:00,4002.61,4065.43,4066.64,4001.42,421319605.0
EURO STOXX 50,EU0009658145,Europe,193736,EUR,2021-10-06 12:00:00,4049.64,4012.65,4049.64,3965.87,433292378.0
EURO STOXX 50,EU0009658145,Europe,193736,EUR,2021-10-07 12:00:00,4037.48,4098.34,4099.39,4037.48,432089681.0
EURO STOXX 50,EU0009658145,Europe,193736,EUR,2021-10-08 12:00:00,4097.12,4073.29,4101.96,4073.29,290417815.0
EURO STOXX 50,EU0009658145,Europe,193736,EUR,2021-10-11 12:00:00,4071.15,4072.52,4076.8,4043.78,278698334.0
EURO STOXX 50,EU0009658145,Europe,193736,EUR,2021-10-12 12:00:00,4058.54,4055.09,4063.48,4019.55,268304314.0
EURO STOXX 50,EU0009658145,Europe,193736,EUR,2021-10-13 12:00:00,4052.48,4083.28,4092.73,4040.31,294948283.0
EURO STOXX 50,EU0009658145,Europe,193736,EUR,2021-10-14 12:00:00,4088.14,4149.06,4151.76,4088.14,340507051.0
EURO STOXX 50,EU0009658145,Europe,193736,EUR,2021-10-15 12:00:00,4160.04,4182.91,4186.61,4159.07,520073068.0
EURO STOXX 50,EU0009658145,Europe,193736,EUR,2021-10-18 12:00:00,4177.73,4151.4,4177.73,4131.41,314732226.0
EURO STOXX 50,EU0009658145,Europe,193736,EUR,2021-10-19 12:00:00,4159.22,4166.83,4169.61,4151.44,279450666.0
EURO STOXX 50,EU0009658145,Europe,193736,EUR,2021-10-20 12:00:00,4164.5,4172.17,4178.95,4143.83,254737783.0
EURO STOXX 50,EU0009658145,Europe,193736,EUR,2021-10-21 12:00:00,4163.62,4155.73,4166.5,4140.06,229110151.0
EURO STOXX 50,EU0009658145,Europe,193736,EUR,2021-10-22 12:00:00,4158.44,4188.81,4203.67,4158.44,225523811.0
EURO STOXX 50,EU0009658145,Europe,193736,EUR,2021-10-25 12:00:00,4194.84,4188.31,4198.97,4185.14,240064993.0
EURO STOXX 50,EU0009658145,Europe,193736,EUR,2021-10-26 12:00:00,4187.55,4223.97,4230.88,4187.55,251166744.0
EURO STOXX 50,EU0009658145,Europe,193736,EUR,2021-10-27 12:00:00,4220.74,4220.88,4226.99,4205.42,293663332.0
EURO STOXX 50,EU0009658145,Europe,193736,EUR,2021-10-28 12:00:00,4220.74,4233.87,4236.2,4213.17,282221940.0
EURO STOXX 50,EU0009658145,Europe,193736,EUR,2021-10-29 12:00:00,4228.73,4250.56,4250.68,4187.81,349280073.0
EURO STOXX 50,EU0009658145,Europe,193736,EUR,2021-11-01 12:00:00,4256.93,4280.47,4291.81,4256.93,274098165.0
EURO STOXX 50,EU0009658145,Europe,193736,EUR,2021-11-02 12:00:00,4276.72,4296.22,4297.45,4273.1,242731472.0
EURO STOXX 50,EU0009658145,Europe,193736,EUR,2021-11-03 12:00:00,4292.59,4309.61,4309.66,4291.1,278863686.0
EURO STOXX 50,EU0009658145,Europe,193736,EUR,2021-11-04 12:00:00,4314.51,4333.34,4340.81,4314.51,368181533.0
EURO STOXX 50,EU0009658145,Europe,193736,EUR,2021-11-05 12:00:00,4330.14,4363.04,4375.04,4330.14,306191674.0
EURO STOXX 50,EU0009658145,Europe,193736,EUR,2021-11-08 12:00:00,4359.74,4352.53,4366.54,4352.45,239778517.0
EURO STOXX 50,EU0009658145,Europe,193736,EUR,2021-11-09 12:00:00,4346.62,4344.63,4364.04,4337.66,232965407.0
EURO STOXX 50,EU0009658145,Europe,193736,EUR,2021-11-10 12:00:00,4349.8,4348.82,4358.46,4330.29,252118157.0
EURO STOXX 50,EU0009658145,Europe,193736,EUR,2021-11-11 12:00:00,4347.26,4358.0,4358.8,4334.93,213085826.0
EURO STOXX 50,EU0009658145,Europe,193736,EUR,2021-11-12 12:00:00,4357.9,4370.33,4372.32,4352.43,211369519.0
EURO STOXX 50,EU0009658145,Europe,193736,EUR,2021-11-15 12:00:00,4364.52,4386.19,4386.19,4364.52,221381607.0
EURO STOXX 50,EU0009658145,Europe,193736,EUR,2021-11-16 12:00:00,4393.8,4401.49,4406.46,4389.52,222379129.0
EURO STOXX 50,EU0009658145,Europe,193736,EUR,2021-11-17 12:00:00,4399.25,4400.81,4409.24,4399.25,209147877.0
EURO STOXX 50,EU0009658145,Europe,193736,EUR,2021-11-18 12:00:00,4400.73,4383.7,4415.23,4377.73,296603502.0
EURO STOXX 50,EU0009658145,Europe,193736,EUR,2021-11-19 12:00:00,4385.66,4356.47,4401.92,4333.86,522544076.0
EURO STOXX 50,EU0009658145,Europe,193736,EUR,2021-11-22 12:00:00,4361.95,4338.69,4371.6,4336.17,336251945.0
EURO STOXX 50,EU0009658145,Europe,193736,EUR,2021-11-23 12:00:00,4320.41,4283.82,4328.48,4267.23,307115084.0
EURO STOXX 50,EU0009658145,Europe,193736,EUR,2021-11-24 12:00:00,4284.6,4276.25,4305.49,4240.78,320630952.0
EURO STOXX 50,EU0009658145,Europe,193736,EUR,2021-11-25 12:00:00,4286.63,4293.24,4304.86,4278.8,201881652.0
EURO STOXX 50,EU0009658145,Europe,193736,EUR,2021-11-26 12:00:00,4213.93,4089.58,4213.93,4086.66,655191514.0
EURO STOXX 50,EU0009658145,Europe,193736,EUR,2021-11-29 12:00:00,4117.79,4109.51,4154.15,4097.98,412304275.0
EURO STOXX 50,EU0009658145,Europe,193736,EUR,2021-11-30 12:00:00,4089.51,4063.06,4110.96,4027.43,646040132.0
EURO STOXX 50,EU0009658145,Europe,193736,EUR,2021-12-01 12:00:00,4080.85,4179.15,4187.86,4080.85,363400240.0
EURO STOXX 50,EU0009658145,Europe,193736,EUR,2021-12-02 12:00:00,4157.7,4108.02,4157.7,4086.82,359765759.0
EURO STOXX 50,EU0009658145,Europe,193736,EUR,2021-12-03 12:00:00,4118.98,4080.15,4150.42,4059.02,324737731.0
EURO STOXX 50,EU0009658145,Europe,193736,EUR,2021-12-06 12:00:00,4095.39,4137.11,4146.16,4078.64,293229561.0
EURO STOXX 50,EU0009658145,Europe,193736,EUR,2021-12-07 12:00:00,4157.72,4276.2,4277.03,4157.72,333599540.0
EURO STOXX 50,EU0009658145,Europe,193736,EUR,2021-12-08 12:00:00,4273.32,4233.09,4288.2,4233.09,317787420.0
EURO STOXX 50,EU0009658145,Europe,193736,EUR,2021-12-09 12:00:00,4242.66,4208.3,4246.52,4201.85,254604047.0
EURO STOXX 50,EU0009658145,Europe,193736,EUR,2021-12-10 12:00:00,4198.18,4199.16,4221.57,4178.66,216471420.0
EURO STOXX 50,EU0009658145,Europe,193736,EUR,2021-12-13 12:00:00,4206.45,4183.04,4241.12,4176.97,234640197.0
EURO STOXX 50,EU0009658145,Europe,193736,EUR,2021-12-14 12:00:00,4198.9,4144.51,4210.52,4143.5,247555592.0
EURO STOXX 50,EU0009658145,Europe,193736,EUR,2021-12-15 12:00:00,4147.16,4159.68,4176.14,4147.16,232707621.0
EURO STOXX 50,EU0009658145,Europe,193736,EUR,2021-12-16 12:00:00,4198.25,4201.87,4250.9,4198.25,341914774.0
EURO STOXX 50,EU0009658145,Europe,193736,EUR,2021-12-17 12:00:00,4195.94,4161.35,4195.94,4130.36,582239852.0
EURO STOXX 50,EU0009658145,Europe,193736,EUR,2021-12-20 12:00:00,4140.33,4107.13,4140.33,4046.69,295391067.0
EURO STOXX 50,EU0009658145,Europe,193736,EUR,2021-12-21 12:00:00,4120.48,4174.99,4174.99,4120.48,235548544.0
EURO STOXX 50,EU0009658145,Europe,193736,EUR,2021-12-22 12:00:00,4180.89,4217.06,4217.06,4167.89,187339128.0
EURO STOXX 50,EU0009658145,Europe,193736,EUR,2021-12-23 12:00:00,4221.9,4265.86,4270.29,4221.9,200219819.0
EURO STOXX 50,EU0009658145,Europe,193736,EUR,2021-12-24 12:00:00,4265.56,4255.01,4267.58,4255.01,167706041.0
EURO STOXX 50,EU0009658145,Europe,193736,EUR,2021-12-27 12:00:00,4249.9,4287.98,4293.89,4240.49,134995908.0
EURO STOXX 50,EU0009658145,Europe,193736,EUR,2021-12-28 12:00:00,4290.54,4311.93,4319.69,4287.11,164498544.0
EURO STOXX 50,EU0009658145,Europe,193736,EUR,2021-12-29 12:00:00,4311.13,4284.83,4312.45,4271.37,163159838.0
EURO STOXX 50,EU0009658145,Europe,193736,EUR,2021-12-30 12:00:00,4286.63,4306.07,4309.54,4285.29,181354182.0
EURO STOXX 50,EU0009658145,Europe,193736,EUR,2021-12-31 12:00:00,4302.79,4298.41,4304.72,4296.08,161696505.0
EURO STOXX 50,EU0009658145,Europe,193736,EUR,2022-01-03 12:00:00,4303.94,4331.82,4348.66,4303.94,248121587.0
EURO STOXX 50,EU0009658145,Europe,193736,EUR,2022-01-04 12:00:00,4346.45,4367.62,4390.59,4342.25,316068850.0
EURO STOXX 50,EU0009658145,Europe,193736,EUR,2022-01-05 12:00:00,4368.78,4392.15,4395.78,4367.03,281585640.0
EURO STOXX 50,EU0009658145,Europe,193736,EUR,2022-01-06 12:00:00,4372.45,4324.81,4372.45,4304.54,314514869.0
EURO STOXX 50,EU0009658145,Europe,193736,EUR,2022-01-07 12:00:00,4331.07,4305.83,4335.72,4279.71,306534682.0
EURO STOXX 50,EU0009658145,Europe,193736,EUR,2022-01-10 12:00:00,4312.13,4239.52,4324.64,4231.06,304929753.0
EURO STOXX 50,EU0009658145,Europe,193736,EUR,2022-01-11 12:00:00,4251.8,4281.54,4303.17,4251.8,259150084.0
EURO STOXX 50,EU0009658145,Europe,193736,EUR,2022-01-12 12:00:00,4306.25,4316.39,4328.76,4289.0,389599204.0
EURO STOXX 50,EU0009658145,Europe,193736,EUR,2022-01-13 12:00:00,4319.26,4315.9,4335.49,4294.99,297860510.0
EURO STOXX 50,EU0009658145,Europe,193736,EUR,2022-01-14 12:00:00,4307.48,4272.19,4307.48,4256.61,338270356.0
EURO STOXX 50,EU0009658145,Europe,193736,EUR,2022-01-17 12:00:00,4281.31,4302.14,4310.49,4274.25,198725787.0
EURO STOXX 50,EU0009658145,Europe,193736,EUR,2022-01-18 12:00:00,4293.58,4257.82,4293.58,4234.29,290151550.0
EURO STOXX 50,EU0009658145,Europe,193736,EUR,2022-01-19 12:00:00,4249.4,4268.28,4302.17,4234.62,336214931.0
EURO STOXX 50,EU0009658145,Europe,193736,EUR,2022-01-20 12:00:00,4271.25,4299.61,4300.64,4248.01,302157923.0
EURO STOXX 50,EU0009658145,Europe,193736,EUR,2022-01-21 12:00:00,4278.18,4229.56,4278.18,4188.93,424545813.0
EURO STOXX 50,EU0009658145,Europe,193736,EUR,2022-01-24 12:00:00,4213.83,4054.36,4224.47,4035.28,438239467.0
EURO STOXX 50,EU0009658145,Europe,193736,EUR,2022-01-25 12:00:00,4078.81,4078.26,4112.25,4039.52,318119503.0
EURO STOXX 50,EU0009658145,Europe,193736,EUR,2022-01-26 12:00:00,4096.51,4164.6,4188.17,4096.51,349064863.0
EURO STOXX 50,EU0009658145,Europe,193736,EUR,2022-01-27 12:00:00,4144.78,4184.97,4204.86,4088.91,410349836.0
EURO STOXX 50,EU0009658145,Europe,193736,EUR,2022-01-28 12:00:00,4174.57,4136.91,4181.23,4071.71,340875270.0
EURO STOXX 50,EU0009658145,Europe,193736,EUR,2022-01-31 12:00:00,4161.77,4174.6,4200.83,4134.07,384964779.0
EURO STOXX 50,EU0009658145,Europe,193736,EUR,2022-02-01 12:00:00,4184.63,4224.45,4232.44,4184.63,322032500.0
EURO STOXX 50,EU0009658145,Europe,193736,EUR,2022-02-02 12:00:00,4242.74,4222.05,4259.28,4222.05,368076233.0
EURO STOXX 50,EU0009658145,Europe,193736,EUR,2022-02-03 12:00:00,4215.41,4141.02,4215.41,4141.02,462183591.0
EURO STOXX 50,EU0009658145,Europe,193736,EUR,2022-02-04 12:00:00,4154.75,4086.58,4167.87,4067.51,459104088.0
EURO STOXX 50,EU0009658145,Europe,193736,EUR,2022-02-07 12:00:00,4101.89,4120.56,4131.84,4074.86,375382765.0
EURO STOXX 50,EU0009658145,Europe,193736,EUR,2022-02-08 12:00:00,4117.21,4129.25,4156.17,4103.63,390736446.0
EURO STOXX 50,EU0009658145,Europe,193736,EUR,2022-02-09 12:00:00,4140.41,4204.09,4208.76,4140.41,449567542.0
EURO STOXX 50,EU0009658145,Europe,193736,EUR,2022-02-10 12:00:00,4208.2,4197.07,4239.61,4169.84,460138510.0
EURO STOXX 50,EU0009658145,Europe,193736,EUR,2022-02-11 12:00:00,4170.73,4155.23,4177.91,4133.35,389809144.0
EURO STOXX 50,EU0009658145,Europe,193736,EUR,2022-02-14 12:00:00,4125.31,4064.45,4125.31,4002.91,522231727.0
EURO STOXX 50,EU0009658145,Europe,193736,EUR,2022-02-15 12:00:00,4059.25,4143.71,4143.71,4043.57,377892351.0
EURO STOXX 50,EU0009658145,Europe,193736,EUR,2022-02-16 12:00:00,4149.56,4137.22,4180.32,4117.17,299548286.0
EURO STOXX 50,EU0009658145,Europe,193736,EUR,2022-02-17 12:00:00,4139.88,4113.19,4158.44,4092.79,313777441.0
EURO STOXX 50,EU0009658145,Europe,193736,EUR,2022-02-18 12:00:00,4107.72,4074.28,4128.73,4054.72,319118407.0
EURO STOXX 50,EU0009658145,Europe,193736,EUR,2022-02-21 12:00:00,4090.71,3985.71,4104.63,3957.2,289375344.0
EURO STOXX 50,EU0009658145,Europe,193736,EUR,2022-02-22 12:00:00,3960.2,3985.47,4016.46,3894.99,423640756.0
EURO STOXX 50,EU0009658145,Europe,193736,EUR,2022-02-23 12:00:00,3991.66,3973.41,4054.17,3962.79,307725734.0
EURO STOXX 50,EU0009658145,Europe,193736,EUR,2022-02-24 12:00:00,3939.51,3829.29,3939.51,3765.42,866249202.0
EURO STOXX 50,EU0009658145,Europe,193736,EUR,2022-02-25 12:00:00,3836.85,3970.69,3970.83,3829.28,646515477.0
EURO STOXX 50,EU0009658145,Europe,193736,EUR,2022-02-28 12:00:00,3940.99,3924.23,3940.99,3825.08,755475625.0
EURO STOXX 50,EU0009658145,Europe,193736,EUR,2022-03-01 12:00:00,3920.03,3765.85,3923.75,3765.85,688611193.0
EURO STOXX 50,EU0009658145,Europe,193736,EUR,2022-03-02 12:00:00,3755.27,3820.59,3849.72,3720.72,661010985.0
EURO STOXX 50,EU0009658145,Europe,193736,EUR,2022-03-03 12:00:00,3819.14,3741.78,3841.92,3731.35,497006219.0
EURO STOXX 50,EU0009658145,Europe,193736,EUR,2022-03-04 12:00:00,3723.97,3556.01,3723.97,3556.01,723369212.0
EURO STOXX 50,EU0009658145,Europe,193736,EUR,2022-03-07 12:00:00,3529.57,3512.22,3599.93,3387.0,797382181.0
EURO STOXX 50,EU0009658145,Europe,193736,EUR,2022-03-08 12:00:00,3489.16,3505.29,3610.95,3469.2,693271690.0
EURO STOXX 50,EU0009658145,Europe,193736,EUR,2022-03-09 12:00:00,3548.49,3766.02,3766.02,3548.49,735951402.0
EURO STOXX 50,EU0009658145,Europe,193736,EUR,2022-03-10 12:00:00,3764.64,3651.39,3764.64,3627.13,594061892.0
EURO STOXX 50,EU0009658145,Europe,193736,EUR,2022-03-11 12:00:00,3657.37,3686.78,3801.48,3630.28,543427763.0
EURO STOXX 50,EU0009658145,Europe,193736,EUR,2022-03-14 12:00:00,3694.76,3741.1,3789.58,3694.76,407973597.0
EURO STOXX 50,EU0009658145,Europe,193736,EUR,2022-03-15 12:00:00,3723.23,3738.11,3753.26,3641.5,424697946.0
EURO STOXX 50,EU0009658145,Europe,193736,EUR,2022-03-16 12:00:00,3766.79,3889.69,3929.96,3766.79,623069809.0
EURO STOXX 50,EU0009658145,Europe,193736,EUR,2022-03-17 12:00:00,3901.7,3885.32,3913.72,3843.1,469352822.0
EURO STOXX 50,EU0009658145,Europe,193736,EUR,2022-03-18 12:00:00,3886.49,3902.44,3902.44,3824.02,618098164.0
EURO STOXX 50,EU0009658145,Europe,193736,EUR,2022-03-21 12:00:00,3900.84,3881.8,3914.08,3877.59,294319047.0
EURO STOXX 50,EU0009658145,Europe,193736,EUR,2022-03-22 12:00:00,3886.26,3926.12,3935.45,3886.26,313281204.0
EURO STOXX 50,EU0009658145,Europe,193736,EUR,2022-03-23 12:00:00,3934.13,3869.22,3937.81,3853.54,331802515.0
EURO STOXX 50,EU0009658145,Europe,193736,EUR,2022-03-24 12:00:00,3874.32,3863.39,3892.91,3845.44,307278185.0
EURO STOXX 50,EU0009658145,Europe,193736,EUR,2022-03-25 12:00:00,3871.34,3867.73,3903.94,3853.35,284559772.0
EURO STOXX 50,EU0009658145,Europe,193736,EUR,2022-03-28 12:00:00,3870.33,3887.1,3946.78,3870.33,329955841.0
EURO STOXX 50,EU0009658145,Europe,193736,EUR,2022-03-29 12:00:00,3906.47,4002.18,4024.89,3906.47,490431332.0
EURO STOXX 50,EU0009658145,Europe,193736,EUR,2022-03-30 12:00:00,3997.46,3959.14,3997.46,3942.81,330313733.0
EURO STOXX 50,EU0009658145,Europe,193736,EUR,2022-03-31 12:00:00,3964.01,3902.52,3979.7,3902.52,349693390.0
EURO STOXX 50,EU0009658145,Europe,193736,EUR,2022-04-01 12:00:00,3906.57,3918.68,3935.73,3895.7,272986697.0
EURO STOXX 50,EU0009658145,Europe,193736,EUR,2022-04-04 12:00:00,3925.27,3951.12,3956.59,3891.0,258682684.0
EURO STOXX 50,EU0009658145,Europe,193736,EUR,2022-04-05 12:00:00,3952.58,3917.85,3969.04,3896.62,321280772.0
EURO STOXX 50,EU0009658145,Europe,193736,EUR,2022-04-06 12:00:00,3915.53,3824.69,3915.53,3792.56,442473457.0
EURO STOXX 50,EU0009658145,Europe,193736,EUR,2022-04-07 12:00:00,3836.46,3802.01,3874.29,3797.6,337300574.0
EURO STOXX 50,EU0009658145,Europe,193736,EUR,2022-04-08 12:00:00,3812.08,3858.37,3872.59,3812.08,315602699.0
EURO STOXX 50,EU0009658145,Europe,193736,EUR,2022-04-11 12:00:00,3845.7,3839.62,3870.06,3813.16,282073346.0
EURO STOXX 50,EU0009658145,Europe,193736,EUR,2022-04-12 12:00:00,3818.76,3831.47,3853.23,3763.32,328700806.0
EURO STOXX 50,EU0009658145,Europe,193736,EUR,2022-04-13 12:00:00,3827.47,3827.96,3833.98,3788.87,260379878.0
EURO STOXX 50,EU0009658145,Europe,193736,EUR,2022-04-14 12:00:00,3834.33,3848.68,3859.59,3823.85,302433767.0
EURO STOXX 50,EU0009658145,Europe,193736,EUR,2022-04-19 12:00:00,3842.07,3830.76,3848.63,3793.47,261034386.0
EURO STOXX 50,EU0009658145,Europe,193736,EUR,2022-04-20 12:00:00,3835.16,3896.81,3905.75,3833.46,321943726.0
EURO STOXX 50,EU0009658145,Europe,193736,EUR,2022-04-21 12:00:00,3901.33,3928.03,3954.3,3897.46,273764070.0
EURO STOXX 50,EU0009658145,Europe,193736,EUR,2022-04-22 12:00:00,3905.8,3840.01,3905.8,3838.19,350493777.0
EURO STOXX 50,EU0009658145,Europe,193736,EUR,2022-04-25 12:00:00,3826.96,3757.59,3826.96,3739.67,341929668.0
EURO STOXX 50,EU0009658145,Europe,193736,EUR,2022-04-26 12:00:00,3769.66,3721.36,3804.96,3717.98,426597609.0
EURO STOXX 50,EU0009658145,Europe,193736,EUR,2022-04-27 12:00:00,3719.35,3734.64,3748.97,3675.54,436072153.0
EURO STOXX 50,EU0009658145,Europe,193736,EUR,2022-04-28 12:00:00,3750.21,3777.02,3809.24,3731.95,336069163.0
EURO STOXX 50,EU0009658145,Europe,193736,EUR,2022-04-29 12:00:00,3785.58,3802.86,3833.89,3785.58,345862199.0
EURO STOXX 50,EU0009658145,Europe,193736,EUR,2022-05-02 12:00:00,3772.91,3732.44,3772.91,3692.82,291506756.0
EURO STOXX 50,EU0009658145,Europe,193736,EUR,2022-05-03 12:00:00,3738.49,3761.19,3773.3,3727.52,313577211.0
EURO STOXX 50,EU0009658145,Europe,193736,EUR,2022-05-04 12:00:00,3758.44,3724.99,3767.66,3724.95,261719373.0
EURO STOXX 50,EU0009658145,Europe,193736,EUR,2022-05-05 12:00:00,3744.91,3696.63,3814.11,3684.45,395922308.0
EURO STOXX 50,EU0009658145,Europe,193736,EUR,2022-05-06 12:00:00,3678.85,3629.17,3678.85,3602.77,448251684.0
EURO STOXX 50,EU0009658145,Europe,193736,EUR,2022-05-09 12:00:00,3618.45,3526.86,3628.25,3526.86,335429623.0
EURO STOXX 50,EU0009658145,Europe,193736,EUR,2022-05-10 12:00:00,3537.66,3554.8,3611.08,3537.66,363496057.0
EURO STOXX 50,EU0009658145,Europe,193736,EUR,2022-05-11 12:00:00,3575.16,3647.87,3647.87,3553.72,396353097.0
EURO STOXX 50,EU0009658145,Europe,193736,EUR,2022-05-12 12:00:00,3617.71,3613.43,3637.62,3544.56,368758639.0
EURO STOXX 50,EU0009658145,Europe,193736,EUR,2022-05-13 12:00:00,3628.25,3703.42,3703.42,3628.25,300004600.0
EURO STOXX 50,EU0009658145,Europe,193736,EUR,2022-05-16 12:00:00,3695.78,3685.34,3705.23,3660.19,250328602.0
EURO STOXX 50,EU0009658145,Europe,193736,EUR,2022-05-17 12:00:00,3696.01,3741.51,3752.14,3696.01,286090875.0
EURO STOXX 50,EU0009658145,Europe,193736,EUR,2022-05-18 12:00:00,3745.24,3690.74,3752.29,3684.36,268688082.0
EURO STOXX 50,EU0009658145,Europe,193736,EUR,2022-05-19 12:00:00,3662.53,3640.55,3662.53,3592.01,314567152.0
EURO STOXX 50,EU0009658145,Europe,193736,EUR,2022-05-20 12:00:00,3650.09,3657.03,3710.67,3645.77,360257423.0
EURO STOXX 50,EU0009658145,Europe,193736,EUR,2022-05-23 12:00:00,3669.53,3708.39,3708.39,3653.14,291115086.0
EURO STOXX 50,EU0009658145,Europe,193736,EUR,2022-05-24 12:00:00,3700.12,3647.56,3700.12,3645.51,305942777.0
EURO STOXX 50,EU0009658145,Europe,193736,EUR,2022-05-25 12:00:00,3652.39,3677.1,3690.82,3633.78,319437010.0
EURO STOXX 50,EU0009658145,Europe,193736,EUR,2022-05-26 12:00:00,3675.24,3740.31,3747.41,3675.24,262140567.0
EURO STOXX 50,EU0009658145,Europe,193736,EUR,2022-05-27 12:00:00,3744.63,3808.86,3808.86,3744.63,268430597.0
EURO STOXX 50,EU0009658145,Europe,193736,EUR,2022-05-30 12:00:00,3817.71,3841.62,3852.68,3817.71,248068047.0
EURO STOXX 50,EU0009658145,Europe,193736,EUR,2022-05-31 12:00:00,3833.03,3789.21,3833.73,3780.41,505001660.0
EURO STOXX 50,EU0009658145,Europe,193736,EUR,2022-06-01 12:00:00,3800.1,3759.54,3813.04,3755.06,283490607.0
EURO STOXX 50,EU0009658145,Europe,193736,EUR,2022-06-02 12:00:00,3761.19,3795.13,3799.18,3761.19,180570503.0
EURO STOXX 50,EU0009658145,Europe,193736,EUR,2022-06-03 12:00:00,3813.29,3783.66,3822.37,3777.47,195759690.0
EURO STOXX 50,EU0009658145,Europe,193736,EUR,2022-06-06 12:00:00,3793.07,3838.42,3857.27,3793.07,219643902.0
EURO STOXX 50,EU0009658145,Europe,193736,EUR,2022-06-07 12:00:00,3830.21,3806.74,3830.21,3783.35,222436702.0
EURO STOXX 50,EU0009658145,Europe,193736,EUR,2022-06-08 12:00:00,3815.77,3788.93,3823.98,3768.43,264905991.0
EURO STOXX 50,EU0009658145,Europe,193736,EUR,2022-06-09 12:00:00,3780.03,3724.45,3788.97,3719.52,320880293.0
EURO STOXX 50,EU0009658145,Europe,193736,EUR,2022-06-10 12:00:00,3716.56,3599.2,3716.56,3596.64,560721767.0
EURO STOXX 50,EU0009658145,Europe,193736,EUR,2022-06-13 12:00:00,3581.87,3502.5,3581.87,3494.31,479542551.0
EURO STOXX 50,EU0009658145,Europe,193736,EUR,2022-06-14 12:00:00,3512.04,3475.18,3540.87,3466.69,351727727.0
EURO STOXX 50,EU0009658145,Europe,193736,EUR,2022-06-15 12:00:00,3496.28,3532.32,3549.27,3487.44,416959095.0
EURO STOXX 50,EU0009658145,Europe,193736,EUR,2022-06-16 12:00:00,3528.11,3427.91,3528.11,3420.65,392393060.0
EURO STOXX 50,EU0009658145,Europe,193736,EUR,2022-06-17 12:00:00,3433.56,3438.46,3485.94,3422.78,723383593.0
EURO STOXX 50,EU0009658145,Europe,193736,EUR,2022-06-20 12:00:00,3443.25,3469.83,3469.85,3429.4,266315253.0
EURO STOXX 50,EU0009658145,Europe,193736,EUR,2022-06-21 12:00:00,3469.83,3494.0,3524.24,3469.83,280108675.0
EURO STOXX 50,EU0009658145,Europe,193736,EUR,2022-06-22 12:00:00,3494.0,3464.64,3494.0,3413.04,304836584.0
EURO STOXX 50,EU0009658145,Europe,193736,EUR,2022-06-23 12:00:00,3456.35,3436.29,3481.85,3411.83,389914920.0
EURO STOXX 50,EU0009658145,Europe,193736,EUR,2022-06-24 12:00:00,3443.28,3533.17,3538.94,3443.28,324101583.0
EURO STOXX 50,EU0009658145,Europe,193736,EUR,2022-06-27 12:00:00,3537.86,3538.88,3595.67,3523.97,326030694.0
EURO STOXX 50,EU0009658145,Europe,193736,EUR,2022-06-28 12:00:00,3545.92,3549.29,3583.46,3545.89,277813838.0
EURO STOXX 50,EU0009658145,Europe,193736,EUR,2022-06-29 12:00:00,3534.82,3514.32,3534.82,3495.18,264445434.0
EURO STOXX 50,EU0009658145,Europe,193736,EUR,2022-06-30 12:00:00,3501.2,3454.86,3501.2,3414.74,469179111.0
EURO STOXX 50,EU0009658145,Europe,193736,EUR,2022-07-01 12:00:00,3450.62,3448.31,3471.25,3405.44,335454089.0
EURO STOXX 50,EU0009658145,Europe,193736,EUR,2022-07-04 12:00:00,3458.99,3452.42,3476.63,3445.39,274682383.0
EURO STOXX 50,EU0009658145,Europe,193736,EUR,2022-07-05 12:00:00,3464.39,3359.83,3477.04,3357.06,399259851.0
EURO STOXX 50,EU0009658145,Europe,193736,EUR,2022-07-06 12:00:00,3368.51,3421.84,3438.96,3368.51,371992724.0
EURO STOXX 50,EU0009658145,Europe,193736,EUR,2022-07-07 12:00:00,3443.25,3488.5,3493.94,3443.25,365415434.0
EURO STOXX 50,EU0009658145,Europe,193736,EUR,2022-07-08 12:00:00,3484.71,3506.55,3510.86,3454.51,298975059.0
EURO STOXX 50,EU0009658145,Europe,193736,EUR,2022-07-11 12:00:00,3485.0,3471.69,3492.11,3440.14,252084140.0
EURO STOXX 50,EU0009658145,Europe,193736,EUR,2022-07-12 12:00:00,3457.15,3487.05,3489.37,3425.59,419332045.0
EURO STOXX 50,EU0009658145,Europe,193736,EUR,2022-07-13 12:00:00,3481.82,3453.97,3481.82,3409.54,300219435.0
EURO STOXX 50,EU0009658145,Europe,193736,EUR,2022-07-14 12:00:00,3449.34,3396.61,3454.26,3372.12,438572361.0
EURO STOXX 50,EU0009658145,Europe,193736,EUR,2022-07-15 12:00:00,3402.68,3477.2,3480.85,3394.02,414418465.0
EURO STOXX 50,EU0009658145,Europe,193736,EUR,2022-07-18 12:00:00,3480.36,3511.86,3532.61,3480.36,332182285.0
EURO STOXX 50,EU0009658145,Europe,193736,EUR,2022-07-19 12:00:00,3498.43,3587.44,3593.78,3473.64,371464992.0
EURO STOXX 50,EU0009658145,Europe,193736,EUR,2022-07-20 12:00:00,3583.86,3585.24,3605.32,3546.46,395180976.0
EURO STOXX 50,EU0009658145,Europe,193736,EUR,2022-07-21 12:00:00,3581.72,3596.51,3611.1,3554.69,494879579.0
EURO STOXX 50,EU0009658145,Europe,193736,EUR,2022-07-22 12:00:00,3589.96,3596.49,3625.16,3577.81,369621578.0
EURO STOXX 50,EU0009658145,Europe,193736,EUR,2022-07-25 12:00:00,3592.33,3604.16,3619.52,3572.75,272143664.0
EURO STOXX 50,EU0009658145,Europe,193736,EUR,2022-07-26 12:00:00,3602.01,3575.36,3604.37,3571.84,255033040.0
EURO STOXX 50,EU0009658145,Europe,193736,EUR,2022-07-27 12:00:00,3583.39,3607.78,3617.5,3583.39,279315161.0
EURO STOXX 50,EU0009658145,Europe,193736,EUR,2022-07-28 12:00:00,3623.29,3652.2,3652.87,3594.58,387610959.0
EURO STOXX 50,EU0009658145,Europe,193736,EUR,2022-07-29 12:00:00,3662.7,3708.1,3720.16,3662.7,465303113.0
EURO STOXX 50,EU0009658145,Europe,193736,EUR,2022-08-01 12:00:00,3705.76,3706.62,3730.98,3699.77,290643387.0
EURO STOXX 50,EU0009658145,Europe,193736,EUR,2022-08-02 12:00:00,3701.63,3684.63,3701.63,3664.28,287501439.0
EURO STOXX 50,EU0009658145,Europe,193736,EUR,2022-08-03 12:00:00,3687.99,3732.54,3734.79,3681.89,283779282.0
EURO STOXX 50,EU0009658145,Europe,193736,EUR,2022-08-04 12:00:00,3733.52,3754.6,3781.57,3733.52,302790243.0
EURO STOXX 50,EU0009658145,Europe,193736,EUR,2022-08-05 12:00:00,3751.51,3725.39,3757.48,3716.39,284758549.0
EURO STOXX 50,EU0009658145,Europe,193736,EUR,2022-08-08 12:00:00,3737.31,3757.22,3778.99,3737.31,234398365.0
EURO STOXX 50,EU0009658145,Europe,193736,EUR,2022-08-09 12:00:00,3752.26,3715.37,3755.32,3711.55,217125352.0
EURO STOXX 50,EU0009658145,Europe,193736,EUR,2022-08-10 12:00:00,3714.4,3749.35,3757.89,3694.88,252547442.0
EURO STOXX 50,EU0009658145,Europe,193736,EUR,2022-08-11 12:00:00,3761.45,3757.05,3771.2,3741.25,234370079.0
EURO STOXX 50,EU0009658145,Europe,193736,EUR,2022-08-12 12:00:00,3760.58,3776.81,3784.19,3756.19,257439350.0
EURO STOXX 50,EU0009658145,Europe,193736,EUR,2022-08-15 12:00:00,3782.19,3789.62,3794.9,3763.03,202231928.0
EURO STOXX 50,EU0009658145,Europe,193736,EUR,2022-08-16 12:00:00,3796.04,3805.22,3819.12,3786.59,230929265.0
EURO STOXX 50,EU0009658145,Europe,193736,EUR,2022-08-17 12:00:00,3806.93,3756.06,3813.04,3751.57,251019355.0
EURO STOXX 50,EU0009658145,Europe,193736,EUR,2022-08-18 12:00:00,3755.85,3777.38,3779.77,3748.89,208713955.0
EURO STOXX 50,EU0009658145,Europe,193736,EUR,2022-08-19 12:00:00,3772.25,3730.32,3772.25,3725.55,308889382.0
EURO STOXX 50,EU0009658145,Europe,193736,EUR,2022-08-22 12:00:00,3724.14,3658.22,3724.14,3643.72,305774551.0
EURO STOXX 50,EU0009658145,Europe,193736,EUR,2022-08-23 12:00:00,3654.04,3652.52,3674.73,3635.27,288445357.0
EURO STOXX 50,EU0009658145,Europe,193736,EUR,2022-08-24 12:00:00,3651.05,3667.46,3672.79,3626.41,215668551.0
EURO STOXX 50,EU0009658145,Europe,193736,EUR,2022-08-25 12:00:00,3670.57,3674.54,3703.52,3659.75,278856919.0
EURO STOXX 50,EU0009658145,Europe,193736,EUR,2022-08-26 12:00:00,3682.02,3603.68,3706.49,3593.48,312154417.0
EURO STOXX 50,EU0009658145,Europe,193736,EUR,2022-08-29 12:00:00,3600.48,3570.51,3600.48,3537.24,233907279.0
EURO STOXX 50,EU0009658145,Europe,193736,EUR,2022-08-30 12:00:00,3576.89,3561.92,3629.5,3545.92,294360617.0
EURO STOXX 50,EU0009658145,Europe,193736,EUR,2022-08-31 12:00:00,3571.97,3517.25,3583.05,3517.25,405675667.0
EURO STOXX 50,EU0009658145,Europe,193736,EUR,2022-09-01 12:00:00,3514.49,3456.7,3514.49,3448.49,268253632.0
EURO STOXX 50,EU0009658145,Europe,193736,EUR,2022-09-02 12:00:00,3466.66,3544.38,3548.85,3466.66,291469146.0
EURO STOXX 50,EU0009658145,Europe,193736,EUR,2022-09-05 12:00:00,3532.77,3490.01,3532.77,3445.84,248847901.0
EURO STOXX 50,EU0009658145,Europe,193736,EUR,2022-09-06 12:00:00,3490.16,3500.14,3521.1,3471.89,244049302.0
EURO STOXX 50,EU0009658145,Europe,193736,EUR,2022-09-07 12:00:00,3495.02,3502.09,3510.9,3462.86,279150661.0
EURO STOXX 50,EU0009658145,Europe,193736,EUR,2022-09-08 12:00:00,3510.91,3512.38,3524.64,3454.6,338870238.0
EURO STOXX 50,EU0009658145,Europe,193736,EUR,2022-09-09 12:00:00,3512.71,3570.04,3581.57,3512.71,357760433.0
EURO STOXX 50,EU0009658145,Europe,193736,EUR,2022-09-12 12:00:00,3579.18,3646.51,3657.23,3579.18,352237274.0
EURO STOXX 50,EU0009658145,Europe,193736,EUR,2022-09-13 12:00:00,3649.24,3586.18,3683.02,3586.08,341928130.0
EURO STOXX 50,EU0009658145,Europe,193736,EUR,2022-09-14 12:00:00,3583.88,3567.56,3591.37,3545.8,289504308.0
EURO STOXX 50,EU0009658145,Europe,193736,EUR,2022-09-15 12:00:00,3566.47,3541.79,3586.36,3532.08,421544430.0
EURO STOXX 50,EU0009658145,Europe,193736,EUR,2022-09-16 12:00:00,3532.2,3500.41,3532.2,3482.4,634615573.0
EURO STOXX 50,EU0009658145,Europe,193736,EUR,2022-09-19 12:00:00,3499.78,3499.49,3520.11,3451.51,235264449.0
EURO STOXX 50,EU0009658145,Europe,193736,EUR,2022-09-20 12:00:00,3500.42,3467.09,3537.91,3459.94,345404014.0
EURO STOXX 50,EU0009658145,Europe,193736,EUR,2022-09-21 12:00:00,3461.3,3491.87,3494.41,3425.7,277452812.0
EURO STOXX 50,EU0009658145,Europe,193736,EUR,2022-09-22 12:00:00,3476.23,3427.14,3494.38,3427.06,292958901.0
EURO STOXX 50,EU0009658145,Europe,193736,EUR,2022-09-23 12:00:00,3427.14,3348.6,3427.14,3330.1,368728725.0
EURO STOXX 50,EU0009658145,Europe,193736,EUR,2022-09-26 12:00:00,3343.2,3342.56,3377.61,3325.2,316245779.0
EURO STOXX 50,EU0009658145,Europe,193736,EUR,2022-09-27 12:00:00,3349.94,3328.65,3396.08,3328.65,381046453.0
EURO STOXX 50,EU0009658145,Europe,193736,EUR,2022-09-28 12:00:00,3322.59,3335.3,3339.55,3259.33,428636354.0
EURO STOXX 50,EU0009658145,Europe,193736,EUR,2022-09-29 12:00:00,3332.8,3279.04,3332.8,3249.57,393327070.0
EURO STOXX 50,EU0009658145,Europe,193736,EUR,2022-09-30 12:00:00,3282.0,3318.2,3324.24,3279.98,387287176.0
EURO STOXX 50,EU0009658145,Europe,193736,EUR,2022-10-03 12:00:00,3309.02,3342.17,3348.45,3259.75,307293212.0
EURO STOXX 50,EU0009658145,Europe,193736,EUR,2022-10-04 12:00:00,3359.71,3484.48,3484.48,3359.71,361964203.0
EURO STOXX 50,EU0009658145,Europe,193736,EUR,2022-10-05 12:00:00,3479.24,3447.72,3480.45,3427.7,290100455.0
EURO STOXX 50,EU0009658145,Europe,193736,EUR,2022-10-06 12:00:00,3455.28,3433.45,3476.67,3419.8,261704914.0
EURO STOXX 50,EU0009658145,Europe,193736,EUR,2022-10-07 12:00:00,3419.31,3375.46,3434.13,3373.65,275208941.0
EURO STOXX 50,EU0009658145,Europe,193736,EUR,2022-10-10 12:00:00,3367.86,3356.88,3389.94,3338.36,239287374.0
EURO STOXX 50,EU0009658145,Europe,193736,EUR,2022-10-11 12:00:00,3352.54,3340.35,3356.41,3310.41,281807761.0
EURO STOXX 50,EU0009658145,Europe,193736,EUR,2022-10-12 12:00:00,3339.5,3331.53,3365.85,3315.54,269088193.0
EURO STOXX 50,EU0009658145,Europe,193736,EUR,2022-10-13 12:00:00,3321.18,3362.4,3373.11,3256.32,344499546.0
EURO STOXX 50,EU0009658145,Europe,193736,EUR,2022-10-14 12:00:00,3371.71,3381.73,3452.99,3371.71,341543958.0
EURO STOXX 50,EU0009658145,Europe,193736,EUR,2022-10-17 12:00:00,3382.12,3441.64,3456.81,3369.55,259793002.0
EURO STOXX 50,EU0009658145,Europe,193736,EUR,2022-10-18 12:00:00,3449.95,3463.83,3511.06,3449.95,316210509.0
EURO STOXX 50,EU0009658145,Europe,193736,EUR,2022-10-19 12:00:00,3466.71,3471.24,3498.2,3458.17,227282015.0
EURO STOXX 50,EU0009658145,Europe,193736,EUR,2022-10-20 12:00:00,3467.57,3492.85,3501.58,3451.75,288080721.0
EURO STOXX 50,EU0009658145,Europe,193736,EUR,2022-10-21 12:00:00,3477.27,3476.63,3488.01,3422.93,381184717.0
EURO STOXX 50,EU0009658145,Europe,193736,EUR,2022-10-24 12:00:00,3488.78,3527.79,3552.74,3473.21,301905694.0
EURO STOXX 50,EU0009658145,Europe,193736,EUR,2022-10-25 12:00:00,3536.92,3585.58,3585.58,3511.52,291152619.0
EURO STOXX 50,EU0009658145,Europe,193736,EUR,2022-10-26 12:00:00,3586.47,3605.31,3609.72,3560.43,308975996.0
EURO STOXX 50,EU0009658145,Europe,193736,EUR,2022-10-27 12:00:00,3604.95,3604.51,3618.73,3565.36,376350956.0
EURO STOXX 50,EU0009658145,Europe,193736,EUR,2022-10-28 12:00:00,3594.6,3613.02,3615.91,3558.55,290893856.0
EURO STOXX 50,EU0009658145,Europe,193736,EUR,2022-10-31 12:00:00,3622.55,3617.54,3631.23,3606.97,290399782.0
EURO STOXX 50,EU0009658145,Europe,193736,EUR,2022-11-01 12:00:00,3628.6,3651.02,3680.24,3628.6,264520218.0
EURO STOXX 50,EU0009658145,Europe,193736,EUR,2022-11-02 12:00:00,3653.42,3622.01,3675.66,3621.18,282210629.0
EURO STOXX 50,EU0009658145,Europe,193736,EUR,2022-11-03 12:00:00,3596.07,3593.18,3597.58,3563.42,274203634.0
EURO STOXX 50,EU0009658145,Europe,193736,EUR,2022-11-04 12:00:00,3601.92,3688.33,3711.21,3601.92,490232584.0
EURO STOXX 50,EU0009658145,Europe,193736,EUR,2022-11-07 12:00:00,3682.46,3708.8,3719.21,3667.98,340591064.0
EURO STOXX 50,EU0009658145,Europe,193736,EUR,2022-11-08 12:00:00,3704.2,3739.28,3741.29,3695.17,269959891.0
EURO STOXX 50,EU0009658145,Europe,193736,EUR,2022-11-09 12:00:00,3735.47,3728.03,3739.65,3708.51,304233174.0
EURO STOXX 50,EU0009658145,Europe,193736,EUR,2022-11-10 12:00:00,3717.69,3846.56,3849.14,3706.79,441379908.0
EURO STOXX 50,EU0009658145,Europe,193736,EUR,2022-11-11 12:00:00,3873.07,3868.5,3890.25,3859.5,377382507.0
EURO STOXX 50,EU0009658145,Europe,193736,EUR,2022-11-14 12:00:00,3873.51,3887.51,3915.67,3872.21,268466216.0
EURO STOXX 50,EU0009658145,Europe,193736,EUR,2022-11-15 12:00:00,3896.29,3915.09,3932.23,3889.25,304790804.0
EURO STOXX 50,EU0009658145,Europe,193736,EUR,2022-11-16 12:00:00,3911.68,3882.78,3918.97,3873.34,292468844.0
EURO STOXX 50,EU0009658145,Europe,193736,EUR,2022-11-17 12:00:00,3890.17,3878.42,3910.17,3842.87,319396790.0
EURO STOXX 50,EU0009658145,Europe,193736,EUR,2022-11-18 12:00:00,3889.56,3924.84,3940.94,3889.56,426265907.0
EURO STOXX 50,EU0009658145,Europe,193736,EUR,2022-11-21 12:00:00,3915.66,3909.28,3921.95,3896.71,317146001.0
EURO STOXX 50,EU0009658145,Europe,193736,EUR,2022-11-22 12:00:00,3903.8,3929.9,3935.55,3901.14,309629979.0
EURO STOXX 50,EU0009658145,Europe,193736,EUR,2022-11-23 12:00:00,3938.57,3946.44,3950.14,3925.37,275758235.0
EURO STOXX 50,EU0009658145,Europe,193736,EUR,2022-11-24 12:00:00,3948.78,3961.99,3976.43,3947.16,210077726.0
EURO STOXX 50,EU0009658145,Europe,193736,EUR,2022-11-25 12:00:00,3962.26,3962.41,3975.17,3951.64,222278975.0
EURO STOXX 50,EU0009658145,Europe,193736,EUR,2022-11-28 12:00:00,3952.71,3935.51,3957.56,3925.13,256896626.0
EURO STOXX 50,EU0009658145,Europe,193736,EUR,2022-11-29 12:00:00,3941.55,3934.44,3953.98,3924.56,255796287.0
EURO STOXX 50,EU0009658145,Europe,193736,EUR,2022-11-30 12:00:00,3945.71,3964.72,3972.69,3943.46,534692070.0
EURO STOXX 50,EU0009658145,Europe,193736,EUR,2022-12-01 12:00:00,3970.68,3984.5,4004.19,3968.89,346408001.0
EURO STOXX 50,EU0009658145,Europe,193736,EUR,2022-12-02 12:00:00,3974.16,3977.9,3996.57,3940.52,279546027.0
EURO STOXX 50,EU0009658145,Europe,193736,EUR,2022-12-05 12:00:00,3973.45,3956.53,3977.73,3950.31,198515343.0
EURO STOXX 50,EU0009658145,Europe,193736,EUR,2022-12-06 12:00:00,3953.5,3939.19,3963.51,3924.65,263441175.0
EURO STOXX 50,EU0009658145,Europe,193736,EUR,2022-12-07 12:00:00,3929.71,3920.9,3944.03,3911.46,249482715.0
EURO STOXX 50,EU0009658145,Europe,193736,EUR,2022-12-08 12:00:00,3926.17,3921.27,3931.08,3903.93,191797855.0
EURO STOXX 50,EU0009658145,Europe,193736,EUR,2022-12-09 12:00:00,3926.59,3942.62,3946.5,3905.94,251493823.0
EURO STOXX 50,EU0009658145,Europe,193736,EUR,2022-12-12 12:00:00,3931.59,3921.82,3936.11,3911.67,206163664.0
EURO STOXX 50,EU0009658145,Europe,193736,EUR,2022-12-13 12:00:00,3926.36,3986.83,4035.15,3923.93,328730164.0
EURO STOXX 50,EU0009658145,Europe,193736,EUR,2022-12-14 12:00:00,3980.71,3975.26,3980.71,3955.15,261250609.0
EURO STOXX 50,EU0009658145,Europe,193736,EUR,2022-12-15 12:00:00,3950.02,3835.7,3950.02,3831.21,480938673.0
EURO STOXX 50,EU0009658145,Europe,193736,EUR,2022-12-16 12:00:00,3831.0,3804.02,3837.77,3783.94,713258404.0
EURO STOXX 50,EU0009658145,Europe,193736,EUR,2022-12-19 12:00:00,3808.53,3811.24,3835.63,3808.53,218750639.0
EURO STOXX 50,EU0009658145,Europe,193736,EUR,2022-12-20 12:00:00,3790.58,3802.49,3816.9,3767.26,275673713.0
EURO STOXX 50,EU0009658145,Europe,193736,EUR,2022-12-21 12:00:00,3810.87,3872.15,3874.36,3810.87,245716367.0
EURO STOXX 50,EU0009658145,Europe,193736,EUR,2022-12-22 12:00:00,3870.98,3823.29,3889.7,3817.49,196020367.0
EURO STOXX 50,EU0009658145,Europe,193736,EUR,2022-12-23 12:00:00,3823.7,3817.01,3833.61,3798.74,145368826.0
EURO STOXX 50,EU0009658145,Europe,193736,EUR,2022-12-27 12:00:00,3826.99,3832.89,3854.61,3826.99,126148346.0
EURO STOXX 50,EU0009658145,Europe,193736,EUR,2022-12-28 12:00:00,3833.45,3808.82,3842.22,3805.94,133245499.0
EURO STOXX 50,EU0009658145,Europe,193736,EUR,2022-12-29 12:00:00,3803.24,3850.07,3851.39,3793.25,171138928.0
EURO STOXX 50,EU0009658145,Europe,193736,EUR,2022-12-30 12:00:00,3845.92,3793.62,3845.92,3792.09,159973321.0
EURO STOXX 50,EU0009658145,Europe,193736,EUR,2023-01-02 12:00:00,3802.51,3856.09,3860.74,3802.51,186949516.0
EURO STOXX 50,EU0009658145,Europe,193736,EUR,2023-01-03 12:00:00,3852.07,3882.29,3921.37,3852.07,324032614.0
EURO STOXX 50,EU0009658145,Europe,193736,EUR,2023-01-04 12:00:00,3891.04,3973.97,3975.5,3891.04,389836430.0
EURO STOXX 50,EU0009658145,Europe,193736,EUR,2023-01-05 12:00:00,3967.01,3959.48,3974.61,3950.42,262177632.0
EURO STOXX 50,EU0009658145,Europe,193736,EUR,2023-01-06 12:00:00,3959.96,4017.83,4017.85,3951.93,273957405.0
EURO STOXX 50,EU0009658145,Europe,193736,EUR,2023-01-09 12:00:00,4027.51,4068.62,4080.55,4025.16,312277426.0
EURO STOXX 50,EU0009658145,Europe,193736,EUR,2023-01-10 12:00:00,4052.62,4057.46,4063.29,4042.42,258549362.0
EURO STOXX 50,EU0009658145,Europe,193736,EUR,2023-01-11 12:00:00,4062.38,4099.76,4107.81,4062.38,301560147.0
EURO STOXX 50,EU0009658145,Europe,193736,EUR,2023-01-12 12:00:00,4104.14,4126.68,4144.37,4104.14,315655941.0
EURO STOXX 50,EU0009658145,Europe,193736,EUR,2023-01-13 12:00:00,4129.11,4150.8,4160.97,4129.11,299709352.0
EURO STOXX 50,EU0009658145,Europe,193736,EUR,2023-01-16 12:00:00,4155.74,4157.0,4162.51,4145.27,202255831.0
EURO STOXX 50,EU0009658145,Europe,193736,EUR,2023-01-17 12:00:00,4153.93,4174.33,4193.3,4142.29,299523068.0
EURO STOXX 50,EU0009658145,Europe,193736,EUR,2023-01-18 12:00:00,4171.03,4174.34,4197.47,4171.03,284323961.0
EURO STOXX 50,EU0009658145,Europe,193736,EUR,2023-01-19 12:00:00,4156.1,4094.28,4158.57,4092.57,348802228.0
EURO STOXX 50,EU0009658145,Europe,193736,EUR,2023-01-20 12:00:00,4101.64,4119.9,4126.17,4100.17,358445620.0
EURO STOXX 50,EU0009658145,Europe,193736,EUR,2023-01-23 12:00:00,4121.97,4150.82,4157.13,4121.97,266837990.0
EURO STOXX 50,EU0009658145,Europe,193736,EUR,2023-01-24 12:00:00,4154.26,4153.02,4167.02,4132.24,251549902.0
EURO STOXX 50,EU0009658145,Europe,193736,EUR,2023-01-25 12:00:00,4153.63,4148.11,4158.77,4116.99,250093065.0
EURO STOXX 50,EU0009658145,Europe,193736,EUR,2023-01-26 12:00:00,4156.51,4173.98,4183.56,4156.51,320046277.0
EURO STOXX 50,EU0009658145,Europe,193736,EUR,2023-01-27 12:00:00,4177.26,4178.01,4188.71,4154.53,270771504.0
EURO STOXX 50,EU0009658145,Europe,193736,EUR,2023-01-30 12:00:00,4166.75,4158.63,4166.75,4122.21,250410164.0
EURO STOXX 50,EU0009658145,Europe,193736,EUR,2023-01-31 12:00:00,4155.31,4163.45,4166.17,4124.58,420660492.0
EURO STOXX 50,EU0009658145,Europe,193736,EUR,2023-02-01 12:00:00,4168.81,4171.44,4187.61,4159.01,415216258.0
EURO STOXX 50,EU0009658145,Europe,193736,EUR,2023-02-02 12:00:00,4174.33,4241.12,4245.08,4174.33,529785806.0
EURO STOXX 50,EU0009658145,Europe,193736,EUR,2023-02-03 12:00:00,4230.53,4257.98,4257.98,4206.26,538274266.0
EURO STOXX 50,EU0009658145,Europe,193736,EUR,2023-02-06 12:00:00,4246.45,4205.45,4246.45,4186.66,321640999.0
EURO STOXX 50,EU0009658145,Europe,193736,EUR,2023-02-07 12:00:00,4206.39,4209.31,4218.49,4192.95,351809171.0
EURO STOXX 50,EU0009658145,Europe,193736,EUR,2023-02-08 12:00:00,4220.86,4209.15,4248.38,4208.4,295117878.0
EURO STOXX 50,EU0009658145,Europe,193736,EUR,2023-02-09 12:00:00,4226.85,4250.14,4275.58,4226.85,324844507.0
EURO STOXX 50,EU0009658145,Europe,193736,EUR,2023-02-10 12:00:00,4242.36,4197.94,4242.36,4172.95,359455764.0
EURO STOXX 50,EU0009658145,Europe,193736,EUR,2023-02-13 12:00:00,4202.03,4241.36,4244.62,4202.03,248730751.0
EURO STOXX 50,EU0009658145,Europe,193736,EUR,2023-02-14 12:00:00,4244.47,4238.76,4279.57,4233.73,269082384.0
EURO STOXX 50,EU0009658145,Europe,193736,EUR,2023-02-15 12:00:00,4237.0,4280.04,4283.62,4234.39,273590697.0
EURO STOXX 50,EU0009658145,Europe,193736,EUR,2023-02-16 12:00:00,4295.99,4297.24,4316.17,4269.44,356247886.0
EURO STOXX 50,EU0009658145,Europe,193736,EUR,2023-02-17 12:00:00,4283.04,4274.92,4288.08,4232.25,353898693.0
EURO STOXX 50,EU0009658145,Europe,193736,EUR,2023-02-20 12:00:00,4281.72,4271.18,4284.56,4262.21,202505016.0
EURO STOXX 50,EU0009658145,Europe,193736,EUR,2023-02-21 12:00:00,4265.18,4250.4,4265.29,4210.17,271928573.0
EURO STOXX 50,EU0009658145,Europe,193736,EUR,2023-02-22 12:00:00,4245.75,4242.88,4248.06,4205.93,332556136.0
EURO STOXX 50,EU0009658145,Europe,193736,EUR,2023-02-23 12:00:00,4249.95,4258.16,4282.88,4249.95,297836739.0
EURO STOXX 50,EU0009658145,Europe,193736,EUR,2023-02-24 12:00:00,4263.38,4178.82,4280.14,4171.93,443587421.0
EURO STOXX 50,EU0009658145,Europe,193736,EUR,2023-02-27 12:00:00,4191.84,4248.01,4266.82,4191.84,295465748.0
EURO STOXX 50,EU0009658145,Europe,193736,EUR,2023-02-28 12:00:00,4238.46,4238.38,4268.66,4222.23,581559881.0
EURO STOXX 50,EU0009658145,Europe,193736,EUR,2023-03-01 12:00:00,4243.38,4215.75,4276.06,4206.32,349524564.0
EURO STOXX 50,EU0009658145,Europe,193736,EUR,2023-03-02 12:00:00,4204.8,4240.59,4241.39,4178.65,284824607.0
EURO STOXX 50,EU0009658145,Europe,193736,EUR,2023-03-03 12:00:00,4256.81,4294.8,4298.78,4256.81,293821979.0
EURO STOXX 50,EU0009658145,Europe,193736,EUR,2023-03-06 12:00:00,4306.65,4313.78,4324.27,4295.69,252556403.0
EURO STOXX 50,EU0009658145,Europe,193736,EUR,2023-03-07 12:00:00,4306.25,4278.96,4319.06,4277.82,283310851.0
EURO STOXX 50,EU0009658145,Europe,193736,EUR,2023-03-08 12:00:00,4272.37,4288.45,4298.95,4264.23,261583044.0
EURO STOXX 50,EU0009658145,Europe,193736,EUR,2023-03-09 12:00:00,4283.3,4286.12,4297.56,4257.2,274436382.0
EURO STOXX 50,EU0009658145,Europe,193736,EUR,2023-03-10 12:00:00,4256.43,4229.53,4256.43,4190.98,486055200.0
EURO STOXX 50,EU0009658145,Europe,193736,EUR,2023-03-13 12:00:00,4228.32,4096.54,4229.22,4071.94,772167360.0
EURO STOXX 50,EU0009658145,Europe,193736,EUR,2023-03-14 12:00:00,4104.57,4179.47,4189.08,4088.58,516126670.0
EURO STOXX 50,EU0009658145,Europe,193736,EUR,2023-03-15 12:00:00,4175.62,4034.92,4178.46,4018.3,805723670.0
EURO STOXX 50,EU0009658145,Europe,193736,EUR,2023-03-16 12:00:00,4060.41,4116.98,4135.0,4021.45,609390828.0
EURO STOXX 50,EU0009658145,Europe,193736,EUR,2023-03-17 12:00:00,4137.37,4064.99,4174.67,4042.75,892144722.0
EURO STOXX 50,EU0009658145,Europe,193736,EUR,2023-03-20 12:00:00,4054.7,4119.42,4136.19,3980.94,688694709.0
EURO STOXX 50,EU0009658145,Europe,193736,EUR,2023-03-21 12:00:00,4139.89,4181.6,4206.93,4139.89,489046989.0
EURO STOXX 50,EU0009658145,Europe,193736,EUR,2023-03-22 12:00:00,4174.9,4195.7,4212.81,4167.12,367889637.0
EURO STOXX 50,EU0009658145,Europe,193736,EUR,2023-03-23 12:00:00,4195.22,4207.14,4215.2,4166.0,335645181.0
EURO STOXX 50,EU0009658145,Europe,193736,EUR,2023-03-24 12:00:00,4193.16,4130.62,4193.16,4093.16,558643971.0
EURO STOXX 50,EU0009658145,Europe,193736,EUR,2023-03-27 12:00:00,4133.8,4164.62,4190.14,4133.8,332731279.0
EURO STOXX 50,EU0009658145,Europe,193736,EUR,2023-03-28 12:00:00,4169.53,4168.21,4205.35,4157.11,300718805.0
EURO STOXX 50,EU0009658145,Europe,193736,EUR,2023-03-29 12:00:00,4168.61,4231.27,4233.59,4168.61,332258663.0
EURO STOXX 50,EU0009658145,Europe,193736,EUR,2023-03-30 12:00:00,4232.59,4285.42,4295.32,4232.59,290568038.0
EURO STOXX 50,EU0009658145,Europe,193736,EUR,2023-03-31 12:00:00,4285.84,4315.05,4325.34,4278.31,358557281.0
EURO STOXX 50,EU0009658145,Europe,193736,EUR,2023-04-03 12:00:00,4312.99,4311.05,4329.29,4304.89,286317605.0
EURO STOXX 50,EU0009658145,Europe,193736,EUR,2023-04-04 12:00:00,4312.15,4315.32,4346.95,4311.02,276517605.0
EURO STOXX 50,EU0009658145,Europe,193736,EUR,2023-04-05 12:00:00,4316.29,4298.36,4320.83,4286.21,292522846.0
EURO STOXX 50,EU0009658145,Europe,193736,EUR,2023-04-06 12:00:00,4295.55,4309.45,4313.74,4293.85,280824281.0
EURO STOXX 50,EU0009658145,Europe,193736,EUR,2023-04-11 12:00:00,4312.66,4333.29,4343.92,4312.66,293007094.0
EURO STOXX 50,EU0009658145,Europe,193736,EUR,2023-04-12 12:00:00,4332.33,4334.03,4374.23,4323.67,294686654.0
EURO STOXX 50,EU0009658145,Europe,193736,EUR,2023-04-13 12:00:00,4334.67,4363.24,4363.61,4334.67,281093467.0
EURO STOXX 50,EU0009658145,Europe,193736,EUR,2023-04-14 12:00:00,4364.09,4390.75,4397.58,4363.31,345933346.0
EURO STOXX 50,EU0009658145,Europe,193736,EUR,2023-04-17 12:00:00,4392.4,4367.61,4401.97,4366.22,260721214.0
EURO STOXX 50,EU0009658145,Europe,193736,EUR,2023-04-18 12:00:00,4367.62,4393.95,4407.74,4367.62,260885054.0
EURO STOXX 50,EU0009658145,Europe,193736,EUR,2023-04-19 12:00:00,4393.46,4393.57,4397.16,4373.19,243716796.0
EURO STOXX 50,EU0009658145,Europe,193736,EUR,2023-04-20 12:00:00,4391.92,4384.86,4400.61,4365.91,333378769.0
EURO STOXX 50,EU0009658145,Europe,193736,EUR,2023-04-21 12:00:00,4382.06,4408.59,4408.59,4367.56,368878634.0
EURO STOXX 50,EU0009658145,Europe,193736,EUR,2023-04-24 12:00:00,4398.51,4401.8,4411.67,4387.64,230080197.0
EURO STOXX 50,EU0009658145,Europe,193736,EUR,2023-04-25 12:00:00,4393.23,4377.85,4393.23,4363.98,297902017.0
EURO STOXX 50,EU0009658145,Europe,193736,EUR,2023-04-26 12:00:00,4373.21,4347.71,4373.21,4324.43,343889976.0
EURO STOXX 50,EU0009658145,Europe,193736,EUR,2023-04-27 12:00:00,4345.04,4358.05,4368.95,4327.98,265052629.0
EURO STOXX 50,EU0009658145,Europe,193736,EUR,2023-04-28 12:00:00,4353.92,4359.31,4376.3,4305.63,384934388.0
EURO STOXX 50,EU0009658145,Europe,193736,EUR,2023-05-01 12:00:00,4359.31,4359.31,4359.31,4359.31,0.0
EURO STOXX 50,EU0009658145,Europe,193736,EUR,2023-05-02 12:00:00,4353.41,4294.85,4372.66,4291.66,329433651.0
EURO STOXX 50,EU0009658145,Europe,193736,EUR,2023-05-03 12:00:00,4303.53,4310.18,4329.03,4303.53,264864284.0
EURO STOXX 50,EU0009658145,Europe,193736,EUR,2023-05-04 12:00:00,4280.66,4287.03,4302.04,4264.41,302000353.0
EURO STOXX 50,EU0009658145,Europe,193736,EUR,2023-05-05 12:00:00,4280.92,4340.43,4340.48,4280.92,306824165.0
EURO STOXX 50,EU0009658145,Europe,193736,EUR,2023-05-08 12:00:00,4335.22,4348.65,4355.41,4334.13,187102393.0
EURO STOXX 50,EU0009658145,Europe,193736,EUR,2023-05-09 12:00:00,4344.42,4323.09,4344.42,4305.31,215935828.0
EURO STOXX 50,EU0009658145,Europe,193736,EUR,2023-05-10 12:00:00,4322.65,4306.76,4332.29,4293.21,259650677.0
EURO STOXX 50,EU0009658145,Europe,193736,EUR,2023-05-11 12:00:00,4303.98,4309.75,4341.59,4281.69,282974225.0
EURO STOXX 50,EU0009658145,Europe,193736,EUR,2023-05-12 12:00:00,4304.07,4317.88,4344.32,4304.07,235962538.0
EURO STOXX 50,EU0009658145,Europe,193736,EUR,2023-05-15 12:00:00,4315.85,4316.41,4338.14,4302.76,198632040.0
EURO STOXX 50,EU0009658145,Europe,193736,EUR,2023-05-16 12:00:00,4313.12,4315.51,4328.78,4298.31,214723401.0
EURO STOXX 50,EU0009658145,Europe,193736,EUR,2023-05-17 12:00:00,4313.25,4323.23,4332.08,4293.57,221681767.0
EURO STOXX 50,EU0009658145,Europe,193736,EUR,2023-05-18 12:00:00,4323.04,4367.45,4380.5,4323.04,253857187.0
EURO STOXX 50,EU0009658145,Europe,193736,EUR,2023-05-19 12:00:00,4368.24,4395.3,4412.88,4368.24,309095979.0
EURO STOXX 50,EU0009658145,Europe,193736,EUR,2023-05-22 12:00:00,4384.99,4385.63,4394.94,4372.93,232589716.0
EURO STOXX 50,EU0009658145,Europe,193736,EUR,2023-05-23 12:00:00,4382.99,4342.38,4383.45,4342.38,182715976.0
EURO STOXX 50,EU0009658145,Europe,193736,EUR,2023-05-24 12:00:00,4339.5,4263.74,4339.5,4250.26,328490762.0
EURO STOXX 50,EU0009658145,Europe,193736,EUR,2023-05-25 12:00:00,4264.01,4269.64,4284.96,4251.29,278890291.0
EURO STOXX 50,EU0009658145,Europe,193736,EUR,2023-05-26 12:00:00,4272.85,4337.5,4346.2,4260.81,258938598.0
EURO STOXX 50,EU0009658145,Europe,193736,EUR,2023-05-29 12:00:00,4340.95,4320.01,4359.86,4314.95,0.0
EURO STOXX 50,EU0009658145,Europe,193736,EUR,2023-05-30 12:00:00,4314.96,4291.58,4338.71,4284.11,258461109.0
EURO STOXX 50,EU0009658145,Europe,193736,EUR,2023-05-31 12:00:00,4289.1,4218.04,4289.1,4210.69,956650093.0
EURO STOXX 50,EU0009658145,Europe,193736,EUR,2023-06-01 12:00:00,4222.56,4257.61,4271.37,4222.56,264408973.0
EURO STOXX 50,EU0009658145,Europe,193736,EUR,2023-06-02 12:00:00,4259.64,4323.52,4327.57,4259.64,284393170.0
EURO STOXX 50,EU0009658145,Europe,193736,EUR,2023-06-05 12:00:00,4324.1,4293.24,4333.18,4287.14,227690488.0
EURO STOXX 50,EU0009658145,Europe,193736,EUR,2023-06-06 12:00:00,4292.77,4295.22,4299.0,4275.44,217322683.0
EURO STOXX 50,EU0009658145,Europe,193736,EUR,2023-06-07 12:00:00,4294.5,4291.91,4305.25,4273.28,233542391.0
EURO STOXX 50,EU0009658145,Europe,193736,EUR,2023-06-08 12:00:00,4284.09,4297.68,4305.9,4276.36,245515257.0
EURO STOXX 50,EU0009658145,Europe,193736,EUR,2023-06-09 12:00:00,4298.48,4289.79,4307.42,4275.09,197349441.0
EURO STOXX 50,EU0009658145,Europe,193736,EUR,2023-06-12 12:00:00,4291.04,4316.49,4332.97,4291.04,208975987.0
EURO STOXX 50,EU0009658145,Europe,193736,EUR,2023-06-13 12:00:00,4317.75,4347.55,4352.01,4316.52,244952658.0
EURO STOXX 50,EU0009658145,Europe,193736,EUR,2023-06-14 12:00:00,4346.52,4375.98,4385.84,4343.55,303621296.0
EURO STOXX 50,EU0009658145,Europe,193736,EUR,2023-06-15 12:00:00,4373.58,4365.12,4373.58,4333.64,248257254.0
EURO STOXX 50,EU0009658145,Europe,193736,EUR,2023-06-16 12:00:00,4365.74,4394.82,4410.2,4363.96,724460164.0
EURO STOXX 50,EU0009658145,Europe,193736,EUR,2023-06-19 12:00:00,4392.17,4362.38,4392.17,4356.51,218861248.0
EURO STOXX 50,EU0009658145,Europe,193736,EUR,2023-06-20 12:00:00,4361.5,4343.14,4365.23,4338.35,232290542.0
EURO STOXX 50,EU0009658145,Europe,193736,EUR,2023-06-21 12:00:00,4339.47,4322.75,4350.1,4316.47,246207602.0
EURO STOXX 50,EU0009658145,Europe,193736,EUR,2023-06-22 12:00:00,4304.02,4304.47,4304.59,4261.34,246493901.0
EURO STOXX 50,EU0009658145,Europe,193736,EUR,2023-06-23 12:00:00,4296.75,4271.61,4296.75,4253.15,279021111.0
EURO STOXX 50,EU0009658145,Europe,193736,EUR,2023-06-26 12:00:00,4272.1,4280.57,4294.16,4238.07,231854038.0
EURO STOXX 50,EU0009658145,Europe,193736,EUR,2023-06-27 12:00:00,4286.18,4305.26,4311.12,4272.27,232102498.0
EURO STOXX 50,EU0009658145,Europe,193736,EUR,2023-06-28 12:00:00,4313.04,4344.75,4349.39,4313.04,241632299.0
EURO STOXX 50,EU0009658145,Europe,193736,EUR,2023-06-29 12:00:00,4345.23,4354.69,4371.6,4341.64,231609057.0
EURO STOXX 50,EU0009658145,Europe,193736,EUR,2023-06-30 12:00:00,4354.95,4399.09,4409.5,4346.4,384072612.0
EURO STOXX 50,EU0009658145,Europe,193736,EUR,2023-07-03 12:00:00,4401.03,4398.15,4420.01,4397.76,241103574.0
EURO STOXX 50,EU0009658145,Europe,193736,EUR,2023-07-04 12:00:00,4398.05,4390.99,4412.54,4389.52,182695089.0
EURO STOXX 50,EU0009658145,Europe,193736,EUR,2023-07-05 12:00:00,4388.3,4350.71,4388.3,4342.87,238912659.0
EURO STOXX 50,EU0009658145,Europe,193736,EUR,2023-07-06 12:00:00,4349.3,4223.09,4349.3,4213.81,344327712.0
EURO STOXX 50,EU0009658145,Europe,193736,EUR,2023-07-07 12:00:00,4222.73,4236.6,4257.99,4197.97,241099797.0
EURO STOXX 50,EU0009658145,Europe,193736,EUR,2023-07-10 12:00:00,4235.35,4256.51,4272.49,4217.75,164914241.0
EURO STOXX 50,EU0009658145,Europe,193736,EUR,2023-07-11 12:00:00,4257.9,4286.56,4301.23,4257.9,179505063.0
EURO STOXX 50,EU0009658145,Europe,193736,EUR,2023-07-12 12:00:00,4289.01,4360.46,4367.44,4289.01,293623687.0
EURO STOXX 50,EU0009658145,Europe,193736,EUR,2023-07-13 12:00:00,4361.16,4391.76,4410.28,4361.16,271745775.0
EURO STOXX 50,EU0009658145,Europe,193736,EUR,2023-07-14 12:00:00,4389.93,4400.11,4411.18,4388.76,282684415.0
EURO STOXX 50,EU0009658145,Europe,193736,EUR,2023-07-17 12:00:00,4397.33,4356.79,4397.33,4342.54,179652672.0
EURO STOXX 50,EU0009658145,Europe,193736,EUR,2023-07-18 12:00:00,4354.62,4369.73,4374.63,4345.16,202181684.0
EURO STOXX 50,EU0009658145,Europe,193736,EUR,2023-07-19 12:00:00,4370.91,4362.28,4404.59,4362.09,247078237.0
EURO STOXX 50,EU0009658145,Europe,193736,EUR,2023-07-20 12:00:00,4360.92,4373.73,4376.58,4340.69,267063441.0
EURO STOXX 50,EU0009658145,Europe,193736,EUR,2023-07-21 12:00:00,4374.07,4391.41,4391.41,4355.28,261269075.0
EURO STOXX 50,EU0009658145,Europe,193736,EUR,2023-07-24 12:00:00,4386.87,4383.03,4386.87,4364.26,193598021.0
EURO STOXX 50,EU0009658145,Europe,193736,EUR,2023-07-25 12:00:00,4382.49,4391.3,4399.5,4374.13,178149240.0
EURO STOXX 50,EU0009658145,Europe,193736,EUR,2023-07-26 12:00:00,4390.96,4346.15,4390.96,4312.07,307367315.0
EURO STOXX 50,EU0009658145,Europe,193736,EUR,2023-07-27 12:00:00,4347.18,4447.44,4448.96,4347.18,361263522.0
EURO STOXX 50,EU0009658145,Europe,193736,EUR,2023-07-28 12:00:00,4448.6,4466.5,4476.04,4423.64,401281259.0
EURO STOXX 50,EU0009658145,Europe,193736,EUR,2023-07-31 12:00:00,4466.41,4471.31,4491.51,4458.37,290814802.0
EURO STOXX 50,EU0009658145,Europe,193736,EUR,2023-08-01 12:00:00,4469.62,4407.54,4469.62,4407.11,279915346.0
EURO STOXX 50,EU0009658145,Europe,193736,EUR,2023-08-02 12:00:00,4403.04,4336.5,4403.04,4329.91,303492160.0
EURO STOXX 50,EU0009658145,Europe,193736,EUR,2023-08-03 12:00:00,4335.14,4304.63,4335.14,4279.05,272499039.0
EURO STOXX 50,EU0009658145,Europe,193736,EUR,2023-08-04 12:00:00,4306.07,4332.91,4336.65,4288.8,251526920.0
EURO STOXX 50,EU0009658145,Europe,193736,EUR,2023-08-07 12:00:00,4330.23,4337.5,4341.11,4304.13,177262966.0
EURO STOXX 50,EU0009658145,Europe,193736,EUR,2023-08-08 12:00:00,4329.47,4288.85,4330.22,4259.84,572509096.0
EURO STOXX 50,EU0009658145,Europe,193736,EUR,2023-08-09 12:00:00,4289.02,4317.33,4354.97,4289.02,338773660.0
EURO STOXX 50,EU0009658145,Europe,193736,EUR,2023-08-10 12:00:00,4320.92,4384.04,4402.09,4320.92,287969724.0
EURO STOXX 50,EU0009658145,Europe,193736,EUR,2023-08-11 12:00:00,4381.72,4321.33,4381.72,4311.11,205837608.0
EURO STOXX 50,EU0009658145,Europe,193736,EUR,2023-08-14 12:00:00,4318.71,4330.23,4343.89,4306.26,164325043.0
EURO STOXX 50,EU0009658145,Europe,193736,EUR,2023-08-15 12:00:00,4334.07,4288.57,4336.72,4269.86,163769645.0
EURO STOXX 50,EU0009658145,Europe,193736,EUR,2023-08-16 12:00:00,4284.57,4284.27,4304.09,4268.85,178687029.0
EURO STOXX 50,EU0009658145,Europe,193736,EUR,2023-08-17 12:00:00,4281.57,4227.83,4281.57,4224.78,216865611.0
EURO STOXX 50,EU0009658145,Europe,193736,EUR,2023-08-18 12:00:00,4224.45,4212.95,4224.45,4175.37,223730197.0
EURO STOXX 50,EU0009658145,Europe,193736,EUR,2023-08-21 12:00:00,4212.6,4224.87,4262.17,4212.6,202615521.0
EURO STOXX 50,EU0009658145,Europe,193736,EUR,2023-08-22 12:00:00,4226.1,4260.37,4291.81,4226.1,190308857.0
EURO STOXX 50,EU0009658145,Europe,193736,EUR,2023-08-23 12:00:00,4260.97,4266.67,4294.29,4248.82,200957027.0
EURO STOXX 50,EU0009658145,Europe,193736,EUR,2023-08-24 12:00:00,4278.11,4232.22,4322.08,4229.67,219983155.0
EURO STOXX 50,EU0009658145,Europe,193736,EUR,2023-08-25 12:00:00,4230.82,4236.25,4269.52,4219.99,181439410.0
EURO STOXX 50,EU0009658145,Europe,193736,EUR,2023-08-28 12:00:00,4245.6,4293.69,4299.17,4245.6,185229872.0
EURO STOXX 50,EU0009658145,Europe,193736,EUR,2023-08-29 12:00:00,4297.62,4326.47,4329.29,4291.35,218973249.0
EURO STOXX 50,EU0009658145,Europe,193736,EUR,2023-08-30 12:00:00,4326.55,4315.31,4340.83,4294.62,207876530.0
EURO STOXX 50,EU0009658145,Europe,193736,EUR,2023-08-31 12:00:00,4316.16,4297.11,4336.74,4297.11,439515948.0
EURO STOXX 50,EU0009658145,Europe,193736,EUR,2023-09-01 12:00:00,4296.31,4282.64,4319.99,4282.36,228107490.0
EURO STOXX 50,EU0009658145,Europe,193736,EUR,2023-09-04 12:00:00,4286.6,4279.87,4323.31,4272.06,135978048.0
EURO STOXX 50,EU0009658145,Europe,193736,EUR,2023-09-05 12:00:00,4275.92,4269.16,4286.77,4234.79,192928167.0
EURO STOXX 50,EU0009658145,Europe,193736,EUR,2023-09-06 12:00:00,4265.54,4238.26,4265.54,4224.35,269478326.0
EURO STOXX 50,EU0009658145,Europe,193736,EUR,2023-09-07 12:00:00,4235.74,4221.02,4252.83,4209.98,233391524.0
EURO STOXX 50,EU0009658145,Europe,193736,EUR,2023-09-08 12:00:00,4224.13,4237.19,4244.41,4179.97,224699526.0
EURO STOXX 50,EU0009658145,Europe,193736,EUR,2023-09-11 12:00:00,4241.43,4254.33,4278.96,4241.43,267728568.0
EURO STOXX 50,EU0009658145,Europe,193736,EUR,2023-09-12 12:00:00,4258.7,4242.27,4264.5,4230.64,243074514.0
EURO STOXX 50,EU0009658145,Europe,193736,EUR,2023-09-13 12:00:00,4236.92,4223.48,4238.69,4198.99,237808469.0
EURO STOXX 50,EU0009658145,Europe,193736,EUR,2023-09-14 12:00:00,4223.4,4279.75,4288.23,4205.68,384407851.0
EURO STOXX 50,EU0009658145,Europe,193736,EUR,2023-09-15 12:00:00,4287.65,4295.05,4326.9,4287.65,646404375.0
EURO STOXX 50,EU0009658145,Europe,193736,EUR,2023-09-18 12:00:00,4291.08,4245.88,4291.08,4234.73,219756239.0
EURO STOXX 50,EU0009658145,Europe,193736,EUR,2023-09-19 12:00:00,4245.39,4242.7,4264.14,4230.33,189113096.0
EURO STOXX 50,EU0009658145,Europe,193736,EUR,2023-09-20 12:00:00,4242.41,4275.98,4286.53,4241.57,327352893.0
EURO STOXX 50,EU0009658145,Europe,193736,EUR,2023-09-21 12:00:00,4271.1,4212.59,4271.1,4200.72,286478903.0
EURO STOXX 50,EU0009658145,Europe,193736,EUR,2023-09-22 12:00:00,4211.04,4207.16,4218.69,4178.44,266186036.0
EURO STOXX 50,EU0009658145,Europe,193736,EUR,2023-09-25 12:00:00,4204.22,4167.37,4213.23,4144.71,232291394.0
EURO STOXX 50,EU0009658145,Europe,193736,EUR,2023-09-26 12:00:00,4165.03,4129.18,4165.03,4114.97,253562702.0
EURO STOXX 50,EU0009658145,Europe,193736,EUR,2023-09-27 12:00:00,4129.91,4131.68,4153.43,4121.31,209315896.0
EURO STOXX 50,EU0009658145,Europe,193736,EUR,2023-09-28 12:00:00,4131.44,4161.56,4161.59,4106.48,272330433.0
EURO STOXX 50,EU0009658145,Europe,193736,EUR,2023-09-29 12:00:00,4171.33,4174.66,4215.28,4171.33,266816961.0
EURO STOXX 50,EU0009658145,Europe,193736,EUR,2023-10-02 12:00:00,4181.62,4137.63,4204.17,4119.45,251271007.0
EURO STOXX 50,EU0009658145,Europe,193736,EUR,2023-10-03 12:00:00,4124.98,4095.59,4146.47,4091.0,291808485.0
EURO STOXX 50,EU0009658145,Europe,193736,EUR,2023-10-04 12:00:00,4084.78,4099.85,4126.6,4061.94,292188247.0
EURO STOXX 50,EU0009658145,Europe,193736,EUR,2023-10-05 12:00:00,4104.17,4099.81,4122.52,4092.03,205665116.0
EURO STOXX 50,EU0009658145,Europe,193736,EUR,2023-10-06 12:00:00,4106.16,4144.43,4144.66,4094.01,254567991.0
EURO STOXX 50,EU0009658145,Europe,193736,EUR,2023-10-09 12:00:00,4139.51,4112.57,4139.51,4097.94,242591695.0
EURO STOXX 50,EU0009658145,Europe,193736,EUR,2023-10-10 12:00:00,4118.46,4205.23,4208.43,4118.46,261111368.0
EURO STOXX 50,EU0009658145,Europe,193736,EUR,2023-10-11 12:00:00,4203.84,4200.8,4217.0,4172.91,236367401.0
EURO STOXX 50,EU0009658145,Europe,193736,EUR,2023-10-12 12:00:00,4202.79,4198.23,4234.49,4193.98,273618511.0
EURO STOXX 50,EU0009658145,Europe,193736,EUR,2023-10-13 12:00:00,4197.3,4136.12,4198.1,4133.13,278531961.0
EURO STOXX 50,EU0009658145,Europe,193736,EUR,2023-10-16 12:00:00,4137.07,4149.86,4163.4,4110.83,213472237.0
EURO STOXX 50,EU0009658145,Europe,193736,EUR,2023-10-17 12:00:00,4148.09,4152.32,4163.1,4111.52,185321065.0
EURO STOXX 50,EU0009658145,Europe,193736,EUR,2023-10-18 12:00:00,4152.53,4105.86,4161.5,4099.9,218077173.0
EURO STOXX 50,EU0009658145,Europe,193736,EUR,2023-10-19 12:00:00,4104.79,4090.33,4109.81,4069.29,291336034.0
EURO STOXX 50,EU0009658145,Europe,193736,EUR,2023-10-20 12:00:00,4077.44,4024.68,4077.44,4024.68,366413588.0
EURO STOXX 50,EU0009658145,Europe,193736,EUR,2023-10-23 12:00:00,4025.48,4041.75,4044.62,3993.1,261398303.0
EURO STOXX 50,EU0009658145,Europe,193736,EUR,2023-10-24 12:00:00,4045.42,4065.37,4074.32,4026.65,246080259.0
EURO STOXX 50,EU0009658145,Europe,193736,EUR,2023-10-25 12:00:00,4062.34,4073.35,4082.49,4040.51,217497508.0
EURO STOXX 50,EU0009658145,Europe,193736,EUR,2023-10-26 12:00:00,4070.75,4049.4,4070.75,4017.74,268732807.0
EURO STOXX 50,EU0009658145,Europe,193736,EUR,2023-10-27 12:00:00,4056.1,4014.36,4068.52,4006.64,235698217.0
EURO STOXX 50,EU0009658145,Europe,193736,EUR,2023-10-30 12:00:00,4023.42,4028.32,4050.98,4023.42,243773377.0
EURO STOXX 50,EU0009658145,Europe,193736,EUR,2023-10-31 12:00:00,4030.83,4061.12,4073.49,4026.93,321638261.0
EURO STOXX 50,EU0009658145,Europe,193736,EUR,2023-11-01 12:00:00,4069.65,4091.71,4103.65,4049.87,273752537.0
EURO STOXX 50,EU0009658145,Europe,193736,EUR,2023-11-02 12:00:00,4102.09,4169.62,4188.31,4102.09,343497752.0
EURO STOXX 50,EU0009658145,Europe,193736,EUR,2023-11-03 12:00:00,4175.85,4174.67,4195.96,4163.86,351664657.0
EURO STOXX 50,EU0009658145,Europe,193736,EUR,2023-11-06 12:00:00,4178.32,4158.64,4188.65,4152.08,248275023.0
EURO STOXX 50,EU0009658145,Europe,193736,EUR,2023-11-07 12:00:00,4150.52,4153.37,4164.88,4135.53,204569281.0
EURO STOXX 50,EU0009658145,Europe,193736,EUR,2023-11-08 12:00:00,4148.42,4178.49,4197.63,4133.46,272041137.0
EURO STOXX 50,EU0009658145,Europe,193736,EUR,2023-11-09 12:00:00,4179.35,4229.2,4234.0,4166.89,247186055.0
EURO STOXX 50,EU0009658145,Europe,193736,EUR,2023-11-10 12:00:00,4218.26,4197.36,4218.26,4176.16,246553544.0
EURO STOXX 50,EU0009658145,Europe,193736,EUR,2023-11-13 12:00:00,4205.41,4232.19,4234.73,4205.41,260997395.0
EURO STOXX 50,EU0009658145,Europe,193736,EUR,2023-11-14 12:00:00,4232.4,4291.72,4304.72,4230.91,364531806.0
EURO STOXX 50,EU0009658145,Europe,193736,EUR,2023-11-15 12:00:00,4294.98,4315.53,4326.72,4294.98,291619776.0
EURO STOXX 50,EU0009658145,Europe,193736,EUR,2023-11-16 12:00:00,4315.57,4302.45,4323.6,4302.45,323353637.0
EURO STOXX 50,EU0009658145,Europe,193736,EUR,2023-11-17 12:00:00,4304.0,4340.77,4347.53,4304.0,407846927.0
EURO STOXX 50,EU0009658145,Europe,193736,EUR,2023-11-20 12:00:00,4338.4,4342.41,4348.49,4330.47,313404855.0
EURO STOXX 50,EU0009658145,Europe,193736,EUR,2023-11-21 12:00:00,4343.07,4331.9,4345.07,4329.53,244881338.0
EURO STOXX 50,EU0009658145,Europe,193736,EUR,2023-11-22 12:00:00,4335.78,4352.02,4357.1,4335.78,219584245.0
EURO STOXX 50,EU0009658145,Europe,193736,EUR,2023-11-23 12:00:00,4352.73,4361.32,4363.65,4350.42,180050715.0
EURO STOXX 50,EU0009658145,Europe,193736,EUR,2023-11-24 12:00:00,4357.95,4372.1,4375.83,4356.08,213084342.0
EURO STOXX 50,EU0009658145,Europe,193736,EUR,2023-11-27 12:00:00,4369.92,4376.7,4376.7,4353.27,0.0
EURO STOXX 50,EU0009658145,Europe,193736,EUR,2023-11-28 12:00:00,4350.34,4348.02,4350.34,4328.12,230149215.0
EURO STOXX 50,EU0009658145,Europe,193736,EUR,2023-11-29 12:00:00,4341.3,4370.53,4382.15,4341.3,284856874.0
EURO STOXX 50,EU0009658145,Europe,193736,EUR,2023-11-30 12:00:00,4370.39,4382.47,4392.81,4361.83,539538924.0
EURO STOXX 50,EU0009658145,Europe,193736,EUR,2023-12-01 12:00:00,4393.04,4418.51,4420.57,4393.04,227503024.0
EURO STOXX 50,EU0009658145,Europe,193736,EUR,2023-12-04 12:00:00,4414.3,4414.95,4426.55,4405.33,245664005.0
EURO STOXX 50,EU0009658145,Europe,193736,EUR,2023-12-05 12:00:00,4414.33,4452.77,4457.82,4412.67,310962509.0
EURO STOXX 50,EU0009658145,Europe,193736,EUR,2023-12-06 12:00:00,4460.33,4483.26,4495.3,4458.53,309190868.0
EURO STOXX 50,EU0009658145,Europe,193736,EUR,2023-12-07 12:00:00,4480.52,4473.77,4480.52,4465.25,302424257.0
EURO STOXX 50,EU0009658145,Europe,193736,EUR,2023-12-08 12:00:00,4477.04,4523.31,4531.54,4477.04,262813883.0
EURO STOXX 50,EU0009658145,Europe,193736,EUR,2023-12-11 12:00:00,4522.79,4540.19,4544.13,4519.62,236649092.0
EURO STOXX 50,EU0009658145,Europe,193736,EUR,2023-12-12 12:00:00,4544.41,4536.61,4561.11,4535.04,255257487.0
EURO STOXX 50,EU0009658145,Europe,193736,EUR,2023-12-13 12:00:00,4539.45,4530.19,4554.13,4528.99,263761059.0
EURO STOXX 50,EU0009658145,Europe,193736,EUR,2023-12-14 12:00:00,4541.47,4539.16,4593.11,4515.92,461606628.0
EURO STOXX 50,EU0009658145,Europe,193736,EUR,2023-12-15 12:00:00,4551.03,4549.44,4579.9,4542.11,605227761.0
EURO STOXX 50,EU0009658145,Europe,193736,EUR,2023-12-18 12:00:00,4540.12,4521.13,4541.42,4513.1,216857969.0
EURO STOXX 50,EU0009658145,Europe,193736,EUR,2023-12-19 12:00:00,4522.13,4535.4,4538.32,4519.28,227190441.0
EURO STOXX 50,EU0009658145,Europe,193736,EUR,2023-12-20 12:00:00,4538.12,4533.82,4546.06,4515.52,219534686.0
EURO STOXX 50,EU0009658145,Europe,193736,EUR,2023-12-21 12:00:00,4522.49,4524.86,4524.86,4503.36,162483952.0
EURO STOXX 50,EU0009658145,Europe,193736,EUR,2023-12-22 12:00:00,4520.6,4521.47,4528.05,4505.73,174439367.0
EURO STOXX 50,EU0009658145,Europe,193736,EUR,2023-12-27 12:00:00,4521.8,4528.38,4542.33,4520.51,165058904.0
EURO STOXX 50,EU0009658145,Europe,193736,EUR,2023-12-28 12:00:00,4536.68,4514.38,4542.75,4512.64,141822542.0
EURO STOXX 50,EU0009658145,Europe,193736,EUR,2023-12-29 12:00:00,4518.12,4521.65,4536.44,4517.31,130270477.0
EURO STOXX 50,EU0009658145,Europe,193736,EUR,2024-01-02 12:00:00,4528.45,4512.81,4568.8,4484.82,259318597.0
EURO STOXX 50,EU0009658145,Europe,193736,EUR,2024-01-03 12:00:00,4514.2,4448.13,4515.7,4433.14,256689105.0
EURO STOXX 50,EU0009658145,Europe,193736,EUR,2024-01-04 12:00:00,4451.72,4474.01,4476.72,4443.42,275466431.0
EURO STOXX 50,EU0009658145,Europe,193736,EUR,2024-01-05 12:00:00,4458.74,4463.51,4474.88,4418.08,282850222.0
EURO STOXX 50,EU0009658145,Europe,193736,EUR,2024-01-08 12:00:00,4461.8,4485.48,4487.26,4438.49,215012464.0
EURO STOXX 50,EU0009658145,Europe,193736,EUR,2024-01-09 12:00:00,4486.99,4467.17,4486.99,4446.62,251062689.0
EURO STOXX 50,EU0009658145,Europe,193736,EUR,2024-01-10 12:00:00,4467.15,4468.98,4484.8,4459.54,197993419.0
EURO STOXX 50,EU0009658145,Europe,193736,EUR,2024-01-11 12:00:00,4481.4,4442.28,4510.01,4441.46,235335908.0
EURO STOXX 50,EU0009658145,Europe,193736,EUR,2024-01-12 12:00:00,4453.24,4480.02,4492.77,4453.24,202199161.0
EURO STOXX 50,EU0009658145,Europe,193736,EUR,2024-01-15 12:00:00,4483.98,4454.68,4489.49,4451.03,157777466.0
EURO STOXX 50,EU0009658145,Europe,193736,EUR,2024-01-16 12:00:00,4443.21,4446.51,4448.45,4414.44,219318967.0
EURO STOXX 50,EU0009658145,Europe,193736,EUR,2024-01-17 12:00:00,4420.6,4403.08,4420.6,4380.97,257377377.0
EURO STOXX 50,EU0009658145,Europe,193736,EUR,2024-01-18 12:00:00,4417.56,4453.05,4455.47,4408.42,250388872.0
EURO STOXX 50,EU0009658145,Europe,193736,EUR,2024-01-19 12:00:00,4465.2,4448.83,4476.78,4437.5,259120136.0
EURO STOXX 50,EU0009658145,Europe,193736,EUR,2024-01-22 12:00:00,4454.45,4480.32,4495.43,4454.45,243253223.0
EURO STOXX 50,EU0009658145,Europe,193736,EUR,2024-01-23 12:00:00,4487.51,4465.91,4496.39,4456.78,209217104.0
EURO STOXX 50,EU0009658145,Europe,193736,EUR,2024-01-24 12:00:00,4469.79,4564.11,4564.11,4469.6,293779955.0
EURO STOXX 50,EU0009658145,Europe,193736,EUR,2024-01-25 12:00:00,4562.34,4582.26,4584.87,4545.52,298639855.0
EURO STOXX 50,EU0009658145,Europe,193736,EUR,2024-01-26 12:00:00,4572.13,4635.47,4639.05,4572.13,240808608.0
EURO STOXX 50,EU0009658145,Europe,193736,EUR,2024-01-29 12:00:00,4636.77,4639.36,4639.36,4622.46,262720771.0
EURO STOXX 50,EU0009658145,Europe,193736,EUR,2024-01-30 12:00:00,4647.41,4662.7,4667.42,4642.26,305084884.0
EURO STOXX 50,EU0009658145,Europe,193736,EUR,2024-01-31 12:00:00,4659.87,4648.4,4674.74,4642.69,357534371.0
EURO STOXX 50,EU0009658145,Europe,193736,EUR,2024-02-01 12:00:00,4641.94,4638.6,4656.52,4619.48,376383418.0
EURO STOXX 50,EU0009658145,Europe,193736,EUR,2024-02-02 12:00:00,4645.78,4654.55,4676.71,4645.78,283172740.0
EURO STOXX 50,EU0009658145,Europe,193736,EUR,2024-02-05 12:00:00,4656.05,4655.27,4667.4,4638.33,409967024.0
EURO STOXX 50,EU0009658145,Europe,193736,EUR,2024-02-06 12:00:00,4667.5,4690.87,4692.44,4660.02,393441513.0
EURO STOXX 50,EU0009658145,Europe,193736,EUR,2024-02-07 12:00:00,4691.57,4678.85,4694.88,4677.92,353110782.0
EURO STOXX 50,EU0009658145,Europe,193736,EUR,2024-02-08 12:00:00,4687.21,4710.78,4720.78,4682.83,259398170.0
EURO STOXX 50,EU0009658145,Europe,193736,EUR,2024-02-09 12:00:00,4711.33,4715.87,4723.77,4696.51,300862263.0
EURO STOXX 50,EU0009658145,Europe,193736,EUR,2024-02-12 12:00:00,4720.3,4746.35,4746.35,4720.3,208614481.0
EURO STOXX 50,EU0009658145,Europe,193736,EUR,2024-02-13 12:00:00,4746.46,4689.28,4746.46,4671.99,220450109.0
EURO STOXX 50,EU0009658145,Europe,193736,EUR,2024-02-14 12:00:00,4685.94,4709.22,4712.89,4681.62,196741442.0
EURO STOXX 50,EU0009658145,Europe,193736,EUR,2024-02-15 12:00:00,4713.78,4743.17,4749.27,4713.78,241762546.0
EURO STOXX 50,EU0009658145,Europe,193736,EUR,2024-02-16 12:00:00,4754.43,4765.65,4782.79,4750.76,278273261.0
EURO STOXX 50,EU0009658145,Europe,193736,EUR,2024-02-19 12:00:00,4755.75,4763.07,4765.82,4744.59,167935236.0
EURO STOXX 50,EU0009658145,Europe,193736,EUR,2024-02-20 12:00:00,4757.95,4760.28,4766.62,4749.18,199781500.0
EURO STOXX 50,EU0009658145,Europe,193736,EUR,2024-02-21 12:00:00,4761.24,4775.31,4782.56,4756.68,265714275.0
EURO STOXX 50,EU0009658145,Europe,193736,EUR,2024-02-22 12:00:00,4812.02,4855.36,4866.06,4812.02,279787669.0
EURO STOXX 50,EU0009658145,Europe,193736,EUR,2024-02-23 12:00:00,4857.41,4872.57,4881.66,4850.32,279232753.0
EURO STOXX 50,EU0009658145,Europe,193736,EUR,2024-02-26 12:00:00,4865.87,4864.29,4870.43,4859.49,247029174.0
EURO STOXX 50,EU0009658145,Europe,193736,EUR,2024-02-27 12:00:00,4865.54,4885.74,4887.85,4863.81,236261498.0
EURO STOXX 50,EU0009658145,Europe,193736,EUR,2024-02-28 12:00:00,4883.84,4883.77,4887.18,4874.94,212670549.0
EURO STOXX 50,EU0009658145,Europe,193736,EUR,2024-02-29 12:00:00,4883.77,4877.77,4898.37,4872.63,510136785.0
EURO STOXX 50,EU0009658145,Europe,193736,EUR,2024-03-01 12:00:00,4888.58,4894.86,4904.85,4874.03,357000573.0
EURO STOXX 50,EU0009658145,Europe,193736,EUR,2024-03-04 12:00:00,4904.58,4912.92,4915.44,4897.94,191445173.0
EURO STOXX 50,EU0009658145,Europe,193736,EUR,2024-03-05 12:00:00,4909.42,4893.07,4913.1,4886.07,291872351.0
EURO STOXX 50,EU0009658145,Europe,193736,EUR,2024-03-06 12:00:00,4890.84,4915.49,4920.57,4889.58,302430031.0
EURO STOXX 50,EU0009658145,Europe,193736,EUR,2024-03-07 12:00:00,4901.01,4974.22,4978.19,4891.79,329662918.0
EURO STOXX 50,EU0009658145,Europe,193736,EUR,2024-03-08 12:00:00,4974.97,4961.11,4986.57,4961.11,244916102.0
EURO STOXX 50,EU0009658145,Europe,193736,EUR,2024-03-11 12:00:00,4932.2,4930.42,4938.65,4913.84,274715375.0
EURO STOXX 50,EU0009658145,Europe,193736,EUR,2024-03-12 12:00:00,4937.76,4983.2,4985.1,4926.21,326330768.0
EURO STOXX 50,EU0009658145,Europe,193736,EUR,2024-03-13 12:00:00,4985.83,5000.55,5016.24,4983.82,332817293.0
EURO STOXX 50,EU0009658145,Europe,193736,EUR,2024-03-14 12:00:00,5007.73,4993.12,5031.82,4986.6,331407466.0
EURO STOXX 50,EU0009658145,Europe,193736,EUR,2024-03-15 12:00:00,4993.44,4986.02,5023.65,4986.02,824484331.0
EURO STOXX 50,EU0009658145,Europe,193736,EUR,2024-03-18 12:00:00,4993.66,4982.76,5004.08,4976.61,242145502.0
EURO STOXX 50,EU0009658145,Europe,193736,EUR,2024-03-19 12:00:00,4979.06,5007.92,5007.92,4976.37,266885652.0
EURO STOXX 50,EU0009658145,Europe,193736,EUR,2024-03-20 12:00:00,4991.37,5000.31,5009.13,4980.95,228514053.0
EURO STOXX 50,EU0009658145,Europe,193736,EUR,2024-03-21 12:00:00,5042.32,5052.31,5058.91,5021.14,267234708.0
EURO STOXX 50,EU0009658145,Europe,193736,EUR,2024-03-22 12:00:00,5035.13,5031.15,5037.74,5008.9,267298071.0
EURO STOXX 50,EU0009658145,Europe,193736,EUR,2024-03-25 12:00:00,5029.25,5044.19,5051.47,5013.6,222220750.0
EURO STOXX 50,EU0009658145,Europe,193736,EUR,2024-03-26 12:00:00,5046.26,5064.18,5072.75,5038.73,243642539.0
EURO STOXX 50,EU0009658145,Europe,193736,EUR,2024-03-27 12:00:00,5063.27,5081.74,5095.11,5063.27,248629435.0
EURO STOXX 50,EU0009658145,Europe,193736,EUR,2024-03-28 12:00:00,5085.25,5083.42,5103.26,5081.78,308426830.0
EURO STOXX 50,EU0009658145,Europe,193736,EUR,2024-04-02 12:00:00,5096.86,5042.0,5121.71,5038.63,305142498.0
EURO STOXX 50,EU0009658145,Europe,193736,EUR,2024-04-03 12:00:00,5047.8,5069.25,5071.2,5046.23,261936035.0
EURO STOXX 50,EU0009658145,Europe,193736,EUR,2024-04-04 12:00:00,5071.83,5070.76,5089.33,5065.65,230630102.0
EURO STOXX 50,EU0009658145,Europe,193736,EUR,2024-04-05 12:00:00,5043.61,5014.75,5043.61,4985.67,360050303.0
EURO STOXX 50,EU0009658145,Europe,193736,EUR,2024-04-08 12:00:00,5012.02,5046.05,5053.0,5005.31,193553287.0
EURO STOXX 50,EU0009658145,Europe,193736,EUR,2024-04-09 12:00:00,5038.73,4990.9,5038.73,4981.23,235496638.0
EURO STOXX 50,EU0009658145,Europe,193736,EUR,2024-04-10 12:00:00,5006.5,5000.83,5037.18,4951.19,282482898.0
EURO STOXX 50,EU0009658145,Europe,193736,EUR,2024-04-11 12:00:00,4994.15,4966.68,5010.09,4934.4,299873590.0
EURO STOXX 50,EU0009658145,Europe,193736,EUR,2024-04-12 12:00:00,4986.03,4955.01,5023.9,4935.03,270603668.0
EURO STOXX 50,EU0009658145,Europe,193736,EUR,2024-04-15 12:00:00,4969.0,4984.48,5034.73,4969.0,236939111.0
EURO STOXX 50,EU0009658145,Europe,193736,EUR,2024-04-16 12:00:00,4962.15,4916.99,4962.15,4899.41,271907057.0
EURO STOXX 50,EU0009658145,Europe,193736,EUR,2024-04-17 12:00:00,4918.73,4914.13,4968.41,4898.9,221720607.0
EURO STOXX 50,EU0009658145,Europe,193736,EUR,2024-04-18 12:00:00,4924.83,4936.57,4943.98,4907.61,271049062.0
EURO STOXX 50,EU0009658145,Europe,193736,EUR,2024-04-19 12:00:00,4911.59,4918.09,4933.38,4884.12,344931016.0
EURO STOXX 50,EU0009658145,Europe,193736,EUR,2024-04-22 12:00:00,4921.04,4936.85,4954.18,4913.7,278812178.0
EURO STOXX 50,EU0009658145,Europe,193736,EUR,2024-04-23 12:00:00,4941.29,5008.17,5011.1,4941.29,342555136.0
EURO STOXX 50,EU0009658145,Europe,193736,EUR,2024-04-24 12:00:00,5004.91,4989.88,5031.84,4981.81,301044410.0
EURO STOXX 50,EU0009658145,Europe,193736,EUR,2024-04-25 12:00:00,4993.35,4939.01,4994.41,4900.27,266498239.0
EURO STOXX 50,EU0009658145,Europe,193736,EUR,2024-04-26 12:00:00,4950.22,5006.85,5017.98,4950.22,257998363.0
EURO STOXX 50,EU0009658145,Europe,193736,EUR,2024-04-29 12:00:00,5014.22,4981.09,5026.82,4980.42,275707334.0
EURO STOXX 50,EU0009658145,Europe,193736,EUR,2024-04-30 12:00:00,4985.54,4921.22,4988.12,4916.57,309233210.0
EURO STOXX 50,EU0009658145,Europe,193736,EUR,2024-05-01 12:00:00,4921.22,4921.22,4921.22,4921.22,309250787.0
EURO STOXX 50,EU0009658145,Europe,193736,EUR,2024-05-02 12:00:00,4907.33,4890.61,4913.71,4888.11,337885790.0
EURO STOXX 50,EU0009658145,Europe,193736,EUR,2024-05-03 12:00:00,4901.04,4921.48,4944.82,4896.41,341682813.0
EURO STOXX 50,EU0009658145,Europe,193736,EUR,2024-05-06 12:00:00,4921.02,4956.96,4969.12,4920.93,215669588.0
EURO STOXX 50,EU0009658145,Europe,193736,EUR,2024-05-07 12:00:00,4969.82,5016.1,5016.71,4967.81,289152159.0
EURO STOXX 50,EU0009658145,Europe,193736,EUR,2024-05-08 12:00:00,5025.3,5038.17,5047.54,5023.74,267509429.0
EURO STOXX 50,EU0009658145,Europe,193736,EUR,2024-05-09 12:00:00,5019.32,5054.41,5057.23,5013.77,234491213.0
EURO STOXX 50,EU0009658145,Europe,193736,EUR,2024-05-10 12:00:00,5060.73,5085.08,5096.89,5060.73,330079853.0
EURO STOXX 50,EU0009658145,Europe,193736,EUR,2024-05-13 12:00:00,5083.54,5078.96,5087.92,5068.06,225460435.0
EURO STOXX 50,EU0009658145,Europe,193736,EUR,2024-05-14 12:00:00,5079.37,5080.29,5083.55,5057.94,343499270.0
EURO STOXX 50,EU0009658145,Europe,193736,EUR,2024-05-15 12:00:00,5083.25,5100.9,5102.3,5075.06,273899647.0
EURO STOXX 50,EU0009658145,Europe,193736,EUR,2024-05-16 12:00:00,5094.77,5072.45,5101.41,5068.11,257397754.0
EURO STOXX 50,EU0009658145,Europe,193736,EUR,2024-05-17 12:00:00,5061.44,5064.14,5068.39,5040.23,326698258.0
EURO STOXX 50,EU0009658145,Europe,193736,EUR,2024-05-20 12:00:00,5060.62,5074.34,5079.04,5060.62,235374628.0
EURO STOXX 50,EU0009658145,Europe,193736,EUR,2024-05-21 12:00:00,5064.87,5046.99,5064.87,5026.07,240170607.0
EURO STOXX 50,EU0009658145,Europe,193736,EUR,2024-05-22 12:00:00,5044.22,5025.17,5045.09,5020.7,214553278.0
EURO STOXX 50,EU0009658145,Europe,193736,EUR,2024-05-23 12:00:00,5026.7,5037.6,5064.5,5025.28,202026059.0
EURO STOXX 50,EU0009658145,Europe,193736,EUR,2024-05-24 12:00:00,5027.94,5035.41,5040.89,4991.7,187927595.0
EURO STOXX 50,EU0009658145,Europe,193736,EUR,2024-05-27 12:00:00,5038.92,5059.2,5059.2,5033.56,114909340.0
EURO STOXX 50,EU0009658145,Europe,193736,EUR,2024-05-28 12:00:00,5060.38,5030.35,5071.39,5015.85,199411119.0
EURO STOXX 50,EU0009658145,Europe,193736,EUR,2024-05-29 12:00:00,5027.52,4963.2,5027.53,4955.84,226657037.0
EURO STOXX 50,EU0009658145,Europe,193736,EUR,2024-05-30 12:00:00,4954.78,4982.18,4985.87,4947.21,191481015.0
EURO STOXX 50,EU0009658145,Europe,193736,EUR,2024-05-31 12:00:00,4985.71,4983.67,5000.76,4967.19,576053177.0
EURO STOXX 50,EU0009658145,Europe,193736,EUR,2024-06-03 12:00:00,5008.1,5003.54,5039.55,4997.01,220111171.0
EURO STOXX 50,EU0009658145,Europe,193736,EUR,2024-06-04 12:00:00,5001.97,4953.37,5001.97,4942.14,308268114.0
EURO STOXX 50,EU0009658145,Europe,193736,EUR,2024-06-05 12:00:00,4972.72,5035.66,5044.02,4972.72,230226660.0
EURO STOXX 50,EU0009658145,Europe,193736,EUR,2024-06-06 12:00:00,5051.94,5069.09,5082.07,5049.88,228326716.0
EURO STOXX 50,EU0009658145,Europe,193736,EUR,2024-06-07 12:00:00,5072.88,5051.31,5077.21,5018.35,213071821.0
EURO STOXX 50,EU0009658145,Europe,193736,EUR,2024-06-10 12:00:00,5027.86,5016.48,5027.86,4973.88,227209068.0
EURO STOXX 50,EU0009658145,Europe,193736,EUR,2024-06-11 12:00:00,5025.13,4965.09,5034.58,4941.39,285136618.0
EURO STOXX 50,EU0009658145,Europe,193736,EUR,2024-06-12 12:00:00,4970.61,5034.43,5042.39,4970.61,257377058.0
EURO STOXX 50,EU0009658145,Europe,193736,EUR,2024-06-13 12:00:00,5031.04,4935.5,5031.04,4929.87,338614283.0
EURO STOXX 50,EU0009658145,Europe,193736,EUR,2024-06-14 12:00:00,4942.82,4839.14,4942.82,4819.56,498333960.0
EURO STOXX 50,EU0009658145,Europe,193736,EUR,2024-06-17 12:00:00,4858.68,4880.42,4900.31,4837.88,260299055.0
EURO STOXX 50,EU0009658145,Europe,193736,EUR,2024-06-18 12:00:00,4898.33,4915.47,4922.61,4883.18,247449000.0
EURO STOXX 50,EU0009658145,Europe,193736,EUR,2024-06-19 12:00:00,4913.54,4885.45,4916.69,4883.3,215905615.0
EURO STOXX 50,EU0009658145,Europe,193736,EUR,2024-06-20 12:00:00,4894.13,4947.73,4948.89,4894.13,248518822.0
EURO STOXX 50,EU0009658145,Europe,193736,EUR,2024-06-21 12:00:00,4945.02,4907.3,4945.02,4890.08,554934447.0
EURO STOXX 50,EU0009658145,Europe,193736,EUR,2024-06-24 12:00:00,4911.17,4950.98,4964.84,4911.17,224841618.0
EURO STOXX 50,EU0009658145,Europe,193736,EUR,2024-06-25 12:00:00,4938.44,4935.97,4938.44,4910.92,205566866.0
EURO STOXX 50,EU0009658145,Europe,193736,EUR,2024-06-26 12:00:00,4954.79,4915.94,4975.81,4889.23,227426994.0
EURO STOXX 50,EU0009658145,Europe,193736,EUR,2024-06-27 12:00:00,4918.63,4902.6,4935.11,4897.18,215795539.0
EURO STOXX 50,EU0009658145,Europe,193736,EUR,2024-06-28 12:00:00,4909.3,4894.02,4922.84,4880.98,242520483.0
EURO STOXX 50,EU0009658145,Europe,193736,EUR,2024-07-01 12:00:00,4924.08,4929.99,4981.31,4923.32,262639213.0
EURO STOXX 50,EU0009658145,Europe,193736,EUR,2024-07-02 12:00:00,4918.21,4906.33,4918.21,4869.48,220649804.0
EURO STOXX 50,EU0009658145,Europe,193736,EUR,2024-07-03 12:00:00,4922.03,4965.8,4977.57,4922.03,217746735.0
EURO STOXX 50,EU0009658145,Europe,193736,EUR,2024-07-04 12:00:00,4972.67,4987.48,4993.66,4972.67,156314384.0
EURO STOXX 50,EU0009658145,Europe,193736,EUR,2024-07-05 12:00:00,4993.99,4979.39,5019.65,4960.51,178951502.0
EURO STOXX 50,EU0009658145,Europe,193736,EUR,2024-07-08 12:00:00,4976.53,4969.83,5029.25,4965.24,216397856.0
EURO STOXX 50,EU0009658145,Europe,193736,EUR,2024-07-09 12:00:00,4960.15,4903.62,4960.55,4894.76,194940917.0
EURO STOXX 50,EU0009658145,Europe,193736,EUR,2024-07-10 12:00:00,4909.14,4958.86,4960.99,4896.85,195140093.0
EURO STOXX 50,EU0009658145,Europe,193736,EUR,2024-07-11 12:00:00,4970.32,4976.13,5005.7,4964.12,191681083.0
EURO STOXX 50,EU0009658145,Europe,193736,EUR,2024-07-12 12:00:00,4980.96,5043.02,5051.59,4980.96,198512454.0
EURO STOXX 50,EU0009658145,Europe,193736,EUR,2024-07-15 12:00:00,5029.28,4983.11,5038.3,4982.42,161278096.0
EURO STOXX 50,EU0009658145,Europe,193736,EUR,2024-07-16 12:00:00,4968.21,4947.83,4968.21,4939.17,186590515.0
EURO STOXX 50,EU0009658145,Europe,193736,EUR,2024-07-17 12:00:00,4939.44,4891.46,4939.44,4877.15,188073754.0
EURO STOXX 50,EU0009658145,Europe,193736,EUR,2024-07-18 12:00:00,4902.41,4870.12,4923.86,4870.12,235235038.0
EURO STOXX 50,EU0009658145,Europe,193736,EUR,2024-07-19 12:00:00,4868.97,4827.24,4868.97,4822.55,259704151.0
EURO STOXX 50,EU0009658145,Europe,193736,EUR,2024-07-22 12:00:00,4833.17,4897.44,4911.43,4833.17,225619958.0
EURO STOXX 50,EU0009658145,Europe,193736,EUR,2024-07-23 12:00:00,4906.89,4916.8,4949.27,4896.33,199795102.0
EURO STOXX 50,EU0009658145,Europe,193736,EUR,2024-07-24 12:00:00,4892.66,4861.87,4892.66,4847.39,246521281.0
EURO STOXX 50,EU0009658145,Europe,193736,EUR,2024-07-25 12:00:00,4832.68,4811.28,4832.68,4767.15,255929947.0
EURO STOXX 50,EU0009658145,Europe,193736,EUR,2024-07-26 12:00:00,4810.87,4862.5,4867.88,4810.2,192327510.0
EURO STOXX 50,EU0009658145,Europe,193736,EUR,2024-07-29 12:00:00,4873.84,4815.39,4886.6,4810.81,185462215.0
EURO STOXX 50,EU0009658145,Europe,193736,EUR,2024-07-30 12:00:00,4830.52,4841.0,4861.85,4829.92,265516961.0
EURO STOXX 50,EU0009658145,Europe,193736,EUR,2024-07-31 12:00:00,4852.18,4872.94,4907.39,4852.18,290726473.0
EURO STOXX 50,EU0009658145,Europe,193736,EUR,2024-08-01 12:00:00,4867.09,4765.72,4867.09,4759.68,334453876.0
EURO STOXX 50,EU0009658145,Europe,193736,EUR,2024-08-02 12:00:00,4752.1,4638.7,4752.1,4627.27,421613315.0
EURO STOXX 50,EU0009658145,Europe,193736,EUR,2024-08-05 12:00:00,4605.72,4571.6,4605.72,4473.94,455947340.0
EURO STOXX 50,EU0009658145,Europe,193736,EUR,2024-08-06 12:00:00,4580.12,4575.22,4607.82,4538.2,314634661.0
EURO STOXX 50,EU0009658145,Europe,193736,EUR,2024-08-07 12:00:00,4592.87,4668.06,4683.72,4591.59,316753779.0
EURO STOXX 50,EU0009658145,Europe,193736,EUR,2024-08-08 12:00:00,4661.82,4668.74,4673.66,4606.7,238237703.0
EURO STOXX 50,EU0009658145,Europe,193736,EUR,2024-08-09 12:00:00,4678.44,4675.28,4703.22,4646.71,155134824.0
EURO STOXX 50,EU0009658145,Europe,193736,EUR,2024-08-12 12:00:00,4686.85,4671.88,4699.91,4658.86,109070496.0
EURO STOXX 50,EU0009658145,Europe,193736,EUR,2024-08-13 12:00:00,4680.21,4694.92,4697.96,4659.23,105319302.0
EURO STOXX 50,EU0009658145,Europe,193736,EUR,2024-08-14 12:00:00,4710.18,4727.6,4728.68,4706.76,107969492.0
EURO STOXX 50,EU0009658145,Europe,193736,EUR,2024-08-15 12:00:00,4736.84,4807.77,4809.88,4727.63,142236009.0
EURO STOXX 50,EU0009658145,Europe,193736,EUR,2024-08-16 12:00:00,4813.72,4840.52,4850.74,4813.72,178315126.0
EURO STOXX 50,EU0009658145,Europe,193736,EUR,2024-08-19 12:00:00,4838.02,4871.41,4879.3,4835.58,130356269.0
EURO STOXX 50,EU0009658145,Europe,193736,EUR,2024-08-20 12:00:00,4878.22,4857.58,4897.43,4855.9,127482178.0
EURO STOXX 50,EU0009658145,Europe,193736,EUR,2024-08-21 12:00:00,4856.23,4885.28,4889.72,4856.23,115145346.0
EURO STOXX 50,EU0009658145,Europe,193736,EUR,2024-08-22 12:00:00,4885.74,4885.0,4911.43,4883.98,129130247.0
EURO STOXX 50,EU0009658145,Europe,193736,EUR,2024-08-23 12:00:00,4890.34,4909.2,4918.85,4887.7,158908023.0
EURO STOXX 50,EU0009658145,Europe,193736,EUR,2024-08-26 12:00:00,4907.04,4896.69,4911.02,4892.19,99849590.0
EURO STOXX 50,EU0009658145,Europe,193736,EUR,2024-08-27 12:00:00,4897.27,4898.78,4916.68,4892.51,160643064.0
EURO STOXX 50,EU0009658145,Europe,193736,EUR,2024-08-28 12:00:00,4904.76,4913.03,4932.76,4904.76,152923444.0
EURO STOXX 50,EU0009658145,Europe,193736,EUR,2024-08-29 12:00:00,4915.49,4966.27,4966.27,4913.49,189425096.0
EURO STOXX 50,EU0009658145,Europe,193736,EUR,2024-08-30 12:00:00,4959.03,4957.96,4980.86,4957.96,325701206.0
EURO STOXX 50,EU0009658145,Europe,193736,EUR,2024-09-02 12:00:00,4955.87,4973.39,4973.39,4924.18,133670070.0
EURO STOXX 50,EU0009658145,Europe,193736,EUR,2024-09-03 12:00:00,4977.97,4912.52,4986.74,4906.98,203374409.0
EURO STOXX 50,EU0009658145,Europe,193736,EUR,2024-09-04 12:00:00,4889.17,4848.18,4889.17,4838.83,198399941.0
EURO STOXX 50,EU0009658145,Europe,193736,EUR,2024-09-05 12:00:00,4840.7,4815.15,4854.33,4814.77,195868698.0
EURO STOXX 50,EU0009658145,Europe,193736,EUR,2024-09-06 12:00:00,4806.59,4738.06,4829.28,4732.86,257379995.0
EURO STOXX 50,EU0009658145,Europe,193736,EUR,2024-09-09 12:00:00,4745.21,4778.66,4797.75,4745.21,178113888.0
EURO STOXX 50,EU0009658145,Europe,193736,EUR,2024-09-10 12:00:00,4779.55,4747.2,4803.37,4736.89,233173178.0
EURO STOXX 50,EU0009658145,Europe,193736,EUR,2024-09-11 12:00:00,4752.58,4763.58,4796.49,4735.95,215458864.0
EURO STOXX 50,EU0009658145,Europe,193736,EUR,2024-09-12 12:00:00,4777.77,4814.08,4836.64,4777.77,206144585.0
EURO STOXX 50,EU0009658145,Europe,193736,EUR,2024-09-13 12:00:00,4817.74,4843.99,4853.89,4817.74,182488542.0
EURO STOXX 50,EU0009658145,Europe,193736,EUR,2024-09-16 12:00:00,4835.16,4827.63,4852.71,4820.11,159712816.0
EURO STOXX 50,EU0009658145,Europe,193736,EUR,2024-09-17 12:00:00,4832.82,4860.78,4879.61,4832.82,216258034.0
EURO STOXX 50,EU0009658145,Europe,193736,EUR,2024-09-18 12:00:00,4861.52,4835.3,4864.6,4831.09,186881046.0
EURO STOXX 50,EU0009658145,Europe,193736,EUR,2024-09-19 12:00:00,4862.41,4943.38,4943.38,4862.41,278588956.0
EURO STOXX 50,EU0009658145,Europe,193736,EUR,2024-09-20 12:00:00,4929.15,4871.54,4930.22,4868.8,515153187.0
EURO STOXX 50,EU0009658145,Europe,193736,EUR,2024-09-23 12:00:00,4875.62,4885.57,4893.98,4854.93,240885352.0
EURO STOXX 50,EU0009658145,Europe,193736,EUR,2024-09-24 12:00:00,4907.58,4940.72,4953.69,4907.58,223358842.0
EURO STOXX 50,EU0009658145,Europe,193736,EUR,2024-09-25 12:00:00,4928.15,4916.89,4933.37,4905.33,219000370.0
EURO STOXX 50,EU0009658145,Europe,193736,EUR,2024-09-26 12:00:00,4956.34,5032.59,5035.44,4956.34,342191623.0
EURO STOXX 50,EU0009658145,Europe,193736,EUR,2024-09-27 12:00:00,5028.35,5067.45,5071.41,5028.35,298945542.0
EURO STOXX 50,EU0009658145,Europe,193736,EUR,2024-09-30 12:00:00,5060.76,5000.45,5060.76,5000.45,343912781.0
EURO STOXX 50,EU0009658145,Europe,193736,EUR,2024-10-01 12:00:00,5004.37,4954.15,5016.88,4933.39,357809074.0
EURO STOXX 50,EU0009658145,Europe,193736,EUR,2024-10-02 12:00:00,4961.73,4963.29,4983.22,4931.56,279855131.0
EURO STOXX 50,EU0009658145,Europe,193736,EUR,2024-10-03 12:00:00,4959.2,4921.33,4959.2,4907.6,272113325.0
EURO STOXX 50,EU0009658145,Europe,193736,EUR,2024-10-04 12:00:00,4920.2,4954.94,4976.02,4911.36,297848938.0
EURO STOXX 50,EU0009658145,Europe,193736,EUR,2024-10-07 12:00:00,4959.24,4969.71,4976.67,4930.79,259337503.0
EURO STOXX 50,EU0009658145,Europe,193736,EUR,2024-10-08 12:00:00,4953.91,4949.0,4955.96,4911.83,222030257.0
EURO STOXX 50,EU0009658145,Europe,193736,EUR,2024-10-09 12:00:00,4948.79,4982.57,4984.79,4930.13,212808196.0
EURO STOXX 50,EU0009658145,Europe,193736,EUR,2024-10-10 12:00:00,4980.12,4970.34,4986.7,4950.16,260978779.0
EURO STOXX 50,EU0009658145,Europe,193736,EUR,2024-10-11 12:00:00,4970.64,5003.92,5005.83,4953.82,240100084.0
EURO STOXX 50,EU0009658145,Europe,193736,EUR,2024-10-14 12:00:00,5007.27,5041.01,5044.74,4999.18,218287761.0
EURO STOXX 50,EU0009658145,Europe,193736,EUR,2024-10-15 12:00:00,5045.63,4946.73,5053.23,4946.73,357670703.0
EURO STOXX 50,EU0009658145,Europe,193736,EUR,2024-10-16 12:00:00,4918.44,4908.71,4926.08,4898.95,309546978.0
EURO STOXX 50,EU0009658145,Europe,193736,EUR,2024-10-17 12:00:00,4913.99,4947.3,4973.79,4913.99,313348886.0
EURO STOXX 50,EU0009658145,Europe,193736,EUR,2024-10-18 12:00:00,4950.05,4986.27,4986.27,4944.13,334607522.0
EURO STOXX 50,EU0009658145,Europe,193736,EUR,2024-10-21 12:00:00,4977.9,4941.22,4989.32,4938.1,234738781.0
EURO STOXX 50,EU0009658145,Europe,193736,EUR,2024-10-22 12:00:00,4941.04,4939.31,4965.75,4910.32,237989511.0
EURO STOXX 50,EU0009658145,Europe,193736,EUR,2024-10-23 12:00:00,4924.4,4922.55,4948.38,4906.28,209357712.0
EURO STOXX 50,EU0009658145,Europe,193736,EUR,2024-10-24 12:00:00,4929.02,4935.45,4970.48,4929.02,209085273.0
EURO STOXX 50,EU0009658145,Europe,193736,EUR,2024-10-25 12:00:00,4940.35,4943.09,4953.34,4915.57,215521616.0
EURO STOXX 50,EU0009658145,Europe,193736,EUR,2024-10-28 12:00:00,4962.16,4969.83,4982.74,4932.61,249316402.0
EURO STOXX 50,EU0009658145,Europe,193736,EUR,2024-10-29 12:00:00,4978.73,4950.02,4999.72,4948.84,301586542.0
EURO STOXX 50,EU0009658145,Europe,193736,EUR,2024-10-30 12:00:00,4931.32,4885.75,4931.32,4866.59,282107572.0
EURO STOXX 50,EU0009658145,Europe,193736,EUR,2024-10-31 12:00:00,4866.03,4827.63,4866.03,4805.23,388606759.0
EURO STOXX 50,EU0009658145,Europe,193736,EUR,2024-11-01 12:00:00,4829.48,4877.75,4889.49,4829.48,292027611.0
EURO STOXX 50,EU0009658145,Europe,193736,EUR,2024-11-04 12:00:00,4873.95,4852.1,4893.35,4852.1,282066517.0
EURO STOXX 50,EU0009658145,Europe,193736,EUR,2024-11-05 12:00:00,4853.66,4870.33,4874.55,4839.44,257961812.0
EURO STOXX 50,EU0009658145,Europe,193736,EUR,2024-11-06 12:00:00,4880.35,4800.63,4946.48,4788.41,489125300.0
EURO STOXX 50,EU0009658145,Europe,193736,EUR,2024-11-07 12:00:00,4812.63,4851.96,4869.39,4810.63,397004049.0
EURO STOXX 50,EU0009658145,Europe,193736,EUR,2024-11-08 12:00:00,4853.5,4802.76,4862.64,4791.06,318938888.0
EURO STOXX 50,EU0009658145,Europe,193736,EUR,2024-11-11 12:00:00,4825.5,4854.03,4875.75,4825.5,235743979.0
EURO STOXX 50,EU0009658145,Europe,193736,EUR,2024-11-12 12:00:00,4834.34,4744.69,4834.34,4741.99,341237793.0
EURO STOXX 50,EU0009658145,Europe,193736,EUR,2024-11-13 12:00:00,4740.93,4740.34,4761.09,4699.78,294693903.0
EURO STOXX 50,EU0009658145,Europe,193736,EUR,2024-11-14 12:00:00,4759.77,4833.53,4835.78,4747.57,285995446.0
EURO STOXX 50,EU0009658145,Europe,193736,EUR,2024-11-15 12:00:00,4810.59,4794.85,4829.68,4785.65,305895059.0
EURO STOXX 50,EU0009658145,Europe,193736,EUR,2024-11-18 12:00:00,4786.54,4790.33,4800.47,4755.79,261272190.0
EURO STOXX 50,EU0009658145,Europe,193736,EUR,2024-11-19 12:00:00,4791.89,4751.23,4801.23,4688.68,343577497.0
EURO STOXX 50,EU0009658145,Europe,193736,EUR,2024-11-20 12:00:00,4760.61,4729.71,4786.28,4717.45,247522377.0
EURO STOXX 50,EU0009658145,Europe,193736,EUR,2024-11-21 12:00:00,4731.23,4755.83,4757.59,4690.45,251716247.0
EURO STOXX 50,EU0009658145,Europe,193736,EUR,2024-11-22 12:00:00,4772.83,4789.08,4797.95,4722.77,383451848.0
EURO STOXX 50,EU0009658145,Europe,193736,EUR,2024-11-25 12:00:00,4806.29,4799.87,4831.28,4790.77,437092864.0
EURO STOXX 50,EU0009658145,Europe,193736,EUR,2024-11-26 12:00:00,4781.47,4761.99,4792.71,4747.01,234689189.0
EURO STOXX 50,EU0009658145,Europe,193736,EUR,2024-11-27 12:00:00,4752.43,4733.15,4752.43,4705.97,226125946.0
EURO STOXX 50,EU0009658145,Europe,193736,EUR,2024-11-28 12:00:00,4759.22,4758.65,4781.09,4747.37,146700027.0
EURO STOXX 50,EU0009658145,Europe,193736,EUR,2024-11-29 12:00:00,4754.62,4804.4,4810.49,4741.89,220347936.0
EURO STOXX 50,EU0009658145,Europe,193736,EUR,2024-12-02 12:00:00,4785.15,4846.73,4848.87,4764.38,233236457.0
EURO STOXX 50,EU0009658145,Europe,193736,EUR,2024-12-03 12:00:00,4854.14,4878.51,4902.04,4854.14,233644844.0
EURO STOXX 50,EU0009658145,Europe,193736,EUR,2024-12-04 12:00:00,4884.94,4919.02,4929.53,4884.52,203516902.0
EURO STOXX 50,EU0009658145,Europe,193736,EUR,2024-12-05 12:00:00,4914.06,4954.92,4954.92,4912.75,276345539.0
EURO STOXX 50,EU0009658145,Europe,193736,EUR,2024-12-06 12:00:00,4953.93,4977.78,4985.22,4944.29,209515028.0
EURO STOXX 50,EU0009658145,Europe,193736,EUR,2024-12-09 12:00:00,4991.84,4985.46,5007.7,4974.05,215946108.0
EURO STOXX 50,EU0009658145,Europe,193736,EUR,2024-12-10 12:00:00,4979.17,4951.74,4979.17,4949.32,202563859.0
EURO STOXX 50,EU0009658145,Europe,193736,EUR,2024-12-11 12:00:00,4947.44,4959.35,4966.23,4940.08,212924395.0
EURO STOXX 50,EU0009658145,Europe,193736,EUR,2024-12-12 12:00:00,4964.17,4965.53,4974.9,4953.21,238381958.0
EURO STOXX 50,EU0009658145,Europe,193736,EUR,2024-12-13 12:00:00,4964.08,4967.95,4996.96,4955.29,194080860.0
EURO STOXX 50,EU0009658145,Europe,193736,EUR,2024-12-16 12:00:00,4963.88,4947.03,4963.88,4940.39,239032045.0
EURO STOXX 50,EU0009658145,Europe,193736,EUR,2024-12-17 12:00:00,4936.52,4942.58,4966.14,4922.34,270821278.0
EURO STOXX 50,EU0009658145,Europe,193736,EUR,2024-12-18 12:00:00,4945.61,4957.28,4970.35,4940.3,219925165.0
EURO STOXX 50,EU0009658145,Europe,193736,EUR,2024-12-19 12:00:00,4916.32,4879.0,4916.32,4869.11,270853877.0
EURO STOXX 50,EU0009658145,Europe,193736,EUR,2024-12-20 12:00:00,4861.59,4862.28,4872.66,4803.2,526977580.0
EURO STOXX 50,EU0009658145,Europe,193736,EUR,2024-12-23 12:00:00,4859.04,4852.93,4862.51,4832.15,144550999.0
EURO STOXX 50,EU0009658145,Europe,193736,EUR,2024-12-24 12:00:00,4857.79,4857.86,4868.36,4857.79,111554795.0
EURO STOXX 50,EU0009658145,Europe,193736,EUR,2024-12-27 12:00:00,4854.16,4898.88,4898.88,4847.89,166590547.0
EURO STOXX 50,EU0009658145,Europe,193736,EUR,2024-12-30 12:00:00,4890.52,4869.28,4904.08,4862.16,142292019.0
EURO STOXX 50,EU0009658145,Europe,193736,EUR,2024-12-31 12:00:00,4866.22,4895.98,4896.02,4860.86,117202293.0
EURO STOXX 50,EU0009658145,Europe,193736,EUR,2025-01-02 12:00:00,4890.54,4917.88,4917.88,4845.89,211241618.0
EURO STOXX 50,EU0009658145,Europe,193736,EUR,2025-01-03 12:00:00,4915.54,4871.45,4917.34,4861.12,179995250.0
EURO STOXX 50,EU0009658145,Europe,193736,EUR,2025-01-06 12:00:00,4893.32,4986.64,4986.64,4893.19,254040084.0
EURO STOXX 50,EU0009658145,Europe,193736,EUR,2025-01-07 12:00:00,4987.38,5011.82,5030.83,4969.3,262730430.0
EURO STOXX 50,EU0009658145,Europe,193736,EUR,2025-01-08 12:00:00,5013.34,4996.39,5036.24,4966.44,246217130.0
EURO STOXX 50,EU0009658145,Europe,193736,EUR,2025-01-09 12:00:00,4982.75,5017.91,5022.15,4967.62,174585733.0
EURO STOXX 50,EU0009658145,Europe,193736,EUR,2025-01-10 12:00:00,5013.56,4977.26,5031.56,4970.79,274685704.0
EURO STOXX 50,EU0009658145,Europe,193736,EUR,2025-01-13 12:00:00,4964.78,4954.21,4964.78,4916.87,219991140.0
EURO STOXX 50,EU0009658145,Europe,193736,EUR,2025-01-14 12:00:00,4978.51,4980.47,5014.3,4974.03,265979907.0
EURO STOXX 50,EU0009658145,Europe,193736,EUR,2025-01-15 12:00:00,4980.21,5032.31,5051.69,4975.39,295739986.0
EURO STOXX 50,EU0009658145,Europe,193736,EUR,2025-01-16 12:00:00,5065.23,5106.93,5107.32,5065.23,264234917.0
EURO STOXX 50,EU0009658145,Europe,193736,EUR,2025-01-17 12:00:00,5118.31,5148.3,5158.63,5118.31,298829861.0
EURO STOXX 50,EU0009658145,Europe,193736,EUR,2025-01-20 12:00:00,5150.76,5164.44,5183.28,5142.6,271267477.0
EURO STOXX 50,EU0009658145,Europe,193736,EUR,2025-01-21 12:00:00,5162.36,5165.96,5171.23,5151.83,202843956.0
EURO STOXX 50,EU0009658145,Europe,193736,EUR,2025-01-22 12:00:00,5166.3,5205.83,5228.98,5166.3,229623738.0
EURO STOXX 50,EU0009658145,Europe,193736,EUR,2025-01-23 12:00:00,5212.3,5217.5,5220.84,5184.83,199513212.0
EURO STOXX 50,EU0009658145,Europe,193736,EUR,2025-01-24 12:00:00,5229.61,5219.37,5260.28,5209.65,246288398.0
EURO STOXX 50,EU0009658145,Europe,193736,EUR,2025-01-27 12:00:00,5212.89,5188.45,5223.1,5131.76,237870221.0
EURO STOXX 50,EU0009658145,Europe,193736,EUR,2025-01-28 12:00:00,5189.93,5195.71,5219.49,5179.49,226512114.0
EURO STOXX 50,EU0009658145,Europe,193736,EUR,2025-01-29 12:00:00,5197.67,5230.66,5244.47,5185.23,248627097.0
EURO STOXX 50,EU0009658145,Europe,193736,EUR,2025-01-30 12:00:00,5248.5,5282.21,5285.22,5248.5,258635026.0
EURO STOXX 50,EU0009658145,Europe,193736,EUR,2025-01-31 12:00:00,5291.41,5286.87,5314.29,5273.49,217896224.0
EURO STOXX 50,EU0009658145,Europe,193736,EUR,2025-02-03 12:00:00,5228.61,5217.91,5228.67,5174.01,295684870.0
EURO STOXX 50,EU0009658145,Europe,193736,EUR,2025-02-04 12:00:00,5226.16,5267.59,5267.59,5191.62,290381586.0
EURO STOXX 50,EU0009658145,Europe,193736,EUR,2025-02-05 12:00:00,5262.0,5271.12,5271.12,5242.88,312639877.0
EURO STOXX 50,EU0009658145,Europe,193736,EUR,2025-02-06 12:00:00,5279.38,5356.63,5363.14,5279.38,362582054.0
EURO STOXX 50,EU0009658145,Europe,193736,EUR,2025-02-07 12:00:00,5348.37,5325.4,5358.66,5317.17,253390207.0
EURO STOXX 50,EU0009658145,Europe,193736,EUR,2025-02-10 12:00:00,5328.54,5358.3,5365.03,5328.54,230666152.0
EURO STOXX 50,EU0009658145,Europe,193736,EUR,2025-02-11 12:00:00,5360.01,5390.91,5394.86,5356.23,249123377.0
EURO STOXX 50,EU0009658145,Europe,193736,EUR,2025-02-12 12:00:00,5399.9,5405.65,5414.14,5366.0,289098984.0
EURO STOXX 50,EU0009658145,Europe,193736,EUR,2025-02-13 12:00:00,5424.38,5500.5,5502.11,5424.38,279097532.0
EURO STOXX 50,EU0009658145,Europe,193736,EUR,2025-02-14 12:00:00,5496.67,5493.4,5520.58,5483.2,242521776.0
EURO STOXX 50,EU0009658145,Europe,193736,EUR,2025-02-17 12:00:00,5496.87,5519.83,5524.27,5489.81,196634132.0
EURO STOXX 50,EU0009658145,Europe,193736,EUR,2025-02-18 12:00:00,5531.53,5533.84,5544.12,5506.57,254929569.0
EURO STOXX 50,EU0009658145,Europe,193736,EUR,2025-02-19 12:00:00,5530.54,5461.17,5539.97,5453.51,263502877.0
EURO STOXX 50,EU0009658145,Europe,193736,EUR,2025-02-20 12:00:00,5458.08,5461.03,5500.15,5454.8,213939131.0
EURO STOXX 50,EU0009658145,Europe,193736,EUR,2025-02-21 12:00:00,5469.23,5474.85,5489.92,5454.58,246241871.0
EURO STOXX 50,EU0009658145,Europe,193736,EUR,2025-02-24 12:00:00,5478.39,5453.76,5483.18,5422.86,217177085.0
EURO STOXX 50,EU0009658145,Europe,193736,EUR,2025-02-25 12:00:00,5431.44,5447.9,5477.21,5424.87,297637737.0
EURO STOXX 50,EU0009658145,Europe,193736,EUR,2025-02-26 12:00:00,5459.87,5527.99,5533.95,5459.87,311925231.0
EURO STOXX 50,EU0009658145,Europe,193736,EUR,2025-02-27 12:00:00,5515.04,5472.56,5515.04,5437.38,287799042.0
EURO STOXX 50,EU0009658145,Europe,193736,EUR,2025-02-28 12:00:00,5455.96,5463.54,5463.54,5411.54,523963342.0
EURO STOXX 50,EU0009658145,Europe,193736,EUR,2025-03-03 12:00:00,5469.1,5540.69,5568.19,5434.62,313373121.0
EURO STOXX 50,EU0009658145,Europe,193736,EUR,2025-03-04 12:00:00,5511.65,5387.31,5511.65,5370.75,445360094.0
EURO STOXX 50,EU0009658145,Europe,193736,EUR,2025-03-05 12:00:00,5409.93,5489.12,5533.18,5409.93,411034001.0
EURO STOXX 50,EU0009658145,Europe,193736,EUR,2025-03-06 12:00:00,5507.88,5520.47,5541.41,5452.35,406241525.0
EURO STOXX 50,EU0009658145,Europe,193736,EUR,2025-03-07 12:00:00,5503.96,5468.41,5503.96,5434.86,339834871.0
EURO STOXX 50,EU0009658145,Europe,193736,EUR,2025-03-10 12:00:00,5480.17,5386.98,5494.13,5375.15,353350753.0
EURO STOXX 50,EU0009658145,Europe,193736,EUR,2025-03-11 12:00:00,5400.1,5309.9,5426.63,5294.37,325228912.0
EURO STOXX 50,EU0009658145,Europe,193736,EUR,2025-03-12 12:00:00,5330.03,5359.42,5406.67,5320.05,256039826.0
EURO STOXX 50,EU0009658145,Europe,193736,EUR,2025-03-13 12:00:00,5349.66,5328.39,5385.86,5314.73,233134925.0
EURO STOXX 50,EU0009658145,Europe,193736,EUR,2025-03-14 12:00:00,5327.83,5404.18,5412.43,5312.75,274465241.0
EURO STOXX 50,EU0009658145,Europe,193736,EUR,2025-03-17 12:00:00,5400.82,5445.55,5446.86,5386.99,217950994.0
EURO STOXX 50,EU0009658145,Europe,193736,EUR,2025-03-18 12:00:00,5454.2,5485.01,5501.41,5454.2,308642508.0
EURO STOXX 50,EU0009658145,Europe,193736,EUR,2025-03-19 12:00:00,5482.95,5507.36,5515.05,5460.94,248887399.0
EURO STOXX 50,EU0009658145,Europe,193736,EUR,2025-03-20 12:00:00,5506.82,5450.93,5515.38,5431.99,329677844.0
EURO STOXX 50,EU0009658145,Europe,193736,EUR,2025-03-21 12:00:00,5435.76,5423.83,5436.46,5393.3,622203035.0
EURO STOXX 50,EU0009658145,Europe,193736,EUR,2025-03-24 12:00:00,5441.6,5415.79,5470.23,5402.34,214054456.0
EURO STOXX 50,EU0009658145,Europe,193736,EUR,2025-03-25 12:00:00,5422.47,5475.08,5496.73,5422.47,233260269.0
EURO STOXX 50,EU0009658145,Europe,193736,EUR,2025-03-26 12:00:00,5479.68,5411.69,5491.24,5407.52,227090191.0
EURO STOXX 50,EU0009658145,Europe,193736,EUR,2025-03-27 12:00:00,5393.32,5381.08,5399.57,5338.62,277593995.0
EURO STOXX 50,EU0009658145,Europe,193736,EUR,2025-03-28 12:00:00,5368.9,5331.4,5374.8,5314.54,281116462.0
EURO STOXX 50,EU0009658145,Europe,193736,EUR,2025-03-31 12:00:00,5312.17,5248.39,5312.17,5218.48,323933048.0
EURO STOXX 50,EU0009658145,Europe,193736,EUR,2025-04-01 12:00:00,5270.25,5320.3,5328.91,5270.25,246588122.0
EURO STOXX 50,EU0009658145,Europe,193736,EUR,2025-04-02 12:00:00,5312.56,5303.95,5312.56,5255.95,210396390.0
EURO STOXX 50,EU0009658145,Europe,193736,EUR,2025-04-03 12:00:00,5255.11,5113.28,5255.11,5104.35,462052337.0
EURO STOXX 50,EU0009658145,Europe,193736,EUR,2025-04-04 12:00:00,5094.79,4878.31,5094.79,4825.7,800848319.0
EURO STOXX 50,EU0009658145,Europe,193736,EUR,2025-04-07 12:00:00,4861.16,4656.41,4902.99,4540.22,892918604.0
EURO STOXX 50,EU0009658145,Europe,193736,EUR,2025-04-08 12:00:00,4700.37,4773.65,4826.68,4669.95,496679517.0
EURO STOXX 50,EU0009658145,Europe,193736,EUR,2025-04-09 12:00:00,4705.91,4622.14,4708.14,4569.51,478193458.0
EURO STOXX 50,EU0009658145,Europe,193736,EUR,2025-04-10 12:00:00,4631.37,4818.92,4987.62,4631.37,516587713.0
EURO STOXX 50,EU0009658145,Europe,193736,EUR,2025-04-11 12:00:00,4841.64,4787.23,4870.97,4728.53,306147193.0
EURO STOXX 50,EU0009658145,Europe,193736,EUR,2025-04-14 12:00:00,4828.56,4911.39,4936.12,4828.56,289127791.0
EURO STOXX 50,EU0009658145,Europe,193736,EUR,2025-04-15 12:00:00,4915.47,4970.43,4977.49,4913.73,273090444.0
EURO STOXX 50,EU0009658145,Europe,193736,EUR,2025-04-16 12:00:00,4956.15,4966.5,4967.09,4891.11,263271756.0
EURO STOXX 50,EU0009658145,Europe,193736,EUR,2025-04-17 12:00:00,4966.76,4935.34,4970.68,4922.2,226258980.0
EURO STOXX 50,EU0009658145,Europe,193736,EUR,2025-04-22 12:00:00,4919.76,4961.45,4961.45,4894.3,226529586.0
EURO STOXX 50,EU0009658145,Europe,193736,EUR,2025-04-23 12:00:00,4972.51,5098.74,5123.64,4972.51,320359534.0
EURO STOXX 50,EU0009658145,Europe,193736,EUR,2025-04-24 12:00:00,5080.59,5114.98,5116.33,5043.45,240213531.0
EURO STOXX 50,EU0009658145,Europe,193736,EUR,2025-04-25 12:00:00,5121.35,5154.12,5167.18,5121.35,234235408.0
EURO STOXX 50,EU0009658145,Europe,193736,EUR,2025-04-28 12:00:00,5163.23,5170.49,5199.3,5163.23,222668422.0
EURO STOXX 50,EU0009658145,Europe,193736,EUR,2025-04-29 12:00:00,5176.03,5161.9,5191.68,5138.71,249181796.0
EURO STOXX 50,EU0009658145,Europe,193736,EUR,2025-04-30 12:00:00,5162.95,5160.22,5185.3,5105.8,418450679.0
EURO STOXX 50,EU0009658145,Europe,193736,EUR,2025-05-01 12:00:00,5160.22,5160.22,5160.22,5160.22,0.0
EURO STOXX 50,EU0009658145,Europe,193736,EUR,2025-05-02 12:00:00,5201.1,5285.19,5285.19,5201.1,299718345.0
EURO STOXX 50,EU0009658145,Europe,193736,EUR,2025-05-05 12:00:00,5270.34,5283.05,5289.35,5262.28,171613895.0
EURO STOXX 50,EU0009658145,Europe,193736,EUR,2025-05-06 12:00:00,5283.99,5263.38,5292.94,5210.59,236662815.0
EURO STOXX 50,EU0009658145,Europe,193736,EUR,2025-05-07 12:00:00,5261.34,5230.19,5264.02,5223.66,243346903.0
EURO STOXX 50,EU0009658145,Europe,193736,EUR,2025-05-08 12:00:00,5240.23,5288.94,5304.78,5240.23,264246152.0
EURO STOXX 50,EU0009658145,Europe,193736,EUR,2025-05-09 12:00:00,5286.04,5309.74,5323.61,5286.04,262111165.0
EURO STOXX 50,EU0009658145,Europe,193736,EUR,2025-05-12 12:00:00,5319.28,5392.36,5421.61,5319.28,334388975.0
EURO STOXX 50,EU0009658145,Europe,193736,EUR,2025-05-13 12:00:00,5390.62,5416.21,5416.7,5384.68,210765149.0
EURO STOXX 50,EU0009658145,Europe,193736,EUR,2025-05-14 12:00:00,5412.88,5403.44,5421.2,5374.81,259085000.0
EURO STOXX 50,EU0009658145,Europe,193736,EUR,2025-05-15 12:00:00,5392.32,5412.08,5412.08,5363.52,240913700.0
EURO STOXX 50,EU0009658145,Europe,193736,EUR,2025-05-16 12:00:00,5422.42,5427.53,5450.95,5407.53,252994475.0
EURO STOXX 50,EU0009658145,Europe,193736,EUR,2025-05-19 12:00:00,5409.04,5427.23,5427.23,5382.33,194464526.0
EURO STOXX 50,EU0009658145,Europe,193736,EUR,2025-05-20 12:00:00,5430.86,5454.65,5467.28,5423.12,226380756.0
EURO STOXX 50,EU0009658145,Europe,193736,EUR,2025-05-21 12:00:00,5452.27,5454.46,5461.06,5415.89,203593468.0
EURO STOXX 50,EU0009658145,Europe,193736,EUR,2025-05-22 12:00:00,5448.32,5424.48,5448.32,5385.16,203712331.0
EURO STOXX 50,EU0009658145,Europe,193736,EUR,2025-05-23 12:00:00,5426.69,5326.31,5441.87,5252.94,339369747.0
EURO STOXX 50,EU0009658145,Europe,193736,EUR,2025-05-26 12:00:00,5364.83,5395.33,5412.57,5364.83,147630391.0
EURO STOXX 50,EU0009658145,Europe,193736,EUR,2025-05-27 12:00:00,5391.13,5415.45,5436.28,5388.47,174913856.0
EURO STOXX 50,EU0009658145,Europe,193736,EUR,2025-05-28 12:00:00,5413.21,5378.39,5427.97,5377.64,200066782.0
EURO STOXX 50,EU0009658145,Europe,193736,EUR,2025-05-29 12:00:00,5402.57,5371.1,5437.67,5364.98,153006238.0
EURO STOXX 50,EU0009658145,Europe,193736,EUR,2025-05-30 12:00:00,5370.2,5366.59,5402.23,5358.75,421717267.0
EURO STOXX 50,EU0009658145,Europe,193736,EUR,2025-06-02 12:00:00,5337.4,5355.56,5364.23,5308.05,185879278.0
EURO STOXX 50,EU0009658145,Europe,193736,EUR,2025-06-03 12:00:00,5363.99,5375.7,5376.95,5326.22,214415708.0
EURO STOXX 50,EU0009658145,Europe,193736,EUR,2025-06-04 12:00:00,5385.42,5405.15,5424.09,5385.42,197154110.0
EURO STOXX 50,EU0009658145,Europe,193736,EUR,2025-06-05 12:00:00,5406.69,5410.55,5432.38,5382.1,203253894.0
EURO STOXX 50,EU0009658145,Europe,193736,EUR,2025-06-06 12:00:00,5407.14,5430.17,5435.42,5395.58,185511112.0
EURO STOXX 50,EU0009658145,Europe,193736,EUR,2025-06-09 12:00:00,5424.96,5421.52,5427.5,5395.81,148971537.0
EURO STOXX 50,EU0009658145,Europe,193736,EUR,2025-06-10 12:00:00,5414.84,5415.38,5428.18,5396.17,230105550.0
EURO STOXX 50,EU0009658145,Europe,193736,EUR,2025-06-11 12:00:00,5418.3,5393.15,5430.15,5393.15,202855116.0
EURO STOXX 50,EU0009658145,Europe,193736,EUR,2025-06-12 12:00:00,5377.34,5360.82,5381.6,5327.74,204729605.0
EURO STOXX 50,EU0009658145,Europe,193736,EUR,2025-06-13 12:00:00,5329.27,5290.47,5329.27,5269.11,291419436.0
EURO STOXX 50,EU0009658145,Europe,193736,EUR,2025-06-16 12:00:00,5295.92,5339.57,5344.12,5295.92,224342950.0
EURO STOXX 50,EU0009658145,Europe,193736,EUR,2025-06-17 12:00:00,5311.09,5288.68,5311.09,5265.3,208164124.0
EURO STOXX 50,EU0009658145,Europe,193736,EUR,2025-06-18 12:00:00,5288.63,5266.91,5300.25,5253.56,180924636.0
EURO STOXX 50,EU0009658145,Europe,193736,EUR,2025-06-19 12:00:00,5248.42,5197.03,5248.42,5196.84,183121127.0
EURO STOXX 50,EU0009658145,Europe,193736,EUR,2025-06-20 12:00:00,5208.19,5233.58,5275.38,5208.19,445245622.0
EURO STOXX 50,EU0009658145,Europe,193736,EUR,2025-06-23 12:00:00,5224.34,5221.9,5249.18,5189.59,205273970.0
EURO STOXX 50,EU0009658145,Europe,193736,EUR,2025-06-24 12:00:00,5261.92,5297.07,5323.08,5261.92,241941114.0
EURO STOXX 50,EU0009658145,Europe,193736,EUR,2025-06-25 12:00:00,5302.94,5252.01,5316.26,5252.01,180927308.0
EURO STOXX 50,EU0009658145,Europe,193736,EUR,2025-06-26 12:00:00,5261.16,5244.03,5273.81,5222.76,179422756.0
EURO STOXX 50,EU0009658145,Europe,193736,EUR,2025-06-27 12:00:00,5268.82,5320.78,5323.18,5268.82,180216105.0
EURO STOXX 50,EU0009658145,Europe,193736,EUR,2025-06-30 12:00:00,5337.74,5303.24,5341.77,5296.46,200221782.0
EURO STOXX 50,EU0009658145,Europe,193736,EUR,2025-07-01 12:00:00,5308.01,5282.43,5314.39,5265.94,180633515.0
EURO STOXX 50,EU0009658145,Europe,193736,EUR,2025-07-02 12:00:00,5294.27,5318.72,5323.53,5285.25,210741103.0
EURO STOXX 50,EU0009658145,Europe,193736,EUR,2025-07-03 12:00:00,5325.85,5343.15,5343.15,5302.59,169774039.0
EURO STOXX 50,EU0009658145,Europe,193736,EUR,2025-07-04 12:00:00,5320.94,5288.81,5320.94,5274.88,129396884.0
EURO STOXX 50,EU0009658145,Europe,193736,EUR,2025-07-07 12:00:00,5292.79,5341.54,5341.54,5289.19,162108696.0
EURO STOXX 50,EU0009658145,Europe,193736,EUR,2025-07-08 12:00:00,5346.33,5371.95,5375.41,5333.53,206413385.0
EURO STOXX 50,EU0009658145,Europe,193736,EUR,2025-07-09 12:00:00,5382.03,5445.65,5451.7,5382.03,257980073.0
EURO STOXX 50,EU0009658145,Europe,193736,EUR,2025-07-10 12:00:00,5452.3,5438.27,5470.81,5434.95,211468205.0
EURO STOXX 50,EU0009658145,Europe,193736,EUR,2025-07-11 12:00:00,5423.0,5383.48,5423.0,5370.17,185025434.0
EURO STOXX 50,EU0009658145,Europe,193736,EUR,2025-07-14 12:00:00,5357.5,5370.85,5371.21,5337.64,144013332.0
EURO STOXX 50,EU0009658145,Europe,193736,EUR,2025-07-15 12:00:00,5374.63,5354.17,5397.76,5351.38,149176855.0
EURO STOXX 50,EU0009658145,Europe,193736,EUR,2025-07-16 12:00:00,5327.78,5298.07,5351.43,5298.07,169093508.0
EURO STOXX 50,EU0009658145,Europe,193736,EUR,2025-07-17 12:00:00,5338.99,5377.15,5377.15,5336.58,159027750.0
EURO STOXX 50,EU0009658145,Europe,193736,EUR,2025-07-18 12:00:00,5385.37,5359.23,5404.32,5353.1,157099524.0
EURO STOXX 50,EU0009658145,Europe,193736,EUR,2025-07-21 12:00:00,5358.19,5342.98,5360.05,5318.53,150923563.0
EURO STOXX 50,EU0009658145,Europe,193736,EUR,2025-07-22 12:00:00,5332.32,5290.48,5332.32,5277.85,143228100.0
EURO STOXX 50,EU0009658145,Europe,193736,EUR,2025-07-23 12:00:00,5305.59,5344.25,5371.35,5305.59,289097730.0
EURO STOXX 50,EU0009658145,Europe,193736,EUR,2025-07-24 12:00:00,5365.92,5355.2,5396.31,5337.97,238842475.0
EURO STOXX 50,EU0009658145,Europe,193736,EUR,2025-07-25 12:00:00,5342.66,5357.19,5362.23,5317.54,186169075.0
EURO STOXX 50,EU0009658145,Europe,193736,EUR,2025-07-28 12:00:00,5381.59,5337.58,5417.28,5330.97,226331792.0
EURO STOXX 50,EU0009658145,Europe,193736,EUR,2025-07-29 12:00:00,5340.78,5379.2,5412.51,5340.78,220361127.0
EURO STOXX 50,EU0009658145,Europe,193736,EUR,2025-07-30 12:00:00,5376.43,5393.18,5404.08,5363.98,273581684.0
EURO STOXX 50,EU0009658145,Europe,193736,EUR,2025-07-31 12:00:00,5405.66,5319.92,5419.62,5317.61,294830522.0
EURO STOXX 50,EU0009658145,Europe,193736,EUR,2025-08-01 12:00:00,5304.04,5165.6,5304.04,5154.83,347469910.0
EURO STOXX 50,EU0009658145,Europe,193736,EUR,2025-08-04 12:00:00,5170.48,5242.32,5242.32,5170.48,206415126.0
EURO STOXX 50,EU0009658145,Europe,193736,EUR,2025-08-05 12:00:00,5254.75,5249.59,5270.45,5235.92,171607277.0
EURO STOXX 50,EU0009658145,Europe,193736,EUR,2025-08-06 12:00:00,5260.45,5263.29,5282.54,5252.67,175117728.0
EURO STOXX 50,EU0009658145,Europe,193736,EUR,2025-08-07 12:00:00,5261.32,5332.07,5353.88,5261.32,219069406.0
EURO STOXX 50,EU0009658145,Europe,193736,EUR,2025-08-08 12:00:00,5336.26,5347.74,5366.96,5326.53,184648921.0
EURO STOXX 50,EU0009658145,Europe,193736,EUR,2025-08-11 12:00:00,5360.25,5331.85,5371.25,5325.73,140072963.0
EURO STOXX 50,EU0009658145,Europe,193736,EUR,2025-08-12 12:00:00,5340.19,5335.97,5348.7,5312.19,168430808.0
EURO STOXX 50,EU0009658145,Europe,193736,EUR,2025-08-13 12:00:00,5342.23,5388.25,5394.85,5342.23,178401545.0
EURO STOXX 50,EU0009658145,Europe,193736,EUR,2025-08-14 12:00:00,5391.83,5434.7,5438.37,5390.37,174086720.0
EURO STOXX 50,EU0009658145,Europe,193736,EUR,2025-08-15 12:00:00,5441.26,5448.61,5465.57,5440.57,179347271.0
EURO STOXX 50,EU0009658145,Europe,193736,EUR,2025-08-18 12:00:00,5446.78,5434.64,5451.66,5412.22,145790874.0
EURO STOXX 50,EU0009658145,Europe,193736,EUR,2025-08-19 12:00:00,5438.98,5483.28,5489.46,5438.98,168389231.0
EURO STOXX 50,EU0009658145,Europe,193736,EUR,2025-08-20 12:00:00,5475.58,5472.32,5491.52,5450.83,141559611.0
EURO STOXX 50,EU0009658145,Europe,193736,EUR,2025-08-21 12:00:00,5469.92,5462.16,5470.6,5439.27,134873352.0
EURO STOXX 50,EU0009658145,Europe,193736,EUR,2025-08-22 12:00:00,5457.94,5488.23,5510.69,5448.56,154393771.0
EURO STOXX 50,EU0009658145,Europe,193736,EUR,2025-08-25 12:00:00,5480.53,5443.96,5480.53,5441.08,141370008.0
EURO STOXX 50,EU0009658145,Europe,193736,EUR,2025-08-26 12:00:00,5413.32,5383.68,5413.32,5376.11,412424664.0
EURO STOXX 50,EU0009658145,Europe,193736,EUR,2025-08-27 12:00:00,5385.69,5393.07,5403.99,5365.97,212963728.0
EURO STOXX 50,EU0009658145,Europe,193736,EUR,2025-08-28 12:00:00,5398.54,5396.73,5430.81,5378.05,151651327.0
EURO STOXX 50,EU0009658145,Europe,193736,EUR,2025-08-29 12:00:00,5384.93,5351.73,5395.23,5351.64,188837941.0
EURO STOXX 50,EU0009658145,Europe,193736,EUR,2025-09-01 12:00:00,5351.44,5367.08,5377.74,5351.44,101822356.0
EURO STOXX 50,EU0009658145,Europe,193736,EUR,2025-09-02 12:00:00,5367.56,5291.04,5368.76,5290.46,192247240.0
EURO STOXX 50,EU0009658145,Europe,193736,EUR,2025-09-03 12:00:00,5311.89,5325.01,5342.45,5304.98,175960895.0
EURO STOXX 50,EU0009658145,Europe,193736,EUR,2025-09-04 12:00:00,5327.05,5346.71,5351.54,5313.22,176297125.0
EURO STOXX 50,EU0009658145,Europe,193736,EUR,2025-09-05 12:00:00,5356.79,5318.15,5372.26,5301.18,184108649.0
EURO STOXX 50,EU0009658145,Europe,193736,EUR,2025-09-08 12:00:00,5324.66,5362.81,5368.36,5324.66,148512518.0
EURO STOXX 50,EU0009658145,Europe,193736,EUR,2025-09-09 12:00:00,5364.72,5368.82,5387.84,5348.15,186790996.0
EURO STOXX 50,EU0009658145,Europe,193736,EUR,2025-09-10 12:00:00,5387.46,5361.47,5413.06,5354.56,194342881.0
EURO STOXX 50,EU0009658145,Europe,193736,EUR,2025-09-11 12:00:00,5362.86,5386.77,5403.93,5354.61,172756228.0
EURO STOXX 50,EU0009658145,Europe,193736,EUR,2025-09-12 12:00:00,5387.15,5390.71,5397.2,5359.31,166591246.0
EURO STOXX 50,EU0009658145,Europe,193736,EUR,2025-09-15 12:00:00,5402.9,5440.4,5446.17,5402.9,176487745.0
EURO STOXX 50,EU0009658145,Europe,193736,EUR,2025-09-16 12:00:00,5439.92,5372.31,5446.19,5370.58,207088644.0
EURO STOXX 50,EU0009658145,Europe,193736,EUR,2025-09-17 12:00:00,5381.69,5369.7,5393.92,5361.11,200758989.0
EURO STOXX 50,EU0009658145,Europe,193736,EUR,2025-09-18 12:00:00,5389.0,5456.67,5463.15,5389.0,200792474.0
EURO STOXX 50,EU0009658145,Europe,193736,EUR,2025-09-19 12:00:00,5459.25,5458.42,5494.13,5452.86,607387522.0
EURO STOXX 50,EU0009658145,Europe,193736,EUR,2025-09-22 12:00:00,5462.65,5442.05,5462.65,5426.58,160010594.0
EURO STOXX 50,EU0009658145,Europe,193736,EUR,2025-09-23 12:00:00,5445.83,5472.39,5495.02,5445.83,168476189.0
EURO STOXX 50,EU0009658145,Europe,193736,EUR,2025-09-24 12:00:00,5472.09,5464.56,5481.93,5450.12,223866434.0
EURO STOXX 50,EU0009658145,Europe,193736,EUR,2025-09-25 12:00:00,5463.55,5444.89,5463.55,5415.31,173356935.0
EURO STOXX 50,EU0009658145,Europe,193736,EUR,2025-09-26 12:00:00,5448.89,5499.7,5503.69,5448.89,186339926.0
EURO STOXX 50,EU0009658145,Europe,193736,EUR,2025-09-29 12:00:00,5514.49,5506.85,5520.89,5496.34,160498390.0
EURO STOXX 50,EU0009658145,Europe,193736,EUR,2025-09-30 12:00:00,5503.26,5529.96,5529.96,5484.22,201062197.0
EURO STOXX 50,EU0009658145,Europe,193736,EUR,2025-10-01 12:00:00,5513.15,5581.21,5590.49,5503.99,206883978.0
EURO STOXX 50,EU0009658145,Europe,193736,EUR,2025-10-02 12:00:00,5617.17,5645.81,5674.55,5617.17,212497211.0
EURO STOXX 50,EU0009658145,Europe,193736,EUR,2025-10-03 12:00:00,5658.06,5651.71,5667.92,5641.35,162445241.0
EURO STOXX 50,EU0009658145,Europe,193736,EUR,2025-10-06 12:00:00,5655.17,5628.72,5655.17,5605.52,189241040.0
EURO STOXX 50,EU0009658145,Europe,193736,EUR,2025-10-07 12:00:00,5629.64,5613.62,5643.61,5610.5,161480146.0
EURO STOXX 50,EU0009658145,Europe,193736,EUR,2025-10-08 12:00:00,5594.09,5649.73,5657.34,5594.09,184243902.0
EURO STOXX 50,EU0009658145,Europe,193736,EUR,2025-10-09 12:00:00,5651.03,5625.56,5665.03,5625.56,162641442.0
EURO STOXX 50,EU0009658145,Europe,193736,EUR,2025-10-10 12:00:00,5628.83,5531.32,5648.59,5529.63,199607913.0
EURO STOXX 50,EU0009658145,Europe,193736,EUR,2025-10-13 12:00:00,5540.54,5568.19,5591.29,5540.54,138917614.0
EURO STOXX 50,EU0009658145,Europe,193736,EUR,2025-10-14 12:00:00,5552.49,5552.05,5553.22,5487.67,199625361.0
EURO STOXX 50,EU0009658145,Europe,193736,EUR,2025-10-15 12:00:00,5566.97,5605.03,5639.95,5566.97,171111581.0
EURO STOXX 50,EU0009658145,Europe,193736,EUR,2025-10-16 12:00:00,5604.34,5652.01,5652.11,5585.95,158881662.0
EURO STOXX 50,EU0009658145,Europe,193736,EUR,2025-10-17 12:00:00,5618.48,5607.39,5640.56,5555.25,290016764.0
EURO STOXX 50,EU0009658145,Europe,193736,EUR,2025-10-20 12:00:00,5626.25,5680.93,5688.17,5626.25,180385003.0
EURO STOXX 50,EU0009658145,Europe,193736,EUR,2025-10-21 12:00:00,5686.77,5686.83,5699.13,5670.65,147743447.0
EURO STOXX 50,EU0009658145,Europe,193736,EUR,2025-10-22 12:00:00,5672.24,5639.21,5685.3,5635.9,179993926.0
EURO STOXX 50,EU0009658145,Europe,193736,EUR,2025-10-23 12:00:00,5651.9,5668.33,5673.11,5639.82,161995409.0
EURO STOXX 50,EU0009658145,Europe,193736,EUR,2025-10-24 12:00:00,5685.52,5674.5,5694.78,5650.42,156557280.0
EURO STOXX 50,EU0009658145,Europe,193736,EUR,2025-10-27 12:00:00,5691.89,5711.06,5712.78,5684.66,172265080.0
EURO STOXX 50,EU0009658145,Europe,193736,EUR,2025-10-28 12:00:00,5696.05,5704.35,5712.17,5686.58,157850357.0
EURO STOXX 50,EU0009658145,Europe,193736,EUR,2025-10-29 12:00:00,5701.24,5705.81,5734.28,5691.82,220633884.0
EURO STOXX 50,EU0009658145,Europe,193736,EUR,2025-10-30 12:00:00,5702.77,5699.18,5716.02,5667.1,204354101.0
EURO STOXX 50,EU0009658145,Europe,193736,EUR,2025-10-31 12:00:00,5695.85,5662.04,5697.59,5654.3,259658751.0
EURO STOXX 50,EU0009658145,Europe,193736,EUR,2025-11-03 12:00:00,5664.18,5679.25,5705.77,5656.15,167000607.0
EURO STOXX 50,EU0009658145,Europe,193736,EUR,2025-11-04 12:00:00,5646.2,5660.2,5660.61,5577.21,183699242.0
EURO STOXX 50,EU0009658145,Europe,193736,EUR,2025-11-05 12:00:00,5619.21,5669.13,5681.61,5605.47,165649902.0
EURO STOXX 50,EU0009658145,Europe,193736,EUR,2025-11-06 12:00:00,5665.59,5611.18,5672.37,5606.57,186530353.0
EURO STOXX 50,EU0009658145,Europe,193736,EUR,2025-11-07 12:00:00,5617.82,5566.53,5633.75,5554.53,168502986.0
EURO STOXX 50,EU0009658145,Europe,193736,EUR,2025-11-10 12:00:00,5608.67,5664.46,5677.49,5608.67,235837304.0
EURO STOXX 50,EU0009658145,Europe,193736,EUR,2025-11-11 12:00:00,5670.94,5725.7,5730.99,5670.94,193754103.0
EURO STOXX 50,EU0009658145,Europe,193736,EUR,2025-11-12 12:00:00,5734.68,5787.31,5804.66,5734.68,253213961.0
EURO STOXX 50,EU0009658145,Europe,193736,EUR,2025-11-13 12:00:00,5795.92,5742.79,5818.07,5740.97,192504622.0
EURO STOXX 50,EU0009658145,Europe,193736,EUR,2025-11-14 12:00:00,5731.16,5693.77,5731.16,5631.18,231363742.0
EURO STOXX 50,EU0009658145,Europe,193736,EUR,2025-11-17 12:00:00,5692.13,5640.94,5701.64,5629.34,167529414.0
EURO STOXX 50,EU0009658145,Europe,193736,EUR,2025-11-18 12:00:00,5610.75,5534.71,5610.75,5509.1,237935974.0
EURO STOXX 50,EU0009658145,Europe,193736,EUR,2025-11-19 12:00:00,5532.91,5542.05,5584.35,5506.1,199354625.0
EURO STOXX 50,EU0009658145,Europe,193736,EUR,2025-11-20 12:00:00,5569.47,5569.92,5625.21,5569.47,182816903.0
EURO STOXX 50,EU0009658145,Europe,193736,EUR,2025-11-21 12:00:00,5537.67,5515.09,5539.49,5473.88,228330363.0
EURO STOXX 50,EU0009658145,Europe,193736,EUR,2025-11-24 12:00:00,5523.63,5528.67,5562.01,5504.96,382851092.0
EURO STOXX 50,EU0009658145,Europe,193736,EUR,2025-11-25 12:00:00,5528.61,5573.91,5581.92,5510.48,185660583.0
EURO STOXX 50,EU0009658145,Europe,193736,EUR,2025-11-26 12:00:00,5583.82,5655.58,5655.58,5583.82,163863528.0
EURO STOXX 50,EU0009658145,Europe,193736,EUR,2025-11-27 12:00:00,5650.47,5653.17,5665.02,5638.39,102922652.0
EURO STOXX 50,EU0009658145,Europe,193736,EUR,2025-11-28 12:00:00,5655.16,5668.17,5676.82,5641.33,130804304.0
EURO STOXX 50,EU0009658145,Europe,193736,EUR,2025-12-01 12:00:00,5659.91,5667.48,5672.08,5622.95,162511148.0
EURO STOXX 50,EU0009658145,Europe,193736,EUR,2025-12-02 12:00:00,5667.41,5686.17,5710.83,5665.29,170920958.0
EURO STOXX 50,EU0009658145,Europe,193736,EUR,2025-12-03 12:00:00,5696.25,5694.56,5725.32,5676.92,194256313.0
EURO STOXX 50,EU0009658145,Europe,193736,EUR,2025-12-04 12:00:00,5709.83,5718.08,5731.94,5704.44,176821838.0
EURO STOXX 50,EU0009658145,Europe,193736,EUR,2025-12-05 12:00:00,5726.64,5723.93,5749.06,5723.91,154584863.0
EURO STOXX 50,EU0009658145,Europe,193736,EUR,2025-12-08 12:00:00,5717.65,5725.59,5734.73,5711.0,133248615.0
EURO STOXX 50,EU0009658145,Europe,193736,EUR,2025-12-09 12:00:00,5724.71,5718.32,5753.48,5708.53,155311833.0
EURO STOXX 50,EU0009658145,Europe,193736,EUR,2025-12-10 12:00:00,5710.7,5708.12,5722.77,5692.59,165765786.0
EURO STOXX 50,EU0009658145,Europe,193736,EUR,2025-12-11 12:00:00,5707.76,5753.96,5770.19,5684.93,181490306.0
EURO STOXX 50,EU0009658145,Europe,193736,EUR,2025-12-12 12:00:00,5766.84,5720.71,5794.7,5718.97,162501182.0
EURO STOXX 50,EU0009658145,Europe,193736,EUR,2025-12-15 12:00:00,5724.16,5752.52,5763.21,5724.16,188728153.0
EURO STOXX 50,EU0009658145,Europe,193736,EUR,2025-12-16 12:00:00,5755.82,5717.83,5757.35,5710.21,224813296.0
EURO STOXX 50,EU0009658145,Europe,193736,EUR,2025-12-17 12:00:00,5735.21,5681.67,5745.87,5678.53,188454015.0
EURO STOXX 50,EU0009658145,Europe,193736,EUR,2025-12-18 12:00:00,5684.0,5741.71,5746.98,5679.61,212570208.0
EURO STOXX 50,EU0009658145,Europe,193736,EUR,2025-12-19 12:00:00,5742.14,5760.35,5772.35,5728.65,439729895.0
EURO STOXX 50,EU0009658145,Europe,193736,EUR,2025-12-22 12:00:00,5754.39,5743.69,5770.99,5733.79,125366894.0
EURO STOXX 50,EU0009658145,Europe,193736,EUR,2025-12-23 12:00:00,5742.56,5749.28,5754.53,5729.34,121461088.0
EURO STOXX 50,EU0009658145,Europe,193736,EUR,2025-12-24 12:00:00,5749.09,5746.24,5754.56,5744.75,80540747.0
EURO STOXX 50,EU0009658145,Europe,193736,EUR,2025-12-29 12:00:00,5752.16,5751.71,5766.3,5734.91,145100243.0
EURO STOXX 50,EU0009658145,Europe,193736,EUR,2025-12-30 12:00:00,5748.97,5796.22,5802.99,5746.36,139035784.0
EURO STOXX 50,EU0009658145,Europe,193736,EUR,2025-12-31 12:00:00,5792.27,5791.41,5792.27,5777.48,115638145.0
EURO STOXX 50,EU0009658145,Europe,193736,EUR,2026-01-02 12:00:00,5785.83,5850.38,5862.29,5780.85,178634639.0
EURO STOXX 50,EU0009658145,Europe,193736,EUR,2026-01-05 12:00:00,5863.16,5923.69,5924.6,5863.16,215723214.0
EURO STOXX 50,EU0009658145,Europe,193736,EUR,2026-01-06 12:00:00,5926.73,5931.79,5943.21,5895.76,184745047.0
EURO STOXX 50,EU0009658145,Europe,193736,EUR,2026-01-07 12:00:00,5926.54,5923.57,5934.99,5911.7,213304078.0
EURO STOXX 50,EU0009658145,Europe,193736,EUR,2026-01-08 12:00:00,5913.28,5904.32,5935.09,5896.72,162383154.0
EURO STOXX 50,EU0009658145,Europe,193736,EUR,2026-01-09 12:00:00,5916.48,5995.56,5999.48,5916.48,179622488.0
MDAX,DE0008467416,Deutschland,323547,EUR,2021-01-04 12:00:00,31013.05,30950.6,31280.75,30859.56,20575920.0
MDAX,DE0008467416,Deutschland,323547,EUR,2021-01-05 12:00:00,30857.15,31059.88,31121.31,30794.47,18718771.0
MDAX,DE0008467416,Deutschland,323547,EUR,2021-01-06 12:00:00,31190.61,31121.01,31190.61,30876.09,15556831.0
MDAX,DE0008467416,Deutschland,323547,EUR,2021-01-07 12:00:00,31212.52,31224.28,31299.46,31077.42,17985959.0
MDAX,DE0008467416,Deutschland,323547,EUR,2021-01-08 12:00:00,31379.59,31356.65,31529.57,31287.84,52272981.0
MDAX,DE0008467416,Deutschland,323547,EUR,2021-01-11 12:00:00,31322.78,31102.2,31398.29,30943.6,24894608.0
MDAX,DE0008467416,Deutschland,323547,EUR,2021-01-12 12:00:00,31213.71,31188.35,31307.26,31149.13,21113510.0
MDAX,DE0008467416,Deutschland,323547,EUR,2021-01-13 12:00:00,31168.61,31308.3,31376.15,31093.42,19113886.0
MDAX,DE0008467416,Deutschland,323547,EUR,2021-01-14 12:00:00,31399.62,31572.08,31626.5,31334.43,17735109.0
MDAX,DE0008467416,Deutschland,323547,EUR,2021-01-15 12:00:00,31485.94,31035.92,31485.94,30855.28,22773278.0
MDAX,DE0008467416,Deutschland,323547,EUR,2021-01-18 12:00:00,30896.54,31206.48,31213.34,30860.84,15157505.0
MDAX,DE0008467416,Deutschland,323547,EUR,2021-01-19 12:00:00,31395.12,31290.46,31440.88,31262.76,13593403.0
MDAX,DE0008467416,Deutschland,323547,EUR,2021-01-20 12:00:00,31372.32,31577.89,31683.8,31342.58,16874010.0
MDAX,DE0008467416,Deutschland,323547,EUR,2021-01-21 12:00:00,31722.28,31748.97,31905.11,31674.52,19125443.0
MDAX,DE0008467416,Deutschland,323547,EUR,2021-01-22 12:00:00,31718.51,31635.51,31720.55,31421.75,59846566.0
MDAX,DE0008467416,Deutschland,323547,EUR,2021-01-25 12:00:00,31719.09,31391.84,31865.63,31323.95,22792138.0
MDAX,DE0008467416,Deutschland,323547,EUR,2021-01-26 12:00:00,31409.54,31562.35,31753.28,31321.48,16733920.0
MDAX,DE0008467416,Deutschland,323547,EUR,2021-01-27 12:00:00,31502.4,31341.52,31687.97,30899.31,27795025.0
MDAX,DE0008467416,Deutschland,323547,EUR,2021-01-28 12:00:00,31125.6,31461.96,31553.67,30534.35,26962602.0
MDAX,DE0008467416,Deutschland,323547,EUR,2021-01-29 12:00:00,31197.66,31086.78,31377.03,30862.72,26014077.0
MDAX,DE0008467416,Deutschland,323547,EUR,2021-02-01 12:00:00,31209.04,31441.3,31529.4,31209.04,17344143.0
MDAX,DE0008467416,Deutschland,323547,EUR,2021-02-02 12:00:00,31537.62,32037.68,32042.55,31519.14,15887258.0
MDAX,DE0008467416,Deutschland,323547,EUR,2021-02-03 12:00:00,32207.31,32193.65,32305.42,32110.34,12267293.0
MDAX,DE0008467416,Deutschland,323547,EUR,2021-02-04 12:00:00,32211.56,32361.06,32426.91,32206.24,13212239.0
MDAX,DE0008467416,Deutschland,323547,EUR,2021-02-05 12:00:00,32432.97,32401.04,32497.03,32302.87,16740879.0
MDAX,DE0008467416,Deutschland,323547,EUR,2021-02-08 12:00:00,32525.06,32474.07,32606.33,32432.83,16835214.0
MDAX,DE0008467416,Deutschland,323547,EUR,2021-02-09 12:00:00,32530.24,32256.89,32534.3,32252.16,21703082.0
MDAX,DE0008467416,Deutschland,323547,EUR,2021-02-10 12:00:00,32373.99,32132.82,32404.31,32011.39,22312677.0
MDAX,DE0008467416,Deutschland,323547,EUR,2021-02-11 12:00:00,32167.19,32546.56,32554.31,32133.12,17026527.0
MDAX,DE0008467416,Deutschland,323547,EUR,2021-02-12 12:00:00,32481.89,32595.23,32633.59,32409.27,21210439.0
MDAX,DE0008467416,Deutschland,323547,EUR,2021-02-15 12:00:00,32747.77,32905.8,32951.09,32747.77,22081013.0
MDAX,DE0008467416,Deutschland,323547,EUR,2021-02-16 12:00:00,32930.16,33042.33,33158.91,32930.16,21831806.0
MDAX,DE0008467416,Deutschland,323547,EUR,2021-02-17 12:00:00,32967.1,32637.16,32967.1,32625.02,17209910.0
MDAX,DE0008467416,Deutschland,323547,EUR,2021-02-18 12:00:00,32619.34,32227.05,32661.24,32197.85,14774084.0
MDAX,DE0008467416,Deutschland,323547,EUR,2021-02-19 12:00:00,32291.11,32384.74,32420.02,32202.63,14076920.0
MDAX,DE0008467416,Deutschland,323547,EUR,2021-02-22 12:00:00,32278.22,32024.08,32278.22,31824.22,22836006.0
MDAX,DE0008467416,Deutschland,323547,EUR,2021-02-23 12:00:00,32026.42,31643.84,32111.87,31016.92,40161813.0
MDAX,DE0008467416,Deutschland,323547,EUR,2021-02-24 12:00:00,31681.86,31758.67,31888.21,31561.07,36206180.0
MDAX,DE0008467416,Deutschland,323547,EUR,2021-02-25 12:00:00,31938.97,31640.86,32029.03,31624.5,33723128.0
MDAX,DE0008467416,Deutschland,323547,EUR,2021-02-26 12:00:00,31229.64,31270.86,31507.51,31000.37,24569428.0
MDAX,DE0008467416,Deutschland,323547,EUR,2021-03-01 12:00:00,31649.35,31900.95,31953.07,31649.35,18034699.0
MDAX,DE0008467416,Deutschland,323547,EUR,2021-03-02 12:00:00,31862.4,31762.21,32089.18,31755.78,16868011.0
MDAX,DE0008467416,Deutschland,323547,EUR,2021-03-03 12:00:00,31890.49,31561.87,31998.91,31342.58,16007194.0
MDAX,DE0008467416,Deutschland,323547,EUR,2021-03-04 12:00:00,31418.75,31309.21,31429.0,30953.13,17744483.0
MDAX,DE0008467416,Deutschland,323547,EUR,2021-03-05 12:00:00,31137.06,30716.51,31211.34,30688.52,19260687.0
MDAX,DE0008467416,Deutschland,323547,EUR,2021-03-08 12:00:00,30841.59,31310.93,31352.03,30770.03,19194833.0
MDAX,DE0008467416,Deutschland,323547,EUR,2021-03-09 12:00:00,31283.63,31623.8,31710.13,31156.23,18191884.0
MDAX,DE0008467416,Deutschland,323547,EUR,2021-03-10 12:00:00,31593.56,31571.28,31716.78,31491.74,14143997.0
MDAX,DE0008467416,Deutschland,323547,EUR,2021-03-11 12:00:00,31644.08,31937.03,31947.57,31577.43,16192958.0
MDAX,DE0008467416,Deutschland,323547,EUR,2021-03-12 12:00:00,31865.46,31779.28,31897.8,31585.53,16334697.0
MDAX,DE0008467416,Deutschland,323547,EUR,2021-03-15 12:00:00,31868.55,31813.59,31944.08,31741.61,15796291.0
MDAX,DE0008467416,Deutschland,323547,EUR,2021-03-16 12:00:00,31913.7,32098.29,32180.54,31870.9,18757734.0
MDAX,DE0008467416,Deutschland,323547,EUR,2021-03-17 12:00:00,32079.03,31867.4,32087.59,31817.66,14434067.0
MDAX,DE0008467416,Deutschland,323547,EUR,2021-03-18 12:00:00,31956.3,31972.96,32146.41,31881.67,13654489.0
MDAX,DE0008467416,Deutschland,323547,EUR,2021-03-19 12:00:00,31810.72,31622.55,31901.91,31455.67,30874564.0
MDAX,DE0008467416,Deutschland,323547,EUR,2021-03-22 12:00:00,31568.88,31848.33,31853.63,31475.8,25035500.0
MDAX,DE0008467416,Deutschland,323547,EUR,2021-03-23 12:00:00,31761.58,31750.08,31927.03,31556.51,23173832.0
MDAX,DE0008467416,Deutschland,323547,EUR,2021-03-24 12:00:00,31594.09,31511.15,31750.55,31431.33,21956591.0
MDAX,DE0008467416,Deutschland,323547,EUR,2021-03-25 12:00:00,31351.46,31321.6,31351.46,30939.73,23165098.0
MDAX,DE0008467416,Deutschland,323547,EUR,2021-03-26 12:00:00,31436.6,31594.84,31659.09,31436.6,18457379.0
MDAX,DE0008467416,Deutschland,323547,EUR,2021-03-29 12:00:00,31638.22,31460.5,31738.48,31450.3,16171476.0
MDAX,DE0008467416,Deutschland,323547,EUR,2021-03-30 12:00:00,31504.48,31727.97,31754.02,31502.24,12326234.0
MDAX,DE0008467416,Deutschland,323547,EUR,2021-03-31 12:00:00,31697.29,31717.36,31912.43,31673.83,15557008.0
MDAX,DE0008467416,Deutschland,323547,EUR,2021-04-01 12:00:00,31842.54,32289.81,32302.79,31842.54,13278835.0
MDAX,DE0008467416,Deutschland,323547,EUR,2021-04-06 12:00:00,32517.85,32465.47,32632.81,32347.31,17275468.0
MDAX,DE0008467416,Deutschland,323547,EUR,2021-04-07 12:00:00,32520.41,32484.98,32602.5,32469.85,12931802.0
MDAX,DE0008467416,Deutschland,323547,EUR,2021-04-08 12:00:00,32586.0,32632.03,32682.31,32522.73,11408968.0
MDAX,DE0008467416,Deutschland,323547,EUR,2021-04-09 12:00:00,32652.96,32737.55,32863.67,32652.33,36244077.0
MDAX,DE0008467416,Deutschland,323547,EUR,2021-04-12 12:00:00,32745.15,32472.5,32751.76,32451.07,14618859.0
MDAX,DE0008467416,Deutschland,323547,EUR,2021-04-13 12:00:00,32523.16,32666.14,32751.48,32481.7,13337099.0
MDAX,DE0008467416,Deutschland,323547,EUR,2021-04-14 12:00:00,32715.27,32709.11,32828.67,32645.55,16128961.0
MDAX,DE0008467416,Deutschland,323547,EUR,2021-04-15 12:00:00,32754.55,33007.27,33093.0,32754.55,14906411.0
MDAX,DE0008467416,Deutschland,323547,EUR,2021-04-16 12:00:00,33056.34,33263.21,33350.2,33038.33,11948045.0
MDAX,DE0008467416,Deutschland,323547,EUR,2021-04-19 12:00:00,33351.57,33098.46,33410.91,33098.46,12071874.0
MDAX,DE0008467416,Deutschland,323547,EUR,2021-04-20 12:00:00,33078.8,32540.15,33186.22,32488.92,17654289.0
MDAX,DE0008467416,Deutschland,323547,EUR,2021-04-21 12:00:00,32596.52,32545.76,32715.37,32234.5,13680475.0
MDAX,DE0008467416,Deutschland,323547,EUR,2021-04-22 12:00:00,32663.8,32872.95,32881.23,32618.47,11019072.0
MDAX,DE0008467416,Deutschland,323547,EUR,2021-04-23 12:00:00,32816.17,32772.46,32816.17,32600.05,10301808.0
MDAX,DE0008467416,Deutschland,323547,EUR,2021-04-26 12:00:00,32837.02,33038.0,33040.79,32807.01,17670781.0
MDAX,DE0008467416,Deutschland,323547,EUR,2021-04-27 12:00:00,33054.13,33057.41,33079.76,32945.37,18608619.0
MDAX,DE0008467416,Deutschland,323547,EUR,2021-04-28 12:00:00,33106.46,32971.86,33181.91,32926.25,17486795.0
MDAX,DE0008467416,Deutschland,323547,EUR,2021-04-29 12:00:00,33056.27,32756.06,33238.57,32641.85,16798782.0
MDAX,DE0008467416,Deutschland,323547,EUR,2021-04-30 12:00:00,32819.72,32704.67,32882.68,32679.23,13713846.0
MDAX,DE0008467416,Deutschland,323547,EUR,2021-05-03 12:00:00,32784.02,32913.32,32967.51,32640.34,12928061.0
MDAX,DE0008467416,Deutschland,323547,EUR,2021-05-04 12:00:00,32946.82,32042.37,32976.23,32028.74,20557060.0
MDAX,DE0008467416,Deutschland,323547,EUR,2021-05-05 12:00:00,32198.55,32536.74,32578.22,32170.13,17959761.0
MDAX,DE0008467416,Deutschland,323547,EUR,2021-05-06 12:00:00,32563.3,32300.37,32663.32,32162.68,17315576.0
MDAX,DE0008467416,Deutschland,323547,EUR,2021-05-07 12:00:00,32437.51,32665.02,32665.75,32376.22,16553044.0
MDAX,DE0008467416,Deutschland,323547,EUR,2021-05-10 12:00:00,32715.69,32451.44,32716.49,32403.58,15815918.0
MDAX,DE0008467416,Deutschland,323547,EUR,2021-05-11 12:00:00,32269.63,31782.74,32273.29,31403.82,23829476.0
MDAX,DE0008467416,Deutschland,323547,EUR,2021-05-12 12:00:00,31875.0,31638.68,31994.95,31635.31,23536261.0
MDAX,DE0008467416,Deutschland,323547,EUR,2021-05-13 12:00:00,31423.22,31695.57,31828.97,31038.62,14967366.0
MDAX,DE0008467416,Deutschland,323547,EUR,2021-05-14 12:00:00,31875.26,32141.17,32145.51,31738.86,19338309.0
MDAX,DE0008467416,Deutschland,323547,EUR,2021-05-17 12:00:00,32240.91,32124.23,32388.86,32066.01,13368741.0
MDAX,DE0008467416,Deutschland,323547,EUR,2021-05-18 12:00:00,32302.64,32282.62,32389.04,32166.88,15927298.0
MDAX,DE0008467416,Deutschland,323547,EUR,2021-05-19 12:00:00,32114.06,31899.33,32114.06,31588.14,17938827.0
MDAX,DE0008467416,Deutschland,323547,EUR,2021-05-20 12:00:00,32028.02,32344.72,32344.88,31882.46,13052282.0
MDAX,DE0008467416,Deutschland,323547,EUR,2021-05-21 12:00:00,32383.92,32416.71,32529.72,32324.15,14858492.0
MDAX,DE0008467416,Deutschland,323547,EUR,2021-05-25 12:00:00,32566.37,32711.86,32850.46,32566.37,33326588.0
MDAX,DE0008467416,Deutschland,323547,EUR,2021-05-26 12:00:00,32779.36,32780.36,32950.83,32746.93,14732321.0
MDAX,DE0008467416,Deutschland,323547,EUR,2021-05-27 12:00:00,32744.6,33008.81,33092.07,32705.06,23073968.0
MDAX,DE0008467416,Deutschland,323547,EUR,2021-05-28 12:00:00,33108.03,33307.7,33394.38,33069.92,14079805.0
MDAX,DE0008467416,Deutschland,323547,EUR,2021-05-31 12:00:00,33333.62,33191.85,33354.38,33190.91,9844127.0
MDAX,DE0008467416,Deutschland,323547,EUR,2021-06-01 12:00:00,33284.05,33559.15,33681.36,33284.05,17587473.0
MDAX,DE0008467416,Deutschland,323547,EUR,2021-06-02 12:00:00,33592.43,33480.31,33707.24,33437.17,18568492.0
MDAX,DE0008467416,Deutschland,323547,EUR,2021-06-03 12:00:00,33492.03,33465.38,33496.23,33270.55,16417384.0
MDAX,DE0008467416,Deutschland,323547,EUR,2021-06-04 12:00:00,33503.22,33689.65,33717.77,33440.67,12636140.0
MDAX,DE0008467416,Deutschland,323547,EUR,2021-06-07 12:00:00,33705.42,33924.84,33992.2,33528.21,11705972.0
MDAX,DE0008467416,Deutschland,323547,EUR,2021-06-08 12:00:00,33952.3,33782.97,33999.81,33782.97,15202940.0
MDAX,DE0008467416,Deutschland,323547,EUR,2021-06-09 12:00:00,33817.16,33804.48,33859.24,33726.09,16628806.0
MDAX,DE0008467416,Deutschland,323547,EUR,2021-06-10 12:00:00,33857.86,33771.27,33871.31,33611.67,13115836.0
MDAX,DE0008467416,Deutschland,323547,EUR,2021-06-11 12:00:00,33790.72,34017.59,34062.63,33768.47,12055531.0
MDAX,DE0008467416,Deutschland,323547,EUR,2021-06-14 12:00:00,34086.06,34176.62,34263.27,34086.06,11631723.0
MDAX,DE0008467416,Deutschland,323547,EUR,2021-06-15 12:00:00,34272.48,34134.02,34346.02,34129.82,17173129.0
MDAX,DE0008467416,Deutschland,323547,EUR,2021-06-16 12:00:00,34208.9,34232.74,34291.27,34085.53,16425880.0
MDAX,DE0008467416,Deutschland,323547,EUR,2021-06-17 12:00:00,34111.78,34222.69,34222.69,34025.05,13143611.0
MDAX,DE0008467416,Deutschland,323547,EUR,2021-06-18 12:00:00,34233.92,34022.52,34388.62,33978.29,22980574.0
MDAX,DE0008467416,Deutschland,323547,EUR,2021-06-21 12:00:00,33884.0,34198.71,34207.58,33753.31,12509571.0
MDAX,DE0008467416,Deutschland,323547,EUR,2021-06-22 12:00:00,34214.04,34234.59,34295.05,34115.15,10672864.0
MDAX,DE0008467416,Deutschland,323547,EUR,2021-06-23 12:00:00,34281.55,33899.81,34306.87,33899.81,12151638.0
MDAX,DE0008467416,Deutschland,323547,EUR,2021-06-24 12:00:00,34030.51,34343.84,34417.43,33992.06,14803030.0
MDAX,DE0008467416,Deutschland,323547,EUR,2021-06-25 12:00:00,34417.98,34470.05,34491.55,34358.06,11045018.0
MDAX,DE0008467416,Deutschland,323547,EUR,2021-06-28 12:00:00,34447.69,34276.27,34503.37,34276.27,14440843.0
MDAX,DE0008467416,Deutschland,323547,EUR,2021-06-29 12:00:00,34288.58,34295.85,34499.44,34269.3,20602225.0
MDAX,DE0008467416,Deutschland,323547,EUR,2021-06-30 12:00:00,34284.75,34049.86,34366.93,33815.91,16854227.0
MDAX,DE0008467416,Deutschland,323547,EUR,2021-07-01 12:00:00,34202.07,34254.5,34352.78,34008.9,11951841.0
MDAX,DE0008467416,Deutschland,323547,EUR,2021-07-02 12:00:00,34328.89,34462.97,34489.59,34254.65,10256457.0
MDAX,DE0008467416,Deutschland,323547,EUR,2021-07-05 12:00:00,34433.84,34534.42,34586.13,34362.06,10002954.0
MDAX,DE0008467416,Deutschland,323547,EUR,2021-07-06 12:00:00,34521.46,34544.16,34726.55,34438.4,11547706.0
MDAX,DE0008467416,Deutschland,323547,EUR,2021-07-07 12:00:00,34623.33,34799.17,34888.72,34550.54,10316513.0
MDAX,DE0008467416,Deutschland,323547,EUR,2021-07-08 12:00:00,34716.62,34352.34,34729.31,34118.02,14522000.0
MDAX,DE0008467416,Deutschland,323547,EUR,2021-07-09 12:00:00,34446.6,34777.59,34785.16,34399.22,13775677.0
MDAX,DE0008467416,Deutschland,323547,EUR,2021-07-12 12:00:00,34827.27,34957.22,35083.46,34722.31,11818092.0
MDAX,DE0008467416,Deutschland,323547,EUR,2021-07-13 12:00:00,34954.44,34920.6,34965.11,34761.42,13120685.0
MDAX,DE0008467416,Deutschland,323547,EUR,2021-07-14 12:00:00,34848.86,34775.51,34873.4,34680.55,19153015.0
MDAX,DE0008467416,Deutschland,323547,EUR,2021-07-15 12:00:00,34695.65,34533.42,34695.65,34433.41,15327249.0
MDAX,DE0008467416,Deutschland,323547,EUR,2021-07-16 12:00:00,34590.09,34450.21,34662.44,34330.83,17498646.0
MDAX,DE0008467416,Deutschland,323547,EUR,2021-07-19 12:00:00,34333.15,33875.24,34333.15,33647.46,19120178.0
MDAX,DE0008467416,Deutschland,323547,EUR,2021-07-20 12:00:00,33961.49,33950.9,34125.94,33792.38,12345517.0
MDAX,DE0008467416,Deutschland,323547,EUR,2021-07-21 12:00:00,34072.52,34503.48,34535.38,34072.12,13496564.0
MDAX,DE0008467416,Deutschland,323547,EUR,2021-07-22 12:00:00,34612.68,34843.97,34970.44,34612.68,11614056.0
MDAX,DE0008467416,Deutschland,323547,EUR,2021-07-23 12:00:00,34938.17,35163.22,35266.09,34938.17,13044065.0
MDAX,DE0008467416,Deutschland,323547,EUR,2021-07-26 12:00:00,35089.17,35088.55,35173.25,35013.04,10184991.0
MDAX,DE0008467416,Deutschland,323547,EUR,2021-07-27 12:00:00,35012.17,34931.25,35069.5,34724.43,11647906.0
MDAX,DE0008467416,Deutschland,323547,EUR,2021-07-28 12:00:00,34963.78,35200.7,35202.91,34944.63,11774146.0
MDAX,DE0008467416,Deutschland,323547,EUR,2021-07-29 12:00:00,35252.87,35272.92,35443.32,35199.18,12408891.0
MDAX,DE0008467416,Deutschland,323547,EUR,2021-07-30 12:00:00,35138.13,35146.91,35256.46,34808.89,11668730.0
MDAX,DE0008467416,Deutschland,323547,EUR,2021-08-02 12:00:00,35304.21,35384.24,35412.12,35166.97,9650118.0
MDAX,DE0008467416,Deutschland,323547,EUR,2021-08-03 12:00:00,35381.28,35299.4,35449.98,35238.9,9105866.0
MDAX,DE0008467416,Deutschland,323547,EUR,2021-08-04 12:00:00,35426.45,35485.55,35594.13,35379.62,10777305.0
MDAX,DE0008467416,Deutschland,323547,EUR,2021-08-05 12:00:00,35428.49,35727.02,35734.16,35200.06,14118998.0
MDAX,DE0008467416,Deutschland,323547,EUR,2021-08-06 12:00:00,35735.12,35566.41,35775.02,35533.84,10766066.0
MDAX,DE0008467416,Deutschland,323547,EUR,2021-08-09 12:00:00,35581.53,35606.69,35687.62,35551.63,8237295.0
MDAX,DE0008467416,Deutschland,323547,EUR,2021-08-10 12:00:00,35658.75,35850.13,35953.55,35623.5,9748401.0
MDAX,DE0008467416,Deutschland,323547,EUR,2021-08-11 12:00:00,35897.67,35760.31,35920.62,35662.43,10553869.0
MDAX,DE0008467416,Deutschland,323547,EUR,2021-08-12 12:00:00,35728.9,35804.49,35811.17,35570.74,15349544.0
MDAX,DE0008467416,Deutschland,323547,EUR,2021-08-13 12:00:00,35781.27,35918.4,35947.61,35726.64,11135910.0
MDAX,DE0008467416,Deutschland,323547,EUR,2021-08-16 12:00:00,35781.36,35722.83,35858.05,35611.5,9110161.0
MDAX,DE0008467416,Deutschland,323547,EUR,2021-08-17 12:00:00,35643.52,35732.96,35747.67,35542.73,10678686.0
MDAX,DE0008467416,Deutschland,323547,EUR,2021-08-18 12:00:00,35784.3,36010.94,36025.87,35783.64,9377210.0
MDAX,DE0008467416,Deutschland,323547,EUR,2021-08-19 12:00:00,35797.92,35608.9,35797.92,35332.24,12218641.0
MDAX,DE0008467416,Deutschland,323547,EUR,2021-08-20 12:00:00,35601.44,35662.35,35726.45,35332.74,8780628.0
MDAX,DE0008467416,Deutschland,323547,EUR,2021-08-23 12:00:00,35811.56,35947.57,35950.97,35760.95,8496957.0
MDAX,DE0008467416,Deutschland,323547,EUR,2021-08-24 12:00:00,36059.34,36139.85,36181.87,36059.34,10191324.0
MDAX,DE0008467416,Deutschland,323547,EUR,2021-08-25 12:00:00,36188.68,36115.59,36304.63,36115.59,10598926.0
MDAX,DE0008467416,Deutschland,323547,EUR,2021-08-26 12:00:00,35999.28,35954.62,36026.17,35826.52,7912657.0
MDAX,DE0008467416,Deutschland,323547,EUR,2021-08-27 12:00:00,35914.06,36127.19,36127.19,35828.41,9173536.0
MDAX,DE0008467416,Deutschland,323547,EUR,2021-08-30 12:00:00,36159.41,36268.87,36309.94,36159.41,5900475.0
MDAX,DE0008467416,Deutschland,323547,EUR,2021-08-31 12:00:00,36296.75,35952.74,36356.02,35839.65,12921616.0
MDAX,DE0008467416,Deutschland,323547,EUR,2021-09-01 12:00:00,36098.64,36183.03,36275.5,36010.54,10097524.0
MDAX,DE0008467416,Deutschland,323547,EUR,2021-09-02 12:00:00,36202.39,36275.62,36428.86,36202.39,8550981.0
MDAX,DE0008467416,Deutschland,323547,EUR,2021-09-03 12:00:00,36293.92,36056.41,36303.72,35855.4,9980899.0
MDAX,DE0008467416,Deutschland,323547,EUR,2021-09-06 12:00:00,36138.74,36215.73,36328.36,36138.74,7325077.0
MDAX,DE0008467416,Deutschland,323547,EUR,2021-09-07 12:00:00,36205.38,36255.87,36353.35,36183.56,9744947.0
MDAX,DE0008467416,Deutschland,323547,EUR,2021-09-08 12:00:00,36193.98,35944.05,36193.98,35917.79,10031855.0
MDAX,DE0008467416,Deutschland,323547,EUR,2021-09-09 12:00:00,35820.88,36120.53,36168.3,35737.42,12115259.0
MDAX,DE0008467416,Deutschland,323547,EUR,2021-09-10 12:00:00,36143.88,36092.12,36273.41,36080.79,12514943.0
MDAX,DE0008467416,Deutschland,323547,EUR,2021-09-13 12:00:00,36136.13,35798.68,36211.37,35782.36,10512434.0
MDAX,DE0008467416,Deutschland,323547,EUR,2021-09-14 12:00:00,35761.94,35871.75,35893.45,35663.44,12529234.0
MDAX,DE0008467416,Deutschland,323547,EUR,2021-09-15 12:00:00,35873.72,35449.1,35897.15,35449.1,14378733.0
MDAX,DE0008467416,Deutschland,323547,EUR,2021-09-16 12:00:00,35497.17,35557.88,35576.05,35409.44,12924030.0
MDAX,DE0008467416,Deutschland,323547,EUR,2021-09-17 12:00:00,35679.15,35292.99,35889.93,35292.99,49345265.0
MDAX,DE0008467416,Deutschland,323547,EUR,2021-09-20 12:00:00,34937.86,34799.59,34937.86,34510.9,18641051.0
MDAX,DE0008467416,Deutschland,323547,EUR,2021-09-21 12:00:00,34854.63,34985.21,35215.04,34853.32,12126528.0
MDAX,DE0008467416,Deutschland,323547,EUR,2021-09-22 12:00:00,35128.02,35206.43,35232.7,35034.53,10250603.0
MDAX,DE0008467416,Deutschland,323547,EUR,2021-09-23 12:00:00,35412.14,35483.49,35645.08,35412.14,11936704.0
MDAX,DE0008467416,Deutschland,323547,EUR,2021-09-24 12:00:00,35434.01,35282.54,35434.01,35217.2,11218311.0
MDAX,DE0008467416,Deutschland,323547,EUR,2021-09-27 12:00:00,35465.09,35274.14,35654.24,35274.14,12905719.0
MDAX,DE0008467416,Deutschland,323547,EUR,2021-09-28 12:00:00,35210.28,34502.31,35210.28,34445.86,11752549.0
MDAX,DE0008467416,Deutschland,323547,EUR,2021-09-29 12:00:00,34650.08,34520.53,34940.89,34520.48,9033070.0
MDAX,DE0008467416,Deutschland,323547,EUR,2021-09-30 12:00:00,34661.0,34369.69,34828.17,34338.96,12262304.0
MDAX,DE0008467416,Deutschland,323547,EUR,2021-10-01 12:00:00,34080.36,34154.15,34354.96,33803.07,13066653.0
MDAX,DE0008467416,Deutschland,323547,EUR,2021-10-04 12:00:00,34078.6,33830.17,34185.87,33819.55,10397837.0
MDAX,DE0008467416,Deutschland,323547,EUR,2021-10-05 12:00:00,33825.52,34022.91,34051.12,33712.23,9450650.0
MDAX,DE0008467416,Deutschland,323547,EUR,2021-10-06 12:00:00,33870.1,33293.19,33870.1,33227.27,17686519.0
MDAX,DE0008467416,Deutschland,323547,EUR,2021-10-07 12:00:00,33423.56,33506.2,33617.03,33206.11,29350847.0
MDAX,DE0008467416,Deutschland,323547,EUR,2021-10-08 12:00:00,33506.88,33410.34,33604.39,33353.08,21830062.0
MDAX,DE0008467416,Deutschland,323547,EUR,2021-10-11 12:00:00,33375.15,33536.72,33538.85,33260.02,25996590.0
MDAX,DE0008467416,Deutschland,323547,EUR,2021-10-12 12:00:00,33275.62,33624.67,33629.35,33201.06,15977436.0
MDAX,DE0008467416,Deutschland,323547,EUR,2021-10-13 12:00:00,33607.28,33757.26,33855.61,33460.44,18328529.0
MDAX,DE0008467416,Deutschland,323547,EUR,2021-10-14 12:00:00,33916.01,34169.46,34187.34,33905.97,13952885.0
MDAX,DE0008467416,Deutschland,323547,EUR,2021-10-15 12:00:00,34281.04,34358.41,34364.01,34203.57,16530369.0
MDAX,DE0008467416,Deutschland,323547,EUR,2021-10-18 12:00:00,34291.88,34389.65,34403.46,34228.06,13517164.0
MDAX,DE0008467416,Deutschland,323547,EUR,2021-10-19 12:00:00,34471.82,34590.36,34614.0,34361.67,21083911.0
MDAX,DE0008467416,Deutschland,323547,EUR,2021-10-20 12:00:00,34512.06,34540.48,34660.82,34391.26,26394887.0
MDAX,DE0008467416,Deutschland,323547,EUR,2021-10-21 12:00:00,34385.06,34717.36,34751.56,34321.83,42706071.0
MDAX,DE0008467416,Deutschland,323547,EUR,2021-10-22 12:00:00,34753.27,34824.99,34966.84,34717.93,15351792.0
MDAX,DE0008467416,Deutschland,323547,EUR,2021-10-25 12:00:00,34889.69,34849.02,34895.3,34751.62,13469921.0
MDAX,DE0008467416,Deutschland,323547,EUR,2021-10-26 12:00:00,34877.59,35106.3,35222.98,34877.59,15759211.0
MDAX,DE0008467416,Deutschland,323547,EUR,2021-10-27 12:00:00,35047.91,35011.04,35198.61,34994.16,12039341.0
MDAX,DE0008467416,Deutschland,323547,EUR,2021-10-28 12:00:00,34960.67,35012.14,35026.22,34793.68,30799708.0
MDAX,DE0008467416,Deutschland,323547,EUR,2021-10-29 12:00:00,34859.05,34851.1,34970.23,34670.23,19944971.0
MDAX,DE0008467416,Deutschland,323547,EUR,2021-11-01 12:00:00,34984.94,35117.27,35229.85,34984.94,14765282.0
MDAX,DE0008467416,Deutschland,323547,EUR,2021-11-02 12:00:00,35089.16,35164.08,35292.33,35031.5,20787557.0
MDAX,DE0008467416,Deutschland,323547,EUR,2021-11-03 12:00:00,35156.26,35549.67,35549.73,35141.06,19883083.0
MDAX,DE0008467416,Deutschland,323547,EUR,2021-11-04 12:00:00,35710.02,35881.87,35956.27,35707.92,24059077.0
MDAX,DE0008467416,Deutschland,323547,EUR,2021-11-05 12:00:00,35833.86,35823.44,35973.37,35771.45,27399809.0
MDAX,DE0008467416,Deutschland,323547,EUR,2021-11-08 12:00:00,35841.8,36123.22,36139.48,35837.72,15361542.0
MDAX,DE0008467416,Deutschland,323547,EUR,2021-11-09 12:00:00,36100.85,36098.25,36234.39,36027.1,14848097.0
MDAX,DE0008467416,Deutschland,323547,EUR,2021-11-10 12:00:00,36117.92,35991.18,36173.24,35804.79,13920539.0
MDAX,DE0008467416,Deutschland,323547,EUR,2021-11-11 12:00:00,35966.64,35956.31,36002.12,35762.76,18275690.0
MDAX,DE0008467416,Deutschland,323547,EUR,2021-11-12 12:00:00,35898.1,35869.05,35908.6,35667.22,14884757.0
MDAX,DE0008467416,Deutschland,323547,EUR,2021-11-15 12:00:00,35838.86,36111.3,36121.27,35801.81,11179501.0
MDAX,DE0008467416,Deutschland,323547,EUR,2021-11-16 12:00:00,36147.99,36200.33,36304.12,36106.16,11926163.0
MDAX,DE0008467416,Deutschland,323547,EUR,2021-11-17 12:00:00,36202.74,36110.17,36327.23,36101.74,11699921.0
MDAX,DE0008467416,Deutschland,323547,EUR,2021-11-18 12:00:00,36099.98,35967.63,36224.68,35829.79,12004157.0
MDAX,DE0008467416,Deutschland,323547,EUR,2021-11-19 12:00:00,35985.17,35912.82,36085.03,35701.41,26347131.0
MDAX,DE0008467416,Deutschland,323547,EUR,2021-11-22 12:00:00,35952.91,35663.28,36007.43,35634.95,13398812.0
MDAX,DE0008467416,Deutschland,323547,EUR,2021-11-23 12:00:00,35489.94,35053.34,35489.94,35036.55,14071582.0
MDAX,DE0008467416,Deutschland,323547,EUR,2021-11-24 12:00:00,35069.73,34826.43,35080.18,34547.98,22875728.0
MDAX,DE0008467416,Deutschland,323547,EUR,2021-11-25 12:00:00,34869.14,35012.01,35070.85,34849.13,12452213.0
MDAX,DE0008467416,Deutschland,323547,EUR,2021-11-26 12:00:00,34263.7,33849.95,34374.33,33849.95,46733000.0
MDAX,DE0008467416,Deutschland,323547,EUR,2021-11-29 12:00:00,34026.88,34052.04,34276.14,33983.45,19982052.0
MDAX,DE0008467416,Deutschland,323547,EUR,2021-11-30 12:00:00,33894.76,33890.75,34295.52,33741.14,26723478.0
MDAX,DE0008467416,Deutschland,323547,EUR,2021-12-01 12:00:00,34048.49,34329.53,34398.73,33972.84,18057363.0
MDAX,DE0008467416,Deutschland,323547,EUR,2021-12-02 12:00:00,34138.66,33774.43,34144.34,33517.68,16369178.0
MDAX,DE0008467416,Deutschland,323547,EUR,2021-12-03 12:00:00,33929.97,33711.12,34097.18,33626.72,13056527.0
MDAX,DE0008467416,Deutschland,323547,EUR,2021-12-06 12:00:00,33862.62,33996.85,34046.58,33692.44,14390125.0
MDAX,DE0008467416,Deutschland,323547,EUR,2021-12-07 12:00:00,34193.16,34839.42,34875.99,34193.16,15415487.0
MDAX,DE0008467416,Deutschland,323547,EUR,2021-12-08 12:00:00,34788.44,34704.38,35008.2,34665.69,31059831.0
MDAX,DE0008467416,Deutschland,323547,EUR,2021-12-09 12:00:00,34780.0,34595.48,34853.97,34564.58,15774416.0
MDAX,DE0008467416,Deutschland,323547,EUR,2021-12-10 12:00:00,34487.3,34397.14,34542.23,34368.11,12171901.0
MDAX,DE0008467416,Deutschland,323547,EUR,2021-12-13 12:00:00,34466.59,34466.95,34715.54,34432.85,14058079.0
MDAX,DE0008467416,Deutschland,323547,EUR,2021-12-14 12:00:00,34502.26,34190.93,34603.5,34123.62,16158023.0
MDAX,DE0008467416,Deutschland,323547,EUR,2021-12-15 12:00:00,34213.31,34333.09,34516.8,34196.36,13344197.0
MDAX,DE0008467416,Deutschland,323547,EUR,2021-12-16 12:00:00,34614.69,34472.94,34863.69,34472.94,15753001.0
MDAX,DE0008467416,Deutschland,323547,EUR,2021-12-17 12:00:00,34404.01,34460.77,34544.73,34232.47,22422938.0
MDAX,DE0008467416,Deutschland,323547,EUR,2021-12-20 12:00:00,33921.79,34012.6,34084.74,33687.42,16000988.0
MDAX,DE0008467416,Deutschland,323547,EUR,2021-12-21 12:00:00,34211.29,34347.04,34433.86,34205.09,19134758.0
MDAX,DE0008467416,Deutschland,323547,EUR,2021-12-22 12:00:00,34362.29,34622.25,34622.25,34337.28,15836074.0
MDAX,DE0008467416,Deutschland,323547,EUR,2021-12-23 12:00:00,34680.59,34834.05,34857.11,34674.19,14923890.0
MDAX,DE0008467416,Deutschland,323547,EUR,2021-12-27 12:00:00,34808.01,35062.64,35091.19,34749.56,8594243.0
MDAX,DE0008467416,Deutschland,323547,EUR,2021-12-28 12:00:00,35091.0,35301.02,35365.27,35089.48,6996105.0
MDAX,DE0008467416,Deutschland,323547,EUR,2021-12-29 12:00:00,35274.21,35147.6,35324.92,35034.3,11133192.0
MDAX,DE0008467416,Deutschland,323547,EUR,2021-12-30 12:00:00,35130.88,35123.25,35196.47,35060.91,6032593.0
MDAX,DE0008467416,Deutschland,323547,EUR,2022-01-03 12:00:00,35282.65,35488.23,35601.27,35255.29,12707167.0
MDAX,DE0008467416,Deutschland,323547,EUR,2022-01-04 12:00:00,35620.2,35526.21,35710.74,35466.59,21259161.0
MDAX,DE0008467416,Deutschland,323547,EUR,2022-01-05 12:00:00,35531.38,35631.11,35708.94,35507.27,14984341.0
MDAX,DE0008467416,Deutschland,323547,EUR,2022-01-06 12:00:00,35248.76,35168.32,35312.67,34966.93,14453333.0
MDAX,DE0008467416,Deutschland,323547,EUR,2022-01-07 12:00:00,35113.92,34975.84,35182.51,34829.22,12046960.0
MDAX,DE0008467416,Deutschland,323547,EUR,2022-01-10 12:00:00,35062.53,34438.52,35106.82,34364.56,16971778.0
MDAX,DE0008467416,Deutschland,323547,EUR,2022-01-11 12:00:00,34552.83,34649.07,34757.64,34550.04,14886215.0
MDAX,DE0008467416,Deutschland,323547,EUR,2022-01-12 12:00:00,34846.55,34885.33,35030.58,34784.34,12611021.0
MDAX,DE0008467416,Deutschland,323547,EUR,2022-01-13 12:00:00,34825.96,34793.22,35050.3,34707.74,12495686.0
MDAX,DE0008467416,Deutschland,323547,EUR,2022-01-14 12:00:00,34647.12,34518.61,34731.59,34500.3,12440134.0
MDAX,DE0008467416,Deutschland,323547,EUR,2022-01-17 12:00:00,34607.78,34587.29,34718.86,34471.98,11519070.0
MDAX,DE0008467416,Deutschland,323547,EUR,2022-01-18 12:00:00,34517.65,34155.36,34517.65,33988.12,12901850.0
MDAX,DE0008467416,Deutschland,323547,EUR,2022-01-19 12:00:00,33958.25,34134.39,34356.63,33809.2,18042539.0
MDAX,DE0008467416,Deutschland,323547,EUR,2022-01-20 12:00:00,34183.44,34340.37,34346.93,34036.06,20415960.0
MDAX,DE0008467416,Deutschland,323547,EUR,2022-01-21 12:00:00,34060.57,33642.36,34060.57,33319.94,16896171.0
MDAX,DE0008467416,Deutschland,323547,EUR,2022-01-24 12:00:00,33543.06,32239.83,33543.06,31983.2,24711548.0
MDAX,DE0008467416,Deutschland,323547,EUR,2022-01-25 12:00:00,32433.44,32424.55,32562.17,32106.07,17032180.0
MDAX,DE0008467416,Deutschland,323547,EUR,2022-01-26 12:00:00,32610.04,33134.04,33312.26,32610.04,21198683.0
MDAX,DE0008467416,Deutschland,323547,EUR,2022-01-27 12:00:00,32790.99,33226.59,33343.15,32638.38,14041549.0
MDAX,DE0008467416,Deutschland,323547,EUR,2022-01-28 12:00:00,33174.81,33074.81,33175.83,32748.73,13721711.0
MDAX,DE0008467416,Deutschland,323547,EUR,2022-01-31 12:00:00,33284.11,33321.73,33481.49,33001.4,15824238.0
MDAX,DE0008467416,Deutschland,323547,EUR,2022-02-01 12:00:00,33505.44,33735.99,33821.52,33505.31,15398231.0
MDAX,DE0008467416,Deutschland,323547,EUR,2022-02-02 12:00:00,33856.12,34037.44,34329.32,33856.12,15068865.0
MDAX,DE0008467416,Deutschland,323547,EUR,2022-02-03 12:00:00,34021.55,33643.13,34072.83,33585.42,11991414.0
MDAX,DE0008467416,Deutschland,323547,EUR,2022-02-04 12:00:00,33791.47,33080.56,33859.77,33014.31,14897612.0
MDAX,DE0008467416,Deutschland,323547,EUR,2022-02-07 12:00:00,33223.84,33125.37,33339.02,32908.78,16190648.0
MDAX,DE0008467416,Deutschland,323547,EUR,2022-02-08 12:00:00,33127.32,33257.71,33365.33,33060.71,28201466.0
MDAX,DE0008467416,Deutschland,323547,EUR,2022-02-09 12:00:00,33421.36,33780.68,33949.86,33421.36,28479172.0
MDAX,DE0008467416,Deutschland,323547,EUR,2022-02-10 12:00:00,33821.81,33527.38,33986.47,33421.42,29362749.0
MDAX,DE0008467416,Deutschland,323547,EUR,2022-02-11 12:00:00,33322.02,33403.54,33568.29,33170.36,17403181.0
MDAX,DE0008467416,Deutschland,323547,EUR,2022-02-14 12:00:00,32746.72,32733.51,32791.25,32104.68,27121203.0
MDAX,DE0008467416,Deutschland,323547,EUR,2022-02-15 12:00:00,32646.0,33465.75,33531.64,32594.68,21356818.0
MDAX,DE0008467416,Deutschland,323547,EUR,2022-02-16 12:00:00,33583.56,33532.54,33786.51,33409.67,22450842.0
MDAX,DE0008467416,Deutschland,323547,EUR,2022-02-17 12:00:00,33567.04,33389.03,33753.65,33292.72,23843656.0
MDAX,DE0008467416,Deutschland,323547,EUR,2022-02-18 12:00:00,33365.54,32972.66,33527.74,32914.02,17119427.0
MDAX,DE0008467416,Deutschland,323547,EUR,2022-02-21 12:00:00,33092.94,32331.24,33219.12,32142.68,19948625.0
MDAX,DE0008467416,Deutschland,323547,EUR,2022-02-22 12:00:00,31650.69,32191.64,32448.0,31420.62,24878789.0
MDAX,DE0008467416,Deutschland,323547,EUR,2022-02-23 12:00:00,32262.95,31887.11,32623.67,31841.68,19424279.0
MDAX,DE0008467416,Deutschland,323547,EUR,2022-02-24 12:00:00,31003.42,30663.58,31278.56,30240.11,37333087.0
MDAX,DE0008467416,Deutschland,323547,EUR,2022-02-25 12:00:00,30960.38,31800.31,31868.18,30815.71,28193745.0
MDAX,DE0008467416,Deutschland,323547,EUR,2022-02-28 12:00:00,31863.59,31873.35,31928.22,31447.48,29937731.0
MDAX,DE0008467416,Deutschland,323547,EUR,2022-03-01 12:00:00,31862.39,30984.63,31975.97,30984.63,29643397.0
MDAX,DE0008467416,Deutschland,323547,EUR,2022-03-02 12:00:00,30866.7,31100.36,31285.28,30455.97,33490521.0
MDAX,DE0008467416,Deutschland,323547,EUR,2022-03-03 12:00:00,31104.59,30332.88,31373.56,30319.33,24198000.0
MDAX,DE0008467416,Deutschland,323547,EUR,2022-03-04 12:00:00,30086.13,28858.53,30110.67,28857.61,32945584.0
MDAX,DE0008467416,Deutschland,323547,EUR,2022-03-07 12:00:00,28244.68,28342.73,28973.73,27386.56,49450175.0
MDAX,DE0008467416,Deutschland,323547,EUR,2022-03-08 12:00:00,28193.84,28170.96,29048.12,28010.39,31509550.0
MDAX,DE0008467416,Deutschland,323547,EUR,2022-03-09 12:00:00,28752.89,30043.97,30043.97,28752.89,36525406.0
MDAX,DE0008467416,Deutschland,323547,EUR,2022-03-10 12:00:00,30120.3,29465.89,30173.85,29339.28,28533095.0
MDAX,DE0008467416,Deutschland,323547,EUR,2022-03-11 12:00:00,29540.01,29960.19,30510.75,29384.25,26960782.0
MDAX,DE0008467416,Deutschland,323547,EUR,2022-03-14 12:00:00,30275.16,30526.31,30732.25,30259.66,18881123.0
MDAX,DE0008467416,Deutschland,323547,EUR,2022-03-15 12:00:00,30366.53,30354.02,30525.24,29901.75,16863680.0
MDAX,DE0008467416,Deutschland,323547,EUR,2022-03-16 12:00:00,30707.64,31368.05,31565.4,30707.64,23188235.0
MDAX,DE0008467416,Deutschland,323547,EUR,2022-03-17 12:00:00,31514.87,31472.57,31673.32,31205.47,16333390.0
MDAX,DE0008467416,Deutschland,323547,EUR,2022-03-18 12:00:00,31485.16,31605.71,31672.89,31096.51,27810292.0
MDAX,DE0008467416,Deutschland,323547,EUR,2022-03-21 12:00:00,31616.27,31681.67,31752.83,31506.2,14540208.0
MDAX,DE0008467416,Deutschland,323547,EUR,2022-03-22 12:00:00,31722.83,31914.54,31990.39,31722.18,12117301.0
MDAX,DE0008467416,Deutschland,323547,EUR,2022-03-23 12:00:00,32008.07,31541.85,32104.73,31505.67,12816529.0
MDAX,DE0008467416,Deutschland,323547,EUR,2022-03-24 12:00:00,31529.5,31346.83,31622.33,31312.51,13660127.0
MDAX,DE0008467416,Deutschland,323547,EUR,2022-03-25 12:00:00,31378.71,31171.51,31430.81,31065.75,12766078.0
MDAX,DE0008467416,Deutschland,323547,EUR,2022-03-28 12:00:00,31309.67,31236.34,31650.18,31199.67,13712002.0
MDAX,DE0008467416,Deutschland,323547,EUR,2022-03-29 12:00:00,31396.22,31862.16,31893.28,31396.22,18688019.0
MDAX,DE0008467416,Deutschland,323547,EUR,2022-03-30 12:00:00,31813.64,31519.15,31813.64,31313.82,17686698.0
MDAX,DE0008467416,Deutschland,323547,EUR,2022-03-31 12:00:00,31678.35,31011.71,31817.0,31011.71,12343912.0
MDAX,DE0008467416,Deutschland,323547,EUR,2022-04-01 12:00:00,31089.65,31192.63,31301.93,30947.37,10114139.0
MDAX,DE0008467416,Deutschland,323547,EUR,2022-04-04 12:00:00,31334.79,31544.58,31563.41,31163.77,10651029.0
MDAX,DE0008467416,Deutschland,323547,EUR,2022-04-05 12:00:00,31514.44,31553.88,31777.35,31418.92,15488857.0
MDAX,DE0008467416,Deutschland,323547,EUR,2022-04-06 12:00:00,31535.94,30619.22,31559.28,30478.57,17759783.0
MDAX,DE0008467416,Deutschland,323547,EUR,2022-04-07 12:00:00,30703.87,30394.56,30845.1,30362.83,14108994.0
MDAX,DE0008467416,Deutschland,323547,EUR,2022-04-08 12:00:00,30640.91,30830.64,31110.08,30640.91,11439660.0
MDAX,DE0008467416,Deutschland,323547,EUR,2022-04-11 12:00:00,30705.24,30571.68,30849.45,30466.68,14488440.0
MDAX,DE0008467416,Deutschland,323547,EUR,2022-04-12 12:00:00,30287.75,30405.11,30518.64,30056.08,18268170.0
MDAX,DE0008467416,Deutschland,323547,EUR,2022-04-13 12:00:00,30349.89,30405.74,30421.99,30173.57,10602910.0
MDAX,DE0008467416,Deutschland,323547,EUR,2022-04-14 12:00:00,30495.83,30669.35,30720.54,30362.68,17085361.0
MDAX,DE0008467416,Deutschland,323547,EUR,2022-04-19 12:00:00,30648.65,30724.08,30817.82,30371.45,11909766.0
MDAX,DE0008467416,Deutschland,323547,EUR,2022-04-20 12:00:00,30751.69,31103.3,31185.89,30632.06,11971390.0
MDAX,DE0008467416,Deutschland,323547,EUR,2022-04-21 12:00:00,31145.12,31443.36,31664.17,31140.2,19158835.0
MDAX,DE0008467416,Deutschland,323547,EUR,2022-04-22 12:00:00,31147.69,30800.16,31233.2,30800.16,14321597.0
MDAX,DE0008467416,Deutschland,323547,EUR,2022-04-25 12:00:00,30520.09,30241.21,30634.16,30232.78,14523994.0
MDAX,DE0008467416,Deutschland,323547,EUR,2022-04-26 12:00:00,30495.16,29726.89,30535.88,29726.89,13359227.0
MDAX,DE0008467416,Deutschland,323547,EUR,2022-04-27 12:00:00,29686.53,29816.32,29940.34,29413.46,13026104.0
MDAX,DE0008467416,Deutschland,323547,EUR,2022-04-28 12:00:00,30044.03,30077.24,30294.64,29848.48,10777034.0
MDAX,DE0008467416,Deutschland,323547,EUR,2022-04-29 12:00:00,30224.05,30093.06,30452.74,30084.67,12228907.0
MDAX,DE0008467416,Deutschland,323547,EUR,2022-05-02 12:00:00,29930.63,29521.41,29974.42,28819.59,10787832.0
MDAX,DE0008467416,Deutschland,323547,EUR,2022-05-03 12:00:00,29627.23,29932.77,29958.66,29589.11,13441533.0
MDAX,DE0008467416,Deutschland,323547,EUR,2022-05-04 12:00:00,29996.13,29696.37,30002.18,29607.44,13311102.0
MDAX,DE0008467416,Deutschland,323547,EUR,2022-05-05 12:00:00,30056.54,29374.37,30255.53,29314.13,17583722.0
MDAX,DE0008467416,Deutschland,323547,EUR,2022-05-06 12:00:00,29269.59,28765.55,29271.34,28501.93,18073407.0
MDAX,DE0008467416,Deutschland,323547,EUR,2022-05-09 12:00:00,28628.81,27815.44,28695.56,27815.44,17577447.0
MDAX,DE0008467416,Deutschland,323547,EUR,2022-05-10 12:00:00,28028.66,28026.96,28379.61,27919.98,15622653.0
MDAX,DE0008467416,Deutschland,323547,EUR,2022-05-11 12:00:00,28119.23,28613.42,28680.78,28028.71,17231897.0
MDAX,DE0008467416,Deutschland,323547,EUR,2022-05-12 12:00:00,28205.39,28180.3,28313.88,27640.11,16564524.0
MDAX,DE0008467416,Deutschland,323547,EUR,2022-05-13 12:00:00,28369.94,28820.82,28833.52,28369.94,16668745.0
MDAX,DE0008467416,Deutschland,323547,EUR,2022-05-16 12:00:00,28817.01,28931.9,29096.79,28739.99,10850174.0
MDAX,DE0008467416,Deutschland,323547,EUR,2022-05-17 12:00:00,29165.12,29370.5,29512.15,29108.5,11371465.0
MDAX,DE0008467416,Deutschland,323547,EUR,2022-05-18 12:00:00,29437.94,29101.48,29546.0,29080.01,36171762.0
MDAX,DE0008467416,Deutschland,323547,EUR,2022-05-19 12:00:00,28855.04,29034.11,29035.0,28526.31,22886614.0
MDAX,DE0008467416,Deutschland,323547,EUR,2022-05-20 12:00:00,29217.16,29199.95,29640.47,29156.16,24329699.0
MDAX,DE0008467416,Deutschland,323547,EUR,2022-05-23 12:00:00,29529.5,29452.52,29679.04,29202.51,24303266.0
MDAX,DE0008467416,Deutschland,323547,EUR,2022-05-24 12:00:00,29252.62,28894.33,29360.81,28880.94,26334203.0
MDAX,DE0008467416,Deutschland,323547,EUR,2022-05-25 12:00:00,29017.4,29108.44,29155.54,28783.03,20918966.0
MDAX,DE0008467416,Deutschland,323547,EUR,2022-05-26 12:00:00,29131.64,29430.27,29456.85,29121.83,14703741.0
MDAX,DE0008467416,Deutschland,323547,EUR,2022-05-27 12:00:00,29504.67,29749.55,29761.63,29428.72,17312307.0
MDAX,DE0008467416,Deutschland,323547,EUR,2022-05-30 12:00:00,29930.44,30188.02,30263.68,29930.44,18250575.0
MDAX,DE0008467416,Deutschland,323547,EUR,2022-05-31 12:00:00,30171.56,29913.5,30204.14,29910.26,27664295.0
MDAX,DE0008467416,Deutschland,323547,EUR,2022-06-01 12:00:00,30076.47,29750.33,30160.29,29726.69,16454663.0
MDAX,DE0008467416,Deutschland,323547,EUR,2022-06-02 12:00:00,29864.64,30234.24,30237.88,29851.56,11215582.0
MDAX,DE0008467416,Deutschland,323547,EUR,2022-06-03 12:00:00,30382.65,30224.18,30479.26,30181.94,9261279.0
MDAX,DE0008467416,Deutschland,323547,EUR,2022-06-06 12:00:00,30402.18,30542.38,30629.86,30343.83,8755196.0
MDAX,DE0008467416,Deutschland,323547,EUR,2022-06-07 12:00:00,30397.2,30391.58,30428.11,30185.36,13430238.0
MDAX,DE0008467416,Deutschland,323547,EUR,2022-06-08 12:00:00,30449.68,30178.64,30510.51,30062.27,13128208.0
MDAX,DE0008467416,Deutschland,323547,EUR,2022-06-09 12:00:00,30070.86,29649.89,30201.79,29644.98,14505760.0
MDAX,DE0008467416,Deutschland,323547,EUR,2022-06-10 12:00:00,29530.56,28768.98,29530.56,28759.56,21161696.0
MDAX,DE0008467416,Deutschland,323547,EUR,2022-06-13 12:00:00,28443.32,27742.35,28543.65,27631.95,28256125.0
MDAX,DE0008467416,Deutschland,323547,EUR,2022-06-14 12:00:00,27932.0,27340.96,28110.11,27340.96,21215654.0
MDAX,DE0008467416,Deutschland,323547,EUR,2022-06-15 12:00:00,27543.72,27784.27,27873.42,27503.13,21652782.0
MDAX,DE0008467416,Deutschland,323547,EUR,2022-06-16 12:00:00,27745.78,26735.77,27746.48,26606.48,25704414.0
MDAX,DE0008467416,Deutschland,323547,EUR,2022-06-17 12:00:00,26788.94,27061.74,27295.23,26698.14,30052038.0
MDAX,DE0008467416,Deutschland,323547,EUR,2022-06-20 12:00:00,27161.05,27483.21,27483.57,26930.75,16981254.0
MDAX,DE0008467416,Deutschland,323547,EUR,2022-06-21 12:00:00,27582.32,27512.54,27894.68,27440.3,16263229.0
MDAX,DE0008467416,Deutschland,323547,EUR,2022-06-22 12:00:00,27266.62,27246.16,27432.3,26712.27,16921276.0
MDAX,DE0008467416,Deutschland,323547,EUR,2022-06-23 12:00:00,27139.2,26499.68,27140.0,26386.52,13933942.0
MDAX,DE0008467416,Deutschland,323547,EUR,2022-06-24 12:00:00,26556.54,26952.04,27002.73,26392.43,27232496.0
MDAX,DE0008467416,Deutschland,323547,EUR,2022-06-27 12:00:00,27062.81,27153.44,27511.96,26990.89,13245663.0
MDAX,DE0008467416,Deutschland,323547,EUR,2022-06-28 12:00:00,27307.52,27119.15,27586.59,27119.15,14559082.0
MDAX,DE0008467416,Deutschland,323547,EUR,2022-06-29 12:00:00,26887.91,26380.85,26887.91,26239.56,24697372.0
MDAX,DE0008467416,Deutschland,323547,EUR,2022-06-30 12:00:00,26100.72,25823.45,26100.72,25411.8,25884860.0
MDAX,DE0008467416,Deutschland,323547,EUR,2022-07-01 12:00:00,25707.12,25837.25,26005.24,25491.02,15991416.0
MDAX,DE0008467416,Deutschland,323547,EUR,2022-07-04 12:00:00,26006.08,25505.48,26082.61,25489.21,14360242.0
MDAX,DE0008467416,Deutschland,323547,EUR,2022-07-05 12:00:00,25669.29,24635.0,25735.26,24515.48,27376945.0
MDAX,DE0008467416,Deutschland,323547,EUR,2022-07-06 12:00:00,24783.45,24979.41,25124.95,24783.45,16800924.0
MDAX,DE0008467416,Deutschland,323547,EUR,2022-07-07 12:00:00,25167.97,25861.25,25862.57,25167.97,19321795.0
MDAX,DE0008467416,Deutschland,323547,EUR,2022-07-08 12:00:00,25806.93,26300.66,26329.49,25614.26,22289806.0
MDAX,DE0008467416,Deutschland,323547,EUR,2022-07-11 12:00:00,25883.96,25695.53,26157.0,25623.55,15108782.0
MDAX,DE0008467416,Deutschland,323547,EUR,2022-07-12 12:00:00,25544.56,25755.18,25805.52,25233.49,19534264.0
MDAX,DE0008467416,Deutschland,323547,EUR,2022-07-13 12:00:00,25675.12,25503.28,25734.47,25136.65,16045328.0
MDAX,DE0008467416,Deutschland,323547,EUR,2022-07-14 12:00:00,25422.22,25005.51,25585.28,24844.12,17638334.0
MDAX,DE0008467416,Deutschland,323547,EUR,2022-07-15 12:00:00,25095.68,25557.64,25590.7,25017.58,16990989.0
MDAX,DE0008467416,Deutschland,323547,EUR,2022-07-18 12:00:00,25697.46,25921.23,26035.04,25697.46,13784697.0
MDAX,DE0008467416,Deutschland,323547,EUR,2022-07-19 12:00:00,25739.33,26515.53,26580.57,25603.79,16766670.0
MDAX,DE0008467416,Deutschland,323547,EUR,2022-07-20 12:00:00,26653.82,26696.42,26868.88,26427.02,17102434.0
MDAX,DE0008467416,Deutschland,323547,EUR,2022-07-21 12:00:00,26671.35,26656.25,26825.0,26366.34,15798650.0
MDAX,DE0008467416,Deutschland,323547,EUR,2022-07-22 12:00:00,26602.79,26776.39,27070.33,26502.82,18799839.0
MDAX,DE0008467416,Deutschland,323547,EUR,2022-07-25 12:00:00,26660.53,26632.66,26855.7,26541.21,13956024.0
MDAX,DE0008467416,Deutschland,323547,EUR,2022-07-26 12:00:00,26609.13,26063.03,26630.34,26056.91,13077554.0
MDAX,DE0008467416,Deutschland,323547,EUR,2022-07-27 12:00:00,26141.36,26491.91,26530.89,26054.17,12901445.0
MDAX,DE0008467416,Deutschland,323547,EUR,2022-07-28 12:00:00,26631.97,26824.51,26892.37,26580.43,11887877.0
MDAX,DE0008467416,Deutschland,323547,EUR,2022-07-29 12:00:00,26962.4,27364.57,27499.74,26961.3,18333487.0
MDAX,DE0008467416,Deutschland,323547,EUR,2022-08-01 12:00:00,27389.96,27427.93,27590.07,27292.12,11268005.0
MDAX,DE0008467416,Deutschland,323547,EUR,2022-08-02 12:00:00,27373.34,27380.11,27453.0,27095.84,12882093.0
MDAX,DE0008467416,Deutschland,323547,EUR,2022-08-03 12:00:00,27423.07,27806.12,27838.96,27337.06,13922976.0
MDAX,DE0008467416,Deutschland,323547,EUR,2022-08-04 12:00:00,27896.96,28162.23,28350.4,27851.46,16183868.0
MDAX,DE0008467416,Deutschland,323547,EUR,2022-08-05 12:00:00,28183.02,27772.58,28242.9,27708.09,12290497.0
MDAX,DE0008467416,Deutschland,323547,EUR,2022-08-08 12:00:00,27908.26,27851.67,28112.9,27757.64,12553733.0
MDAX,DE0008467416,Deutschland,323547,EUR,2022-08-09 12:00:00,27813.66,27270.82,27845.12,27236.63,12256023.0
MDAX,DE0008467416,Deutschland,323547,EUR,2022-08-10 12:00:00,27188.45,27818.28,27872.9,26886.18,19072108.0
MDAX,DE0008467416,Deutschland,323547,EUR,2022-08-11 12:00:00,27957.81,27896.16,28079.92,27783.43,16124133.0
MDAX,DE0008467416,Deutschland,323547,EUR,2022-08-12 12:00:00,27888.29,27907.48,28014.84,27793.24,14596256.0
MDAX,DE0008467416,Deutschland,323547,EUR,2022-08-15 12:00:00,28004.98,27908.14,28044.79,27804.87,11785759.0
MDAX,DE0008467416,Deutschland,323547,EUR,2022-08-16 12:00:00,27971.6,28108.38,28292.3,27903.51,10997303.0
MDAX,DE0008467416,Deutschland,323547,EUR,2022-08-17 12:00:00,28147.94,27543.16,28201.83,27543.16,16801590.0
MDAX,DE0008467416,Deutschland,323547,EUR,2022-08-18 12:00:00,27533.07,27529.91,27740.27,27450.52,11663080.0
MDAX,DE0008467416,Deutschland,323547,EUR,2022-08-19 12:00:00,27434.98,26984.97,27437.03,26952.28,18082376.0
MDAX,DE0008467416,Deutschland,323547,EUR,2022-08-22 12:00:00,26824.4,26009.69,26907.39,25999.73,16990133.0
MDAX,DE0008467416,Deutschland,323547,EUR,2022-08-23 12:00:00,25924.48,25964.56,26214.51,25859.91,12694761.0
MDAX,DE0008467416,Deutschland,323547,EUR,2022-08-24 12:00:00,25872.93,26057.51,26109.18,25689.14,11250333.0
MDAX,DE0008467416,Deutschland,323547,EUR,2022-08-25 12:00:00,26211.91,26070.64,26341.4,25999.19,10684790.0
MDAX,DE0008467416,Deutschland,323547,EUR,2022-08-26 12:00:00,26181.93,25523.69,26341.88,25468.65,14914066.0
MDAX,DE0008467416,Deutschland,323547,EUR,2022-08-29 12:00:00,25278.19,25470.5,25645.32,25177.51,8780643.0
MDAX,DE0008467416,Deutschland,323547,EUR,2022-08-30 12:00:00,25495.71,25393.83,25830.53,25272.48,10955744.0
MDAX,DE0008467416,Deutschland,323547,EUR,2022-08-31 12:00:00,25497.44,25219.13,25571.24,25195.0,12327688.0
MDAX,DE0008467416,Deutschland,323547,EUR,2022-09-01 12:00:00,25018.76,24415.91,25018.76,24399.15,15324733.0
MDAX,DE0008467416,Deutschland,323547,EUR,2022-09-02 12:00:00,24616.64,25162.05,25217.9,24597.35,10229641.0
MDAX,DE0008467416,Deutschland,323547,EUR,2022-09-05 12:00:00,24701.58,24669.29,24736.83,24367.11,10501580.0
MDAX,DE0008467416,Deutschland,323547,EUR,2022-09-06 12:00:00,24683.31,24885.3,25217.21,24680.16,11282075.0
MDAX,DE0008467416,Deutschland,323547,EUR,2022-09-07 12:00:00,24708.82,24996.3,25075.65,24597.79,13177802.0
MDAX,DE0008467416,Deutschland,323547,EUR,2022-09-08 12:00:00,25151.06,25126.08,25277.17,24696.15,19678253.0
MDAX,DE0008467416,Deutschland,323547,EUR,2022-09-09 12:00:00,25228.8,25700.94,25766.5,25228.8,16728766.0
MDAX,DE0008467416,Deutschland,323547,EUR,2022-09-12 12:00:00,25872.64,26186.8,26300.32,25871.36,15565708.0
MDAX,DE0008467416,Deutschland,323547,EUR,2022-09-13 12:00:00,26276.83,25317.44,26292.37,25315.22,18282399.0
MDAX,DE0008467416,Deutschland,323547,EUR,2022-09-14 12:00:00,25190.28,24798.2,25305.22,24678.18,16874963.0
MDAX,DE0008467416,Deutschland,323547,EUR,2022-09-15 12:00:00,24838.78,24455.09,24910.77,24434.93,14553134.0
MDAX,DE0008467416,Deutschland,323547,EUR,2022-09-16 12:00:00,24205.85,23944.01,24207.27,23807.08,24073363.0
MDAX,DE0008467416,Deutschland,323547,EUR,2022-09-19 12:00:00,23877.25,23970.33,24065.28,23725.09,10286840.0
MDAX,DE0008467416,Deutschland,323547,EUR,2022-09-20 12:00:00,24073.96,23759.51,24181.26,23649.23,15261467.0
MDAX,DE0008467416,Deutschland,323547,EUR,2022-09-21 12:00:00,23571.38,23908.0,23960.68,23536.21,13021174.0
MDAX,DE0008467416,Deutschland,323547,EUR,2022-09-22 12:00:00,23530.82,23267.31,23752.93,23264.72,14345400.0
MDAX,DE0008467416,Deutschland,323547,EUR,2022-09-23 12:00:00,23286.16,22541.58,23286.16,22395.14,19273750.0
MDAX,DE0008467416,Deutschland,323547,EUR,2022-09-26 12:00:00,22377.67,22450.37,22789.06,22359.53,12493360.0
MDAX,DE0008467416,Deutschland,323547,EUR,2022-09-27 12:00:00,22639.12,22342.6,22824.61,22342.24,12847542.0
MDAX,DE0008467416,Deutschland,323547,EUR,2022-09-28 12:00:00,22152.66,22326.58,22339.79,21615.4,24569804.0
MDAX,DE0008467416,Deutschland,323547,EUR,2022-09-29 12:00:00,22244.78,21791.03,22244.78,21612.93,17715795.0
MDAX,DE0008467416,Deutschland,323547,EUR,2022-09-30 12:00:00,21910.3,22370.02,22434.32,21891.9,25941590.0
MDAX,DE0008467416,Deutschland,323547,EUR,2022-10-03 12:00:00,22189.96,22670.64,22682.96,21953.57,16960915.0
MDAX,DE0008467416,Deutschland,323547,EUR,2022-10-04 12:00:00,22889.35,23498.8,23499.95,22889.35,17966280.0
MDAX,DE0008467416,Deutschland,323547,EUR,2022-10-05 12:00:00,23401.46,22982.7,23512.59,22847.05,14818955.0
MDAX,DE0008467416,Deutschland,323547,EUR,2022-10-06 12:00:00,23133.82,23020.74,23344.51,22962.64,14231863.0
MDAX,DE0008467416,Deutschland,323547,EUR,2022-10-07 12:00:00,22913.04,22530.96,23051.72,22450.06,13197076.0
MDAX,DE0008467416,Deutschland,323547,EUR,2022-10-10 12:00:00,22378.9,22476.26,22961.63,22259.64,12362200.0
MDAX,DE0008467416,Deutschland,323547,EUR,2022-10-11 12:00:00,22329.7,22192.3,22400.47,21928.95,13477208.0
MDAX,DE0008467416,Deutschland,323547,EUR,2022-10-12 12:00:00,22191.36,21894.4,22202.63,21886.87,17945332.0
MDAX,DE0008467416,Deutschland,323547,EUR,2022-10-13 12:00:00,21796.21,22225.91,22268.22,21456.66,21509773.0
MDAX,DE0008467416,Deutschland,323547,EUR,2022-10-14 12:00:00,22554.9,22332.63,22779.05,22318.14,14478025.0
MDAX,DE0008467416,Deutschland,323547,EUR,2022-10-17 12:00:00,22351.55,22983.03,23027.45,22258.65,13986186.0
MDAX,DE0008467416,Deutschland,323547,EUR,2022-10-18 12:00:00,23206.37,23248.9,23553.27,23164.88,11591017.0
MDAX,DE0008467416,Deutschland,323547,EUR,2022-10-19 12:00:00,23343.69,22984.77,23372.72,22931.18,11001809.0
MDAX,DE0008467416,Deutschland,323547,EUR,2022-10-20 12:00:00,22900.86,23273.03,23387.88,22837.38,9978468.0
MDAX,DE0008467416,Deutschland,323547,EUR,2022-10-21 12:00:00,23092.4,22918.01,23102.82,22638.58,12554863.0
MDAX,DE0008467416,Deutschland,323547,EUR,2022-10-24 12:00:00,23072.4,23241.83,23343.54,22893.67,11171941.0
MDAX,DE0008467416,Deutschland,323547,EUR,2022-10-25 12:00:00,23347.12,23807.17,23807.17,23180.36,12278991.0
MDAX,DE0008467416,Deutschland,323547,EUR,2022-10-26 12:00:00,23806.09,24211.78,24214.45,23756.75,13977702.0
MDAX,DE0008467416,Deutschland,323547,EUR,2022-10-27 12:00:00,24190.73,23940.86,24216.92,23591.76,11741981.0
MDAX,DE0008467416,Deutschland,323547,EUR,2022-10-28 12:00:00,23728.03,23651.17,23847.71,23550.96,11371784.0
MDAX,DE0008467416,Deutschland,323547,EUR,2022-10-31 12:00:00,23728.25,23678.05,23831.06,23625.76,11818743.0
MDAX,DE0008467416,Deutschland,323547,EUR,2022-11-01 12:00:00,23866.15,24019.05,24372.4,23866.15,11882165.0
MDAX,DE0008467416,Deutschland,323547,EUR,2022-11-02 12:00:00,24067.79,23751.12,24090.55,23720.16,11318886.0
MDAX,DE0008467416,Deutschland,323547,EUR,2022-11-03 12:00:00,23554.14,23247.65,23554.14,23005.44,12671836.0
MDAX,DE0008467416,Deutschland,323547,EUR,2022-11-04 12:00:00,23409.61,23811.57,23984.85,23409.61,19202330.0
MDAX,DE0008467416,Deutschland,323547,EUR,2022-11-07 12:00:00,23732.13,24084.26,24180.45,23705.55,14723919.0
MDAX,DE0008467416,Deutschland,323547,EUR,2022-11-08 12:00:00,24059.45,24479.6,24499.62,23960.47,13272315.0
MDAX,DE0008467416,Deutschland,323547,EUR,2022-11-09 12:00:00,24388.82,24279.49,24443.53,24136.41,12437789.0
MDAX,DE0008467416,Deutschland,323547,EUR,2022-11-10 12:00:00,24200.36,25270.81,25270.81,23959.88,19769267.0
MDAX,DE0008467416,Deutschland,323547,EUR,2022-11-11 12:00:00,25411.68,25975.0,26081.16,25411.68,20005088.0
MDAX,DE0008467416,Deutschland,323547,EUR,2022-11-14 12:00:00,26000.11,26304.83,26413.64,25872.41,13553298.0
MDAX,DE0008467416,Deutschland,323547,EUR,2022-11-15 12:00:00,26375.94,26181.16,26417.33,25994.14,14023042.0
MDAX,DE0008467416,Deutschland,323547,EUR,2022-11-16 12:00:00,26152.22,25610.93,26205.68,25537.97,14978600.0
MDAX,DE0008467416,Deutschland,323547,EUR,2022-11-17 12:00:00,25672.2,25509.56,25831.03,25264.75,10511929.0
MDAX,DE0008467416,Deutschland,323547,EUR,2022-11-18 12:00:00,25577.21,25746.02,25790.46,25379.02,9966380.0
MDAX,DE0008467416,Deutschland,323547,EUR,2022-11-21 12:00:00,25674.46,25547.45,25689.73,25459.87,9580511.0
MDAX,DE0008467416,Deutschland,323547,EUR,2022-11-22 12:00:00,25527.01,25619.36,25680.33,25329.27,12198610.0
MDAX,DE0008467416,Deutschland,323547,EUR,2022-11-23 12:00:00,25670.62,25635.91,25705.28,25445.81,10573179.0
MDAX,DE0008467416,Deutschland,323547,EUR,2022-11-24 12:00:00,25654.65,26054.93,26096.41,25654.65,18631669.0
MDAX,DE0008467416,Deutschland,323547,EUR,2022-11-25 12:00:00,26043.87,25971.45,26045.71,25873.75,9284306.0
MDAX,DE0008467416,Deutschland,323547,EUR,2022-11-28 12:00:00,25858.87,25600.97,25935.63,25551.4,9977956.0
MDAX,DE0008467416,Deutschland,323547,EUR,2022-11-29 12:00:00,25625.91,25356.56,25667.14,25325.12,10145496.0
MDAX,DE0008467416,Deutschland,323547,EUR,2022-11-30 12:00:00,25443.08,25593.23,25626.72,25418.98,15110601.0
MDAX,DE0008467416,Deutschland,323547,EUR,2022-12-01 12:00:00,25780.67,25954.71,26162.38,25780.67,12813774.0
MDAX,DE0008467416,Deutschland,323547,EUR,2022-12-02 12:00:00,25952.84,26183.85,26327.39,25810.65,12493760.0
MDAX,DE0008467416,Deutschland,323547,EUR,2022-12-05 12:00:00,26157.72,25903.45,26212.48,25879.74,9398774.0
MDAX,DE0008467416,Deutschland,323547,EUR,2022-12-06 12:00:00,25794.82,25627.99,25866.12,25502.95,9469784.0
MDAX,DE0008467416,Deutschland,323547,EUR,2022-12-07 12:00:00,25505.37,25263.08,25563.29,25241.74,11616605.0
MDAX,DE0008467416,Deutschland,323547,EUR,2022-12-08 12:00:00,25296.23,25464.65,25549.57,25230.29,9962725.0
MDAX,DE0008467416,Deutschland,323547,EUR,2022-12-09 12:00:00,25545.72,25604.18,25707.64,25361.49,11439613.0
MDAX,DE0008467416,Deutschland,323547,EUR,2022-12-12 12:00:00,25465.52,25487.05,25544.16,25332.46,9582293.0
MDAX,DE0008467416,Deutschland,323547,EUR,2022-12-13 12:00:00,25553.96,26018.29,26383.16,25386.82,16537777.0
MDAX,DE0008467416,Deutschland,323547,EUR,2022-12-14 12:00:00,25932.85,25874.84,25959.31,25687.38,28885352.0
MDAX,DE0008467416,Deutschland,323547,EUR,2022-12-15 12:00:00,25702.18,25288.27,25738.94,25285.89,17147728.0
MDAX,DE0008467416,Deutschland,323547,EUR,2022-12-16 12:00:00,25238.3,24963.0,25303.98,24856.72,27963597.0
MDAX,DE0008467416,Deutschland,323547,EUR,2022-12-19 12:00:00,24959.11,25023.99,25230.47,24907.54,11918730.0
MDAX,DE0008467416,Deutschland,323547,EUR,2022-12-20 12:00:00,24832.39,24962.5,25049.25,24657.96,11280840.0
MDAX,DE0008467416,Deutschland,323547,EUR,2022-12-21 12:00:00,25080.77,25486.65,25516.33,25074.26,11950220.0
MDAX,DE0008467416,Deutschland,323547,EUR,2022-12-22 12:00:00,25513.54,25105.45,25599.21,25053.59,9331043.0
MDAX,DE0008467416,Deutschland,323547,EUR,2022-12-23 12:00:00,25120.83,25248.11,25380.12,25060.66,7344212.0
MDAX,DE0008467416,Deutschland,323547,EUR,2022-12-27 12:00:00,25406.34,25285.55,25489.3,25208.49,6763305.0
MDAX,DE0008467416,Deutschland,323547,EUR,2022-12-28 12:00:00,25299.4,25200.86,25385.88,25167.91,9088121.0
MDAX,DE0008467416,Deutschland,323547,EUR,2022-12-29 12:00:00,25155.65,25437.32,25437.32,25010.36,7083603.0
MDAX,DE0008467416,Deutschland,323547,EUR,2022-12-30 12:00:00,25365.2,25117.57,25365.2,25115.9,5280994.0
MDAX,DE0008467416,Deutschland,323547,EUR,2023-01-02 12:00:00,25253.77,25475.53,25521.28,25253.77,9874184.0
MDAX,DE0008467416,Deutschland,323547,EUR,2023-01-03 12:00:00,25425.4,25917.57,26075.82,25423.86,13642465.0
MDAX,DE0008467416,Deutschland,323547,EUR,2023-01-04 12:00:00,26020.41,26447.85,26485.17,26020.41,15741132.0
MDAX,DE0008467416,Deutschland,323547,EUR,2023-01-05 12:00:00,26394.98,26672.14,26719.57,26394.18,12705989.0
MDAX,DE0008467416,Deutschland,323547,EUR,2023-01-06 12:00:00,26727.42,26970.1,26993.02,26489.46,9122521.0
MDAX,DE0008467416,Deutschland,323547,EUR,2023-01-09 12:00:00,27063.03,27560.89,27595.09,27048.53,13967302.0
MDAX,DE0008467416,Deutschland,323547,EUR,2023-01-10 12:00:00,27414.58,27383.67,27449.45,27225.01,10989801.0
MDAX,DE0008467416,Deutschland,323547,EUR,2023-01-11 12:00:00,27488.67,27777.54,27919.17,27487.28,17285038.0
MDAX,DE0008467416,Deutschland,323547,EUR,2023-01-12 12:00:00,27768.95,28076.35,28170.98,27655.5,24152373.0
MDAX,DE0008467416,Deutschland,323547,EUR,2023-01-13 12:00:00,28140.86,28254.05,28460.58,28123.25,19596576.0
MDAX,DE0008467416,Deutschland,323547,EUR,2023-01-16 12:00:00,28365.33,28456.64,28483.85,28226.18,10625458.0
MDAX,DE0008467416,Deutschland,323547,EUR,2023-01-17 12:00:00,28441.51,28635.94,28745.52,28432.84,18056467.0
MDAX,DE0008467416,Deutschland,323547,EUR,2023-01-18 12:00:00,28716.66,28819.29,28996.69,28666.12,21715839.0
MDAX,DE0008467416,Deutschland,323547,EUR,2023-01-19 12:00:00,28631.25,28100.07,28662.39,28099.45,18799052.0
MDAX,DE0008467416,Deutschland,323547,EUR,2023-01-20 12:00:00,28204.02,28476.56,28502.24,28155.6,13429682.0
MDAX,DE0008467416,Deutschland,323547,EUR,2023-01-23 12:00:00,28659.33,28692.69,28858.95,28609.56,10367644.0
MDAX,DE0008467416,Deutschland,323547,EUR,2023-01-24 12:00:00,28783.52,28567.0,28867.22,28448.12,10687262.0
MDAX,DE0008467416,Deutschland,323547,EUR,2023-01-25 12:00:00,28535.16,28429.45,28608.22,28344.16,12019891.0
MDAX,DE0008467416,Deutschland,323547,EUR,2023-01-26 12:00:00,28570.26,28790.4,28902.78,28570.26,14940957.0
MDAX,DE0008467416,Deutschland,323547,EUR,2023-01-27 12:00:00,28849.46,29075.86,29117.26,28785.91,13687231.0
MDAX,DE0008467416,Deutschland,323547,EUR,2023-01-30 12:00:00,28994.22,28869.14,28994.22,28603.24,13865179.0
MDAX,DE0008467416,Deutschland,323547,EUR,2023-01-31 12:00:00,28776.66,28813.25,28826.35,28615.08,13135735.0
MDAX,DE0008467416,Deutschland,323547,EUR,2023-02-01 12:00:00,28894.4,28849.88,28975.79,28757.81,9454591.0
MDAX,DE0008467416,Deutschland,323547,EUR,2023-02-02 12:00:00,29014.44,29808.92,29815.39,29013.48,17248618.0
MDAX,DE0008467416,Deutschland,323547,EUR,2023-02-03 12:00:00,29671.63,29778.59,29778.59,29447.54,11896623.0
MDAX,DE0008467416,Deutschland,323547,EUR,2023-02-06 12:00:00,29637.86,29321.71,29637.86,29198.02,10796944.0
MDAX,DE0008467416,Deutschland,323547,EUR,2023-02-07 12:00:00,29320.73,29179.03,29328.37,29034.04,8138903.0
MDAX,DE0008467416,Deutschland,323547,EUR,2023-02-08 12:00:00,29311.73,29218.64,29536.22,29210.15,9255554.0
MDAX,DE0008467416,Deutschland,323547,EUR,2023-02-09 12:00:00,29299.54,29036.39,29426.85,29023.59,10036164.0
MDAX,DE0008467416,Deutschland,323547,EUR,2023-02-10 12:00:00,28925.75,28394.76,28935.67,28172.89,11867418.0
MDAX,DE0008467416,Deutschland,323547,EUR,2023-02-13 12:00:00,28434.71,28509.1,28561.61,28377.59,11041666.0
MDAX,DE0008467416,Deutschland,323547,EUR,2023-02-14 12:00:00,28562.99,28331.36,28652.6,28236.77,13570815.0
MDAX,DE0008467416,Deutschland,323547,EUR,2023-02-15 12:00:00,28368.97,28651.03,28687.63,28346.34,11113715.0
MDAX,DE0008467416,Deutschland,323547,EUR,2023-02-16 12:00:00,28786.44,29027.85,29108.57,28738.29,12608860.0
MDAX,DE0008467416,Deutschland,323547,EUR,2023-02-17 12:00:00,28797.32,28857.81,28892.02,28548.63,9852026.0
MDAX,DE0008467416,Deutschland,323547,EUR,2023-02-20 12:00:00,28937.94,28804.22,29011.68,28746.19,7499683.0
MDAX,DE0008467416,Deutschland,323547,EUR,2023-02-21 12:00:00,28781.08,28710.28,28888.81,28540.51,7971867.0
MDAX,DE0008467416,Deutschland,323547,EUR,2023-02-22 12:00:00,28583.5,28456.31,28590.87,28225.07,11036446.0
MDAX,DE0008467416,Deutschland,323547,EUR,2023-02-23 12:00:00,28579.9,28706.49,28836.7,28571.59,12366303.0
MDAX,DE0008467416,Deutschland,323547,EUR,2023-02-24 12:00:00,28748.39,28424.81,28876.92,28353.51,10253777.0
MDAX,DE0008467416,Deutschland,323547,EUR,2023-02-27 12:00:00,28543.97,28678.93,28810.37,28543.97,5110273.0
MDAX,DE0008467416,Deutschland,323547,EUR,2023-02-28 12:00:00,28582.8,28648.13,28711.44,28477.57,8033533.0
MDAX,DE0008467416,Deutschland,323547,EUR,2023-03-01 12:00:00,28763.19,28579.27,28912.83,28539.2,7412411.0
MDAX,DE0008467416,Deutschland,323547,EUR,2023-03-02 12:00:00,28411.57,28447.23,28591.43,28281.73,5593103.0
MDAX,DE0008467416,Deutschland,323547,EUR,2023-03-03 12:00:00,28533.73,28918.65,28967.49,28533.73,6248577.0
MDAX,DE0008467416,Deutschland,323547,EUR,2023-03-06 12:00:00,28982.72,29172.98,29172.98,28937.91,6818880.0
MDAX,DE0008467416,Deutschland,323547,EUR,2023-03-07 12:00:00,29117.22,28857.11,29253.07,28819.75,7771093.0
MDAX,DE0008467416,Deutschland,323547,EUR,2023-03-08 12:00:00,28756.55,28811.74,28843.3,28626.14,7744402.0
MDAX,DE0008467416,Deutschland,323547,EUR,2023-03-09 12:00:00,28746.14,28440.86,28746.17,28203.64,8475518.0
MDAX,DE0008467416,Deutschland,323547,EUR,2023-03-10 12:00:00,28076.61,27998.63,28132.83,27744.6,7327107.0
MDAX,DE0008467416,Deutschland,323547,EUR,2023-03-13 12:00:00,28013.54,27232.34,28061.51,26905.57,11653418.0
MDAX,DE0008467416,Deutschland,323547,EUR,2023-03-14 12:00:00,27305.45,27779.76,27880.08,27180.03,8763005.0
MDAX,DE0008467416,Deutschland,323547,EUR,2023-03-15 12:00:00,27742.78,26790.72,27742.78,26715.3,10423718.0
MDAX,DE0008467416,Deutschland,323547,EUR,2023-03-16 12:00:00,27108.68,27043.77,27308.58,26451.86,9812031.0
MDAX,DE0008467416,Deutschland,323547,EUR,2023-03-17 12:00:00,27152.1,26446.93,27259.4,26335.93,16489618.0
MDAX,DE0008467416,Deutschland,323547,EUR,2023-03-20 12:00:00,26287.35,26592.59,26722.59,25722.93,8263024.0
MDAX,DE0008467416,Deutschland,323547,EUR,2023-03-21 12:00:00,26747.64,27018.71,27127.73,26747.64,7322315.0
MDAX,DE0008467416,Deutschland,323547,EUR,2023-03-22 12:00:00,27041.39,26864.77,27047.1,26855.22,5702695.0
MDAX,DE0008467416,Deutschland,323547,EUR,2023-03-23 12:00:00,26788.61,27263.98,27289.01,26750.31,6604346.0
MDAX,DE0008467416,Deutschland,323547,EUR,2023-03-24 12:00:00,27167.08,26484.15,27175.61,26359.22,8325690.0
MDAX,DE0008467416,Deutschland,323547,EUR,2023-03-27 12:00:00,26761.76,26714.53,26867.45,26504.97,6455915.0
MDAX,DE0008467416,Deutschland,323547,EUR,2023-03-28 12:00:00,26844.5,26562.42,26995.2,26455.51,7532779.0
MDAX,DE0008467416,Deutschland,323547,EUR,2023-03-29 12:00:00,26679.16,26884.1,26961.37,26552.13,9269859.0
MDAX,DE0008467416,Deutschland,323547,EUR,2023-03-30 12:00:00,27020.18,27458.79,27470.66,27020.18,10829433.0
MDAX,DE0008467416,Deutschland,323547,EUR,2023-03-31 12:00:00,27488.88,27662.94,27757.19,27368.68,11535738.0
MDAX,DE0008467416,Deutschland,323547,EUR,2023-04-03 12:00:00,27679.21,27446.15,27693.36,27379.33,13192225.0
MDAX,DE0008467416,Deutschland,323547,EUR,2023-04-04 12:00:00,27492.8,27420.99,27752.23,27402.07,10470565.0
MDAX,DE0008467416,Deutschland,323547,EUR,2023-04-05 12:00:00,27400.36,26970.82,27426.86,26874.47,10088568.0
MDAX,DE0008467416,Deutschland,323547,EUR,2023-04-06 12:00:00,27026.05,27198.33,27251.72,27026.05,7838705.0
MDAX,DE0008467416,Deutschland,323547,EUR,2023-04-11 12:00:00,27338.74,27449.84,27538.47,27323.82,7028309.0
MDAX,DE0008467416,Deutschland,323547,EUR,2023-04-12 12:00:00,27464.35,27340.86,27724.23,27297.5,6465686.0
MDAX,DE0008467416,Deutschland,323547,EUR,2023-04-13 12:00:00,27380.41,27561.5,27619.43,27359.07,6179236.0
MDAX,DE0008467416,Deutschland,323547,EUR,2023-04-14 12:00:00,27605.38,27788.48,27889.42,27605.38,7248307.0
MDAX,DE0008467416,Deutschland,323547,EUR,2023-04-17 12:00:00,27882.9,27837.59,28081.02,27803.66,6435294.0
MDAX,DE0008467416,Deutschland,323547,EUR,2023-04-18 12:00:00,27913.75,27972.75,28160.74,27913.75,8870813.0
MDAX,DE0008467416,Deutschland,323547,EUR,2023-04-19 12:00:00,27919.46,27892.99,27937.3,27707.4,6825074.0
MDAX,DE0008467416,Deutschland,323547,EUR,2023-04-20 12:00:00,27845.23,27747.97,27845.23,27610.37,6991294.0
MDAX,DE0008467416,Deutschland,323547,EUR,2023-04-21 12:00:00,27666.1,27742.32,27759.26,27469.79,7053487.0
MDAX,DE0008467416,Deutschland,323547,EUR,2023-04-24 12:00:00,27703.61,27728.77,27939.09,27686.42,5615624.0
MDAX,DE0008467416,Deutschland,323547,EUR,2023-04-25 12:00:00,27678.98,27546.69,27678.98,27434.9,6923311.0
MDAX,DE0008467416,Deutschland,323547,EUR,2023-04-26 12:00:00,27461.79,27464.85,27504.14,27139.41,8424425.0
MDAX,DE0008467416,Deutschland,323547,EUR,2023-04-27 12:00:00,27493.16,27608.19,27685.25,27271.37,7645151.0
MDAX,DE0008467416,Deutschland,323547,EUR,2023-04-28 12:00:00,27720.58,27855.08,27855.08,27404.92,12470804.0
MDAX,DE0008467416,Deutschland,323547,EUR,2023-05-02 12:00:00,27854.21,27456.06,27913.15,27434.36,7717316.0
MDAX,DE0008467416,Deutschland,323547,EUR,2023-05-03 12:00:00,27488.94,27434.78,27523.36,27240.94,6911881.0
MDAX,DE0008467416,Deutschland,323547,EUR,2023-05-04 12:00:00,27421.93,27314.09,27448.33,27196.15,9756487.0
MDAX,DE0008467416,Deutschland,323547,EUR,2023-05-05 12:00:00,27419.69,27619.3,27633.17,27348.12,7685973.0
MDAX,DE0008467416,Deutschland,323547,EUR,2023-05-08 12:00:00,27655.69,27543.17,27687.86,27492.73,5572139.0
MDAX,DE0008467416,Deutschland,323547,EUR,2023-05-09 12:00:00,27517.85,27315.08,27517.85,27194.65,8081669.0
MDAX,DE0008467416,Deutschland,323547,EUR,2023-05-10 12:00:00,27306.59,27365.61,27444.95,27103.52,7637375.0
MDAX,DE0008467416,Deutschland,323547,EUR,2023-05-11 12:00:00,27394.87,27247.61,27523.41,27184.45,6219958.0
MDAX,DE0008467416,Deutschland,323547,EUR,2023-05-12 12:00:00,27310.35,27335.32,27361.43,27213.99,7062033.0
MDAX,DE0008467416,Deutschland,323547,EUR,2023-05-15 12:00:00,27420.74,27386.78,27484.21,27304.76,6685956.0
MDAX,DE0008467416,Deutschland,323547,EUR,2023-05-16 12:00:00,27372.71,27319.7,27473.59,27244.05,6147766.0
MDAX,DE0008467416,Deutschland,323547,EUR,2023-05-17 12:00:00,27231.73,27405.78,27432.62,27198.62,5666523.0
MDAX,DE0008467416,Deutschland,323547,EUR,2023-05-18 12:00:00,27526.14,27616.47,27747.39,27466.77,4028775.0
MDAX,DE0008467416,Deutschland,323547,EUR,2023-05-19 12:00:00,27706.87,27639.03,27851.43,27639.03,6675041.0
MDAX,DE0008467416,Deutschland,323547,EUR,2023-05-22 12:00:00,27629.99,27584.27,27632.04,27492.24,5811851.0
MDAX,DE0008467416,Deutschland,323547,EUR,2023-05-23 12:00:00,27497.6,27388.16,27685.66,27388.16,6074067.0
MDAX,DE0008467416,Deutschland,323547,EUR,2023-05-24 12:00:00,27208.74,26778.33,27208.74,26724.68,6444268.0
MDAX,DE0008467416,Deutschland,323547,EUR,2023-05-25 12:00:00,26859.46,26786.37,26935.78,26612.7,5761604.0
MDAX,DE0008467416,Deutschland,323547,EUR,2023-05-26 12:00:00,26833.29,26991.28,27042.86,26692.83,6252115.0
MDAX,DE0008467416,Deutschland,323547,EUR,2023-05-29 12:00:00,27103.56,26923.47,27168.96,26901.8,2521017.0
MDAX,DE0008467416,Deutschland,323547,EUR,2023-05-30 12:00:00,26986.85,26795.41,27138.35,26784.28,4863627.0
MDAX,DE0008467416,Deutschland,323547,EUR,2023-05-31 12:00:00,26630.55,26537.41,26672.6,26446.07,19722067.0
MDAX,DE0008467416,Deutschland,323547,EUR,2023-06-01 12:00:00,26646.58,26746.72,26747.81,26506.78,5317475.0
MDAX,DE0008467416,Deutschland,323547,EUR,2023-06-02 12:00:00,26898.74,27264.89,27264.89,26898.74,7037142.0
MDAX,DE0008467416,Deutschland,323547,EUR,2023-06-05 12:00:00,27294.54,27104.83,27316.89,27038.36,6257195.0
MDAX,DE0008467416,Deutschland,323547,EUR,2023-06-06 12:00:00,27015.02,27102.01,27117.49,26907.7,5147430.0
MDAX,DE0008467416,Deutschland,323547,EUR,2023-06-07 12:00:00,27099.94,27140.47,27293.73,27024.76,7154546.0
MDAX,DE0008467416,Deutschland,323547,EUR,2023-06-08 12:00:00,27088.28,27182.35,27235.25,26985.76,4832264.0
MDAX,DE0008467416,Deutschland,323547,EUR,2023-06-09 12:00:00,27154.11,27154.14,27198.65,27041.38,7404978.0
MDAX,DE0008467416,Deutschland,323547,EUR,2023-06-12 12:00:00,27244.99,27305.83,27359.97,27196.25,6784478.0
MDAX,DE0008467416,Deutschland,323547,EUR,2023-06-13 12:00:00,27415.59,27473.14,27524.78,27248.49,6879878.0
MDAX,DE0008467416,Deutschland,323547,EUR,2023-06-14 12:00:00,27451.51,27557.19,27619.41,27443.05,6233395.0
MDAX,DE0008467416,Deutschland,323547,EUR,2023-06-15 12:00:00,27523.06,27330.39,27554.41,27079.53,6283663.0
MDAX,DE0008467416,Deutschland,323547,EUR,2023-06-16 12:00:00,27386.22,27480.82,27621.38,27346.83,13540810.0
MDAX,DE0008467416,Deutschland,323547,EUR,2023-06-19 12:00:00,27399.79,27183.08,27399.79,27163.97,4849924.0
MDAX,DE0008467416,Deutschland,323547,EUR,2023-06-20 12:00:00,27085.62,26719.17,27085.62,26677.08,6702486.0
MDAX,DE0008467416,Deutschland,323547,EUR,2023-06-21 12:00:00,26684.19,26582.45,26700.68,26545.52,6997335.0
MDAX,DE0008467416,Deutschland,323547,EUR,2023-06-22 12:00:00,26447.21,26898.25,26907.14,26360.9,5931823.0
MDAX,DE0008467416,Deutschland,323547,EUR,2023-06-23 12:00:00,26804.89,26789.76,26882.41,26624.66,5664552.0
MDAX,DE0008467416,Deutschland,323547,EUR,2023-06-26 12:00:00,26837.98,26832.8,26950.22,26650.74,5245369.0
MDAX,DE0008467416,Deutschland,323547,EUR,2023-06-27 12:00:00,26875.82,26894.23,26971.63,26737.37,4883743.0
MDAX,DE0008467416,Deutschland,323547,EUR,2023-06-28 12:00:00,26967.68,27220.45,27262.4,26967.68,5434333.0
MDAX,DE0008467416,Deutschland,323547,EUR,2023-06-29 12:00:00,27174.25,27194.33,27230.72,27119.59,4821740.0
MDAX,DE0008467416,Deutschland,323547,EUR,2023-06-30 12:00:00,27225.38,27610.5,27657.78,27210.11,6581863.0
MDAX,DE0008467416,Deutschland,323547,EUR,2023-07-03 12:00:00,27684.41,27692.9,27750.04,27553.74,5262948.0
MDAX,DE0008467416,Deutschland,323547,EUR,2023-07-04 12:00:00,27673.92,27822.07,27825.55,27629.58,4478587.0
MDAX,DE0008467416,Deutschland,323547,EUR,2023-07-05 12:00:00,27707.56,27432.7,27714.09,27380.51,5372212.0
MDAX,DE0008467416,Deutschland,323547,EUR,2023-07-06 12:00:00,27306.44,26708.44,27306.44,26664.87,6908176.0
MDAX,DE0008467416,Deutschland,323547,EUR,2023-07-07 12:00:00,26721.07,27015.19,27053.48,26561.9,5362010.0
MDAX,DE0008467416,Deutschland,323547,EUR,2023-07-10 12:00:00,26942.78,27036.3,27091.15,26850.14,4829795.0
MDAX,DE0008467416,Deutschland,323547,EUR,2023-07-11 12:00:00,27144.35,27317.66,27395.43,27144.35,4598971.0
MDAX,DE0008467416,Deutschland,323547,EUR,2023-07-12 12:00:00,27371.8,27951.82,27990.34,27316.47,6209833.0
MDAX,DE0008467416,Deutschland,323547,EUR,2023-07-13 12:00:00,27975.63,27996.28,28155.75,27911.73,7019953.0
MDAX,DE0008467416,Deutschland,323547,EUR,2023-07-14 12:00:00,27921.34,27860.29,28001.86,27859.69,5991944.0
MDAX,DE0008467416,Deutschland,323547,EUR,2023-07-17 12:00:00,27768.53,27724.76,27785.97,27590.58,3938532.0
MDAX,DE0008467416,Deutschland,323547,EUR,2023-07-18 12:00:00,27696.28,28067.94,28106.23,27671.1,5322842.0
MDAX,DE0008467416,Deutschland,323547,EUR,2023-07-19 12:00:00,28165.95,28380.83,28424.66,28126.09,7832631.0
MDAX,DE0008467416,Deutschland,323547,EUR,2023-07-20 12:00:00,28322.78,28231.01,28431.6,28164.97,5926145.0
MDAX,DE0008467416,Deutschland,323547,EUR,2023-07-21 12:00:00,28134.56,28253.09,28253.89,28015.74,4486688.0
MDAX,DE0008467416,Deutschland,323547,EUR,2023-07-24 12:00:00,28164.92,28198.96,28287.99,28064.7,4474346.0
MDAX,DE0008467416,Deutschland,323547,EUR,2023-07-25 12:00:00,28221.04,28297.17,28317.16,28129.23,5029302.0
MDAX,DE0008467416,Deutschland,323547,EUR,2023-07-26 12:00:00,28252.23,28275.17,28353.35,28074.53,8390903.0
MDAX,DE0008467416,Deutschland,323547,EUR,2023-07-27 12:00:00,28341.17,28780.0,28873.58,28341.17,8205981.0
MDAX,DE0008467416,Deutschland,323547,EUR,2023-07-28 12:00:00,28684.12,28706.2,28745.05,28338.28,5797648.0
MDAX,DE0008467416,Deutschland,323547,EUR,2023-07-31 12:00:00,28658.43,28837.05,28889.94,28600.52,5365186.0
MDAX,DE0008467416,Deutschland,323547,EUR,2023-08-01 12:00:00,28786.84,28571.23,28793.3,28571.23,4979166.0
MDAX,DE0008467416,Deutschland,323547,EUR,2023-08-02 12:00:00,28348.15,28044.8,28348.15,28004.48,6604632.0
MDAX,DE0008467416,Deutschland,323547,EUR,2023-08-03 12:00:00,27938.09,27936.1,27979.32,27742.88,6271570.0
MDAX,DE0008467416,Deutschland,323547,EUR,2023-08-04 12:00:00,27943.5,28087.88,28108.23,27783.84,6254331.0
MDAX,DE0008467416,Deutschland,323547,EUR,2023-08-07 12:00:00,28013.18,28027.25,28256.4,27923.96,5110150.0
MDAX,DE0008467416,Deutschland,323547,EUR,2023-08-08 12:00:00,27906.71,27911.39,28031.21,27872.5,5958059.0
MDAX,DE0008467416,Deutschland,323547,EUR,2023-08-09 12:00:00,28069.98,28026.16,28335.78,27985.67,5496933.0
MDAX,DE0008467416,Deutschland,323547,EUR,2023-08-10 12:00:00,28106.38,28334.22,28458.64,28106.38,5964729.0
MDAX,DE0008467416,Deutschland,323547,EUR,2023-08-11 12:00:00,28225.84,28084.25,28294.1,28059.22,5439658.0
MDAX,DE0008467416,Deutschland,323547,EUR,2023-08-14 12:00:00,28022.55,28017.23,28172.21,27876.07,5012857.0
MDAX,DE0008467416,Deutschland,323547,EUR,2023-08-15 12:00:00,28061.51,27786.29,28095.54,27727.7,4233278.0
MDAX,DE0008467416,Deutschland,323547,EUR,2023-08-16 12:00:00,27690.98,27816.26,27857.01,27622.75,3878278.0
MDAX,DE0008467416,Deutschland,323547,EUR,2023-08-17 12:00:00,27698.56,27518.51,27704.45,27483.35,4341223.0
MDAX,DE0008467416,Deutschland,323547,EUR,2023-08-18 12:00:00,27414.71,27153.23,27414.71,27001.88,7081004.0
MDAX,DE0008467416,Deutschland,323547,EUR,2023-08-21 12:00:00,27137.42,27011.95,27251.77,27006.31,4238538.0
MDAX,DE0008467416,Deutschland,323547,EUR,2023-08-22 12:00:00,27112.76,27239.6,27342.96,27112.76,3931037.0
MDAX,DE0008467416,Deutschland,323547,EUR,2023-08-23 12:00:00,27293.08,27304.11,27354.42,27145.8,4665865.0
MDAX,DE0008467416,Deutschland,323547,EUR,2023-08-24 12:00:00,27431.18,27105.06,27625.38,27073.77,4324363.0
MDAX,DE0008467416,Deutschland,323547,EUR,2023-08-25 12:00:00,27018.71,26999.47,27180.7,26971.45,3527543.0
MDAX,DE0008467416,Deutschland,323547,EUR,2023-08-28 12:00:00,27130.57,27287.46,27327.27,27120.96,2918335.0
MDAX,DE0008467416,Deutschland,323547,EUR,2023-08-29 12:00:00,27383.98,27664.93,27690.51,27374.24,4157243.0
MDAX,DE0008467416,Deutschland,323547,EUR,2023-08-30 12:00:00,27669.88,27520.3,27678.98,27450.95,3971542.0
MDAX,DE0008467416,Deutschland,323547,EUR,2023-08-31 12:00:00,27550.44,27818.98,27972.32,27550.44,8102172.0
MDAX,DE0008467416,Deutschland,323547,EUR,2023-09-01 12:00:00,27805.32,27812.93,27904.39,27635.42,5060848.0
MDAX,DE0008467416,Deutschland,323547,EUR,2023-09-04 12:00:00,27837.25,27852.35,28041.79,27834.12,3250383.0
MDAX,DE0008467416,Deutschland,323547,EUR,2023-09-05 12:00:00,27807.65,27666.59,27823.79,27636.3,3920404.0
MDAX,DE0008467416,Deutschland,323547,EUR,2023-09-06 12:00:00,27551.98,27437.26,27583.95,27408.66,4607126.0
MDAX,DE0008467416,Deutschland,323547,EUR,2023-09-07 12:00:00,27329.96,27160.83,27407.04,27037.42,4511600.0
MDAX,DE0008467416,Deutschland,323547,EUR,2023-09-08 12:00:00,27239.44,27060.64,27283.56,26897.71,4959914.0
MDAX,DE0008467416,Deutschland,323547,EUR,2023-09-11 12:00:00,27118.03,27204.49,27256.85,27115.05,5315222.0
MDAX,DE0008467416,Deutschland,323547,EUR,2023-09-12 12:00:00,27212.9,27089.87,27287.13,26958.84,5662674.0
MDAX,DE0008467416,Deutschland,323547,EUR,2023-09-13 12:00:00,27001.2,27055.95,27105.8,26880.35,7794362.0
MDAX,DE0008467416,Deutschland,323547,EUR,2023-09-14 12:00:00,27090.1,27326.0,27360.1,26862.71,6717424.0
MDAX,DE0008467416,Deutschland,323547,EUR,2023-09-15 12:00:00,27485.04,27316.05,27646.45,27316.05,12889291.0
MDAX,DE0008467416,Deutschland,323547,EUR,2023-09-18 12:00:00,27285.92,26915.1,27335.48,26877.62,6097389.0
MDAX,DE0008467416,Deutschland,323547,EUR,2023-09-19 12:00:00,26862.98,26904.25,27004.66,26815.18,6827177.0
MDAX,DE0008467416,Deutschland,323547,EUR,2023-09-20 12:00:00,26954.12,27184.19,27353.02,26952.33,6467655.0
MDAX,DE0008467416,Deutschland,323547,EUR,2023-09-21 12:00:00,27039.8,26575.43,27040.01,26575.43,6090166.0
MDAX,DE0008467416,Deutschland,323547,EUR,2023-09-22 12:00:00,26459.19,26536.25,26625.01,26424.81,5397742.0
MDAX,DE0008467416,Deutschland,323547,EUR,2023-09-25 12:00:00,26471.7,26129.86,26500.43,26002.16,5257610.0
MDAX,DE0008467416,Deutschland,323547,EUR,2023-09-26 12:00:00,26030.43,25676.18,26030.43,25675.79,6600951.0
MDAX,DE0008467416,Deutschland,323547,EUR,2023-09-27 12:00:00,25645.35,25628.75,25784.66,25601.46,6319252.0
MDAX,DE0008467416,Deutschland,323547,EUR,2023-09-28 12:00:00,25624.04,25718.43,25718.43,25435.14,6279914.0
MDAX,DE0008467416,Deutschland,323547,EUR,2023-09-29 12:00:00,25862.3,26075.11,26354.16,25858.78,7939679.0
MDAX,DE0008467416,Deutschland,323547,EUR,2023-10-02 12:00:00,26161.17,25773.43,26324.96,25676.45,5177582.0
MDAX,DE0008467416,Deutschland,323547,EUR,2023-10-03 12:00:00,25638.96,25296.86,25700.96,25282.4,5329176.0
MDAX,DE0008467416,Deutschland,323547,EUR,2023-10-04 12:00:00,25139.81,25281.13,25418.66,24944.86,6050558.0
MDAX,DE0008467416,Deutschland,323547,EUR,2023-10-05 12:00:00,25354.13,25172.95,25468.12,25154.31,6392013.0
MDAX,DE0008467416,Deutschland,323547,EUR,2023-10-06 12:00:00,25208.53,25403.14,25453.22,25011.53,6193480.0
MDAX,DE0008467416,Deutschland,323547,EUR,2023-10-09 12:00:00,25288.69,25230.59,25403.37,25161.36,5060738.0
MDAX,DE0008467416,Deutschland,323547,EUR,2023-10-10 12:00:00,25362.93,25795.41,25828.69,25362.93,5619600.0
MDAX,DE0008467416,Deutschland,323547,EUR,2023-10-11 12:00:00,25744.03,25461.76,25778.8,25386.35,6018228.0
MDAX,DE0008467416,Deutschland,323547,EUR,2023-10-12 12:00:00,25591.51,25290.96,25744.84,25290.96,5272291.0
MDAX,DE0008467416,Deutschland,323547,EUR,2023-10-13 12:00:00,25228.17,24956.39,25304.47,24934.87,6172966.0
MDAX,DE0008467416,Deutschland,323547,EUR,2023-10-16 12:00:00,24981.93,25019.4,25112.58,24821.72,4849559.0
MDAX,DE0008467416,Deutschland,323547,EUR,2023-10-17 12:00:00,24961.78,24976.8,25103.06,24685.31,5461020.0
MDAX,DE0008467416,Deutschland,323547,EUR,2023-10-18 12:00:00,24927.67,24702.33,24995.85,24659.08,4723019.0
MDAX,DE0008467416,Deutschland,323547,EUR,2023-10-19 12:00:00,24591.37,24437.24,24723.98,24419.39,5496349.0
MDAX,DE0008467416,Deutschland,323547,EUR,2023-10-20 12:00:00,24285.57,24065.65,24285.57,24048.47,7938240.0
MDAX,DE0008467416,Deutschland,323547,EUR,2023-10-23 12:00:00,24066.71,24079.62,24101.58,23712.25,5725279.0
MDAX,DE0008467416,Deutschland,323547,EUR,2023-10-24 12:00:00,24133.2,24423.49,24505.27,24126.32,6522020.0
MDAX,DE0008467416,Deutschland,323547,EUR,2023-10-25 12:00:00,24435.44,24023.31,24448.98,23918.6,7167516.0
MDAX,DE0008467416,Deutschland,323547,EUR,2023-10-26 12:00:00,23890.75,23796.75,23959.01,23626.97,7632497.0
MDAX,DE0008467416,Deutschland,323547,EUR,2023-10-27 12:00:00,23824.62,23772.02,23915.75,23712.82,6444345.0
MDAX,DE0008467416,Deutschland,323547,EUR,2023-10-30 12:00:00,23873.5,23844.34,24042.67,23817.83,4499869.0
MDAX,DE0008467416,Deutschland,323547,EUR,2023-10-31 12:00:00,23860.43,24040.19,24133.68,23860.43,6929291.0
MDAX,DE0008467416,Deutschland,323547,EUR,2023-11-01 12:00:00,24133.12,24059.04,24137.67,23819.29,5713305.0
MDAX,DE0008467416,Deutschland,323547,EUR,2023-11-02 12:00:00,24261.95,24729.99,24936.26,24261.95,7059537.0
MDAX,DE0008467416,Deutschland,323547,EUR,2023-11-03 12:00:00,24819.24,25136.98,25369.01,24819.24,6059411.0
MDAX,DE0008467416,Deutschland,323547,EUR,2023-11-06 12:00:00,25245.07,24908.68,25303.19,24892.6,5036803.0
MDAX,DE0008467416,Deutschland,323547,EUR,2023-11-07 12:00:00,24799.69,25107.61,25165.57,24762.74,6277443.0
MDAX,DE0008467416,Deutschland,323547,EUR,2023-11-08 12:00:00,25092.66,25391.12,25501.42,25079.93,7026722.0
MDAX,DE0008467416,Deutschland,323547,EUR,2023-11-09 12:00:00,25399.92,25819.66,25877.04,25399.92,6841724.0
MDAX,DE0008467416,Deutschland,323547,EUR,2023-11-10 12:00:00,25647.57,25290.82,25659.01,25172.26,6914996.0
MDAX,DE0008467416,Deutschland,323547,EUR,2023-11-13 12:00:00,25363.74,25409.63,25440.17,25278.14,5310441.0
MDAX,DE0008467416,Deutschland,323547,EUR,2023-11-14 12:00:00,25417.41,26245.4,26259.16,25417.41,9748796.0
MDAX,DE0008467416,Deutschland,323547,EUR,2023-11-15 12:00:00,26288.44,26454.6,26650.45,26273.88,9036518.0
MDAX,DE0008467416,Deutschland,323547,EUR,2023-11-16 12:00:00,26396.33,25968.5,26415.44,25968.5,7645532.0
MDAX,DE0008467416,Deutschland,323547,EUR,2023-11-17 12:00:00,26016.4,26283.89,26492.21,26016.4,6354153.0
MDAX,DE0008467416,Deutschland,323547,EUR,2023-11-20 12:00:00,26303.3,26394.86,26448.68,26260.92,5224236.0
MDAX,DE0008467416,Deutschland,323547,EUR,2023-11-21 12:00:00,26386.11,25948.02,26457.41,25927.31,6387062.0
MDAX,DE0008467416,Deutschland,323547,EUR,2023-11-22 12:00:00,25957.73,26135.95,26177.03,25957.73,5835292.0
MDAX,DE0008467416,Deutschland,323547,EUR,2023-11-23 12:00:00,26114.55,26101.25,26139.76,25973.34,3761431.0
MDAX,DE0008467416,Deutschland,323547,EUR,2023-11-24 12:00:00,26071.12,26214.45,26235.88,25990.78,3934656.0
MDAX,DE0008467416,Deutschland,323547,EUR,2023-11-27 12:00:00,26187.57,26114.02,26337.53,26098.79,4217050.0
MDAX,DE0008467416,Deutschland,323547,EUR,2023-11-28 12:00:00,26051.21,26007.22,26051.4,25888.92,4521494.0
MDAX,DE0008467416,Deutschland,323547,EUR,2023-11-29 12:00:00,26002.79,26313.98,26352.12,26002.79,6236251.0
MDAX,DE0008467416,Deutschland,323547,EUR,2023-11-30 12:00:00,26345.91,26183.42,26368.31,26141.99,13022637.0
MDAX,DE0008467416,Deutschland,323547,EUR,2023-12-01 12:00:00,26254.76,26492.49,26494.08,26197.3,6124355.0
MDAX,DE0008467416,Deutschland,323547,EUR,2023-12-04 12:00:00,26492.62,26370.25,26745.15,26326.6,5220656.0
MDAX,DE0008467416,Deutschland,323547,EUR,2023-12-05 12:00:00,26338.37,26491.45,26522.16,26295.1,4716771.0
MDAX,DE0008467416,Deutschland,323547,EUR,2023-12-06 12:00:00,26538.96,26737.58,26803.68,26492.19,5791026.0
MDAX,DE0008467416,Deutschland,323547,EUR,2023-12-07 12:00:00,26653.72,26534.94,26653.72,26275.94,5762635.0
MDAX,DE0008467416,Deutschland,323547,EUR,2023-12-08 12:00:00,26545.41,26691.29,26758.64,26504.43,5447203.0
MDAX,DE0008467416,Deutschland,323547,EUR,2023-12-11 12:00:00,26641.86,26622.25,26656.58,26532.33,5582372.0
MDAX,DE0008467416,Deutschland,323547,EUR,2023-12-12 12:00:00,26655.94,26582.8,26844.28,26493.13,6383152.0
MDAX,DE0008467416,Deutschland,323547,EUR,2023-12-13 12:00:00,26532.2,26427.65,26695.4,26380.65,6308457.0
MDAX,DE0008467416,Deutschland,323547,EUR,2023-12-14 12:00:00,26774.68,27198.24,27313.75,26774.68,11092416.0
MDAX,DE0008467416,Deutschland,323547,EUR,2023-12-15 12:00:00,27274.4,27133.8,27371.22,27075.32,18966794.0
MDAX,DE0008467416,Deutschland,323547,EUR,2023-12-18 12:00:00,26983.15,26904.3,27077.48,26833.92,5969397.0
MDAX,DE0008467416,Deutschland,323547,EUR,2023-12-19 12:00:00,26925.73,27156.95,27159.22,26925.73,6833916.0
MDAX,DE0008467416,Deutschland,323547,EUR,2023-12-20 12:00:00,27196.29,27353.02,27363.9,27023.61,9196541.0
MDAX,DE0008467416,Deutschland,323547,EUR,2023-12-21 12:00:00,27169.0,27219.71,27317.02,27059.76,9263386.0
MDAX,DE0008467416,Deutschland,323547,EUR,2023-12-22 12:00:00,27128.43,26943.6,27128.64,26865.69,6359468.0
MDAX,DE0008467416,Deutschland,323547,EUR,2023-12-27 12:00:00,27015.34,27157.63,27201.73,27015.34,4639480.0
MDAX,DE0008467416,Deutschland,323547,EUR,2023-12-28 12:00:00,27192.81,27064.91,27231.07,26991.18,4378270.0
MDAX,DE0008467416,Deutschland,323547,EUR,2023-12-29 12:00:00,27084.1,27137.3,27142.39,27061.51,2613557.0
MDAX,DE0008467416,Deutschland,323547,EUR,2024-01-02 12:00:00,27190.59,26838.34,27272.39,26813.0,5544381.0
MDAX,DE0008467416,Deutschland,323547,EUR,2024-01-03 12:00:00,26747.8,26252.13,26822.81,26157.69,6604415.0
MDAX,DE0008467416,Deutschland,323547,EUR,2024-01-04 12:00:00,26214.58,26109.36,26282.86,25853.38,5986348.0
MDAX,DE0008467416,Deutschland,323547,EUR,2024-01-05 12:00:00,26001.25,26057.68,26123.53,25701.58,5342364.0
MDAX,DE0008467416,Deutschland,323547,EUR,2024-01-08 12:00:00,26046.86,26316.35,26342.92,25712.95,5354251.0
MDAX,DE0008467416,Deutschland,323547,EUR,2024-01-09 12:00:00,26421.72,26323.9,26454.98,26211.55,5235289.0
MDAX,DE0008467416,Deutschland,323547,EUR,2024-01-10 12:00:00,26288.67,26247.69,26333.41,26169.94,5338448.0
MDAX,DE0008467416,Deutschland,323547,EUR,2024-01-11 12:00:00,26310.77,26069.95,26492.42,26069.95,6169094.0
MDAX,DE0008467416,Deutschland,323547,EUR,2024-01-12 12:00:00,26131.99,26296.91,26504.45,26131.99,7104122.0
MDAX,DE0008467416,Deutschland,323547,EUR,2024-01-15 12:00:00,26279.95,25987.69,26298.86,25965.32,4459776.0
MDAX,DE0008467416,Deutschland,323547,EUR,2024-01-16 12:00:00,25841.94,25698.02,25841.94,25493.21,7093236.0
MDAX,DE0008467416,Deutschland,323547,EUR,2024-01-17 12:00:00,25477.05,25250.06,25482.24,25075.79,7966190.0
MDAX,DE0008467416,Deutschland,323547,EUR,2024-01-18 12:00:00,25334.56,25552.88,25584.4,25234.18,5840813.0
MDAX,DE0008467416,Deutschland,323547,EUR,2024-01-19 12:00:00,25641.4,25432.05,25755.32,25384.49,6755143.0
MDAX,DE0008467416,Deutschland,323547,EUR,2024-01-22 12:00:00,25545.86,25748.16,25811.84,25545.86,5470683.0
MDAX,DE0008467416,Deutschland,323547,EUR,2024-01-23 12:00:00,25814.66,25839.05,25971.0,25700.22,7047501.0
MDAX,DE0008467416,Deutschland,323547,EUR,2024-01-24 12:00:00,26055.83,26141.29,26213.05,26038.77,10524837.0
MDAX,DE0008467416,Deutschland,323547,EUR,2024-01-25 12:00:00,26087.73,26075.58,26134.64,25873.9,7712652.0
MDAX,DE0008467416,Deutschland,323547,EUR,2024-01-26 12:00:00,26089.46,26174.57,26244.63,25878.22,6546730.0
MDAX,DE0008467416,Deutschland,323547,EUR,2024-01-29 12:00:00,26090.43,26101.78,26146.22,25874.49,6663062.0
MDAX,DE0008467416,Deutschland,323547,EUR,2024-01-30 12:00:00,26207.57,26012.33,26255.38,25953.69,5596205.0
MDAX,DE0008467416,Deutschland,323547,EUR,2024-01-31 12:00:00,25958.1,25959.0,26022.96,25876.44,7816788.0
MDAX,DE0008467416,Deutschland,323547,EUR,2024-02-01 12:00:00,25878.18,25902.9,26109.43,25772.32,7143899.0
MDAX,DE0008467416,Deutschland,323547,EUR,2024-02-02 12:00:00,26053.73,25651.3,26196.2,25651.3,6443535.0
MDAX,DE0008467416,Deutschland,323547,EUR,2024-02-05 12:00:00,25670.83,25588.3,25808.79,25539.74,6656736.0
MDAX,DE0008467416,Deutschland,323547,EUR,2024-02-06 12:00:00,25637.11,25820.64,25837.89,25494.44,5909957.0
MDAX,DE0008467416,Deutschland,323547,EUR,2024-02-07 12:00:00,25823.36,25711.39,25932.7,25708.38,7075544.0
MDAX,DE0008467416,Deutschland,323547,EUR,2024-02-08 12:00:00,25725.22,25785.98,25881.71,25714.96,7085792.0
MDAX,DE0008467416,Deutschland,323547,EUR,2024-02-09 12:00:00,25782.68,25728.84,25874.95,25707.44,6261268.0
MDAX,DE0008467416,Deutschland,323547,EUR,2024-02-12 12:00:00,25797.93,26095.34,26106.38,25797.93,4859873.0
MDAX,DE0008467416,Deutschland,323547,EUR,2024-02-13 12:00:00,26038.14,25724.51,26053.36,25562.91,5675875.0
MDAX,DE0008467416,Deutschland,323547,EUR,2024-02-14 12:00:00,25738.41,26050.07,26116.72,25723.42,7325229.0
MDAX,DE0008467416,Deutschland,323547,EUR,2024-02-15 12:00:00,26161.61,26057.19,26341.4,26018.5,6018679.0
MDAX,DE0008467416,Deutschland,323547,EUR,2024-02-16 12:00:00,26178.93,26148.08,26303.11,26051.77,5607667.0
MDAX,DE0008467416,Deutschland,323547,EUR,2024-02-19 12:00:00,26069.69,26014.17,26069.69,25897.44,4327291.0
MDAX,DE0008467416,Deutschland,323547,EUR,2024-02-20 12:00:00,25924.09,25758.31,26033.77,25678.04,5020014.0
MDAX,DE0008467416,Deutschland,323547,EUR,2024-02-21 12:00:00,25742.04,25714.2,25853.09,25629.85,4710829.0
MDAX,DE0008467416,Deutschland,323547,EUR,2024-02-22 12:00:00,25873.83,26099.76,26219.87,25832.64,5374366.0
MDAX,DE0008467416,Deutschland,323547,EUR,2024-02-23 12:00:00,26121.65,25999.48,26154.81,25879.83,4841209.0
MDAX,DE0008467416,Deutschland,323547,EUR,2024-02-26 12:00:00,25950.32,25785.79,25971.29,25784.53,4649108.0
MDAX,DE0008467416,Deutschland,323547,EUR,2024-02-27 12:00:00,25763.64,25964.82,25980.19,25739.52,6858019.0
MDAX,DE0008467416,Deutschland,323547,EUR,2024-02-28 12:00:00,25979.75,25885.75,25979.75,25718.57,6302085.0
MDAX,DE0008467416,Deutschland,323547,EUR,2024-02-29 12:00:00,25899.7,25824.65,25972.78,25774.32,11611264.0
MDAX,DE0008467416,Deutschland,323547,EUR,2024-03-01 12:00:00,25934.79,26120.64,26123.79,25872.71,6294601.0
MDAX,DE0008467416,Deutschland,323547,EUR,2024-03-04 12:00:00,26149.57,25987.37,26209.34,25932.86,5497403.0
MDAX,DE0008467416,Deutschland,323547,EUR,2024-03-05 12:00:00,25889.32,25995.47,26086.86,25847.06,4920976.0
MDAX,DE0008467416,Deutschland,323547,EUR,2024-03-06 12:00:00,25974.04,26159.91,26163.97,25955.97,8090544.0
MDAX,DE0008467416,Deutschland,323547,EUR,2024-03-07 12:00:00,26081.32,26167.61,26299.86,25939.53,11139679.0
MDAX,DE0008467416,Deutschland,323547,EUR,2024-03-08 12:00:00,26162.31,25983.68,26207.0,25900.53,8433862.0
MDAX,DE0008467416,Deutschland,323547,EUR,2024-03-11 12:00:00,25836.47,26036.34,26043.09,25794.05,6403731.0
MDAX,DE0008467416,Deutschland,323547,EUR,2024-03-12 12:00:00,26112.11,26408.29,26416.84,26105.27,7058515.0
MDAX,DE0008467416,Deutschland,323547,EUR,2024-03-13 12:00:00,26480.89,26352.47,26504.81,26278.72,5869669.0
MDAX,DE0008467416,Deutschland,323547,EUR,2024-03-14 12:00:00,26353.0,26261.6,26505.09,26193.82,6688968.0
MDAX,DE0008467416,Deutschland,323547,EUR,2024-03-15 12:00:00,26253.04,26064.14,26315.44,26055.71,13597275.0
MDAX,DE0008467416,Deutschland,323547,EUR,2024-03-18 12:00:00,26080.37,26136.35,26296.23,26076.27,5527388.0
MDAX,DE0008467416,Deutschland,323547,EUR,2024-03-19 12:00:00,26137.63,26245.89,26264.24,26020.76,6411803.0
MDAX,DE0008467416,Deutschland,323547,EUR,2024-03-20 12:00:00,26243.83,26264.3,26311.9,26062.92,6119645.0
MDAX,DE0008467416,Deutschland,323547,EUR,2024-03-21 12:00:00,26274.15,26473.05,26647.66,26274.15,7038567.0
MDAX,DE0008467416,Deutschland,323547,EUR,2024-03-22 12:00:00,26471.61,26622.83,26687.52,26376.73,6502218.0
MDAX,DE0008467416,Deutschland,323547,EUR,2024-03-25 12:00:00,26621.6,26666.96,26685.32,26470.72,5567349.0
MDAX,DE0008467416,Deutschland,323547,EUR,2024-03-26 12:00:00,26665.27,26871.42,26875.92,26640.65,5432364.0
MDAX,DE0008467416,Deutschland,323547,EUR,2024-03-27 12:00:00,26869.68,27091.95,27096.81,26813.33,6418443.0
MDAX,DE0008467416,Deutschland,323547,EUR,2024-03-28 12:00:00,27092.12,27043.04,27156.64,26928.53,6067506.0
MDAX,DE0008467416,Deutschland,323547,EUR,2024-04-02 12:00:00,27043.86,26776.41,27255.98,26761.79,6691134.0
MDAX,DE0008467416,Deutschland,323547,EUR,2024-04-03 12:00:00,26772.98,27057.48,27066.35,26626.33,5222867.0
MDAX,DE0008467416,Deutschland,323547,EUR,2024-04-04 12:00:00,27054.47,27267.71,27286.23,26993.48,5450792.0
MDAX,DE0008467416,Deutschland,323547,EUR,2024-04-05 12:00:00,27257.77,26915.13,27257.77,26850.72,5746709.0
MDAX,DE0008467416,Deutschland,323547,EUR,2024-04-08 12:00:00,26910.78,27136.68,27160.93,26910.78,6350457.0
MDAX,DE0008467416,Deutschland,323547,EUR,2024-04-09 12:00:00,27131.44,26992.47,27217.99,26983.79,7879337.0
MDAX,DE0008467416,Deutschland,323547,EUR,2024-04-10 12:00:00,26996.93,26939.96,27246.01,26719.66,7966659.0
MDAX,DE0008467416,Deutschland,323547,EUR,2024-04-11 12:00:00,26937.03,26703.18,26937.03,26597.0,7743436.0
MDAX,DE0008467416,Deutschland,323547,EUR,2024-04-12 12:00:00,26719.41,26576.83,27083.28,26537.16,7006884.0
MDAX,DE0008467416,Deutschland,323547,EUR,2024-04-15 12:00:00,26573.9,26447.14,26831.75,26410.89,6633753.0
MDAX,DE0008467416,Deutschland,323547,EUR,2024-04-16 12:00:00,26441.89,25973.85,26441.89,25937.28,7596858.0
MDAX,DE0008467416,Deutschland,323547,EUR,2024-04-17 12:00:00,25973.84,25926.74,26106.02,25855.31,6602902.0
MDAX,DE0008467416,Deutschland,323547,EUR,2024-04-18 12:00:00,25927.79,26189.44,26264.72,25927.79,7097766.0
MDAX,DE0008467416,Deutschland,323547,EUR,2024-04-19 12:00:00,26184.18,25989.86,26184.18,25825.3,6159406.0
MDAX,DE0008467416,Deutschland,323547,EUR,2024-04-22 12:00:00,25990.93,26289.73,26389.86,25990.55,4950111.0
MDAX,DE0008467416,Deutschland,323547,EUR,2024-04-23 12:00:00,26292.31,26625.02,26685.13,26292.31,5148893.0
MDAX,DE0008467416,Deutschland,323547,EUR,2024-04-24 12:00:00,26631.65,26346.07,26748.95,26318.95,5566290.0
MDAX,DE0008467416,Deutschland,323547,EUR,2024-04-25 12:00:00,26348.62,26043.18,26368.06,25979.08,6144155.0
MDAX,DE0008467416,Deutschland,323547,EUR,2024-04-26 12:00:00,26075.71,26175.48,26325.25,26071.92,5991918.0
MDAX,DE0008467416,Deutschland,323547,EUR,2024-04-29 12:00:00,26179.3,26344.5,26356.97,26179.3,5058242.0
MDAX,DE0008467416,Deutschland,323547,EUR,2024-04-30 12:00:00,26343.69,26264.39,26440.08,26253.6,5906383.0
MDAX,DE0008467416,Deutschland,323547,EUR,2024-05-02 12:00:00,26266.25,26252.41,26425.73,26172.82,7413774.0
MDAX,DE0008467416,Deutschland,323547,EUR,2024-05-03 12:00:00,26259.33,26300.82,26613.08,26259.33,7537059.0
MDAX,DE0008467416,Deutschland,323547,EUR,2024-05-06 12:00:00,26307.29,26567.44,26637.31,26307.29,4266481.0
MDAX,DE0008467416,Deutschland,323547,EUR,2024-05-07 12:00:00,26567.28,26561.47,26661.39,26466.55,6830294.0
MDAX,DE0008467416,Deutschland,323547,EUR,2024-05-08 12:00:00,26560.44,26695.33,26823.95,26514.98,7164332.0
MDAX,DE0008467416,Deutschland,323547,EUR,2024-05-09 12:00:00,26692.61,26708.9,26753.9,26614.36,4382910.0
MDAX,DE0008467416,Deutschland,323547,EUR,2024-05-10 12:00:00,26709.25,26743.87,26892.81,26709.25,6162616.0
MDAX,DE0008467416,Deutschland,323547,EUR,2024-05-13 12:00:00,26742.81,26823.94,26856.47,26697.64,6967974.0
MDAX,DE0008467416,Deutschland,323547,EUR,2024-05-14 12:00:00,26827.97,27219.15,27270.12,26825.89,9308301.0
MDAX,DE0008467416,Deutschland,323547,EUR,2024-05-15 12:00:00,27222.68,27451.38,27556.71,27170.02,8837529.0
MDAX,DE0008467416,Deutschland,323547,EUR,2024-05-16 12:00:00,27451.65,27508.47,27641.56,27449.55,8555515.0
MDAX,DE0008467416,Deutschland,323547,EUR,2024-05-17 12:00:00,27507.14,27441.23,27507.14,27339.04,7006463.0
MDAX,DE0008467416,Deutschland,323547,EUR,2024-05-20 12:00:00,27446.78,27482.05,27587.19,27419.39,4186240.0
MDAX,DE0008467416,Deutschland,323547,EUR,2024-05-21 12:00:00,27472.1,27172.36,27472.1,27088.05,5962141.0
MDAX,DE0008467416,Deutschland,323547,EUR,2024-05-22 12:00:00,27174.12,27146.1,27186.01,27007.26,6412827.0
MDAX,DE0008467416,Deutschland,323547,EUR,2024-05-23 12:00:00,27146.88,27193.85,27356.5,27133.67,6359638.0
MDAX,DE0008467416,Deutschland,323547,EUR,2024-05-24 12:00:00,27162.62,27124.24,27186.84,26958.13,5203523.0
MDAX,DE0008467416,Deutschland,323547,EUR,2024-05-27 12:00:00,27123.3,27281.48,27295.83,27118.63,3648569.0
MDAX,DE0008467416,Deutschland,323547,EUR,2024-05-28 12:00:00,27299.09,27134.66,27476.19,27103.07,24585864.0
MDAX,DE0008467416,Deutschland,323547,EUR,2024-05-29 12:00:00,27134.66,26589.15,27141.3,26575.85,36210807.0
MDAX,DE0008467416,Deutschland,323547,EUR,2024-05-30 12:00:00,26586.0,26805.43,26829.54,26475.02,21623126.0
MDAX,DE0008467416,Deutschland,323547,EUR,2024-05-31 12:00:00,26803.59,26716.8,26803.59,26580.06,45556100.0
MDAX,DE0008467416,Deutschland,323547,EUR,2024-06-03 12:00:00,26729.2,26963.49,26994.27,26729.2,28453164.0
MDAX,DE0008467416,Deutschland,323547,EUR,2024-06-04 12:00:00,26963.49,26779.99,26963.49,26617.97,28372684.0
MDAX,DE0008467416,Deutschland,323547,EUR,2024-06-05 12:00:00,26784.54,26965.72,26980.62,26780.01,22810178.0
MDAX,DE0008467416,Deutschland,323547,EUR,2024-06-06 12:00:00,26966.51,27027.8,27222.92,26952.68,24124500.0
MDAX,DE0008467416,Deutschland,323547,EUR,2024-06-07 12:00:00,27028.27,26861.07,27042.93,26690.28,29290017.0
MDAX,DE0008467416,Deutschland,323547,EUR,2024-06-10 12:00:00,26861.43,26741.07,26861.43,26581.56,24941738.0
MDAX,DE0008467416,Deutschland,323547,EUR,2024-06-11 12:00:00,26743.41,26457.33,26807.54,26436.35,26964959.0
MDAX,DE0008467416,Deutschland,323547,EUR,2024-06-12 12:00:00,26461.78,26772.92,26810.85,26378.54,25762105.0
MDAX,DE0008467416,Deutschland,323547,EUR,2024-06-13 12:00:00,26774.68,26075.11,26774.68,26075.11,43011514.0
MDAX,DE0008467416,Deutschland,323547,EUR,2024-06-14 12:00:00,26080.15,25719.43,26149.5,25583.73,31669668.0
MDAX,DE0008467416,Deutschland,323547,EUR,2024-06-17 12:00:00,25718.53,25483.51,25843.54,25349.52,25323830.0
MDAX,DE0008467416,Deutschland,323547,EUR,2024-06-18 12:00:00,25486.67,25589.93,25707.3,25486.67,26816026.0
MDAX,DE0008467416,Deutschland,323547,EUR,2024-06-19 12:00:00,25581.66,25471.75,25581.66,25445.85,19997028.0
MDAX,DE0008467416,Deutschland,323547,EUR,2024-06-20 12:00:00,25472.26,25715.76,25738.85,25441.57,31771980.0
MDAX,DE0008467416,Deutschland,323547,EUR,2024-06-21 12:00:00,25710.29,25296.18,25716.93,25248.53,57463471.0
MDAX,DE0008467416,Deutschland,323547,EUR,2024-06-24 12:00:00,25298.66,25703.64,25719.81,25281.29,24665170.0
MDAX,DE0008467416,Deutschland,323547,EUR,2024-06-25 12:00:00,25704.01,25467.36,25704.01,25356.87,24215019.0
MDAX,DE0008467416,Deutschland,323547,EUR,2024-06-26 12:00:00,25474.6,25335.92,25666.79,25226.7,27059969.0
MDAX,DE0008467416,Deutschland,323547,EUR,2024-06-27 12:00:00,25337.57,25373.89,25445.43,25316.28,22880362.0
MDAX,DE0008467416,Deutschland,323547,EUR,2024-06-28 12:00:00,25376.6,25176.06,25422.17,25164.23,28379336.0
MDAX,DE0008467416,Deutschland,323547,EUR,2024-07-01 12:00:00,25181.24,25244.65,25540.91,25181.24,23809832.0
MDAX,DE0008467416,Deutschland,323547,EUR,2024-07-02 12:00:00,25243.03,25125.84,25243.03,24942.65,26610173.0
MDAX,DE0008467416,Deutschland,323547,EUR,2024-07-03 12:00:00,25128.9,25395.27,25449.18,25128.9,30935004.0
MDAX,DE0008467416,Deutschland,323547,EUR,2024-07-04 12:00:00,25395.27,25538.57,25608.18,25395.27,25475460.0
MDAX,DE0008467416,Deutschland,323547,EUR,2024-07-05 12:00:00,25541.26,25728.13,25893.21,25541.26,26602641.0
MDAX,DE0008467416,Deutschland,323547,EUR,2024-07-08 12:00:00,25726.34,25545.97,25746.24,25487.86,27947488.0
MDAX,DE0008467416,Deutschland,323547,EUR,2024-07-09 12:00:00,25541.48,25252.18,25543.87,25183.18,24644071.0
MDAX,DE0008467416,Deutschland,323547,EUR,2024-07-10 12:00:00,25253.43,25613.88,25640.49,25253.43,28777146.0
MDAX,DE0008467416,Deutschland,323547,EUR,2024-07-11 12:00:00,25613.59,25748.19,25766.94,25462.69,29496604.0
MDAX,DE0008467416,Deutschland,323547,EUR,2024-07-12 12:00:00,25752.87,25904.22,25955.74,25665.82,30649881.0
MDAX,DE0008467416,Deutschland,323547,EUR,2024-07-15 12:00:00,25898.6,25688.25,25898.6,25589.39,21763958.0
MDAX,DE0008467416,Deutschland,323547,EUR,2024-07-16 12:00:00,25685.53,25576.74,25685.53,25379.05,25166489.0
MDAX,DE0008467416,Deutschland,323547,EUR,2024-07-17 12:00:00,25574.94,25531.97,25665.18,25399.01,25059887.0
MDAX,DE0008467416,Deutschland,323547,EUR,2024-07-18 12:00:00,25533.53,25587.44,25773.82,25533.53,21690648.0
MDAX,DE0008467416,Deutschland,323547,EUR,2024-07-19 12:00:00,25586.46,25343.43,25586.46,25306.15,22837986.0
MDAX,DE0008467416,Deutschland,323547,EUR,2024-07-22 12:00:00,25369.5,25418.28,25588.57,25368.62,21329834.0
MDAX,DE0008467416,Deutschland,323547,EUR,2024-07-23 12:00:00,25480.46,25298.47,25489.72,25240.54,17234780.0
MDAX,DE0008467416,Deutschland,323547,EUR,2024-07-24 12:00:00,25203.72,25059.42,25293.5,25052.69,18921234.0
MDAX,DE0008467416,Deutschland,323547,EUR,2024-07-25 12:00:00,24943.68,24951.14,25012.21,24665.49,25921313.0
MDAX,DE0008467416,Deutschland,323547,EUR,2024-07-26 12:00:00,24943.82,25116.62,25186.32,24893.91,24070372.0
MDAX,DE0008467416,Deutschland,323547,EUR,2024-07-29 12:00:00,25197.61,25097.86,25292.43,25038.98,19772854.0
MDAX,DE0008467416,Deutschland,323547,EUR,2024-07-30 12:00:00,25109.37,25306.84,25395.33,25093.92,19823395.0
MDAX,DE0008467416,Deutschland,323547,EUR,2024-07-31 12:00:00,25371.5,25373.12,25658.59,25361.07,23982561.0
MDAX,DE0008467416,Deutschland,323547,EUR,2024-08-01 12:00:00,25311.96,25001.78,25391.72,24996.04,25044102.0
MDAX,DE0008467416,Deutschland,323547,EUR,2024-08-02 12:00:00,24756.19,24464.06,24757.81,24404.71,27019689.0
MDAX,DE0008467416,Deutschland,323547,EUR,2024-08-05 12:00:00,24302.25,23964.39,24302.25,23476.1,33634768.0
MDAX,DE0008467416,Deutschland,323547,EUR,2024-08-06 12:00:00,24087.79,24080.17,24313.79,23806.34,22701576.0
MDAX,DE0008467416,Deutschland,323547,EUR,2024-08-07 12:00:00,24190.8,24233.38,24340.36,24070.3,32715270.0
MDAX,DE0008467416,Deutschland,323547,EUR,2024-08-08 12:00:00,24145.93,24106.62,24155.14,23812.82,22634166.0
MDAX,DE0008467416,Deutschland,323547,EUR,2024-08-09 12:00:00,24151.03,24249.84,24497.41,24149.35,20456245.0
MDAX,DE0008467416,Deutschland,323547,EUR,2024-08-12 12:00:00,24293.28,24152.88,24418.41,24137.85,15775023.0
MDAX,DE0008467416,Deutschland,323547,EUR,2024-08-13 12:00:00,24193.61,24321.7,24352.64,24052.24,28215731.0
MDAX,DE0008467416,Deutschland,323547,EUR,2024-08-14 12:00:00,24412.02,24528.29,24616.86,24408.58,24087385.0
MDAX,DE0008467416,Deutschland,323547,EUR,2024-08-15 12:00:00,24606.97,24786.62,24849.85,24528.68,21156872.0
MDAX,DE0008467416,Deutschland,323547,EUR,2024-08-16 12:00:00,24832.69,24812.18,24956.26,24721.49,20522358.0
MDAX,DE0008467416,Deutschland,323547,EUR,2024-08-19 12:00:00,24819.58,24955.08,25019.46,24814.74,18651632.0
MDAX,DE0008467416,Deutschland,323547,EUR,2024-08-20 12:00:00,24991.1,24769.21,25043.64,24754.22,15854554.0
MDAX,DE0008467416,Deutschland,323547,EUR,2024-08-21 12:00:00,24741.74,24915.82,24974.85,24739.09,14620392.0
MDAX,DE0008467416,Deutschland,323547,EUR,2024-08-22 12:00:00,24878.16,24967.01,25112.64,24868.41,14638678.0
MDAX,DE0008467416,Deutschland,323547,EUR,2024-08-23 12:00:00,24988.98,25196.58,25216.14,24975.96,16710381.0
MDAX,DE0008467416,Deutschland,323547,EUR,2024-08-26 12:00:00,25168.31,25174.14,25215.57,25096.01,11078574.0
MDAX,DE0008467416,Deutschland,323547,EUR,2024-08-27 12:00:00,25189.0,25281.22,25327.88,25178.62,18824134.0
MDAX,DE0008467416,Deutschland,323547,EUR,2024-08-28 12:00:00,25307.66,25213.8,25361.4,25202.04,20993971.0
MDAX,DE0008467416,Deutschland,323547,EUR,2024-08-29 12:00:00,25215.28,25508.74,25529.41,25212.85,20270568.0
MDAX,DE0008467416,Deutschland,323547,EUR,2024-08-30 12:00:00,25502.46,25703.44,25743.77,25500.43,26486886.0
MDAX,DE0008467416,Deutschland,323547,EUR,2024-09-02 12:00:00,25698.82,25642.29,25711.78,25414.34,16630506.0
MDAX,DE0008467416,Deutschland,323547,EUR,2024-09-03 12:00:00,25627.07,25405.46,25744.35,25284.09,21899058.0
MDAX,DE0008467416,Deutschland,323547,EUR,2024-09-04 12:00:00,25148.32,25296.83,25320.04,25033.83,20788893.0
MDAX,DE0008467416,Deutschland,323547,EUR,2024-09-05 12:00:00,25193.38,25357.97,25498.93,25169.71,26385864.0
MDAX,DE0008467416,Deutschland,323547,EUR,2024-09-06 12:00:00,25323.71,25046.52,25394.56,25018.34,24780788.0
MDAX,DE0008467416,Deutschland,323547,EUR,2024-09-09 12:00:00,25100.43,25201.26,25282.43,25100.43,17123713.0
MDAX,DE0008467416,Deutschland,323547,EUR,2024-09-10 12:00:00,25207.37,25199.0,25344.6,25050.15,30675364.0
MDAX,DE0008467416,Deutschland,323547,EUR,2024-09-11 12:00:00,25239.99,25105.73,25427.43,25044.83,26880549.0
MDAX,DE0008467416,Deutschland,323547,EUR,2024-09-12 12:00:00,25301.86,25233.21,25498.19,25113.07,26801318.0
MDAX,DE0008467416,Deutschland,323547,EUR,2024-09-13 12:00:00,25240.9,25550.66,25660.2,25238.88,22728231.0
MDAX,DE0008467416,Deutschland,323547,EUR,2024-09-16 12:00:00,25527.97,25412.15,25527.97,25360.39,15407015.0
MDAX,DE0008467416,Deutschland,323547,EUR,2024-09-17 12:00:00,25482.04,25781.19,25899.66,25477.55,26648097.0
MDAX,DE0008467416,Deutschland,323547,EUR,2024-09-18 12:00:00,25786.09,25790.13,25886.25,25702.22,18430008.0
MDAX,DE0008467416,Deutschland,323547,EUR,2024-09-19 12:00:00,25996.52,26265.94,26368.43,25994.58,33974716.0
MDAX,DE0008467416,Deutschland,323547,EUR,2024-09-20 12:00:00,26177.66,25843.27,26180.35,25830.64,64340855.0
MDAX,DE0008467416,Deutschland,323547,EUR,2024-09-23 12:00:00,25879.72,25996.06,26110.61,25744.28,18844373.0
MDAX,DE0008467416,Deutschland,323547,EUR,2024-09-24 12:00:00,26112.84,26083.75,26269.05,26024.09,22889476.0
MDAX,DE0008467416,Deutschland,323547,EUR,2024-09-25 12:00:00,26038.3,26317.3,26342.19,26027.66,21859598.0
MDAX,DE0008467416,Deutschland,323547,EUR,2024-09-26 12:00:00,26532.49,26797.03,26947.13,26532.49,30794227.0
MDAX,DE0008467416,Deutschland,323547,EUR,2024-09-27 12:00:00,26801.15,27210.14,27222.35,26801.15,30462243.0
MDAX,DE0008467416,Deutschland,323547,EUR,2024-09-30 12:00:00,27134.75,26853.74,27236.17,26849.0,28411151.0
MDAX,DE0008467416,Deutschland,323547,EUR,2024-10-01 12:00:00,26969.11,26837.25,27220.74,26739.76,36656772.0
MDAX,DE0008467416,Deutschland,323547,EUR,2024-10-02 12:00:00,26773.08,26773.04,26877.13,26636.43,29736375.0
MDAX,DE0008467416,Deutschland,323547,EUR,2024-10-03 12:00:00,26700.55,26576.03,26770.55,26511.51,17499437.0
MDAX,DE0008467416,Deutschland,323547,EUR,2024-10-04 12:00:00,26555.61,26850.01,26915.6,26522.96,18502549.0
MDAX,DE0008467416,Deutschland,323547,EUR,2024-10-07 12:00:00,26948.2,26740.18,26976.03,26616.24,21573671.0
MDAX,DE0008467416,Deutschland,323547,EUR,2024-10-08 12:00:00,26612.33,26624.52,26673.79,26488.48,21670618.0
MDAX,DE0008467416,Deutschland,323547,EUR,2024-10-09 12:00:00,26670.38,26938.26,26951.3,26670.38,16679762.0
MDAX,DE0008467416,Deutschland,323547,EUR,2024-10-10 12:00:00,26918.75,26745.79,26955.34,26659.16,19719574.0
MDAX,DE0008467416,Deutschland,323547,EUR,2024-10-11 12:00:00,26749.97,26838.5,26897.46,26714.98,15302777.0
MDAX,DE0008467416,Deutschland,323547,EUR,2024-10-14 12:00:00,26828.76,26894.35,26909.17,26776.03,18845643.0
MDAX,DE0008467416,Deutschland,323547,EUR,2024-10-15 12:00:00,26951.62,26935.0,27013.36,26832.29,26243910.0
MDAX,DE0008467416,Deutschland,323547,EUR,2024-10-16 12:00:00,26860.69,27055.77,27069.06,26808.04,19357235.0
MDAX,DE0008467416,Deutschland,323547,EUR,2024-10-17 12:00:00,27107.27,27152.93,27215.57,27032.83,18339236.0
MDAX,DE0008467416,Deutschland,323547,EUR,2024-10-18 12:00:00,27169.42,27336.34,27359.34,27162.18,25265480.0
MDAX,DE0008467416,Deutschland,323547,EUR,2024-10-21 12:00:00,27324.48,27152.77,27474.57,27126.16,18546080.0
MDAX,DE0008467416,Deutschland,323547,EUR,2024-10-22 12:00:00,27138.08,27087.1,27167.47,26926.6,20389359.0
MDAX,DE0008467416,Deutschland,323547,EUR,2024-10-23 12:00:00,27075.77,27022.06,27244.02,27020.34,22393852.0
MDAX,DE0008467416,Deutschland,323547,EUR,2024-10-24 12:00:00,27037.21,27142.17,27311.19,27031.65,21242643.0
MDAX,DE0008467416,Deutschland,323547,EUR,2024-10-25 12:00:00,27130.02,27259.56,27298.58,27097.95,21127578.0
MDAX,DE0008467416,Deutschland,323547,EUR,2024-10-28 12:00:00,27361.99,27336.97,27455.7,27248.53,24604284.0
MDAX,DE0008467416,Deutschland,323547,EUR,2024-10-29 12:00:00,27323.84,27060.92,27371.35,26999.51,28246464.0
MDAX,DE0008467416,Deutschland,323547,EUR,2024-10-30 12:00:00,26981.5,26630.86,27052.79,26630.86,24349011.0
MDAX,DE0008467416,Deutschland,323547,EUR,2024-10-31 12:00:00,26492.6,26326.84,26544.88,26237.05,23285178.0
MDAX,DE0008467416,Deutschland,323547,EUR,2024-11-01 12:00:00,26356.02,26514.02,26592.15,26336.11,20319048.0
MDAX,DE0008467416,Deutschland,323547,EUR,2024-11-04 12:00:00,26488.04,26417.99,26661.58,26410.19,23109890.0
MDAX,DE0008467416,Deutschland,323547,EUR,2024-11-05 12:00:00,26406.36,26566.72,26608.72,26396.57,28525674.0
MDAX,DE0008467416,Deutschland,323547,EUR,2024-11-06 12:00:00,26614.03,26338.01,26912.63,26299.86,35914176.0
MDAX,DE0008467416,Deutschland,323547,EUR,2024-11-07 12:00:00,26379.06,26529.4,26718.88,26364.74,30334562.0
MDAX,DE0008467416,Deutschland,323547,EUR,2024-11-08 12:00:00,26588.0,26590.85,26674.63,26445.88,24955527.0
MDAX,DE0008467416,Deutschland,323547,EUR,2024-11-11 12:00:00,26742.19,26997.2,27163.23,26742.19,21805670.0
MDAX,DE0008467416,Deutschland,323547,EUR,2024-11-12 12:00:00,26847.33,26450.62,26847.33,26427.18,25167537.0
MDAX,DE0008467416,Deutschland,323547,EUR,2024-11-13 12:00:00,26412.45,26239.67,26497.92,26135.07,23962354.0
MDAX,DE0008467416,Deutschland,323547,EUR,2024-11-14 12:00:00,26248.53,26474.41,26475.42,26152.82,20457988.0
MDAX,DE0008467416,Deutschland,323547,EUR,2024-11-15 12:00:00,26374.33,26411.07,26598.0,26316.2,27007103.0
MDAX,DE0008467416,Deutschland,323547,EUR,2024-11-18 12:00:00,26432.06,26195.18,26529.25,26126.25,20187703.0
MDAX,DE0008467416,Deutschland,323547,EUR,2024-11-19 12:00:00,26219.23,26098.79,26356.93,25837.06,31924058.0
MDAX,DE0008467416,Deutschland,323547,EUR,2024-11-20 12:00:00,26230.91,26002.57,26310.09,25997.89,18566904.0
MDAX,DE0008467416,Deutschland,323547,EUR,2024-11-21 12:00:00,26002.66,25868.27,26038.71,25720.25,19750528.0
MDAX,DE0008467416,Deutschland,323547,EUR,2024-11-22 12:00:00,25951.54,26180.2,26220.51,25843.14,21983828.0
MDAX,DE0008467416,Deutschland,323547,EUR,2024-11-25 12:00:00,26303.7,26469.47,26501.55,26232.51,38817991.0
MDAX,DE0008467416,Deutschland,323547,EUR,2024-11-26 12:00:00,26351.45,26210.76,26404.2,26181.04,18872828.0
MDAX,DE0008467416,Deutschland,323547,EUR,2024-11-27 12:00:00,26196.21,26186.91,26308.55,26104.18,20347985.0
MDAX,DE0008467416,Deutschland,323547,EUR,2024-11-28 12:00:00,26241.26,26225.82,26380.92,26224.7,20545218.0
MDAX,DE0008467416,Deutschland,323547,EUR,2024-11-29 12:00:00,26219.97,26320.47,26320.47,26146.21,15747924.0
MDAX,DE0008467416,Deutschland,323547,EUR,2024-12-02 12:00:00,26315.15,26302.94,26328.22,26114.92,21774063.0
MDAX,DE0008467416,Deutschland,323547,EUR,2024-12-03 12:00:00,26320.61,26450.55,26479.44,26314.6,23328734.0
MDAX,DE0008467416,Deutschland,323547,EUR,2024-12-04 12:00:00,26515.29,26821.54,26824.06,26515.29,24244966.0
MDAX,DE0008467416,Deutschland,323547,EUR,2024-12-05 12:00:00,26824.26,27132.8,27159.59,26817.85,32562590.0
MDAX,DE0008467416,Deutschland,323547,EUR,2024-12-06 12:00:00,27142.77,27310.86,27317.68,27134.49,23324195.0
MDAX,DE0008467416,Deutschland,323547,EUR,2024-12-09 12:00:00,27379.26,27099.6,27406.09,27056.42,25057526.0
MDAX,DE0008467416,Deutschland,323547,EUR,2024-12-10 12:00:00,26982.45,26855.37,26997.39,26823.77,24398338.0
MDAX,DE0008467416,Deutschland,323547,EUR,2024-12-11 12:00:00,26835.88,26929.05,26989.04,26707.58,20949454.0
MDAX,DE0008467416,Deutschland,323547,EUR,2024-12-12 12:00:00,26970.56,26812.99,27039.36,26781.88,21336067.0
MDAX,DE0008467416,Deutschland,323547,EUR,2024-12-13 12:00:00,26793.82,26527.69,26862.7,26526.33,23581678.0
MDAX,DE0008467416,Deutschland,323547,EUR,2024-12-16 12:00:00,26479.3,26186.1,26503.14,26105.83,20062500.0
MDAX,DE0008467416,Deutschland,323547,EUR,2024-12-17 12:00:00,26101.04,25939.89,26145.1,25937.78,20759715.0
MDAX,DE0008467416,Deutschland,323547,EUR,2024-12-18 12:00:00,25968.75,25847.51,25982.94,25847.51,23830162.0
MDAX,DE0008467416,Deutschland,323547,EUR,2024-12-19 12:00:00,25579.5,25428.36,25649.95,25392.3,26971446.0
MDAX,DE0008467416,Deutschland,323547,EUR,2024-12-20 12:00:00,25279.95,25549.77,25575.66,25102.26,45582228.0
MDAX,DE0008467416,Deutschland,323547,EUR,2024-12-23 12:00:00,25528.23,25705.25,25705.25,25429.43,21201479.0
MDAX,DE0008467416,Deutschland,323547,EUR,2024-12-27 12:00:00,25689.78,25705.13,25783.75,25542.56,18442881.0
MDAX,DE0008467416,Deutschland,323547,EUR,2024-12-30 12:00:00,25619.22,25589.06,25655.62,25527.18,11808454.0
MDAX,DE0008467416,Deutschland,323547,EUR,2025-01-02 12:00:00,25610.11,25718.85,25762.72,25576.83,17918658.0
MDAX,DE0008467416,Deutschland,323547,EUR,2025-01-03 12:00:00,25716.57,25500.4,25748.3,25481.92,18104407.0
MDAX,DE0008467416,Deutschland,323547,EUR,2025-01-06 12:00:00,25563.1,25699.77,25859.81,25547.87,27787970.0
MDAX,DE0008467416,Deutschland,323547,EUR,2025-01-07 12:00:00,25738.18,25810.16,25917.19,25691.33,24851434.0
MDAX,DE0008467416,Deutschland,323547,EUR,2025-01-08 12:00:00,25816.35,25574.85,25909.77,25490.96,25198637.0
MDAX,DE0008467416,Deutschland,323547,EUR,2025-01-09 12:00:00,25526.71,25581.27,25662.44,25512.35,28584497.0
MDAX,DE0008467416,Deutschland,323547,EUR,2025-01-10 12:00:00,25579.25,25371.22,25616.52,25322.09,27156610.0
MDAX,DE0008467416,Deutschland,323547,EUR,2025-01-13 12:00:00,25308.01,25042.1,25315.9,24989.87,22652286.0
MDAX,DE0008467416,Deutschland,323547,EUR,2025-01-14 12:00:00,25136.46,25167.49,25456.11,25136.46,28873746.0
MDAX,DE0008467416,Deutschland,323547,EUR,2025-01-15 12:00:00,25236.52,25564.59,25624.36,25236.52,25078434.0
MDAX,DE0008467416,Deutschland,323547,EUR,2025-01-16 12:00:00,25661.01,25511.38,25747.12,25381.88,20033788.0
MDAX,DE0008467416,Deutschland,323547,EUR,2025-01-17 12:00:00,25583.49,25834.72,25844.36,25583.25,20181312.0
MDAX,DE0008467416,Deutschland,323547,EUR,2025-01-20 12:00:00,25852.84,26001.96,26045.65,25728.19,18213564.0
MDAX,DE0008467416,Deutschland,323547,EUR,2025-01-21 12:00:00,25944.77,25972.67,26035.09,25878.51,16492983.0
MDAX,DE0008467416,Deutschland,323547,EUR,2025-01-22 12:00:00,26010.09,26055.92,26097.2,25952.35,22374348.0
MDAX,DE0008467416,Deutschland,323547,EUR,2025-01-23 12:00:00,26060.26,25951.24,26061.12,25868.44,31820787.0
MDAX,DE0008467416,Deutschland,323547,EUR,2025-01-24 12:00:00,26068.64,26108.46,26284.49,26017.17,28960028.0
MDAX,DE0008467416,Deutschland,323547,EUR,2025-01-27 12:00:00,25998.04,26104.1,26182.58,25839.56,27718848.0
MDAX,DE0008467416,Deutschland,323547,EUR,2025-01-28 12:00:00,26102.08,26255.4,26320.64,26037.38,26009025.0
MDAX,DE0008467416,Deutschland,323547,EUR,2025-01-29 12:00:00,26333.62,26213.82,26432.03,26208.06,23109524.0
MDAX,DE0008467416,Deutschland,323547,EUR,2025-01-30 12:00:00,26268.92,26732.51,26732.51,26262.6,24220945.0
MDAX,DE0008467416,Deutschland,323547,EUR,2025-01-31 12:00:00,26762.6,26730.94,26835.82,26692.93,21931163.0
MDAX,DE0008467416,Deutschland,323547,EUR,2025-02-03 12:00:00,26192.94,26388.15,26410.99,26014.21,27829676.0
MDAX,DE0008467416,Deutschland,323547,EUR,2025-02-04 12:00:00,26417.74,26420.99,26519.67,26186.65,21946408.0
MDAX,DE0008467416,Deutschland,323547,EUR,2025-02-05 12:00:00,26383.82,26648.25,26648.25,26269.69,20803219.0
MDAX,DE0008467416,Deutschland,323547,EUR,2025-02-06 12:00:00,26748.44,27059.35,27060.05,26725.24,32256505.0
MDAX,DE0008467416,Deutschland,323547,EUR,2025-02-07 12:00:00,27076.12,26974.15,27222.99,26934.75,31597188.0
MDAX,DE0008467416,Deutschland,323547,EUR,2025-02-10 12:00:00,27018.08,27283.95,27310.23,26987.5,20370111.0
MDAX,DE0008467416,Deutschland,323547,EUR,2025-02-11 12:00:00,27266.05,27246.06,27281.41,27119.01,25686882.0
MDAX,DE0008467416,Deutschland,323547,EUR,2025-02-12 12:00:00,27306.34,27187.8,27414.08,27099.36,31238398.0
MDAX,DE0008467416,Deutschland,323547,EUR,2025-02-13 12:00:00,27342.21,27760.53,27770.64,27342.21,44288454.0
MDAX,DE0008467416,Deutschland,323547,EUR,2025-02-14 12:00:00,27753.59,27659.84,27794.13,27621.91,31532072.0
MDAX,DE0008467416,Deutschland,323547,EUR,2025-02-17 12:00:00,27644.96,28154.74,28189.23,27596.48,38300998.0
MDAX,DE0008467416,Deutschland,323547,EUR,2025-02-18 12:00:00,28190.55,28306.85,28505.53,28032.28,40633378.0
MDAX,DE0008467416,Deutschland,323547,EUR,2025-02-19 12:00:00,28300.91,27584.25,28317.8,27530.96,40939255.0
MDAX,DE0008467416,Deutschland,323547,EUR,2025-02-20 12:00:00,27700.94,27397.26,27922.89,27375.8,28880797.0
MDAX,DE0008467416,Deutschland,323547,EUR,2025-02-21 12:00:00,27506.45,27501.51,27724.45,27371.23,26577742.0
MDAX,DE0008467416,Deutschland,323547,EUR,2025-02-24 12:00:00,27742.28,27918.55,28279.98,27734.61,37116134.0
MDAX,DE0008467416,Deutschland,323547,EUR,2025-02-25 12:00:00,27838.14,28086.48,28338.66,27804.94,42363074.0
MDAX,DE0008467416,Deutschland,323547,EUR,2025-02-26 12:00:00,28193.02,28621.29,28648.2,28182.74,41860089.0
MDAX,DE0008467416,Deutschland,323547,EUR,2025-02-27 12:00:00,28472.9,28558.19,28606.83,28229.05,46734088.0
MDAX,DE0008467416,Deutschland,323547,EUR,2025-02-28 12:00:00,28412.41,28298.44,28413.68,28140.79,57277911.0
MDAX,DE0008467416,Deutschland,323547,EUR,2025-03-03 12:00:00,28388.4,28990.98,29228.62,28381.83,53337060.0
MDAX,DE0008467416,Deutschland,323547,EUR,2025-03-04 12:00:00,28821.94,28038.73,28890.04,28035.36,50151732.0
MDAX,DE0008467416,Deutschland,323547,EUR,2025-03-05 12:00:00,28689.74,29763.14,29959.71,28683.2,88265033.0
MDAX,DE0008467416,Deutschland,323547,EUR,2025-03-06 12:00:00,29907.96,30289.61,30505.59,29907.96,106882746.0
MDAX,DE0008467416,Deutschland,323547,EUR,2025-03-07 12:00:00,30161.41,29560.3,30161.41,29389.14,52328647.0
MDAX,DE0008467416,Deutschland,323547,EUR,2025-03-10 12:00:00,29787.07,29027.31,29924.86,28913.36,43877757.0
MDAX,DE0008467416,Deutschland,323547,EUR,2025-03-11 12:00:00,29035.57,28550.92,29335.28,28500.55,48320100.0
MDAX,DE0008467416,Deutschland,323547,EUR,2025-03-12 12:00:00,28693.55,28685.73,28855.72,28447.51,51103834.0
MDAX,DE0008467416,Deutschland,323547,EUR,2025-03-13 12:00:00,28575.22,28470.09,28770.9,28255.76,43440919.0
MDAX,DE0008467416,Deutschland,323547,EUR,2025-03-14 12:00:00,28417.71,29164.6,29393.78,28397.13,54661169.0
MDAX,DE0008467416,Deutschland,323547,EUR,2025-03-17 12:00:00,29279.12,29513.43,29606.85,29223.67,39608542.0
MDAX,DE0008467416,Deutschland,323547,EUR,2025-03-18 12:00:00,29645.19,29970.08,30175.03,29609.62,58339409.0
MDAX,DE0008467416,Deutschland,323547,EUR,2025-03-19 12:00:00,29917.67,29644.73,30000.03,29498.82,44088963.0
MDAX,DE0008467416,Deutschland,323547,EUR,2025-03-20 12:00:00,29667.49,29102.2,29680.93,28774.93,40449611.0
MDAX,DE0008467416,Deutschland,323547,EUR,2025-03-21 12:00:00,28996.03,28783.6,29005.19,28529.83,65076914.0
MDAX,DE0008467416,Deutschland,323547,EUR,2025-03-24 12:00:00,29001.17,28755.62,29156.63,28753.85,25471652.0
MDAX,DE0008467416,Deutschland,323547,EUR,2025-03-25 12:00:00,28737.5,28929.77,29074.76,28584.68,29321666.0
MDAX,DE0008467416,Deutschland,323547,EUR,2025-03-26 12:00:00,29058.37,28864.48,29128.47,28717.73,33138500.0
MDAX,DE0008467416,Deutschland,323547,EUR,2025-03-27 12:00:00,28676.18,28628.56,28745.26,28362.39,31090614.0
MDAX,DE0008467416,Deutschland,323547,EUR,2025-03-28 12:00:00,28479.82,27852.37,28613.8,27843.36,31289897.0
MDAX,DE0008467416,Deutschland,323547,EUR,2025-03-31 12:00:00,27602.05,27393.22,27624.2,27039.64,40647377.0
MDAX,DE0008467416,Deutschland,323547,EUR,2025-04-01 12:00:00,27573.25,27691.41,27895.6,27500.64,31289553.0
MDAX,DE0008467416,Deutschland,323547,EUR,2025-04-02 12:00:00,27667.73,27494.4,27724.96,27166.52,24014416.0
MDAX,DE0008467416,Deutschland,323547,EUR,2025-04-03 12:00:00,26855.76,26874.62,27329.23,26794.44,43829877.0
MDAX,DE0008467416,Deutschland,323547,EUR,2025-04-04 12:00:00,26757.69,25408.54,26807.98,24863.42,68828429.0
MDAX,DE0008467416,Deutschland,323547,EUR,2025-04-07 12:00:00,23350.98,24640.54,25768.89,23135.2,76402194.0
MDAX,DE0008467416,Deutschland,323547,EUR,2025-04-08 12:00:00,25045.13,25571.08,25711.74,24890.28,44118735.0
MDAX,DE0008467416,Deutschland,323547,EUR,2025-04-09 12:00:00,25021.96,24866.0,25219.85,24412.7,46047204.0
MDAX,DE0008467416,Deutschland,323547,EUR,2025-04-10 12:00:00,26490.93,25703.63,26871.91,25703.63,48212408.0
MDAX,DE0008467416,Deutschland,323547,EUR,2025-04-11 12:00:00,25905.49,25774.26,26025.79,25306.32,39547573.0
MDAX,DE0008467416,Deutschland,323547,EUR,2025-04-14 12:00:00,26161.21,26627.26,26709.85,26141.07,25573993.0
MDAX,DE0008467416,Deutschland,323547,EUR,2025-04-15 12:00:00,26724.31,27266.31,27267.35,26724.31,26224206.0
MDAX,DE0008467416,Deutschland,323547,EUR,2025-04-16 12:00:00,27138.76,27219.29,27219.29,26876.74,23603434.0
MDAX,DE0008467416,Deutschland,323547,EUR,2025-04-17 12:00:00,27205.18,27148.42,27289.81,26889.37,21810135.0
MDAX,DE0008467416,Deutschland,323547,EUR,2025-04-22 12:00:00,27123.69,27278.11,27278.87,26994.01,23684612.0
MDAX,DE0008467416,Deutschland,323547,EUR,2025-04-23 12:00:00,27576.39,27663.22,27942.06,27462.33,30245114.0
MDAX,DE0008467416,Deutschland,323547,EUR,2025-04-24 12:00:00,27570.05,27907.71,27936.92,27350.83,25404321.0
MDAX,DE0008467416,Deutschland,323547,EUR,2025-04-25 12:00:00,28005.51,28294.65,28294.65,28001.45,23891451.0
MDAX,DE0008467416,Deutschland,323547,EUR,2025-04-28 12:00:00,28332.2,28308.01,28466.84,28183.73,25929273.0
MDAX,DE0008467416,Deutschland,323547,EUR,2025-04-29 12:00:00,28382.6,28432.19,28698.97,28336.06,35387231.0
MDAX,DE0008467416,Deutschland,323547,EUR,2025-04-30 12:00:00,28546.23,28737.65,28737.65,28338.48,33712094.0
MDAX,DE0008467416,Deutschland,323547,EUR,2025-05-02 12:00:00,28947.88,29327.13,29327.98,28947.88,31057463.0
MDAX,DE0008467416,Deutschland,323547,EUR,2025-05-05 12:00:00,29314.29,29618.15,29620.63,29314.29,20719712.0
MDAX,DE0008467416,Deutschland,323547,EUR,2025-05-06 12:00:00,29700.18,29350.23,29716.04,28690.02,37252777.0
MDAX,DE0008467416,Deutschland,323547,EUR,2025-05-07 12:00:00,29358.9,29171.57,29477.26,29081.18,28993568.0
MDAX,DE0008467416,Deutschland,323547,EUR,2025-05-08 12:00:00,29298.89,29554.24,29589.11,29247.86,30192069.0
MDAX,DE0008467416,Deutschland,323547,EUR,2025-05-09 12:00:00,29594.76,29730.13,29798.52,29496.52,30830787.0
MDAX,DE0008467416,Deutschland,323547,EUR,2025-05-12 12:00:00,29904.61,29785.72,30202.13,29564.84,39538223.0
MDAX,DE0008467416,Deutschland,323547,EUR,2025-05-13 12:00:00,29811.68,29755.94,29825.37,29626.94,25348887.0
MDAX,DE0008467416,Deutschland,323547,EUR,2025-05-14 12:00:00,29788.53,29497.14,29856.17,29391.98,31321677.0
MDAX,DE0008467416,Deutschland,323547,EUR,2025-05-15 12:00:00,29455.81,29826.41,29826.41,29390.99,43721716.0
MDAX,DE0008467416,Deutschland,323547,EUR,2025-05-16 12:00:00,29931.34,29887.68,30088.76,29738.67,30221443.0
MDAX,DE0008467416,Deutschland,323547,EUR,2025-05-19 12:00:00,29818.42,30131.65,30131.65,29806.4,21834036.0
MDAX,DE0008467416,Deutschland,323547,EUR,2025-05-20 12:00:00,30187.57,30550.83,30552.39,30114.23,30332545.0
MDAX,DE0008467416,Deutschland,323547,EUR,2025-05-21 12:00:00,30473.07,30442.89,30582.72,30307.38,24368442.0
MDAX,DE0008467416,Deutschland,323547,EUR,2025-05-22 12:00:00,30313.68,30053.54,30314.97,29742.48,26126635.0
MDAX,DE0008467416,Deutschland,323547,EUR,2025-05-23 12:00:00,30071.57,29894.72,30226.6,29265.71,32617547.0
MDAX,DE0008467416,Deutschland,323547,EUR,2025-05-26 12:00:00,30237.31,30390.05,30416.38,30237.31,21944788.0
MDAX,DE0008467416,Deutschland,323547,EUR,2025-05-27 12:00:00,30469.29,30632.05,30691.66,30416.08,26567427.0
MDAX,DE0008467416,Deutschland,323547,EUR,2025-05-28 12:00:00,30619.48,30648.82,30829.6,30616.9,28419272.0
MDAX,DE0008467416,Deutschland,323547,EUR,2025-05-29 12:00:00,30895.75,30697.55,30967.07,30644.4,27840843.0
MDAX,DE0008467416,Deutschland,323547,EUR,2025-05-30 12:00:00,30670.6,30594.39,30920.37,30564.72,42680919.0
MDAX,DE0008467416,Deutschland,323547,EUR,2025-06-02 12:00:00,30551.82,30756.09,30851.63,30451.69,29952339.0
MDAX,DE0008467416,Deutschland,323547,EUR,2025-06-03 12:00:00,30843.02,30773.34,30889.13,30579.13,27483506.0
MDAX,DE0008467416,Deutschland,323547,EUR,2025-06-04 12:00:00,30937.79,31029.82,31049.89,30800.03,30214957.0
MDAX,DE0008467416,Deutschland,323547,EUR,2025-06-05 12:00:00,30986.57,31135.59,31384.62,30954.01,23343278.0
MDAX,DE0008467416,Deutschland,323547,EUR,2025-06-06 12:00:00,31135.02,30875.14,31151.06,30846.66,17503359.0
MDAX,DE0008467416,Deutschland,323547,EUR,2025-06-09 12:00:00,30808.55,30871.79,30963.02,30732.19,17046438.0
MDAX,DE0008467416,Deutschland,323547,EUR,2025-06-10 12:00:00,30817.16,30548.82,30817.16,30422.32,21636856.0
MDAX,DE0008467416,Deutschland,323547,EUR,2025-06-11 12:00:00,30523.4,30631.7,30786.62,30482.81,23046407.0
MDAX,DE0008467416,Deutschland,323547,EUR,2025-06-12 12:00:00,30559.45,30201.7,30559.45,30074.17,26294551.0
MDAX,DE0008467416,Deutschland,323547,EUR,2025-06-13 12:00:00,29914.07,29742.09,29967.17,29566.53,28463309.0
MDAX,DE0008467416,Deutschland,323547,EUR,2025-06-16 12:00:00,29809.64,30006.05,30011.69,29780.92,21998698.0
MDAX,DE0008467416,Deutschland,323547,EUR,2025-06-17 12:00:00,29797.7,29720.25,29808.13,29472.11,25165179.0
MDAX,DE0008467416,Deutschland,323547,EUR,2025-06-18 12:00:00,29669.74,29684.32,29783.76,29488.96,36955140.0
MDAX,DE0008467416,Deutschland,323547,EUR,2025-06-19 12:00:00,29494.43,29120.07,29527.3,29120.07,16137818.0
MDAX,DE0008467416,Deutschland,323547,EUR,2025-06-20 12:00:00,29216.28,29365.17,29568.8,29216.28,67687669.0
MDAX,DE0008467416,Deutschland,323547,EUR,2025-06-23 12:00:00,29163.72,29283.92,29431.45,28988.21,20801075.0
MDAX,DE0008467416,Deutschland,323547,EUR,2025-06-24 12:00:00,29505.37,29957.56,30095.59,29489.65,33469236.0
MDAX,DE0008467416,Deutschland,323547,EUR,2025-06-25 12:00:00,30048.8,29925.98,30097.64,29895.85,25586533.0
MDAX,DE0008467416,Deutschland,323547,EUR,2025-06-26 12:00:00,29961.96,30100.76,30192.94,29958.04,17423835.0
MDAX,DE0008467416,Deutschland,323547,EUR,2025-06-27 12:00:00,30247.48,30357.94,30357.94,30044.68,22216238.0
MDAX,DE0008467416,Deutschland,323547,EUR,2025-06-30 12:00:00,30488.32,30483.5,30591.09,30431.02,24829093.0
MDAX,DE0008467416,Deutschland,323547,EUR,2025-07-01 12:00:00,30512.78,30247.39,30541.53,30184.7,25195290.0
MDAX,DE0008467416,Deutschland,323547,EUR,2025-07-02 12:00:00,30305.57,30294.88,30377.65,30096.07,27706447.0
MDAX,DE0008467416,Deutschland,323547,EUR,2025-07-03 12:00:00,30353.89,30388.15,30424.02,30247.57,18763917.0
MDAX,DE0008467416,Deutschland,323547,EUR,2025-07-04 12:00:00,30243.74,30280.91,30345.39,30157.06,15466844.0
MDAX,DE0008467416,Deutschland,323547,EUR,2025-07-07 12:00:00,30316.61,30746.88,30746.88,30247.16,20472367.0
MDAX,DE0008467416,Deutschland,323547,EUR,2025-07-08 12:00:00,30769.46,31057.91,31067.58,30673.43,28266730.0
MDAX,DE0008467416,Deutschland,323547,EUR,2025-07-09 12:00:00,31066.18,31536.47,31579.5,31064.26,28587277.0
MDAX,DE0008467416,Deutschland,323547,EUR,2025-07-10 12:00:00,31596.78,31649.14,31752.97,31503.73,30015265.0
MDAX,DE0008467416,Deutschland,323547,EUR,2025-07-11 12:00:00,31505.78,31354.15,31555.66,31222.49,21928552.0
MDAX,DE0008467416,Deutschland,323547,EUR,2025-07-14 12:00:00,31119.2,31211.23,31262.17,31007.11,20951873.0
MDAX,DE0008467416,Deutschland,323547,EUR,2025-07-15 12:00:00,31307.89,31086.25,31392.47,31083.11,19533701.0
MDAX,DE0008467416,Deutschland,323547,EUR,2025-07-16 12:00:00,31029.81,30721.24,31054.43,30721.24,23290709.0
MDAX,DE0008467416,Deutschland,323547,EUR,2025-07-17 12:00:00,30878.21,31014.83,31087.54,30858.69,21031462.0
MDAX,DE0008467416,Deutschland,323547,EUR,2025-07-18 12:00:00,31037.64,31098.37,31336.28,31030.53,25031487.0
MDAX,DE0008467416,Deutschland,323547,EUR,2025-07-21 12:00:00,31154.15,31339.69,31463.43,31151.3,32160111.0
MDAX,DE0008467416,Deutschland,323547,EUR,2025-07-22 12:00:00,31264.58,31127.86,31279.64,30911.87,19346003.0
MDAX,DE0008467416,Deutschland,323547,EUR,2025-07-23 12:00:00,31292.73,31512.25,31525.51,31250.51,23061083.0
MDAX,DE0008467416,Deutschland,323547,EUR,2025-07-24 12:00:00,31643.21,31633.56,31728.81,31448.68,26873533.0
MDAX,DE0008467416,Deutschland,323547,EUR,2025-07-25 12:00:00,31512.43,31484.37,31523.19,31256.45,26656566.0
MDAX,DE0008467416,Deutschland,323547,EUR,2025-07-28 12:00:00,31590.2,31029.09,31754.3,31026.12,26928722.0
MDAX,DE0008467416,Deutschland,323547,EUR,2025-07-29 12:00:00,31094.19,31174.76,31389.62,31094.19,27759475.0
MDAX,DE0008467416,Deutschland,323547,EUR,2025-07-30 12:00:00,31074.69,30940.68,31177.02,30934.14,22240154.0
MDAX,DE0008467416,Deutschland,323547,EUR,2025-07-31 12:00:00,30966.27,31004.4,31217.44,30836.19,32445128.0
MDAX,DE0008467416,Deutschland,323547,EUR,2025-08-01 12:00:00,30825.31,30317.29,30825.31,30144.04,29294402.0
MDAX,DE0008467416,Deutschland,323547,EUR,2025-08-04 12:00:00,30452.77,30553.41,30691.56,30452.77,24374855.0
MDAX,DE0008467416,Deutschland,323547,EUR,2025-08-05 12:00:00,30707.7,30824.66,30965.49,30707.7,21727590.0
MDAX,DE0008467416,Deutschland,323547,EUR,2025-08-06 12:00:00,30949.8,30963.77,31099.04,30835.65,21745167.0
MDAX,DE0008467416,Deutschland,323547,EUR,2025-08-07 12:00:00,31021.42,31331.47,31414.74,30870.34,35185230.0
MDAX,DE0008467416,Deutschland,323547,EUR,2025-08-08 12:00:00,31326.85,31493.41,31646.99,31292.25,25401167.0
MDAX,DE0008467416,Deutschland,323547,EUR,2025-08-11 12:00:00,31541.02,31282.97,31541.02,31243.28,20206144.0
MDAX,DE0008467416,Deutschland,323547,EUR,2025-08-12 12:00:00,31314.93,31001.37,31379.49,30948.27,21902059.0
MDAX,DE0008467416,Deutschland,323547,EUR,2025-08-13 12:00:00,31137.48,30925.12,31239.85,30877.37,23099762.0
MDAX,DE0008467416,Deutschland,323547,EUR,2025-08-14 12:00:00,30957.08,31118.79,31183.0,30861.74,38008629.0
MDAX,DE0008467416,Deutschland,323547,EUR,2025-08-15 12:00:00,31200.41,30951.69,31290.63,30919.71,28440957.0
MDAX,DE0008467416,Deutschland,323547,EUR,2025-08-18 12:00:00,30964.63,30993.03,31078.87,30903.81,20579477.0
MDAX,DE0008467416,Deutschland,323547,EUR,2025-08-19 12:00:00,30981.89,30984.89,31026.52,30915.18,21468064.0
MDAX,DE0008467416,Deutschland,323547,EUR,2025-08-20 12:00:00,30831.26,30877.87,30950.13,30670.0,18940848.0
MDAX,DE0008467416,Deutschland,323547,EUR,2025-08-21 12:00:00,30854.33,30677.61,30866.37,30579.7,18475280.0
MDAX,DE0008467416,Deutschland,323547,EUR,2025-08-22 12:00:00,30625.06,30998.88,31015.53,30613.43,19234436.0
MDAX,DE0008467416,Deutschland,323547,EUR,2025-08-25 12:00:00,31003.37,31073.13,31179.37,30976.09,21644495.0
MDAX,DE0008467416,Deutschland,323547,EUR,2025-08-26 12:00:00,30972.02,30822.93,31003.28,30754.63,30545666.0
MDAX,DE0008467416,Deutschland,323547,EUR,2025-08-27 12:00:00,30826.17,30482.93,30875.02,30385.43,24221301.0
MDAX,DE0008467416,Deutschland,323547,EUR,2025-08-28 12:00:00,30541.93,30358.46,30743.21,30348.89,20512824.0
MDAX,DE0008467416,Deutschland,323547,EUR,2025-08-29 12:00:00,30363.45,30286.9,30527.26,30242.76,19127649.0
MDAX,DE0008467416,Deutschland,323547,EUR,2025-09-01 12:00:00,30350.84,30446.03,30470.39,30317.73,18652228.0
MDAX,DE0008467416,Deutschland,323547,EUR,2025-09-02 12:00:00,30408.18,29604.64,30417.7,29602.62,23549639.0
MDAX,DE0008467416,Deutschland,323547,EUR,2025-09-03 12:00:00,29726.08,29731.32,29856.22,29567.26,25712349.0
MDAX,DE0008467416,Deutschland,323547,EUR,2025-09-04 12:00:00,29733.31,29792.44,29879.26,29623.18,23705785.0
MDAX,DE0008467416,Deutschland,323547,EUR,2025-09-05 12:00:00,29917.05,30011.98,30163.2,29896.35,23325626.0
MDAX,DE0008467416,Deutschland,323547,EUR,2025-09-08 12:00:00,30132.47,30454.69,30460.73,30132.47,16000598.0
MDAX,DE0008467416,Deutschland,323547,EUR,2025-09-09 12:00:00,30446.38,30326.53,30492.47,30187.52,16954629.0
MDAX,DE0008467416,Deutschland,323547,EUR,2025-09-10 12:00:00,30388.14,30148.88,30498.32,30124.32,21478407.0
MDAX,DE0008467416,Deutschland,323547,EUR,2025-09-11 12:00:00,30188.5,30146.41,30249.73,30039.62,20684145.0
MDAX,DE0008467416,Deutschland,323547,EUR,2025-09-12 12:00:00,30255.55,30175.16,30371.87,30004.75,17774904.0
MDAX,DE0008467416,Deutschland,323547,EUR,2025-09-15 12:00:00,30248.93,30469.96,30599.32,30248.93,18810263.0
MDAX,DE0008467416,Deutschland,323547,EUR,2025-09-16 12:00:00,30483.14,30100.16,30508.83,30098.05,31658690.0
MDAX,DE0008467416,Deutschland,323547,EUR,2025-09-17 12:00:00,30182.85,30217.38,30331.41,30056.09,25059512.0
MDAX,DE0008467416,Deutschland,323547,EUR,2025-09-18 12:00:00,30285.73,30470.71,30555.3,30274.32,25615397.0
MDAX,DE0008467416,Deutschland,323547,EUR,2025-09-19 12:00:00,30507.76,30195.88,30536.32,30182.73,65116358.0
MDAX,DE0008467416,Deutschland,323547,EUR,2025-09-22 12:00:00,30159.31,30153.71,30266.68,29997.31,19778081.0
MDAX,DE0008467416,Deutschland,323547,EUR,2025-09-23 12:00:00,30242.03,30265.43,30412.86,30197.91,20813041.0
MDAX,DE0008467416,Deutschland,323547,EUR,2025-09-24 12:00:00,30268.69,30309.84,30348.54,30138.63,24025434.0
MDAX,DE0008467416,Deutschland,323547,EUR,2025-09-25 12:00:00,30238.78,30034.59,30360.03,29993.28,22961068.0
MDAX,DE0008467416,Deutschland,323547,EUR,2025-09-26 12:00:00,30082.83,29986.85,30164.74,29833.17,21996027.0
MDAX,DE0008467416,Deutschland,323547,EUR,2025-09-29 12:00:00,30120.82,30117.57,30250.33,30030.42,18810050.0
MDAX,DE0008467416,Deutschland,323547,EUR,2025-09-30 12:00:00,30109.65,30267.49,30267.49,29961.21,30881821.0
MDAX,DE0008467416,Deutschland,323547,EUR,2025-10-01 12:00:00,30200.69,30459.59,30463.98,30029.19,25933697.0
MDAX,DE0008467416,Deutschland,323547,EUR,2025-10-02 12:00:00,30617.57,30733.46,30956.37,30617.57,25766641.0
MDAX,DE0008467416,Deutschland,323547,EUR,2025-10-03 12:00:00,30866.06,30936.49,31146.19,30831.31,21016831.0
MDAX,DE0008467416,Deutschland,323547,EUR,2025-10-06 12:00:00,31000.62,30878.03,31137.33,30860.63,20444192.0
MDAX,DE0008467416,Deutschland,323547,EUR,2025-10-07 12:00:00,30848.21,30836.16,31046.78,30691.76,19700670.0
MDAX,DE0008467416,Deutschland,323547,EUR,2025-10-08 12:00:00,30826.5,30848.82,30943.97,30697.26,23496026.0
MDAX,DE0008467416,Deutschland,323547,EUR,2025-10-09 12:00:00,30856.85,30921.06,30999.03,30800.42,26753289.0
MDAX,DE0008467416,Deutschland,323547,EUR,2025-10-10 12:00:00,30892.94,30250.03,30904.93,30250.03,23781656.0
MDAX,DE0008467416,Deutschland,323547,EUR,2025-10-13 12:00:00,30306.3,30447.59,30531.66,30306.3,16634894.0
MDAX,DE0008467416,Deutschland,323547,EUR,2025-10-14 12:00:00,30278.76,30074.66,30278.76,29877.17,22364824.0
MDAX,DE0008467416,Deutschland,323547,EUR,2025-10-15 12:00:00,30168.2,29786.81,30178.58,29786.81,19826420.0
MDAX,DE0008467416,Deutschland,323547,EUR,2025-10-16 12:00:00,29791.88,30036.68,30040.54,29725.37,22899319.0
MDAX,DE0008467416,Deutschland,323547,EUR,2025-10-17 12:00:00,29797.14,29512.77,29797.14,29302.87,25040806.0
MDAX,DE0008467416,Deutschland,323547,EUR,2025-10-20 12:00:00,29602.71,30209.22,30229.48,29602.3,30724112.0
MDAX,DE0008467416,Deutschland,323547,EUR,2025-10-21 12:00:00,30237.42,30140.61,30298.27,30122.79,23843566.0
MDAX,DE0008467416,Deutschland,323547,EUR,2025-10-22 12:00:00,30181.76,30007.74,30296.99,30007.74,35909237.0
MDAX,DE0008467416,Deutschland,323547,EUR,2025-10-23 12:00:00,29988.97,30010.29,30186.08,29827.86,30557307.0
MDAX,DE0008467416,Deutschland,323547,EUR,2025-10-24 12:00:00,30092.12,30291.98,30291.98,29911.71,26742119.0
MDAX,DE0008467416,Deutschland,323547,EUR,2025-10-27 12:00:00,30376.71,30140.88,30423.5,30093.86,25766842.0
MDAX,DE0008467416,Deutschland,323547,EUR,2025-10-28 12:00:00,30068.04,30236.96,30273.83,29976.17,27761197.0
MDAX,DE0008467416,Deutschland,323547,EUR,2025-10-29 12:00:00,30184.22,29940.39,30259.29,29937.95,23564701.0
MDAX,DE0008467416,Deutschland,323547,EUR,2025-10-30 12:00:00,30005.85,29884.31,30091.35,29830.46,32870482.0
MDAX,DE0008467416,Deutschland,323547,EUR,2025-10-31 12:00:00,29925.56,29751.62,29974.14,29750.08,26829380.0
MDAX,DE0008467416,Deutschland,323547,EUR,2025-11-03 12:00:00,29782.64,29835.06,30036.26,29743.69,33084122.0
MDAX,DE0008467416,Deutschland,323547,EUR,2025-11-04 12:00:00,29614.0,29427.53,29614.0,29210.73,35054991.0
MDAX,DE0008467416,Deutschland,323547,EUR,2025-11-05 12:00:00,29303.37,29374.55,29519.8,29236.99,33393495.0
MDAX,DE0008467416,Deutschland,323547,EUR,2025-11-06 12:00:00,29399.55,28959.63,29415.11,28955.84,33898543.0
MDAX,DE0008467416,Deutschland,323547,EUR,2025-11-07 12:00:00,29040.45,28793.94,29212.33,28769.61,27573216.0
MDAX,DE0008467416,Deutschland,323547,EUR,2025-11-10 12:00:00,29107.29,29141.2,29330.48,29106.93,24500067.0
MDAX,DE0008467416,Deutschland,323547,EUR,2025-11-11 12:00:00,29130.02,29204.45,29253.68,28938.85,24343432.0
MDAX,DE0008467416,Deutschland,323547,EUR,2025-11-12 12:00:00,29295.02,29573.63,29620.31,29274.64,27300002.0
MDAX,DE0008467416,Deutschland,323547,EUR,2025-11-13 12:00:00,29658.12,29610.57,30109.39,29610.57,23276049.0
MDAX,DE0008467416,Deutschland,323547,EUR,2025-11-14 12:00:00,29554.43,29412.36,29575.58,29064.39,26964647.0
MDAX,DE0008467416,Deutschland,323547,EUR,2025-11-17 12:00:00,29432.61,29086.93,29445.69,29033.28,19307333.0
MDAX,DE0008467416,Deutschland,323547,EUR,2025-11-18 12:00:00,28738.55,28493.43,28774.2,28398.51,23025715.0
MDAX,DE0008467416,Deutschland,323547,EUR,2025-11-19 12:00:00,28466.49,28656.56,28939.26,28355.49,24110751.0
MDAX,DE0008467416,Deutschland,323547,EUR,2025-11-20 12:00:00,28773.6,28443.45,28901.84,28439.55,18935658.0
MDAX,DE0008467416,Deutschland,323547,EUR,2025-11-21 12:00:00,28255.27,28263.82,28401.59,27981.33,28813478.0
MDAX,DE0008467416,Deutschland,323547,EUR,2025-11-24 12:00:00,28406.19,28618.54,28698.64,28403.05,45385372.0
MDAX,DE0008467416,Deutschland,323547,EUR,2025-11-25 12:00:00,28621.24,29015.89,29016.74,28462.44,26963115.0
MDAX,DE0008467416,Deutschland,323547,EUR,2025-11-26 12:00:00,29120.78,29220.0,29250.57,28942.12,25786697.0
MDAX,DE0008467416,Deutschland,323547,EUR,2025-11-27 12:00:00,29218.6,29531.25,29531.61,29218.6,22648128.0
MDAX,DE0008467416,Deutschland,323547,EUR,2025-11-28 12:00:00,29571.38,29937.15,29955.85,29528.59,22912387.0
MDAX,DE0008467416,Deutschland,323547,EUR,2025-12-01 12:00:00,29850.71,29475.82,29877.45,29311.79,24793939.0
MDAX,DE0008467416,Deutschland,323547,EUR,2025-12-02 12:00:00,29489.35,29523.67,29577.23,29320.37,21465437.0
MDAX,DE0008467416,Deutschland,323547,EUR,2025-12-03 12:00:00,29598.85,29326.19,29652.29,29281.82,26067723.0
MDAX,DE0008467416,Deutschland,323547,EUR,2025-12-04 12:00:00,29454.99,29597.02,29643.29,29437.1,22180791.0
MDAX,DE0008467416,Deutschland,323547,EUR,2025-12-05 12:00:00,29642.35,29696.45,29877.29,29559.25,24016082.0
MDAX,DE0008467416,Deutschland,323547,EUR,2025-12-08 12:00:00,29749.25,29665.08,29962.73,29632.66,23582338.0
MDAX,DE0008467416,Deutschland,323547,EUR,2025-12-09 12:00:00,29633.24,29729.05,29789.17,29516.13,36643515.0
MDAX,DE0008467416,Deutschland,323547,EUR,2025-12-10 12:00:00,29687.76,29732.65,29800.87,29574.24,22009942.0
MDAX,DE0008467416,Deutschland,323547,EUR,2025-12-11 12:00:00,29723.24,29920.08,29991.99,29603.88,22917096.0
MDAX,DE0008467416,Deutschland,323547,EUR,2025-12-12 12:00:00,29994.77,29959.19,30270.36,29940.86,28635421.0
MDAX,DE0008467416,Deutschland,323547,EUR,2025-12-15 12:00:00,30015.06,30214.61,30230.75,29952.08,22862578.0
MDAX,DE0008467416,Deutschland,323547,EUR,2025-12-16 12:00:00,30109.13,30047.03,30194.86,29972.89,29913474.0
MDAX,DE0008467416,Deutschland,323547,EUR,2025-12-17 12:00:00,30105.64,29866.36,30105.64,29854.47,24224932.0
MDAX,DE0008467416,Deutschland,323547,EUR,2025-12-18 12:00:00,29816.01,30281.18,30281.18,29759.22,27071437.0
MDAX,DE0008467416,Deutschland,323547,EUR,2025-12-19 12:00:00,30276.03,30361.46,30438.19,30166.1,45615595.0
MDAX,DE0008467416,Deutschland,323547,EUR,2025-12-22 12:00:00,30402.37,30437.29,30440.95,30172.41,18852089.0
MDAX,DE0008467416,Deutschland,323547,EUR,2025-12-23 12:00:00,30438.12,30302.78,30465.03,30246.51,15482516.0
MDAX,DE0008467416,Deutschland,323547,EUR,2025-12-29 12:00:00,30289.0,30452.53,30485.44,30236.17,17393664.0
MDAX,DE0008467416,Deutschland,323547,EUR,2025-12-30 12:00:00,30436.99,30617.67,30638.03,30390.78,12549781.0
MDAX,DE0008467416,Deutschland,323547,EUR,2026-01-02 12:00:00,30715.23,30979.74,30979.74,30715.23,23217266.0
MDAX,DE0008467416,Deutschland,323547,EUR,2026-01-05 12:00:00,31160.3,31454.32,31454.8,30995.91,26546293.0
MDAX,DE0008467416,Deutschland,323547,EUR,2026-01-06 12:00:00,31561.21,31670.42,31670.42,31323.16,23207538.0
MDAX,DE0008467416,Deutschland,323547,EUR,2026-01-07 12:00:00,31728.77,32064.64,32064.64,31699.03,35001722.0
MDAX,DE0008467416,Deutschland,323547,EUR,2026-01-08 12:00:00,32045.01,32083.03,32125.91,31778.81,25434428.0
MDAX,DE0008467416,Deutschland,323547,EUR,2026-01-09 12:00:00,32128.68,32167.17,32324.83,32064.49,26401269.0
MSCI World,GB00BJDQQQ59,World,7070261,EUR,2021-01-04 12:00:00,2198.546061,2175.711239,2198.546061,2175.711239,0.0
MSCI World,GB00BJDQQQ59,World,7070261,EUR,2021-01-05 12:00:00,2186.424032,2186.424032,2186.424032,2186.424032,0.0
MSCI World,GB00BJDQQQ59,World,7070261,EUR,2021-01-06 12:00:00,2198.131636,2198.131636,2198.131636,2198.131636,0.0
MSCI World,GB00BJDQQQ59,World,7070261,EUR,2021-01-07 12:00:00,2230.252257,2230.252257,2230.252257,2230.252257,0.0
MSCI World,GB00BJDQQQ59,World,7070261,EUR,2021-01-08 12:00:00,2246.505781,2246.505781,2246.505781,2246.505781,0.0
MSCI World,GB00BJDQQQ59,World,7070261,EUR,2021-01-11 12:00:00,2246.85845,2246.85845,2246.85845,2246.85845,0.0
MSCI World,GB00BJDQQQ59,World,7070261,EUR,2021-01-12 12:00:00,2248.96279,2248.96279,2248.96279,2248.96279,0.0
MSCI World,GB00BJDQQQ59,World,7070261,EUR,2021-01-13 12:00:00,2253.077297,2253.077297,2253.077297,2253.077297,0.0
MSCI World,GB00BJDQQQ59,World,7070261,EUR,2021-01-14 12:00:00,2256.347149,2256.347149,2256.347149,2256.347149,0.0
MSCI World,GB00BJDQQQ59,World,7070261,EUR,2021-01-15 12:00:00,2245.040932,2245.040932,2245.040932,2245.040932,0.0
MSCI World,GB00BJDQQQ59,World,7070261,EUR,2021-01-19 12:00:00,2247.199738,2253.121858,2253.121858,2247.199738,0.0
MSCI World,GB00BJDQQQ59,World,7070261,EUR,2021-01-20 12:00:00,2281.261932,2281.261932,2281.261932,2281.261932,0.0
MSCI World,GB00BJDQQQ59,World,7070261,EUR,2021-01-21 12:00:00,2276.088474,2276.088474,2276.088474,2276.088474,0.0
MSCI World,GB00BJDQQQ59,World,7070261,EUR,2021-01-22 12:00:00,2263.832268,2263.832268,2263.832268,2263.832268,0.0
MSCI World,GB00BJDQQQ59,World,7070261,EUR,2021-01-25 12:00:00,2272.761155,2272.761155,2272.761155,2272.761155,0.0
MSCI World,GB00BJDQQQ59,World,7070261,EUR,2021-01-26 12:00:00,2263.691386,2263.691386,2263.691386,2263.691386,0.0
MSCI World,GB00BJDQQQ59,World,7070261,EUR,2021-01-27 12:00:00,2228.449486,2228.449486,2228.449486,2228.449486,0.0
MSCI World,GB00BJDQQQ59,World,7070261,EUR,2021-01-28 12:00:00,2236.003521,2236.003521,2236.003521,2236.003521,0.0
MSCI World,GB00BJDQQQ59,World,7070261,EUR,2021-01-29 12:00:00,2190.864479,2190.864479,2190.864479,2190.864479,0.0
MSCI World,GB00BJDQQQ59,World,7070261,EUR,2021-02-01 12:00:00,2232.87092,2232.87092,2232.87092,2232.87092,0.0
MSCI World,GB00BJDQQQ59,World,7070261,EUR,2021-02-02 12:00:00,2271.235615,2271.235615,2271.235615,2271.235615,0.0
MSCI World,GB00BJDQQQ59,World,7070261,EUR,2021-02-03 12:00:00,2279.246252,2279.246252,2279.246252,2279.246252,0.0
MSCI World,GB00BJDQQQ59,World,7070261,EUR,2021-02-04 12:00:00,2302.178967,2302.178967,2302.178967,2302.178967,0.0
MSCI World,GB00BJDQQQ59,World,7070261,EUR,2021-02-05 12:00:00,2306.317816,2306.317816,2306.317816,2306.317816,0.0
MSCI World,GB00BJDQQQ59,World,7070261,EUR,2021-02-08 12:00:00,2320.730155,2320.730155,2320.730155,2320.730155,0.0
MSCI World,GB00BJDQQQ59,World,7070261,EUR,2021-02-09 12:00:00,2313.339054,2313.339054,2313.339054,2313.339054,0.0
MSCI World,GB00BJDQQQ59,World,7070261,EUR,2021-02-10 12:00:00,2308.799045,2308.799045,2308.799045,2308.799045,0.0
MSCI World,GB00BJDQQQ59,World,7070261,EUR,2021-02-11 12:00:00,2313.856125,2313.856125,2313.856125,2313.856125,0.0
MSCI World,GB00BJDQQQ59,World,7070261,EUR,2021-02-12 12:00:00,2326.055342,2326.055342,2326.055342,2326.055342,0.0
MSCI World,GB00BJDQQQ59,World,7070261,EUR,2021-02-16 12:00:00,2332.412915,2333.650448,2333.650448,2332.412915,0.0
MSCI World,GB00BJDQQQ59,World,7070261,EUR,2021-02-17 12:00:00,2340.302165,2340.302165,2340.302165,2340.302165,0.0
MSCI World,GB00BJDQQQ59,World,7070261,EUR,2021-02-18 12:00:00,2321.631435,2321.631435,2321.631435,2321.631435,0.0
MSCI World,GB00BJDQQQ59,World,7070261,EUR,2021-02-19 12:00:00,2314.244051,2314.244051,2314.244051,2314.244051,0.0
MSCI World,GB00BJDQQQ59,World,7070261,EUR,2021-02-22 12:00:00,2297.0943,2297.0943,2297.0943,2297.0943,0.0
MSCI World,GB00BJDQQQ59,World,7070261,EUR,2021-02-23 12:00:00,2293.848771,2293.848771,2293.848771,2293.848771,0.0
MSCI World,GB00BJDQQQ59,World,7070261,EUR,2021-02-24 12:00:00,2311.723659,2311.723659,2311.723659,2311.723659,0.0
MSCI World,GB00BJDQQQ59,World,7070261,EUR,2021-02-25 12:00:00,2258.059932,2258.059932,2258.059932,2258.059932,0.0
MSCI World,GB00BJDQQQ59,World,7070261,EUR,2021-02-26 12:00:00,2246.592073,2246.592073,2246.592073,2246.592073,0.0
MSCI World,GB00BJDQQQ59,World,7070261,EUR,2021-03-01 12:00:00,2309.831579,2309.831579,2309.831579,2309.831579,0.0
MSCI World,GB00BJDQQQ59,World,7070261,EUR,2021-03-02 12:00:00,2294.932128,2294.932128,2294.932128,2294.932128,0.0
MSCI World,GB00BJDQQQ59,World,7070261,EUR,2021-03-03 12:00:00,2270.635272,2270.635272,2270.635272,2270.635272,0.0
MSCI World,GB00BJDQQQ59,World,7070261,EUR,2021-03-04 12:00:00,2247.728318,2247.728318,2247.728318,2247.728318,0.0
MSCI World,GB00BJDQQQ59,World,7070261,EUR,2021-03-05 12:00:00,2291.169313,2291.169313,2291.169313,2291.169313,0.0
MSCI World,GB00BJDQQQ59,World,7070261,EUR,2021-03-08 12:00:00,2296.025322,2296.025322,2296.025322,2296.025322,0.0
MSCI World,GB00BJDQQQ59,World,7070261,EUR,2021-03-09 12:00:00,2324.068164,2324.068164,2324.068164,2324.068164,0.0
MSCI World,GB00BJDQQQ59,World,7070261,EUR,2021-03-10 12:00:00,2332.89866,2332.89866,2332.89866,2332.89866,0.0
MSCI World,GB00BJDQQQ59,World,7070261,EUR,2021-03-11 12:00:00,2346.127066,2346.127066,2346.127066,2346.127066,0.0
MSCI World,GB00BJDQQQ59,World,7070261,EUR,2021-03-12 12:00:00,2351.486691,2351.486691,2351.486691,2351.486691,0.0
MSCI World,GB00BJDQQQ59,World,7070261,EUR,2021-03-15 12:00:00,2368.014382,2368.014382,2368.014382,2368.014382,0.0
MSCI World,GB00BJDQQQ59,World,7070261,EUR,2021-03-16 12:00:00,2373.930135,2373.930135,2373.930135,2373.930135,0.0
MSCI World,GB00BJDQQQ59,World,7070261,EUR,2021-03-17 12:00:00,2374.560136,2374.560136,2374.560136,2374.560136,0.0
MSCI World,GB00BJDQQQ59,World,7070261,EUR,2021-03-18 12:00:00,2349.900392,2349.900392,2349.900392,2349.900392,0.0
MSCI World,GB00BJDQQQ59,World,7070261,EUR,2021-03-19 12:00:00,2347.834874,2347.834874,2347.834874,2347.834874,0.0
MSCI World,GB00BJDQQQ59,World,7070261,EUR,2021-03-22 12:00:00,2354.711472,2354.711472,2354.711472,2354.711472,0.0
MSCI World,GB00BJDQQQ59,World,7070261,EUR,2021-03-23 12:00:00,2348.396583,2348.396583,2348.396583,2348.396583,0.0
MSCI World,GB00BJDQQQ59,World,7070261,EUR,2021-03-24 12:00:00,2339.08017,2339.08017,2339.08017,2339.08017,0.0
MSCI World,GB00BJDQQQ59,World,7070261,EUR,2021-03-25 12:00:00,2356.632207,2356.632207,2356.632207,2356.632207,0.0
MSCI World,GB00BJDQQQ59,World,7070261,EUR,2021-03-26 12:00:00,2386.069833,2386.069833,2386.069833,2386.069833,0.0
MSCI World,GB00BJDQQQ59,World,7070261,EUR,2021-03-29 12:00:00,2390.056088,2390.056088,2390.056088,2390.056088,0.0
MSCI World,GB00BJDQQQ59,World,7070261,EUR,2021-03-30 12:00:00,2391.912181,2391.912181,2391.912181,2391.912181,0.0
MSCI World,GB00BJDQQQ59,World,7070261,EUR,2021-03-31 12:00:00,2392.334094,2392.334094,2392.334094,2392.334094,0.0
MSCI World,GB00BJDQQQ59,World,7070261,EUR,2021-04-01 12:00:00,2415.011006,2415.011006,2415.011006,2415.011006,0.0
MSCI World,GB00BJDQQQ59,World,7070261,EUR,2021-04-05 12:00:00,2435.039793,2435.039793,2435.039793,2435.039793,0.0
MSCI World,GB00BJDQQQ59,World,7070261,EUR,2021-04-06 12:00:00,2429.463505,2429.463505,2429.463505,2429.463505,0.0
MSCI World,GB00BJDQQQ59,World,7070261,EUR,2021-04-07 12:00:00,2421.028664,2421.028664,2421.028664,2421.028664,0.0
MSCI World,GB00BJDQQQ59,World,7070261,EUR,2021-04-08 12:00:00,2433.791683,2433.791683,2433.791683,2433.791683,0.0
MSCI World,GB00BJDQQQ59,World,7070261,EUR,2021-04-09 12:00:00,2447.622703,2447.622703,2447.622703,2447.622703,0.0
MSCI World,GB00BJDQQQ59,World,7070261,EUR,2021-04-12 12:00:00,2441.540142,2441.540142,2441.540142,2441.540142,0.0
MSCI World,GB00BJDQQQ59,World,7070261,EUR,2021-04-13 12:00:00,2447.02072,2447.02072,2447.02072,2447.02072,0.0
MSCI World,GB00BJDQQQ59,World,7070261,EUR,2021-04-14 12:00:00,2434.548175,2434.548175,2434.548175,2434.548175,0.0
MSCI World,GB00BJDQQQ59,World,7070261,EUR,2021-04-15 12:00:00,2457.594279,2457.594279,2457.594279,2457.594279,0.0
MSCI World,GB00BJDQQQ59,World,7070261,EUR,2021-04-16 12:00:00,2465.335942,2465.335942,2465.335942,2465.335942,0.0
MSCI World,GB00BJDQQQ59,World,7070261,EUR,2021-04-19 12:00:00,2449.391551,2449.391551,2449.391551,2449.391551,0.0
MSCI World,GB00BJDQQQ59,World,7070261,EUR,2021-04-20 12:00:00,2420.039084,2420.039084,2420.039084,2420.039084,0.0
MSCI World,GB00BJDQQQ59,World,7070261,EUR,2021-04-21 12:00:00,2438.358927,2438.358927,2438.358927,2438.358927,0.0
MSCI World,GB00BJDQQQ59,World,7070261,EUR,2021-04-22 12:00:00,2432.022284,2432.022284,2432.022284,2432.022284,0.0
MSCI World,GB00BJDQQQ59,World,7070261,EUR,2021-04-23 12:00:00,2445.00864,2445.00864,2445.00864,2445.00864,0.0
MSCI World,GB00BJDQQQ59,World,7070261,EUR,2021-04-26 12:00:00,2446.613916,2446.613916,2446.613916,2446.613916,0.0
MSCI World,GB00BJDQQQ59,World,7070261,EUR,2021-04-27 12:00:00,2443.404886,2443.404886,2443.404886,2443.404886,0.0
MSCI World,GB00BJDQQQ59,World,7070261,EUR,2021-04-28 12:00:00,2441.677888,2441.677888,2441.677888,2441.677888,0.0
MSCI World,GB00BJDQQQ59,World,7070261,EUR,2021-04-29 12:00:00,2446.599287,2446.599287,2446.599287,2446.599287,0.0
MSCI World,GB00BJDQQQ59,World,7070261,EUR,2021-04-30 12:00:00,2441.231255,2441.231255,2441.231255,2441.231255,0.0
MSCI World,GB00BJDQQQ59,World,7070261,EUR,2021-05-03 12:00:00,2442.06232,2442.06232,2442.06232,2442.06232,0.0
MSCI World,GB00BJDQQQ59,World,7070261,EUR,2021-05-04 12:00:00,2428.945707,2428.945707,2428.945707,2428.945707,0.0
MSCI World,GB00BJDQQQ59,World,7070261,EUR,2021-05-05 12:00:00,2443.030557,2443.030557,2443.030557,2443.030557,0.0
MSCI World,GB00BJDQQQ59,World,7070261,EUR,2021-05-06 12:00:00,2447.996252,2447.996252,2447.996252,2447.996252,0.0
MSCI World,GB00BJDQQQ59,World,7070261,EUR,2021-05-07 12:00:00,2453.809811,2453.809811,2453.809811,2453.809811,0.0
MSCI World,GB00BJDQQQ59,World,7070261,EUR,2021-05-10 12:00:00,2435.50961,2435.50961,2435.50961,2435.50961,0.0
MSCI World,GB00BJDQQQ59,World,7070261,EUR,2021-05-11 12:00:00,2407.879554,2407.879554,2407.879554,2407.879554,0.0
MSCI World,GB00BJDQQQ59,World,7070261,EUR,2021-05-12 12:00:00,2382.241859,2382.241859,2382.241859,2382.241859,0.0
MSCI World,GB00BJDQQQ59,World,7070261,EUR,2021-05-13 12:00:00,2395.639539,2395.639539,2395.639539,2395.639539,0.0
MSCI World,GB00BJDQQQ59,World,7070261,EUR,2021-05-14 12:00:00,2421.89718,2421.89718,2421.89718,2421.89718,0.0
MSCI World,GB00BJDQQQ59,World,7070261,EUR,2021-05-17 12:00:00,2415.944305,2415.944305,2415.944305,2415.944305,0.0
MSCI World,GB00BJDQQQ59,World,7070261,EUR,2021-05-18 12:00:00,2396.921209,2396.921209,2396.921209,2396.921209,0.0
MSCI World,GB00BJDQQQ59,World,7070261,EUR,2021-05-19 12:00:00,2382.982812,2382.982812,2382.982812,2382.982812,0.0
MSCI World,GB00BJDQQQ59,World,7070261,EUR,2021-05-20 12:00:00,2408.584647,2408.584647,2408.584647,2408.584647,0.0
MSCI World,GB00BJDQQQ59,World,7070261,EUR,2021-05-21 12:00:00,2414.690188,2414.690188,2414.690188,2414.690188,0.0
MSCI World,GB00BJDQQQ59,World,7070261,EUR,2021-05-24 12:00:00,2427.730404,2427.730404,2427.730404,2427.730404,0.0
MSCI World,GB00BJDQQQ59,World,7070261,EUR,2021-05-25 12:00:00,2421.902362,2421.902362,2421.902362,2421.902362,0.0
MSCI World,GB00BJDQQQ59,World,7070261,EUR,2021-05-26 12:00:00,2430.543935,2430.543935,2430.543935,2430.543935,0.0
MSCI World,GB00BJDQQQ59,World,7070261,EUR,2021-05-27 12:00:00,2434.649884,2434.649884,2434.649884,2434.649884,0.0
MSCI World,GB00BJDQQQ59,World,7070261,EUR,2021-05-28 12:00:00,2445.764493,2445.764493,2445.764493,2445.764493,0.0
MSCI World,GB00BJDQQQ59,World,7070261,EUR,2021-06-01 12:00:00,2435.300537,2435.300537,2435.300537,2435.300537,0.0
MSCI World,GB00BJDQQQ59,World,7070261,EUR,2021-06-02 12:00:00,2446.228521,2446.228521,2446.228521,2446.228521,0.0
MSCI World,GB00BJDQQQ59,World,7070261,EUR,2021-06-03 12:00:00,2449.435955,2449.435955,2449.435955,2449.435955,0.0
MSCI World,GB00BJDQQQ59,World,7070261,EUR,2021-06-04 12:00:00,2464.21711,2464.21711,2464.21711,2464.21711,0.0
MSCI World,GB00BJDQQQ59,World,7070261,EUR,2021-06-07 12:00:00,2462.447575,2462.447575,2462.447575,2462.447575,0.0
MSCI World,GB00BJDQQQ59,World,7070261,EUR,2021-06-08 12:00:00,2463.244944,2463.244944,2463.244944,2463.244944,0.0
MSCI World,GB00BJDQQQ59,World,7070261,EUR,2021-06-09 12:00:00,2459.192616,2459.192616,2459.192616,2459.192616,0.0
MSCI World,GB00BJDQQQ59,World,7070261,EUR,2021-06-10 12:00:00,2470.810481,2470.810481,2470.810481,2470.810481,0.0
MSCI World,GB00BJDQQQ59,World,7070261,EUR,2021-06-11 12:00:00,2487.653651,2487.653651,2487.653651,2487.653651,0.0
MSCI World,GB00BJDQQQ59,World,7070261,EUR,2021-06-14 12:00:00,2490.737451,2490.737451,2490.737451,2490.737451,0.0
MSCI World,GB00BJDQQQ59,World,7070261,EUR,2021-06-15 12:00:00,2488.159884,2488.159884,2488.159884,2488.159884,0.0
MSCI World,GB00BJDQQQ59,World,7070261,EUR,2021-06-16 12:00:00,2482.445622,2482.445622,2482.445622,2482.445622,0.0
MSCI World,GB00BJDQQQ59,World,7070261,EUR,2021-06-17 12:00:00,2509.218381,2509.218381,2509.218381,2509.218381,0.0
MSCI World,GB00BJDQQQ59,World,7070261,EUR,2021-06-18 12:00:00,2491.709025,2491.709025,2491.709025,2491.709025,0.0
MSCI World,GB00BJDQQQ59,World,7070261,EUR,2021-06-21 12:00:00,2503.657753,2503.657753,2503.657753,2503.657753,0.0
MSCI World,GB00BJDQQQ59,World,7070261,EUR,2021-06-22 12:00:00,2522.184706,2522.184706,2522.184706,2522.184706,0.0
MSCI World,GB00BJDQQQ59,World,7070261,EUR,2021-06-23 12:00:00,2509.208591,2509.208591,2509.208591,2509.208591,0.0
MSCI World,GB00BJDQQQ59,World,7070261,EUR,2021-06-24 12:00:00,2526.611959,2526.611959,2526.611959,2526.611959,0.0
MSCI World,GB00BJDQQQ59,World,7070261,EUR,2021-06-25 12:00:00,2531.116035,2531.116035,2531.116035,2531.116035,0.0
MSCI World,GB00BJDQQQ59,World,7070261,EUR,2021-06-28 12:00:00,2536.552021,2536.552021,2536.552021,2536.552021,0.0
MSCI World,GB00BJDQQQ59,World,7070261,EUR,2021-06-29 12:00:00,2540.466591,2540.466591,2540.466591,2540.466591,0.0
MSCI World,GB00BJDQQQ59,World,7070261,EUR,2021-06-30 12:00:00,2544.247339,2544.247339,2544.247339,2544.247339,0.0
MSCI World,GB00BJDQQQ59,World,7070261,EUR,2021-07-01 12:00:00,2551.562163,2551.562163,2551.562163,2551.562163,0.0
MSCI World,GB00BJDQQQ59,World,7070261,EUR,2021-07-02 12:00:00,2572.060852,2572.060852,2572.060852,2572.060852,0.0
MSCI World,GB00BJDQQQ59,World,7070261,EUR,2021-07-06 12:00:00,2571.196424,2571.967256,2571.967256,2571.196424,0.0
MSCI World,GB00BJDQQQ59,World,7070261,EUR,2021-07-07 12:00:00,2584.557201,2584.557201,2584.557201,2584.557201,0.0
MSCI World,GB00BJDQQQ59,World,7070261,EUR,2021-07-08 12:00:00,2549.441618,2549.441618,2549.441618,2549.441618,0.0
MSCI World,GB00BJDQQQ59,World,7070261,EUR,2021-07-09 12:00:00,2573.323878,2573.323878,2573.323878,2573.323878,0.0
MSCI World,GB00BJDQQQ59,World,7070261,EUR,2021-07-12 12:00:00,2585.320089,2585.320089,2585.320089,2585.320089,0.0
MSCI World,GB00BJDQQQ59,World,7070261,EUR,2021-07-13 12:00:00,2587.228868,2587.228868,2587.228868,2587.228868,0.0
MSCI World,GB00BJDQQQ59,World,7070261,EUR,2021-07-14 12:00:00,2587.872153,2587.872153,2587.872153,2587.872153,0.0
MSCI World,GB00BJDQQQ59,World,7070261,EUR,2021-07-15 12:00:00,2575.21527,2575.21527,2575.21527,2575.21527,0.0
MSCI World,GB00BJDQQQ59,World,7070261,EUR,2021-07-16 12:00:00,2561.308101,2561.308101,2561.308101,2561.308101,0.0
MSCI World,GB00BJDQQQ59,World,7070261,EUR,2021-07-19 12:00:00,2520.471924,2520.471924,2520.471924,2520.471924,0.0
MSCI World,GB00BJDQQQ59,World,7070261,EUR,2021-07-20 12:00:00,2555.464488,2555.464488,2555.464488,2555.464488,0.0
MSCI World,GB00BJDQQQ59,World,7070261,EUR,2021-07-21 12:00:00,2575.987993,2575.987993,2575.987993,2575.987993,0.0
MSCI World,GB00BJDQQQ59,World,7070261,EUR,2021-07-22 12:00:00,2583.515104,2583.515104,2583.515104,2583.515104,0.0
MSCI World,GB00BJDQQQ59,World,7070261,EUR,2021-07-23 12:00:00,2612.227947,2612.227947,2612.227947,2612.227947,0.0
MSCI World,GB00BJDQQQ59,World,7070261,EUR,2021-07-26 12:00:00,2608.733386,2608.733386,2608.733386,2608.733386,0.0
MSCI World,GB00BJDQQQ59,World,7070261,EUR,2021-07-27 12:00:00,2595.126001,2595.126001,2595.126001,2595.126001,0.0
MSCI World,GB00BJDQQQ59,World,7070261,EUR,2021-07-28 12:00:00,2601.363775,2601.363775,2601.363775,2601.363775,0.0
MSCI World,GB00BJDQQQ59,World,7070261,EUR,2021-07-29 12:00:00,2599.86556,2599.86556,2599.86556,2599.86556,0.0
MSCI World,GB00BJDQQQ59,World,7070261,EUR,2021-07-30 12:00:00,2588.328374,2588.328374,2588.328374,2588.328374,0.0
MSCI World,GB00BJDQQQ59,World,7070261,EUR,2021-08-02 12:00:00,2589.81886,2589.81886,2589.81886,2589.81886,0.0
MSCI World,GB00BJDQQQ59,World,7070261,EUR,2021-08-03 12:00:00,2607.637044,2607.637044,2607.637044,2607.637044,0.0
MSCI World,GB00BJDQQQ59,World,7070261,EUR,2021-08-04 12:00:00,2604.965955,2604.965955,2604.965955,2604.965955,0.0
MSCI World,GB00BJDQQQ59,World,7070261,EUR,2021-08-05 12:00:00,2620.451147,2620.451147,2620.451147,2620.451147,0.0
MSCI World,GB00BJDQQQ59,World,7070261,EUR,2021-08-06 12:00:00,2634.406891,2634.406891,2634.406891,2634.406891,0.0
MSCI World,GB00BJDQQQ59,World,7070261,EUR,2021-08-09 12:00:00,2637.023559,2637.023559,2637.023559,2637.023559,0.0
MSCI World,GB00BJDQQQ59,World,7070261,EUR,2021-08-10 12:00:00,2644.73624,2644.73624,2644.73624,2644.73624,0.0
MSCI World,GB00BJDQQQ59,World,7070261,EUR,2021-08-11 12:00:00,2649.256489,2649.256489,2649.256489,2649.256489,0.0
MSCI World,GB00BJDQQQ59,World,7070261,EUR,2021-08-12 12:00:00,2656.320727,2656.320727,2656.320727,2656.320727,0.0
MSCI World,GB00BJDQQQ59,World,7070261,EUR,2021-08-13 12:00:00,2649.974211,2649.974211,2649.974211,2649.974211,0.0
MSCI World,GB00BJDQQQ59,World,7070261,EUR,2021-08-16 12:00:00,2648.318284,2648.318284,2648.318284,2648.318284,0.0
MSCI World,GB00BJDQQQ59,World,7070261,EUR,2021-08-17 12:00:00,2645.950713,2645.950713,2645.950713,2645.950713,0.0
MSCI World,GB00BJDQQQ59,World,7070261,EUR,2021-08-18 12:00:00,2628.193034,2628.193034,2628.193034,2628.193034,0.0
MSCI World,GB00BJDQQQ59,World,7070261,EUR,2021-08-19 12:00:00,2622.05848,2622.05848,2622.05848,2622.05848,0.0
MSCI World,GB00BJDQQQ59,World,7070261,EUR,2021-08-20 12:00:00,2637.113124,2637.113124,2637.113124,2637.113124,0.0
MSCI World,GB00BJDQQQ59,World,7070261,EUR,2021-08-23 12:00:00,2651.256,2651.256,2651.256,2651.256,0.0
MSCI World,GB00BJDQQQ59,World,7070261,EUR,2021-08-24 12:00:00,2654.634049,2654.634049,2654.634049,2654.634049,0.0
MSCI World,GB00BJDQQQ59,World,7070261,EUR,2021-08-25 12:00:00,2659.955446,2659.955446,2659.955446,2659.955446,0.0
MSCI World,GB00BJDQQQ59,World,7070261,EUR,2021-08-26 12:00:00,2646.031951,2646.031951,2646.031951,2646.031951,0.0
MSCI World,GB00BJDQQQ59,World,7070261,EUR,2021-08-27 12:00:00,2658.7928,2658.7928,2658.7928,2658.7928,0.0
MSCI World,GB00BJDQQQ59,World,7070261,EUR,2021-08-30 12:00:00,2666.862476,2666.862476,2666.862476,2666.862476,0.0
MSCI World,GB00BJDQQQ59,World,7070261,EUR,2021-08-31 12:00:00,2661.132673,2661.132673,2661.132673,2661.132673,0.0
MSCI World,GB00BJDQQQ59,World,7070261,EUR,2021-09-01 12:00:00,2658.744594,2658.744594,2658.744594,2658.744594,0.0
MSCI World,GB00BJDQQQ59,World,7070261,EUR,2021-09-02 12:00:00,2663.972654,2663.972654,2663.972654,2663.972654,0.0
MSCI World,GB00BJDQQQ59,World,7070261,EUR,2021-09-03 12:00:00,2663.064578,2663.064578,2663.064578,2663.064578,0.0
MSCI World,GB00BJDQQQ59,World,7070261,EUR,2021-09-07 12:00:00,2672.200071,2666.774615,2672.200071,2666.774615,0.0
MSCI World,GB00BJDQQQ59,World,7070261,EUR,2021-09-08 12:00:00,2664.214643,2664.214643,2664.214643,2664.214643,0.0
MSCI World,GB00BJDQQQ59,World,7070261,EUR,2021-09-09 12:00:00,2653.716202,2653.716202,2653.716202,2653.716202,0.0
MSCI World,GB00BJDQQQ59,World,7070261,EUR,2021-09-10 12:00:00,2638.115394,2638.115394,2638.115394,2638.115394,0.0
MSCI World,GB00BJDQQQ59,World,7070261,EUR,2021-09-13 12:00:00,2646.995607,2646.995607,2646.995607,2646.995607,0.0
MSCI World,GB00BJDQQQ59,World,7070261,EUR,2021-09-14 12:00:00,2635.952702,2635.952702,2635.952702,2635.952702,0.0
MSCI World,GB00BJDQQQ59,World,7070261,EUR,2021-09-15 12:00:00,2646.358815,2646.358815,2646.358815,2646.358815,0.0
MSCI World,GB00BJDQQQ59,World,7070261,EUR,2021-09-16 12:00:00,2654.468082,2654.468082,2654.468082,2654.468082,0.0
MSCI World,GB00BJDQQQ59,World,7070261,EUR,2021-09-17 12:00:00,2638.346946,2638.346946,2638.346946,2638.346946,0.0
MSCI World,GB00BJDQQQ59,World,7070261,EUR,2021-09-20 12:00:00,2598.045615,2598.045615,2598.045615,2598.045615,0.0
MSCI World,GB00BJDQQQ59,World,7070261,EUR,2021-09-21 12:00:00,2601.098304,2601.098304,2601.098304,2601.098304,0.0
MSCI World,GB00BJDQQQ59,World,7070261,EUR,2021-09-22 12:00:00,2620.149792,2620.149792,2620.149792,2620.149792,0.0
MSCI World,GB00BJDQQQ59,World,7070261,EUR,2021-09-23 12:00:00,2643.874913,2643.874913,2643.874913,2643.874913,0.0
MSCI World,GB00BJDQQQ59,World,7070261,EUR,2021-09-24 12:00:00,2649.545632,2649.545632,2649.545632,2649.545632,0.0
MSCI World,GB00BJDQQQ59,World,7070261,EUR,2021-09-27 12:00:00,2645.650455,2645.650455,2645.650455,2645.650455,0.0
MSCI World,GB00BJDQQQ59,World,7070261,EUR,2021-09-28 12:00:00,2597.934698,2597.934698,2597.934698,2597.934698,0.0
MSCI World,GB00BJDQQQ59,World,7070261,EUR,2021-09-29 12:00:00,2607.510589,2607.510589,2607.510589,2607.510589,0.0
MSCI World,GB00BJDQQQ59,World,7070261,EUR,2021-09-30 12:00:00,2594.248261,2594.248261,2594.248261,2594.248261,0.0
MSCI World,GB00BJDQQQ59,World,7070261,EUR,2021-10-01 12:00:00,2606.676132,2606.676132,2606.676132,2606.676132,0.0
MSCI World,GB00BJDQQQ59,World,7070261,EUR,2021-10-04 12:00:00,2574.749897,2574.749897,2574.749897,2574.749897,0.0
MSCI World,GB00BJDQQQ59,World,7070261,EUR,2021-10-05 12:00:00,2601.737057,2601.737057,2601.737057,2601.737057,0.0
MSCI World,GB00BJDQQQ59,World,7070261,EUR,2021-10-06 12:00:00,2612.898442,2612.898442,2612.898442,2612.898442,0.0
MSCI World,GB00BJDQQQ59,World,7070261,EUR,2021-10-07 12:00:00,2635.313516,2635.313516,2635.313516,2635.313516,0.0
MSCI World,GB00BJDQQQ59,World,7070261,EUR,2021-10-08 12:00:00,2629.825253,2629.825253,2629.825253,2629.825253,0.0
MSCI World,GB00BJDQQQ59,World,7070261,EUR,2021-10-11 12:00:00,2619.641133,2619.641133,2619.641133,2619.641133,0.0
MSCI World,GB00BJDQQQ59,World,7070261,EUR,2021-10-12 12:00:00,2619.046285,2619.046285,2619.046285,2619.046285,0.0
MSCI World,GB00BJDQQQ59,World,7070261,EUR,2021-10-13 12:00:00,2625.616062,2625.616062,2625.616062,2625.616062,0.0
MSCI World,GB00BJDQQQ59,World,7070261,EUR,2021-10-14 12:00:00,2661.537619,2661.537619,2661.537619,2661.537619,0.0
MSCI World,GB00BJDQQQ59,World,7070261,EUR,2021-10-15 12:00:00,2679.302474,2679.302474,2679.302474,2679.302474,0.0
MSCI World,GB00BJDQQQ59,World,7070261,EUR,2021-10-18 12:00:00,2684.152922,2684.152922,2684.152922,2684.152922,0.0
MSCI World,GB00BJDQQQ59,World,7070261,EUR,2021-10-19 12:00:00,2693.269321,2693.269321,2693.269321,2693.269321,0.0
MSCI World,GB00BJDQQQ59,World,7070261,EUR,2021-10-20 12:00:00,2702.456976,2702.456976,2702.456976,2702.456976,0.0
MSCI World,GB00BJDQQQ59,World,7070261,EUR,2021-10-21 12:00:00,2706.777102,2706.777102,2706.777102,2706.777102,0.0
MSCI World,GB00BJDQQQ59,World,7070261,EUR,2021-10-22 12:00:00,2705.678794,2705.678794,2705.678794,2705.678794,0.0
MSCI World,GB00BJDQQQ59,World,7070261,EUR,2021-10-25 12:00:00,2720.976112,2720.976112,2720.976112,2720.976112,0.0
MSCI World,GB00BJDQQQ59,World,7070261,EUR,2021-10-26 12:00:00,2731.978624,2731.978624,2731.978624,2731.978624,0.0
MSCI World,GB00BJDQQQ59,World,7070261,EUR,2021-10-27 12:00:00,2718.234221,2718.234221,2718.234221,2718.234221,0.0
MSCI World,GB00BJDQQQ59,World,7070261,EUR,2021-10-28 12:00:00,2722.93943,2722.93943,2722.93943,2722.93943,0.0
MSCI World,GB00BJDQQQ59,World,7070261,EUR,2021-10-29 12:00:00,2743.343367,2743.343367,2743.343367,2743.343367,0.0
MSCI World,GB00BJDQQQ59,World,7070261,EUR,2021-11-01 12:00:00,2752.73065,2752.73065,2752.73065,2752.73065,0.0
MSCI World,GB00BJDQQQ59,World,7070261,EUR,2021-11-05 12:00:00,2797.387412,2797.387412,2797.387412,2797.387412,0.0
MSCI World,GB00BJDQQQ59,World,7070261,EUR,2021-11-08 12:00:00,2793.721139,2793.721139,2793.721139,2793.721139,0.0
MSCI World,GB00BJDQQQ59,World,7070261,EUR,2021-11-09 12:00:00,2786.298926,2786.298926,2786.298926,2786.298926,0.0
MSCI World,GB00BJDQQQ59,World,7070261,EUR,2021-11-10 12:00:00,2779.507027,2779.507027,2779.507027,2779.507027,0.0
MSCI World,GB00BJDQQQ59,World,7070261,EUR,2021-11-11 12:00:00,2791.370289,2791.370289,2791.370289,2791.370289,0.0
MSCI World,GB00BJDQQQ59,World,7070261,EUR,2021-11-12 12:00:00,2816.905071,2816.905071,2816.905071,2816.905071,0.0
MSCI World,GB00BJDQQQ59,World,7070261,EUR,2021-11-15 12:00:00,2825.140647,2825.140647,2825.140647,2825.140647,0.0
MSCI World,GB00BJDQQQ59,World,7070261,EUR,2021-11-16 12:00:00,2847.410827,2847.410827,2847.410827,2847.410827,0.0
MSCI World,GB00BJDQQQ59,World,7070261,EUR,2021-11-17 12:00:00,2848.456113,2848.456113,2848.456113,2848.456113,0.0
MSCI World,GB00BJDQQQ59,World,7070261,EUR,2021-11-18 12:00:00,2842.982215,2842.982215,2842.982215,2842.982215,0.0
MSCI World,GB00BJDQQQ59,World,7070261,EUR,2021-11-19 12:00:00,2845.074975,2845.074975,2845.074975,2845.074975,0.0
MSCI World,GB00BJDQQQ59,World,7070261,EUR,2021-11-22 12:00:00,2846.670642,2846.670642,2846.670642,2846.670642,0.0
MSCI World,GB00BJDQQQ59,World,7070261,EUR,2021-11-23 12:00:00,2838.256665,2838.256665,2838.256665,2838.256665,0.0
MSCI World,GB00BJDQQQ59,World,7070261,EUR,2021-11-24 12:00:00,2856.372469,2856.372469,2856.372469,2856.372469,0.0
MSCI World,GB00BJDQQQ59,World,7070261,EUR,2021-11-26 12:00:00,2856.766842,2767.853354,2856.766842,2767.853354,0.0
MSCI World,GB00BJDQQQ59,World,7070261,EUR,2021-11-29 12:00:00,2800.488586,2800.488586,2800.488586,2800.488586,0.0
MSCI World,GB00BJDQQQ59,World,7070261,EUR,2021-11-30 12:00:00,2755.697602,2755.697602,2755.697602,2755.697602,0.0
MSCI World,GB00BJDQQQ59,World,7070261,EUR,2021-12-01 12:00:00,2724.520342,2724.520342,2724.520342,2724.520342,0.0
MSCI World,GB00BJDQQQ59,World,7070261,EUR,2021-12-02 12:00:00,2748.99605,2748.99605,2748.99605,2748.99605,0.0
MSCI World,GB00BJDQQQ59,World,7070261,EUR,2021-12-03 12:00:00,2736.192562,2736.192562,2736.192562,2736.192562,0.0
MSCI World,GB00BJDQQQ59,World,7070261,EUR,2021-12-06 12:00:00,2765.892095,2765.892095,2765.892095,2765.892095,0.0
MSCI World,GB00BJDQQQ59,World,7070261,EUR,2021-12-07 12:00:00,2831.14285,2831.14285,2831.14285,2831.14285,0.0
MSCI World,GB00BJDQQQ59,World,7070261,EUR,2021-12-08 12:00:00,2820.559346,2820.559346,2820.559346,2820.559346,0.0
MSCI World,GB00BJDQQQ59,World,7070261,EUR,2021-12-09 12:00:00,2811.110778,2811.110778,2811.110778,2811.110778,0.0
MSCI World,GB00BJDQQQ59,World,7070261,EUR,2021-12-10 12:00:00,2820.331258,2820.331258,2820.331258,2820.331258,0.0
MSCI World,GB00BJDQQQ59,World,7070261,EUR,2021-12-13 12:00:00,2804.312786,2804.312786,2804.312786,2804.312786,0.0
MSCI World,GB00BJDQQQ59,World,7070261,EUR,2021-12-14 12:00:00,2783.582968,2783.582968,2783.582968,2783.582968,0.0
MSCI World,GB00BJDQQQ59,World,7070261,EUR,2021-12-15 12:00:00,2821.942515,2821.942515,2821.942515,2821.942515,0.0
MSCI World,GB00BJDQQQ59,World,7070261,EUR,2021-12-16 12:00:00,2801.220979,2801.220979,2801.220979,2801.220979,0.0
MSCI World,GB00BJDQQQ59,World,7070261,EUR,2021-12-17 12:00:00,2784.834434,2784.834434,2784.834434,2784.834434,0.0
MSCI World,GB00BJDQQQ59,World,7070261,EUR,2021-12-20 12:00:00,2746.358233,2746.358233,2746.358233,2746.358233,0.0
MSCI World,GB00BJDQQQ59,World,7070261,EUR,2021-12-21 12:00:00,2798.936937,2798.936937,2798.936937,2798.936937,0.0
MSCI World,GB00BJDQQQ59,World,7070261,EUR,2021-12-22 12:00:00,2811.521144,2811.521144,2811.521144,2811.521144,0.0
MSCI World,GB00BJDQQQ59,World,7070261,EUR,2021-12-23 12:00:00,2835.106252,2835.106252,2835.106252,2835.106252,0.0
MSCI World,GB00BJDQQQ59,World,7070261,EUR,2021-12-27 12:00:00,2830.657957,2860.409936,2860.409936,2830.657957,0.0
MSCI World,GB00BJDQQQ59,World,7070261,EUR,2021-12-28 12:00:00,2867.51049,2867.51049,2867.51049,2867.51049,0.0
MSCI World,GB00BJDQQQ59,World,7070261,EUR,2021-12-29 12:00:00,2857.982186,2857.982186,2857.982186,2857.982186,0.0
MSCI World,GB00BJDQQQ59,World,7070261,EUR,2021-12-30 12:00:00,2856.810505,2856.810505,2856.810505,2856.810505,0.0
MSCI World,GB00BJDQQQ59,World,7070261,EUR,2021-12-31 12:00:00,2841.819137,2841.819137,2841.819137,2841.819137,0.0
MSCI World,GB00BJDQQQ59,World,7070261,EUR,2022-01-03 12:00:00,2870.546465,2870.546465,2870.546465,2870.546465,0.0
MSCI World,GB00BJDQQQ59,World,7070261,EUR,2022-01-04 12:00:00,2872.018417,2872.018417,2872.018417,2872.018417,0.0
MSCI World,GB00BJDQQQ59,World,7070261,EUR,2022-01-05 12:00:00,2825.422147,2825.422147,2825.422147,2825.422147,0.0
MSCI World,GB00BJDQQQ59,World,7070261,EUR,2022-01-06 12:00:00,2819.252088,2819.252088,2819.252088,2819.252088,0.0
MSCI World,GB00BJDQQQ59,World,7070261,EUR,2022-01-07 12:00:00,2800.078261,2800.078261,2800.078261,2800.078261,0.0
MSCI World,GB00BJDQQQ59,World,7070261,EUR,2022-01-10 12:00:00,2797.06306,2797.06306,2797.06306,2797.06306,0.0
MSCI World,GB00BJDQQQ59,World,7070261,EUR,2022-01-11 12:00:00,2815.933947,2815.933947,2815.933947,2815.933947,0.0
MSCI World,GB00BJDQQQ59,World,7070261,EUR,2022-01-12 12:00:00,2814.407297,2814.407297,2814.407297,2814.407297,0.0
MSCI World,GB00BJDQQQ59,World,7070261,EUR,2022-01-13 12:00:00,2776.540891,2776.540891,2776.540891,2776.540891,0.0
MSCI World,GB00BJDQQQ59,World,7070261,EUR,2022-01-14 12:00:00,2775.274214,2775.274214,2775.274214,2775.274214,0.0
MSCI World,GB00BJDQQQ59,World,7070261,EUR,2022-01-18 12:00:00,2785.392459,2754.300891,2785.392459,2754.300891,0.0
MSCI World,GB00BJDQQQ59,World,7070261,EUR,2022-01-19 12:00:00,2731.26097,2731.26097,2731.26097,2731.26097,0.0
MSCI World,GB00BJDQQQ59,World,7070261,EUR,2022-01-20 12:00:00,2716.110404,2716.110404,2716.110404,2716.110404,0.0
MSCI World,GB00BJDQQQ59,World,7070261,EUR,2022-01-21 12:00:00,2665.987735,2665.987735,2665.987735,2665.987735,0.0
MSCI World,GB00BJDQQQ59,World,7070261,EUR,2022-01-24 12:00:00,2657.626639,2657.626639,2657.626639,2657.626639,0.0
MSCI World,GB00BJDQQQ59,World,7070261,EUR,2022-01-25 12:00:00,2639.254308,2639.254308,2639.254308,2639.254308,0.0
MSCI World,GB00BJDQQQ59,World,7070261,EUR,2022-01-26 12:00:00,2640.994842,2640.994842,2640.994842,2640.994842,0.0
MSCI World,GB00BJDQQQ59,World,7070261,EUR,2022-01-27 12:00:00,2650.763557,2650.763557,2650.763557,2650.763557,0.0
MSCI World,GB00BJDQQQ59,World,7070261,EUR,2022-01-28 12:00:00,2691.902341,2691.902341,2691.902341,2691.902341,0.0
MSCI World,GB00BJDQQQ59,World,7070261,EUR,2022-01-31 12:00:00,2728.853467,2728.853467,2728.853467,2728.853467,0.0
MSCI World,GB00BJDQQQ59,World,7070261,EUR,2022-02-01 12:00:00,2743.909026,2743.909026,2743.909026,2743.909026,0.0
MSCI World,GB00BJDQQQ59,World,7070261,EUR,2022-02-02 12:00:00,2756.460157,2756.460157,2756.460157,2756.460157,0.0
MSCI World,GB00BJDQQQ59,World,7070261,EUR,2022-02-03 12:00:00,2673.529497,2673.529497,2673.529497,2673.529497,0.0
MSCI World,GB00BJDQQQ59,World,7070261,EUR,2022-02-04 12:00:00,2675.41339,2675.41339,2675.41339,2675.41339,0.0
MSCI World,GB00BJDQQQ59,World,7070261,EUR,2022-02-07 12:00:00,2673.061575,2673.061575,2673.061575,2673.061575,0.0
MSCI World,GB00BJDQQQ59,World,7070261,EUR,2022-02-08 12:00:00,2694.523158,2694.523158,2694.523158,2694.523158,0.0
MSCI World,GB00BJDQQQ59,World,7070261,EUR,2022-02-09 12:00:00,2734.343249,2734.343249,2734.343249,2734.343249,0.0
MSCI World,GB00BJDQQQ59,World,7070261,EUR,2022-02-10 12:00:00,2692.813815,2692.813815,2692.813815,2692.813815,0.0
MSCI World,GB00BJDQQQ59,World,7070261,EUR,2022-02-11 12:00:00,2665.114218,2665.114218,2665.114218,2665.114218,0.0
MSCI World,GB00BJDQQQ59,World,7070261,EUR,2022-02-14 12:00:00,2662.996889,2662.996889,2662.996889,2662.996889,0.0
MSCI World,GB00BJDQQQ59,World,7070261,EUR,2022-02-15 12:00:00,2689.426001,2689.426001,2689.426001,2689.426001,0.0
MSCI World,GB00BJDQQQ59,World,7070261,EUR,2022-02-16 12:00:00,2692.8401,2692.8401,2692.8401,2692.8401,0.0
MSCI World,GB00BJDQQQ59,World,7070261,EUR,2022-02-17 12:00:00,2646.854866,2646.854866,2646.854866,2646.854866,0.0
MSCI World,GB00BJDQQQ59,World,7070261,EUR,2022-02-18 12:00:00,2630.687448,2630.687448,2630.687448,2630.687448,0.0
MSCI World,GB00BJDQQQ59,World,7070261,EUR,2022-02-22 12:00:00,2625.198124,2602.350269,2625.198124,2602.350269,0.0
MSCI World,GB00BJDQQQ59,World,7070261,EUR,2022-02-23 12:00:00,2569.055646,2569.055646,2569.055646,2569.055646,0.0
MSCI World,GB00BJDQQQ59,World,7070261,EUR,2022-02-24 12:00:00,2614.681233,2614.681233,2614.681233,2614.681233,0.0
MSCI World,GB00BJDQQQ59,World,7070261,EUR,2022-02-25 12:00:00,2650.116605,2650.116605,2650.116605,2650.116605,0.0
MSCI World,GB00BJDQQQ59,World,7070261,EUR,2022-02-28 12:00:00,2651.302226,2651.302226,2651.302226,2651.302226,0.0
MSCI World,GB00BJDQQQ59,World,7070261,EUR,2022-03-01 12:00:00,2630.508126,2630.508126,2630.508126,2630.508126,0.0
MSCI World,GB00BJDQQQ59,World,7070261,EUR,2022-03-02 12:00:00,2678.342666,2678.342666,2678.342666,2678.342666,0.0
MSCI World,GB00BJDQQQ59,World,7070261,EUR,2022-03-03 12:00:00,2659.82587,2659.82587,2659.82587,2659.82587,0.0
MSCI World,GB00BJDQQQ59,World,7070261,EUR,2022-03-04 12:00:00,2652.606798,2652.606798,2652.606798,2652.606798,0.0
MSCI World,GB00BJDQQQ59,World,7070261,EUR,2022-03-07 12:00:00,2592.566111,2592.566111,2592.566111,2592.566111,0.0
MSCI World,GB00BJDQQQ59,World,7070261,EUR,2022-03-08 12:00:00,2572.005864,2572.005864,2572.005864,2572.005864,0.0
MSCI World,GB00BJDQQQ59,World,7070261,EUR,2022-03-09 12:00:00,2609.015902,2609.015902,2609.015902,2609.015902,0.0
MSCI World,GB00BJDQQQ59,World,7070261,EUR,2022-03-10 12:00:00,2606.077599,2606.077599,2606.077599,2606.077599,0.0
MSCI World,GB00BJDQQQ59,World,7070261,EUR,2022-03-11 12:00:00,2589.751834,2589.751834,2589.751834,2589.751834,0.0
MSCI World,GB00BJDQQQ59,World,7070261,EUR,2022-03-14 12:00:00,2574.224857,2574.224857,2574.224857,2574.224857,0.0
MSCI World,GB00BJDQQQ59,World,7070261,EUR,2022-03-15 12:00:00,2611.655987,2611.655987,2611.655987,2611.655987,0.0
MSCI World,GB00BJDQQQ59,World,7070261,EUR,2022-03-16 12:00:00,2670.96931,2670.96931,2670.96931,2670.96931,0.0
MSCI World,GB00BJDQQQ59,World,7070261,EUR,2022-03-17 12:00:00,2683.569271,2683.569271,2683.569271,2683.569271,0.0
MSCI World,GB00BJDQQQ59,World,7070261,EUR,2022-03-18 12:00:00,2724.882294,2724.882294,2724.882294,2724.882294,0.0
MSCI World,GB00BJDQQQ59,World,7070261,EUR,2022-03-21 12:00:00,2724.185317,2724.185317,2724.185317,2724.185317,0.0
MSCI World,GB00BJDQQQ59,World,7070261,EUR,2022-03-22 12:00:00,2758.466894,2758.466894,2758.466894,2758.466894,0.0
MSCI World,GB00BJDQQQ59,World,7070261,EUR,2022-03-23 12:00:00,2738.539362,2738.539362,2738.539362,2738.539362,0.0
MSCI World,GB00BJDQQQ59,World,7070261,EUR,2022-03-24 12:00:00,2763.09061,2763.09061,2763.09061,2763.09061,0.0
MSCI World,GB00BJDQQQ59,World,7070261,EUR,2022-03-25 12:00:00,2775.820091,2775.820091,2775.820091,2775.820091,0.0
MSCI World,GB00BJDQQQ59,World,7070261,EUR,2022-03-28 12:00:00,2791.044052,2791.044052,2791.044052,2791.044052,0.0
MSCI World,GB00BJDQQQ59,World,7070261,EUR,2022-03-29 12:00:00,2801.905666,2801.905666,2801.905666,2801.905666,0.0
MSCI World,GB00BJDQQQ59,World,7070261,EUR,2022-03-30 12:00:00,2773.684632,2773.684632,2773.684632,2773.684632,0.0
MSCI World,GB00BJDQQQ59,World,7070261,EUR,2022-03-31 12:00:00,2743.977193,2743.977193,2743.977193,2743.977193,0.0
MSCI World,GB00BJDQQQ59,World,7070261,EUR,2022-04-01 12:00:00,2769.947267,2769.947267,2769.947267,2769.947267,0.0
MSCI World,GB00BJDQQQ59,World,7070261,EUR,2022-04-04 12:00:00,2802.148982,2802.148982,2802.148982,2802.148982,0.0
MSCI World,GB00BJDQQQ59,World,7070261,EUR,2022-04-05 12:00:00,2787.755995,2787.755995,2787.755995,2787.755995,0.0
MSCI World,GB00BJDQQQ59,World,7070261,EUR,2022-04-06 12:00:00,2758.575606,2758.575606,2758.575606,2758.575606,0.0
MSCI World,GB00BJDQQQ59,World,7070261,EUR,2022-04-07 12:00:00,2762.281007,2762.281007,2762.281007,2762.281007,0.0
MSCI World,GB00BJDQQQ59,World,7070261,EUR,2022-04-08 12:00:00,2770.224456,2770.224456,2770.224456,2770.224456,0.0
MSCI World,GB00BJDQQQ59,World,7070261,EUR,2022-04-11 12:00:00,2727.71295,2727.71295,2727.71295,2727.71295,0.0
MSCI World,GB00BJDQQQ59,World,7070261,EUR,2022-04-12 12:00:00,2722.018114,2722.018114,2722.018114,2722.018114,0.0
MSCI World,GB00BJDQQQ59,World,7070261,EUR,2022-04-13 12:00:00,2751.841872,2751.841872,2751.841872,2751.841872,0.0
MSCI World,GB00BJDQQQ59,World,7070261,EUR,2022-04-14 12:00:00,2747.32496,2747.32496,2747.32496,2747.32496,0.0
MSCI World,GB00BJDQQQ59,World,7070261,EUR,2022-04-18 12:00:00,2746.426704,2736.962745,2746.426704,2736.962745,0.0
MSCI World,GB00BJDQQQ59,World,7070261,EUR,2022-04-19 12:00:00,2767.054749,2767.054749,2767.054749,2767.054749,0.0
MSCI World,GB00BJDQQQ59,World,7070261,EUR,2022-04-20 12:00:00,2756.086057,2756.086057,2756.086057,2756.086057,0.0
MSCI World,GB00BJDQQQ59,World,7070261,EUR,2022-04-21 12:00:00,2729.428263,2729.428263,2729.428263,2729.428263,0.0
MSCI World,GB00BJDQQQ59,World,7070261,EUR,2022-04-22 12:00:00,2675.002858,2675.002858,2675.002858,2675.002858,0.0
MSCI World,GB00BJDQQQ59,World,7070261,EUR,2022-04-25 12:00:00,2687.546254,2687.546254,2687.546254,2687.546254,0.0
MSCI World,GB00BJDQQQ59,World,7070261,EUR,2022-04-26 12:00:00,2639.300364,2639.300364,2639.300364,2639.300364,0.0
MSCI World,GB00BJDQQQ59,World,7070261,EUR,2022-04-27 12:00:00,2669.380508,2669.380508,2669.380508,2669.380508,0.0
MSCI World,GB00BJDQQQ59,World,7070261,EUR,2022-04-28 12:00:00,2721.018329,2721.018329,2721.018329,2721.018329,0.0
MSCI World,GB00BJDQQQ59,World,7070261,EUR,2022-04-29 12:00:00,2649.991415,2649.991415,2649.991415,2649.991415,0.0
MSCI World,GB00BJDQQQ59,World,7070261,EUR,2022-05-02 12:00:00,2657.212582,2657.212582,2657.212582,2657.212582,0.0
MSCI World,GB00BJDQQQ59,World,7070261,EUR,2022-05-03 12:00:00,2666.233454,2666.233454,2666.233454,2666.233454,0.0
MSCI World,GB00BJDQQQ59,World,7070261,EUR,2022-05-04 12:00:00,2715.47964,2715.47964,2715.47964,2715.47964,0.0
MSCI World,GB00BJDQQQ59,World,7070261,EUR,2022-05-05 12:00:00,2643.852236,2643.852236,2643.852236,2643.852236,0.0
MSCI World,GB00BJDQQQ59,World,7070261,EUR,2022-05-06 12:00:00,2610.042686,2610.042686,2610.042686,2610.042686,0.0
MSCI World,GB00BJDQQQ59,World,7070261,EUR,2022-05-09 12:00:00,2537.354897,2537.354897,2537.354897,2537.354897,0.0
MSCI World,GB00BJDQQQ59,World,7070261,EUR,2022-05-10 12:00:00,2539.366882,2539.366882,2539.366882,2539.366882,0.0
MSCI World,GB00BJDQQQ59,World,7070261,EUR,2022-05-11 12:00:00,2515.129942,2515.129942,2515.129942,2515.129942,0.0
MSCI World,GB00BJDQQQ59,World,7070261,EUR,2022-05-12 12:00:00,2535.165986,2535.165986,2535.165986,2535.165986,0.0
MSCI World,GB00BJDQQQ59,World,7070261,EUR,2022-05-13 12:00:00,2598.81164,2598.81164,2598.81164,2598.81164,0.0
MSCI World,GB00BJDQQQ59,World,7070261,EUR,2022-05-16 12:00:00,2589.346805,2589.346805,2589.346805,2589.346805,0.0
MSCI World,GB00BJDQQQ59,World,7070261,EUR,2022-05-17 12:00:00,2607.199139,2607.199139,2607.199139,2607.199139,0.0
MSCI World,GB00BJDQQQ59,World,7070261,EUR,2022-05-18 12:00:00,2535.138325,2535.138325,2535.138325,2535.138325,0.0
MSCI World,GB00BJDQQQ59,World,7070261,EUR,2022-05-19 12:00:00,2503.941989,2503.941989,2503.941989,2503.941989,0.0
MSCI World,GB00BJDQQQ59,World,7070261,EUR,2022-05-20 12:00:00,2515.547998,2515.547998,2515.547998,2515.547998,0.0
MSCI World,GB00BJDQQQ59,World,7070261,EUR,2022-05-23 12:00:00,2532.92889,2532.92889,2532.92889,2532.92889,0.0
MSCI World,GB00BJDQQQ59,World,7070261,EUR,2022-05-24 12:00:00,2498.911512,2498.911512,2498.911512,2498.911512,0.0
MSCI World,GB00BJDQQQ59,World,7070261,EUR,2022-05-25 12:00:00,2528.282337,2528.282337,2528.282337,2528.282337,0.0
MSCI World,GB00BJDQQQ59,World,7070261,EUR,2022-05-26 12:00:00,2560.254677,2560.254677,2560.254677,2560.254677,0.0
MSCI World,GB00BJDQQQ59,World,7070261,EUR,2022-05-27 12:00:00,2616.803508,2616.803508,2616.803508,2616.803508,0.0
MSCI World,GB00BJDQQQ59,World,7070261,EUR,2022-05-31 12:00:00,2611.210789,2605.382725,2611.210789,2605.382725,0.0
MSCI World,GB00BJDQQQ59,World,7070261,EUR,2022-06-01 12:00:00,2597.085132,2597.085132,2597.085132,2597.085132,0.0
MSCI World,GB00BJDQQQ59,World,7070261,EUR,2022-06-02 12:00:00,2625.880222,2625.880222,2625.880222,2625.880222,0.0
MSCI World,GB00BJDQQQ59,World,7070261,EUR,2022-06-03 12:00:00,2591.922763,2591.922763,2591.922763,2591.922763,0.0
MSCI World,GB00BJDQQQ59,World,7070261,EUR,2022-06-06 12:00:00,2602.32366,2602.32366,2602.32366,2602.32366,0.0
MSCI World,GB00BJDQQQ59,World,7070261,EUR,2022-06-07 12:00:00,2620.454082,2620.454082,2620.454082,2620.454082,0.0
MSCI World,GB00BJDQQQ59,World,7070261,EUR,2022-06-08 12:00:00,2593.581885,2593.581885,2593.581885,2593.581885,0.0
MSCI World,GB00BJDQQQ59,World,7070261,EUR,2022-06-09 12:00:00,2555.596585,2555.596585,2555.596585,2555.596585,0.0
MSCI World,GB00BJDQQQ59,World,7070261,EUR,2022-06-10 12:00:00,2508.605456,2508.605456,2508.605456,2508.605456,0.0
MSCI World,GB00BJDQQQ59,World,7070261,EUR,2022-06-13 12:00:00,2441.868876,2441.868876,2441.868876,2441.868876,0.0
MSCI World,GB00BJDQQQ59,World,7070261,EUR,2022-06-14 12:00:00,2426.285512,2426.285512,2426.285512,2426.285512,0.0
MSCI World,GB00BJDQQQ59,World,7070261,EUR,2022-06-15 12:00:00,2455.861462,2455.861462,2455.861462,2455.861462,0.0
MSCI World,GB00BJDQQQ59,World,7070261,EUR,2022-06-16 12:00:00,2372.835174,2372.835174,2372.835174,2372.835174,0.0
MSCI World,GB00BJDQQQ59,World,7070261,EUR,2022-06-17 12:00:00,2377.020431,2377.020431,2377.020431,2377.020431,0.0
MSCI World,GB00BJDQQQ59,World,7070261,EUR,2022-06-21 12:00:00,2367.949855,2407.464489,2407.464489,2367.949855,0.0
MSCI World,GB00BJDQQQ59,World,7070261,EUR,2022-06-22 12:00:00,2394.432916,2394.432916,2394.432916,2394.432916,0.0
MSCI World,GB00BJDQQQ59,World,7070261,EUR,2022-06-23 12:00:00,2421.090539,2421.090539,2421.090539,2421.090539,0.0
MSCI World,GB00BJDQQQ59,World,7070261,EUR,2022-06-24 12:00:00,2484.206259,2484.206259,2484.206259,2484.206259,0.0
MSCI World,GB00BJDQQQ59,World,7070261,EUR,2022-06-27 12:00:00,2475.301153,2475.301153,2475.301153,2475.301153,0.0
MSCI World,GB00BJDQQQ59,World,7070261,EUR,2022-06-28 12:00:00,2457.808354,2457.808354,2457.808354,2457.808354,0.0
MSCI World,GB00BJDQQQ59,World,7070261,EUR,2022-06-29 12:00:00,2456.901567,2456.901567,2456.901567,2456.901567,0.0
MSCI World,GB00BJDQQQ59,World,7070261,EUR,2022-06-30 12:00:00,2435.502338,2435.502338,2435.502338,2435.502338,0.0
MSCI World,GB00BJDQQQ59,World,7070261,EUR,2022-07-01 12:00:00,2463.492046,2463.492046,2463.492046,2463.492046,0.0
MSCI World,GB00BJDQQQ59,World,7070261,EUR,2022-07-05 12:00:00,2463.405211,2493.604067,2493.604067,2463.405211,0.0
MSCI World,GB00BJDQQQ59,World,7070261,EUR,2022-07-06 12:00:00,2512.331323,2512.331323,2512.331323,2512.331323,0.0
MSCI World,GB00BJDQQQ59,World,7070261,EUR,2022-07-07 12:00:00,2558.525042,2558.525042,2558.525042,2558.525042,0.0
MSCI World,GB00BJDQQQ59,World,7070261,EUR,2022-07-08 12:00:00,2559.227296,2559.227296,2559.227296,2559.227296,0.0
MSCI World,GB00BJDQQQ59,World,7070261,EUR,2022-07-11 12:00:00,2551.034083,2551.034083,2551.034083,2551.034083,0.0
MSCI World,GB00BJDQQQ59,World,7070261,EUR,2022-07-12 12:00:00,2541.592868,2541.592868,2541.592868,2541.592868,0.0
MSCI World,GB00BJDQQQ59,World,7070261,EUR,2022-07-13 12:00:00,2517.118148,2517.118148,2517.118148,2517.118148,0.0
MSCI World,GB00BJDQQQ59,World,7070261,EUR,2022-07-14 12:00:00,2521.79732,2521.79732,2521.79732,2521.79732,0.0
MSCI World,GB00BJDQQQ59,World,7070261,EUR,2022-07-15 12:00:00,2548.36847,2548.36847,2548.36847,2548.36847,0.0
MSCI World,GB00BJDQQQ59,World,7070261,EUR,2022-07-18 12:00:00,2518.429936,2518.429936,2518.429936,2518.429936,0.0
MSCI World,GB00BJDQQQ59,World,7070261,EUR,2022-07-19 12:00:00,2564.861686,2564.861686,2564.861686,2564.861686,0.0
MSCI World,GB00BJDQQQ59,World,7070261,EUR,2022-07-20 12:00:00,2588.911775,2588.911775,2588.911775,2588.911775,0.0
MSCI World,GB00BJDQQQ59,World,7070261,EUR,2022-07-21 12:00:00,2613.650311,2613.650311,2613.650311,2613.650311,0.0
MSCI World,GB00BJDQQQ59,World,7070261,EUR,2022-07-22 12:00:00,2591.096048,2591.096048,2591.096048,2591.096048,0.0
MSCI World,GB00BJDQQQ59,World,7070261,EUR,2022-07-25 12:00:00,2594.777484,2594.777484,2594.777484,2594.777484,0.0
MSCI World,GB00BJDQQQ59,World,7070261,EUR,2022-07-26 12:00:00,2589.92744,2589.92744,2589.92744,2589.92744,0.0
MSCI World,GB00BJDQQQ59,World,7070261,EUR,2022-07-27 12:00:00,2643.224738,2643.224738,2643.224738,2643.224738,0.0
MSCI World,GB00BJDQQQ59,World,7070261,EUR,2022-07-28 12:00:00,2668.33364,2668.33364,2668.33364,2668.33364,0.0
MSCI World,GB00BJDQQQ59,World,7070261,EUR,2022-07-29 12:00:00,2693.442546,2693.442546,2693.442546,2693.442546,0.0
MSCI World,GB00BJDQQQ59,World,7070261,EUR,2022-08-01 12:00:00,2676.213135,2676.213135,2676.213135,2676.213135,0.0
MSCI World,GB00BJDQQQ59,World,7070261,EUR,2022-08-02 12:00:00,2674.934452,2674.934452,2674.934452,2674.934452,0.0
MSCI World,GB00BJDQQQ59,World,7070261,EUR,2022-08-03 12:00:00,2719.757444,2719.757444,2719.757444,2719.757444,0.0
MSCI World,GB00BJDQQQ59,World,7070261,EUR,2022-08-04 12:00:00,2704.456229,2704.456229,2704.456229,2704.456229,0.0
MSCI World,GB00BJDQQQ59,World,7070261,EUR,2022-08-05 12:00:00,2707.256463,2707.256463,2707.256463,2707.256463,0.0
MSCI World,GB00BJDQQQ59,World,7070261,EUR,2022-08-08 12:00:00,2699.989787,2699.989787,2699.989787,2699.989787,0.0
MSCI World,GB00BJDQQQ59,World,7070261,EUR,2022-08-09 12:00:00,2683.785561,2683.785561,2683.785561,2683.785561,0.0
MSCI World,GB00BJDQQQ59,World,7070261,EUR,2022-08-10 12:00:00,2707.131274,2707.131274,2707.131274,2707.131274,0.0
MSCI World,GB00BJDQQQ59,World,7070261,EUR,2022-08-11 12:00:00,2708.634551,2708.634551,2708.634551,2708.634551,0.0
MSCI World,GB00BJDQQQ59,World,7070261,EUR,2022-08-12 12:00:00,2766.853175,2766.853175,2766.853175,2766.853175,0.0
MSCI World,GB00BJDQQQ59,World,7070261,EUR,2022-08-15 12:00:00,2788.245482,2788.245482,2788.245482,2788.245482,0.0
MSCI World,GB00BJDQQQ59,World,7070261,EUR,2022-08-16 12:00:00,2794.272875,2794.272875,2794.272875,2794.272875,0.0
MSCI World,GB00BJDQQQ59,World,7070261,EUR,2022-08-17 12:00:00,2777.735261,2777.735261,2777.735261,2777.735261,0.0
MSCI World,GB00BJDQQQ59,World,7070261,EUR,2022-08-18 12:00:00,2790.292429,2790.292429,2790.292429,2790.292429,0.0
MSCI World,GB00BJDQQQ59,World,7070261,EUR,2022-08-19 12:00:00,2776.191778,2776.191778,2776.191778,2776.191778,0.0
MSCI World,GB00BJDQQQ59,World,7070261,EUR,2022-08-22 12:00:00,2745.291289,2745.291289,2745.291289,2745.291289,0.0
MSCI World,GB00BJDQQQ59,World,7070261,EUR,2022-08-23 12:00:00,2734.039978,2734.039978,2734.039978,2734.039978,0.0
MSCI World,GB00BJDQQQ59,World,7070261,EUR,2022-08-24 12:00:00,2738.195806,2738.195806,2738.195806,2738.195806,0.0
MSCI World,GB00BJDQQQ59,World,7070261,EUR,2022-08-25 12:00:00,2773.601688,2773.601688,2773.601688,2773.601688,0.0
MSCI World,GB00BJDQQQ59,World,7070261,EUR,2022-08-26 12:00:00,2690.170882,2690.170882,2690.170882,2690.170882,0.0
MSCI World,GB00BJDQQQ59,World,7070261,EUR,2022-08-29 12:00:00,2673.189497,2673.189497,2673.189497,2673.189497,0.0
MSCI World,GB00BJDQQQ59,World,7070261,EUR,2022-08-30 12:00:00,2648.415179,2648.415179,2648.415179,2648.415179,0.0
MSCI World,GB00BJDQQQ59,World,7070261,EUR,2022-08-31 12:00:00,2612.818188,2612.818188,2612.818188,2612.818188,0.0
MSCI World,GB00BJDQQQ59,World,7070261,EUR,2022-09-01 12:00:00,2627.065042,2627.065042,2627.065042,2627.065042,0.0
MSCI World,GB00BJDQQQ59,World,7070261,EUR,2022-09-02 12:00:00,2598.071725,2598.071725,2598.071725,2598.071725,0.0
MSCI World,GB00BJDQQQ59,World,7070261,EUR,2022-09-06 12:00:00,2617.500575,2609.889111,2617.500575,2609.889111,0.0
MSCI World,GB00BJDQQQ59,World,7070261,EUR,2022-09-07 12:00:00,2627.644054,2627.644054,2627.644054,2627.644054,0.0
MSCI World,GB00BJDQQQ59,World,7070261,EUR,2022-09-08 12:00:00,2647.689059,2647.689059,2647.689059,2647.689059,0.0
MSCI World,GB00BJDQQQ59,World,7070261,EUR,2022-09-09 12:00:00,2671.546354,2671.546354,2671.546354,2671.546354,0.0
MSCI World,GB00BJDQQQ59,World,7070261,EUR,2022-09-12 12:00:00,2683.851227,2683.851227,2683.851227,2683.851227,0.0
MSCI World,GB00BJDQQQ59,World,7070261,EUR,2022-09-13 12:00:00,2615.439775,2615.439775,2615.439775,2615.439775,0.0
MSCI World,GB00BJDQQQ59,World,7070261,EUR,2022-09-14 12:00:00,2618.49546,2618.49546,2618.49546,2618.49546,0.0
MSCI World,GB00BJDQQQ59,World,7070261,EUR,2022-09-15 12:00:00,2593.161398,2593.161398,2593.161398,2593.161398,0.0
MSCI World,GB00BJDQQQ59,World,7070261,EUR,2022-09-16 12:00:00,2561.483346,2561.483346,2561.483346,2561.483346,0.0
MSCI World,GB00BJDQQQ59,World,7070261,EUR,2022-09-19 12:00:00,2577.323314,2577.323314,2577.323314,2577.323314,0.0
MSCI World,GB00BJDQQQ59,World,7070261,EUR,2022-09-20 12:00:00,2555.427713,2555.427713,2555.427713,2555.427713,0.0
MSCI World,GB00BJDQQQ59,World,7070261,EUR,2022-09-21 12:00:00,2547.545069,2547.545069,2547.545069,2547.545069,0.0
MSCI World,GB00BJDQQQ59,World,7070261,EUR,2022-09-22 12:00:00,2536.159968,2536.159968,2536.159968,2536.159968,0.0
MSCI World,GB00BJDQQQ59,World,7070261,EUR,2022-09-23 12:00:00,2512.488211,2512.488211,2512.488211,2512.488211,0.0
MSCI World,GB00BJDQQQ59,World,7070261,EUR,2022-09-26 12:00:00,2496.178433,2496.178433,2496.178433,2496.178433,0.0
MSCI World,GB00BJDQQQ59,World,7070261,EUR,2022-09-27 12:00:00,2498.566754,2498.566754,2498.566754,2498.566754,0.0
MSCI World,GB00BJDQQQ59,World,7070261,EUR,2022-09-28 12:00:00,2532.352873,2532.352873,2532.352873,2532.352873,0.0
MSCI World,GB00BJDQQQ59,World,7070261,EUR,2022-09-29 12:00:00,2458.732489,2458.732489,2458.732489,2458.732489,0.0
MSCI World,GB00BJDQQQ59,World,7070261,EUR,2022-09-30 12:00:00,2428.049457,2428.049457,2428.049457,2428.049457,0.0
MSCI World,GB00BJDQQQ59,World,7070261,EUR,2022-10-03 12:00:00,2475.07999,2475.07999,2475.07999,2475.07999,0.0
MSCI World,GB00BJDQQQ59,World,7070261,EUR,2022-10-04 12:00:00,2522.697221,2522.697221,2522.697221,2522.697221,0.0
MSCI World,GB00BJDQQQ59,World,7070261,EUR,2022-10-05 12:00:00,2536.726099,2536.726099,2536.726099,2536.726099,0.0
MSCI World,GB00BJDQQQ59,World,7070261,EUR,2022-10-06 12:00:00,2518.348362,2518.348362,2518.348362,2518.348362,0.0
MSCI World,GB00BJDQQQ59,World,7070261,EUR,2022-10-07 12:00:00,2470.718466,2470.718466,2470.718466,2470.718466,0.0
MSCI World,GB00BJDQQQ59,World,7070261,EUR,2022-10-10 12:00:00,2469.063525,2469.063525,2469.063525,2469.063525,0.0
MSCI World,GB00BJDQQQ59,World,7070261,EUR,2022-10-11 12:00:00,2447.505351,2447.505351,2447.505351,2447.505351,0.0
MSCI World,GB00BJDQQQ59,World,7070261,EUR,2022-10-12 12:00:00,2440.779559,2440.779559,2440.779559,2440.779559,0.0
MSCI World,GB00BJDQQQ59,World,7070261,EUR,2022-10-13 12:00:00,2482.062085,2482.062085,2482.062085,2482.062085,0.0
MSCI World,GB00BJDQQQ59,World,7070261,EUR,2022-10-14 12:00:00,2436.702819,2436.702819,2436.702819,2436.702819,0.0
MSCI World,GB00BJDQQQ59,World,7070261,EUR,2022-10-17 12:00:00,2477.290071,2477.290071,2477.290071,2477.290071,0.0
MSCI World,GB00BJDQQQ59,World,7070261,EUR,2022-10-18 12:00:00,2495.17133,2495.17133,2495.17133,2495.17133,0.0
MSCI World,GB00BJDQQQ59,World,7070261,EUR,2022-10-19 12:00:00,2491.504084,2491.504084,2491.504084,2491.504084,0.0
MSCI World,GB00BJDQQQ59,World,7070261,EUR,2022-10-20 12:00:00,2467.883202,2467.883202,2467.883202,2467.883202,0.0
MSCI World,GB00BJDQQQ59,World,7070261,EUR,2022-10-21 12:00:00,2513.567526,2513.567526,2513.567526,2513.567526,0.0
MSCI World,GB00BJDQQQ59,World,7070261,EUR,2022-10-24 12:00:00,2522.180964,2522.180964,2522.180964,2522.180964,0.0
MSCI World,GB00BJDQQQ59,World,7070261,EUR,2022-10-25 12:00:00,2548.118529,2548.118529,2548.118529,2548.118529,0.0
MSCI World,GB00BJDQQQ59,World,7070261,EUR,2022-10-26 12:00:00,2523.42769,2523.42769,2523.42769,2523.42769,0.0
MSCI World,GB00BJDQQQ59,World,7070261,EUR,2022-10-27 12:00:00,2524.217897,2524.217897,2524.217897,2524.217897,0.0
MSCI World,GB00BJDQQQ59,World,7070261,EUR,2022-10-28 12:00:00,2574.054104,2574.054104,2574.054104,2574.054104,0.0
MSCI World,GB00BJDQQQ59,World,7070261,EUR,2022-10-31 12:00:00,2577.753572,2577.753572,2577.753572,2577.753572,0.0
MSCI World,GB00BJDQQQ59,World,7070261,EUR,2022-11-01 12:00:00,2579.268959,2579.268959,2579.268959,2579.268959,0.0
MSCI World,GB00BJDQQQ59,World,7070261,EUR,2022-11-02 12:00:00,2532.207211,2532.207211,2532.207211,2532.207211,0.0
MSCI World,GB00BJDQQQ59,World,7070261,EUR,2022-11-03 12:00:00,2528.969253,2528.969253,2528.969253,2528.969253,0.0
MSCI World,GB00BJDQQQ59,World,7070261,EUR,2022-11-04 12:00:00,2533.696243,2533.696243,2533.696243,2533.696243,0.0
MSCI World,GB00BJDQQQ59,World,7070261,EUR,2022-11-07 12:00:00,2533.761682,2533.761682,2533.761682,2533.761682,0.0
MSCI World,GB00BJDQQQ59,World,7070261,EUR,2022-11-08 12:00:00,2537.986283,2537.986283,2537.986283,2537.986283,0.0
MSCI World,GB00BJDQQQ59,World,7070261,EUR,2022-11-09 12:00:00,2502.637267,2502.637267,2502.637267,2502.637267,0.0
MSCI World,GB00BJDQQQ59,World,7070261,EUR,2022-11-10 12:00:00,2589.537367,2589.537367,2589.537367,2589.537367,0.0
MSCI World,GB00BJDQQQ59,World,7070261,EUR,2022-11-11 12:00:00,2589.522685,2589.522685,2589.522685,2589.522685,0.0
MSCI World,GB00BJDQQQ59,World,7070261,EUR,2022-11-14 12:00:00,2568.777001,2568.777001,2568.777001,2568.777001,0.0
MSCI World,GB00BJDQQQ59,World,7070261,EUR,2022-11-15 12:00:00,2583.550711,2583.550711,2583.550711,2583.550711,0.0
MSCI World,GB00BJDQQQ59,World,7070261,EUR,2022-11-16 12:00:00,2554.013146,2554.013146,2554.013146,2554.013146,0.0
MSCI World,GB00BJDQQQ59,World,7070261,EUR,2022-11-17 12:00:00,2558.044513,2558.044513,2558.044513,2558.044513,0.0
MSCI World,GB00BJDQQQ59,World,7070261,EUR,2022-11-18 12:00:00,2566.129049,2566.129049,2566.129049,2566.129049,0.0
MSCI World,GB00BJDQQQ59,World,7070261,EUR,2022-11-21 12:00:00,2578.416064,2578.416064,2578.416064,2578.416064,0.0
MSCI World,GB00BJDQQQ59,World,7070261,EUR,2022-11-22 12:00:00,2601.455804,2601.455804,2601.455804,2601.455804,0.0
MSCI World,GB00BJDQQQ59,World,7070261,EUR,2022-11-23 12:00:00,2600.012293,2600.012293,2600.012293,2600.012293,0.0
MSCI World,GB00BJDQQQ59,World,7070261,EUR,2022-11-25 12:00:00,2599.553645,2598.060806,2599.553645,2598.060806,0.0
MSCI World,GB00BJDQQQ59,World,7070261,EUR,2022-11-28 12:00:00,2566.421692,2566.421692,2566.421692,2566.421692,0.0
MSCI World,GB00BJDQQQ59,World,7070261,EUR,2022-11-29 12:00:00,2571.578038,2571.578038,2571.578038,2571.578038,0.0
MSCI World,GB00BJDQQQ59,World,7070261,EUR,2022-11-30 12:00:00,2642.527397,2642.527397,2642.527397,2642.527397,0.0
MSCI World,GB00BJDQQQ59,World,7070261,EUR,2022-12-01 12:00:00,2613.918438,2613.918438,2613.918438,2613.918438,0.0
MSCI World,GB00BJDQQQ59,World,7070261,EUR,2022-12-02 12:00:00,2609.470668,2609.470668,2609.470668,2609.470668,0.0
MSCI World,GB00BJDQQQ59,World,7070261,EUR,2022-12-05 12:00:00,2561.184607,2561.184607,2561.184607,2561.184607,0.0
MSCI World,GB00BJDQQQ59,World,7070261,EUR,2022-12-06 12:00:00,2534.689951,2534.689951,2534.689951,2534.689951,0.0
MSCI World,GB00BJDQQQ59,World,7070261,EUR,2022-12-07 12:00:00,2527.093797,2527.093797,2527.093797,2527.093797,0.0
MSCI World,GB00BJDQQQ59,World,7070261,EUR,2022-12-08 12:00:00,2532.137881,2532.137881,2532.137881,2532.137881,0.0
MSCI World,GB00BJDQQQ59,World,7070261,EUR,2022-12-09 12:00:00,2526.306642,2526.306642,2526.306642,2526.306642,0.0
MSCI World,GB00BJDQQQ59,World,7070261,EUR,2022-12-12 12:00:00,2550.53403,2550.53403,2550.53403,2550.53403,0.0
MSCI World,GB00BJDQQQ59,World,7070261,EUR,2022-12-13 12:00:00,2552.50629,2552.50629,2552.50629,2552.50629,0.0
MSCI World,GB00BJDQQQ59,World,7070261,EUR,2022-12-14 12:00:00,2540.804795,2540.804795,2540.804795,2540.804795,0.0
MSCI World,GB00BJDQQQ59,World,7070261,EUR,2022-12-15 12:00:00,2475.852232,2475.852232,2475.852232,2475.852232,0.0
MSCI World,GB00BJDQQQ59,World,7070261,EUR,2022-12-16 12:00:00,2454.91354,2454.91354,2454.91354,2454.91354,0.0
MSCI World,GB00BJDQQQ59,World,7070261,EUR,2022-12-19 12:00:00,2444.235891,2444.235891,2444.235891,2444.235891,0.0
MSCI World,GB00BJDQQQ59,World,7070261,EUR,2022-12-20 12:00:00,2437.003185,2437.003185,2437.003185,2437.003185,0.0
MSCI World,GB00BJDQQQ59,World,7070261,EUR,2022-12-21 12:00:00,2474.844775,2474.844775,2474.844775,2474.844775,0.0
MSCI World,GB00BJDQQQ59,World,7070261,EUR,2022-12-22 12:00:00,2448.226257,2448.226257,2448.226257,2448.226257,0.0
MSCI World,GB00BJDQQQ59,World,7070261,EUR,2022-12-23 12:00:00,2454.606249,2454.606249,2454.606249,2454.606249,0.0
MSCI World,GB00BJDQQQ59,World,7070261,EUR,2022-12-27 12:00:00,2454.881372,2442.311486,2454.881372,2442.311486,0.0
MSCI World,GB00BJDQQQ59,World,7070261,EUR,2022-12-28 12:00:00,2425.153163,2425.153163,2425.153163,2425.153163,0.0
MSCI World,GB00BJDQQQ59,World,7070261,EUR,2022-12-29 12:00:00,2448.756432,2448.756432,2448.756432,2448.756432,0.0
MSCI World,GB00BJDQQQ59,World,7070261,EUR,2022-12-30 12:00:00,2438.689818,2438.689818,2438.689818,2438.689818,0.0
MSCI World,GB00BJDQQQ59,World,7070261,EUR,2023-01-03 12:00:00,2442.966241,2464.021265,2464.021265,2442.966241,0.0
MSCI World,GB00BJDQQQ59,World,7070261,EUR,2023-01-04 12:00:00,2474.972941,2474.972941,2474.972941,2474.972941,0.0
MSCI World,GB00BJDQQQ59,World,7070261,EUR,2023-01-05 12:00:00,2466.559455,2466.559455,2466.559455,2466.559455,0.0
MSCI World,GB00BJDQQQ59,World,7070261,EUR,2023-01-06 12:00:00,2499.175082,2499.175082,2499.175082,2499.175082,0.0
MSCI World,GB00BJDQQQ59,World,7070261,EUR,2023-01-09 12:00:00,2479.333237,2479.333237,2479.333237,2479.333237,0.0
MSCI World,GB00BJDQQQ59,World,7070261,EUR,2023-01-10 12:00:00,2489.936097,2489.936097,2489.936097,2489.936097,0.0
MSCI World,GB00BJDQQQ59,World,7070261,EUR,2023-01-11 12:00:00,2511.513097,2511.513097,2511.513097,2511.513097,0.0
MSCI World,GB00BJDQQQ59,World,7070261,EUR,2023-01-12 12:00:00,2517.092459,2517.092459,2517.092459,2517.092459,0.0
MSCI World,GB00BJDQQQ59,World,7070261,EUR,2023-01-13 12:00:00,2526.167542,2526.167542,2526.167542,2526.167542,0.0
MSCI World,GB00BJDQQQ59,World,7070261,EUR,2023-01-17 12:00:00,2527.244562,2533.407262,2533.407262,2527.244562,0.0
MSCI World,GB00BJDQQQ59,World,7070261,EUR,2023-01-18 12:00:00,2505.218765,2505.218765,2505.218765,2505.218765,0.0
MSCI World,GB00BJDQQQ59,World,7070261,EUR,2023-01-19 12:00:00,2488.832355,2488.832355,2488.832355,2488.832355,0.0
MSCI World,GB00BJDQQQ59,World,7070261,EUR,2023-01-20 12:00:00,2516.303619,2516.303619,2516.303619,2516.303619,0.0
MSCI World,GB00BJDQQQ59,World,7070261,EUR,2023-01-23 12:00:00,2535.638555,2535.638555,2535.638555,2535.638555,0.0
MSCI World,GB00BJDQQQ59,World,7070261,EUR,2023-01-24 12:00:00,2534.106139,2534.106139,2534.106139,2534.106139,0.0
MSCI World,GB00BJDQQQ59,World,7070261,EUR,2023-01-25 12:00:00,2528.530642,2528.530642,2528.530642,2528.530642,0.0
MSCI World,GB00BJDQQQ59,World,7070261,EUR,2023-01-26 12:00:00,2559.075937,2559.075937,2559.075937,2559.075937,0.0
MSCI World,GB00BJDQQQ59,World,7070261,EUR,2023-01-27 12:00:00,2569.853825,2569.853825,2569.853825,2569.853825,0.0
MSCI World,GB00BJDQQQ59,World,7070261,EUR,2023-01-30 12:00:00,2538.349975,2538.349975,2538.349975,2538.349975,0.0
MSCI World,GB00BJDQQQ59,World,7070261,EUR,2023-01-31 12:00:00,2564.339846,2564.339846,2564.339846,2564.339846,0.0
MSCI World,GB00BJDQQQ59,World,7070261,EUR,2023-02-01 12:00:00,2572.8617,2572.8617,2572.8617,2572.8617,0.0
MSCI World,GB00BJDQQQ59,World,7070261,EUR,2023-02-02 12:00:00,2603.024135,2603.024135,2603.024135,2603.024135,0.0
MSCI World,GB00BJDQQQ59,World,7070261,EUR,2023-02-03 12:00:00,2597.95335,2597.95335,2597.95335,2597.95335,0.0
MSCI World,GB00BJDQQQ59,World,7070261,EUR,2023-02-06 12:00:00,2603.175178,2603.175178,2603.175178,2603.175178,0.0
MSCI World,GB00BJDQQQ59,World,7070261,EUR,2023-02-07 12:00:00,2637.807798,2637.807798,2637.807798,2637.807798,0.0
MSCI World,GB00BJDQQQ59,World,7070261,EUR,2023-02-08 12:00:00,2612.656785,2612.656785,2612.656785,2612.656785,0.0
MSCI World,GB00BJDQQQ59,World,7070261,EUR,2023-02-09 12:00:00,2592.961405,2592.961405,2592.961405,2592.961405,0.0
MSCI World,GB00BJDQQQ59,World,7070261,EUR,2023-02-10 12:00:00,2607.523336,2607.523336,2607.523336,2607.523336,0.0
MSCI World,GB00BJDQQQ59,World,7070261,EUR,2023-02-13 12:00:00,2621.426384,2621.426384,2621.426384,2621.426384,0.0
MSCI World,GB00BJDQQQ59,World,7070261,EUR,2023-02-14 12:00:00,2624.00798,2624.00798,2624.00798,2624.00798,0.0
MSCI World,GB00BJDQQQ59,World,7070261,EUR,2023-02-15 12:00:00,2637.179453,2637.179453,2637.179453,2637.179453,0.0
MSCI World,GB00BJDQQQ59,World,7070261,EUR,2023-02-16 12:00:00,2614.650998,2614.650998,2614.650998,2614.650998,0.0
MSCI World,GB00BJDQQQ59,World,7070261,EUR,2023-02-17 12:00:00,2606.913053,2606.913053,2606.913053,2606.913053,0.0
MSCI World,GB00BJDQQQ59,World,7070261,EUR,2023-02-21 12:00:00,2604.210077,2565.048616,2604.210077,2565.048616,0.0
MSCI World,GB00BJDQQQ59,World,7070261,EUR,2023-02-22 12:00:00,2569.512301,2569.512301,2569.512301,2569.512301,0.0
MSCI World,GB00BJDQQQ59,World,7070261,EUR,2023-02-23 12:00:00,2583.324966,2583.324966,2583.324966,2583.324966,0.0
MSCI World,GB00BJDQQQ59,World,7070261,EUR,2023-02-24 12:00:00,2567.85129,2567.85129,2567.85129,2567.85129,0.0
MSCI World,GB00BJDQQQ59,World,7070261,EUR,2023-02-27 12:00:00,2567.204714,2567.204714,2567.204714,2567.204714,0.0
MSCI World,GB00BJDQQQ59,World,7070261,EUR,2023-02-28 12:00:00,2559.704724,2559.704724,2559.704724,2559.704724,0.0
MSCI World,GB00BJDQQQ59,World,7070261,EUR,2023-03-01 12:00:00,2536.475025,2536.475025,2536.475025,2536.475025,0.0
MSCI World,GB00BJDQQQ59,World,7070261,EUR,2023-03-02 12:00:00,2563.193383,2563.193383,2563.193383,2563.193383,0.0
MSCI World,GB00BJDQQQ59,World,7070261,EUR,2023-03-03 12:00:00,2602.475651,2602.475651,2602.475651,2602.475651,0.0
MSCI World,GB00BJDQQQ59,World,7070261,EUR,2023-03-06 12:00:00,2588.865125,2588.865125,2588.865125,2588.865125,0.0
MSCI World,GB00BJDQQQ59,World,7070261,EUR,2023-03-07 12:00:00,2574.095091,2574.095091,2574.095091,2574.095091,0.0
MSCI World,GB00BJDQQQ59,World,7070261,EUR,2023-03-08 12:00:00,2582.538852,2582.538852,2582.538852,2582.538852,0.0
MSCI World,GB00BJDQQQ59,World,7070261,EUR,2023-03-09 12:00:00,2546.275515,2546.275515,2546.275515,2546.275515,0.0
MSCI World,GB00BJDQQQ59,World,7070261,EUR,2023-03-10 12:00:00,2486.456943,2486.456943,2486.456943,2486.456943,0.0
MSCI World,GB00BJDQQQ59,World,7070261,EUR,2023-03-13 12:00:00,2463.213433,2463.213433,2463.213433,2463.213433,0.0
MSCI World,GB00BJDQQQ59,World,7070261,EUR,2023-03-14 12:00:00,2493.921863,2493.921863,2493.921863,2493.921863,0.0
MSCI World,GB00BJDQQQ59,World,7070261,EUR,2023-03-15 12:00:00,2504.587387,2504.587387,2504.587387,2504.587387,0.0
MSCI World,GB00BJDQQQ59,World,7070261,EUR,2023-03-16 12:00:00,2521.539941,2521.539941,2521.539941,2521.539941,0.0
MSCI World,GB00BJDQQQ59,World,7070261,EUR,2023-03-17 12:00:00,2495.120517,2495.120517,2495.120517,2495.120517,0.0
MSCI World,GB00BJDQQQ59,World,7070261,EUR,2023-03-20 12:00:00,2498.068799,2498.068799,2498.068799,2498.068799,0.0
MSCI World,GB00BJDQQQ59,World,7070261,EUR,2023-03-21 12:00:00,2517.834038,2517.834038,2517.834038,2517.834038,0.0
MSCI World,GB00BJDQQQ59,World,7070261,EUR,2023-03-22 12:00:00,2489.132932,2489.132932,2489.132932,2489.132932,0.0
MSCI World,GB00BJDQQQ59,World,7070261,EUR,2023-03-23 12:00:00,2476.440123,2476.440123,2476.440123,2476.440123,0.0
MSCI World,GB00BJDQQQ59,World,7070261,EUR,2023-03-24 12:00:00,2501.781903,2501.781903,2501.781903,2501.781903,0.0
MSCI World,GB00BJDQQQ59,World,7070261,EUR,2023-03-27 12:00:00,2506.517864,2506.517864,2506.517864,2506.517864,0.0
MSCI World,GB00BJDQQQ59,World,7070261,EUR,2023-03-28 12:00:00,2496.657612,2496.657612,2496.657612,2496.657612,0.0
MSCI World,GB00BJDQQQ59,World,7070261,EUR,2023-03-29 12:00:00,2529.250774,2529.250774,2529.250774,2529.250774,0.0
MSCI World,GB00BJDQQQ59,World,7070261,EUR,2023-03-30 12:00:00,2528.82808,2528.82808,2528.82808,2528.82808,0.0
MSCI World,GB00BJDQQQ59,World,7070261,EUR,2023-03-31 12:00:00,2569.323278,2569.323278,2569.323278,2569.323278,0.0
MSCI World,GB00BJDQQQ59,World,7070261,EUR,2023-04-03 12:00:00,2574.8492,2574.8492,2574.8492,2574.8492,0.0
MSCI World,GB00BJDQQQ59,World,7070261,EUR,2023-04-04 12:00:00,2549.599672,2549.599672,2549.599672,2549.599672,0.0
MSCI World,GB00BJDQQQ59,World,7070261,EUR,2023-04-05 12:00:00,2551.46863,2551.46863,2551.46863,2551.46863,0.0
MSCI World,GB00BJDQQQ59,World,7070261,EUR,2023-04-06 12:00:00,2554.224946,2554.224946,2554.224946,2554.224946,0.0
MSCI World,GB00BJDQQQ59,World,7070261,EUR,2023-04-10 12:00:00,2554.481275,2570.410655,2570.410655,2554.481275,0.0
MSCI World,GB00BJDQQQ59,World,7070261,EUR,2023-04-11 12:00:00,2563.181756,2563.181756,2563.181756,2563.181756,0.0
MSCI World,GB00BJDQQQ59,World,7070261,EUR,2023-04-12 12:00:00,2546.542506,2546.542506,2546.542506,2546.542506,0.0
MSCI World,GB00BJDQQQ59,World,7070261,EUR,2023-04-13 12:00:00,2560.93254,2560.93254,2560.93254,2560.93254,0.0
MSCI World,GB00BJDQQQ59,World,7070261,EUR,2023-04-14 12:00:00,2567.109103,2567.109103,2567.109103,2567.109103,0.0
MSCI World,GB00BJDQQQ59,World,7070261,EUR,2023-04-17 12:00:00,2590.004459,2590.004459,2590.004459,2590.004459,0.0
MSCI World,GB00BJDQQQ59,World,7070261,EUR,2023-04-18 12:00:00,2586.897946,2586.897946,2586.897946,2586.897946,0.0
MSCI World,GB00BJDQQQ59,World,7070261,EUR,2023-04-19 12:00:00,2585.553377,2585.553377,2585.553377,2585.553377,0.0
MSCI World,GB00BJDQQQ59,World,7070261,EUR,2023-04-20 12:00:00,2570.963366,2570.963366,2570.963366,2570.963366,0.0
MSCI World,GB00BJDQQQ59,World,7070261,EUR,2023-04-21 12:00:00,2572.639105,2572.639105,2572.639105,2572.639105,0.0
MSCI World,GB00BJDQQQ59,World,7070261,EUR,2023-04-24 12:00:00,2562.995448,2562.995448,2562.995448,2562.995448,0.0
MSCI World,GB00BJDQQQ59,World,7070261,EUR,2023-04-25 12:00:00,2541.133285,2541.133285,2541.133285,2541.133285,0.0
MSCI World,GB00BJDQQQ59,World,7070261,EUR,2023-04-26 12:00:00,2517.056108,2517.056108,2517.056108,2517.056108,0.0
MSCI World,GB00BJDQQQ59,World,7070261,EUR,2023-04-27 12:00:00,2557.336813,2557.336813,2557.336813,2557.336813,0.0
MSCI World,GB00BJDQQQ59,World,7070261,EUR,2023-04-28 12:00:00,2568.783582,2568.783582,2568.783582,2568.783582,0.0
MSCI World,GB00BJDQQQ59,World,7070261,EUR,2023-05-01 12:00:00,2580.583302,2580.583302,2580.583302,2580.583302,0.0
MSCI World,GB00BJDQQQ59,World,7070261,EUR,2023-05-02 12:00:00,2553.118426,2553.118426,2553.118426,2553.118426,0.0
MSCI World,GB00BJDQQQ59,World,7070261,EUR,2023-05-03 12:00:00,2529.904642,2529.904642,2529.904642,2529.904642,0.0
MSCI World,GB00BJDQQQ59,World,7070261,EUR,2023-05-04 12:00:00,2526.486303,2526.486303,2526.486303,2526.486303,0.0
MSCI World,GB00BJDQQQ59,World,7070261,EUR,2023-05-05 12:00:00,2563.919014,2563.919014,2563.919014,2563.919014,0.0
MSCI World,GB00BJDQQQ59,World,7070261,EUR,2023-05-08 12:00:00,2567.090489,2567.090489,2567.090489,2567.090489,0.0
MSCI World,GB00BJDQQQ59,World,7070261,EUR,2023-05-09 12:00:00,2569.738581,2569.738581,2569.738581,2569.738581,0.0
MSCI World,GB00BJDQQQ59,World,7070261,EUR,2023-05-10 12:00:00,2572.546777,2572.546777,2572.546777,2572.546777,0.0
MSCI World,GB00BJDQQQ59,World,7070261,EUR,2023-05-11 12:00:00,2578.183823,2578.183823,2578.183823,2578.183823,0.0
MSCI World,GB00BJDQQQ59,World,7070261,EUR,2023-05-12 12:00:00,2586.28761,2586.28761,2586.28761,2586.28761,0.0
MSCI World,GB00BJDQQQ59,World,7070261,EUR,2023-05-15 12:00:00,2594.870099,2594.870099,2594.870099,2594.870099,0.0
MSCI World,GB00BJDQQQ59,World,7070261,EUR,2023-05-16 12:00:00,2578.926501,2578.926501,2578.926501,2578.926501,0.0
MSCI World,GB00BJDQQQ59,World,7070261,EUR,2023-05-17 12:00:00,2607.011485,2607.011485,2607.011485,2607.011485,0.0
MSCI World,GB00BJDQQQ59,World,7070261,EUR,2023-05-18 12:00:00,2637.195283,2637.195283,2637.195283,2637.195283,0.0
MSCI World,GB00BJDQQQ59,World,7070261,EUR,2023-05-19 12:00:00,2635.353157,2635.353157,2635.353157,2635.353157,0.0
MSCI World,GB00BJDQQQ59,World,7070261,EUR,2023-05-22 12:00:00,2635.153139,2635.153139,2635.153139,2635.153139,0.0
MSCI World,GB00BJDQQQ59,World,7070261,EUR,2023-05-23 12:00:00,2613.386141,2613.386141,2613.386141,2613.386141,0.0
MSCI World,GB00BJDQQQ59,World,7070261,EUR,2023-05-24 12:00:00,2591.229316,2591.229316,2591.229316,2591.229316,0.0
MSCI World,GB00BJDQQQ59,World,7070261,EUR,2023-05-25 12:00:00,2606.95507,2606.95507,2606.95507,2606.95507,0.0
MSCI World,GB00BJDQQQ59,World,7070261,EUR,2023-05-30 12:00:00,2643.022561,2633.963147,2643.022561,2633.963147,0.0
MSCI World,GB00BJDQQQ59,World,7070261,EUR,2023-05-31 12:00:00,2626.922466,2626.922466,2626.922466,2626.922466,0.0
MSCI World,GB00BJDQQQ59,World,7070261,EUR,2023-06-01 12:00:00,2638.651259,2638.651259,2638.651259,2638.651259,0.0
MSCI World,GB00BJDQQQ59,World,7070261,EUR,2023-06-02 12:00:00,2679.010591,2679.010591,2679.010591,2679.010591,0.0
MSCI World,GB00BJDQQQ59,World,7070261,EUR,2023-06-05 12:00:00,2679.628534,2679.628534,2679.628534,2679.628534,0.0
MSCI World,GB00BJDQQQ59,World,7070261,EUR,2023-06-06 12:00:00,2692.078176,2692.078176,2692.078176,2692.078176,0.0
MSCI World,GB00BJDQQQ59,World,7070261,EUR,2023-06-07 12:00:00,2677.161997,2677.161997,2677.161997,2677.161997,0.0
MSCI World,GB00BJDQQQ59,World,7070261,EUR,2023-06-08 12:00:00,2675.944277,2675.944277,2675.944277,2675.944277,0.0
MSCI World,GB00BJDQQQ59,World,7070261,EUR,2023-06-09 12:00:00,2682.569147,2682.569147,2682.569147,2682.569147,0.0
MSCI World,GB00BJDQQQ59,World,7070261,EUR,2023-06-12 12:00:00,2703.900726,2703.900726,2703.900726,2703.900726,0.0
MSCI World,GB00BJDQQQ59,World,7070261,EUR,2023-06-13 12:00:00,2712.034999,2712.034999,2712.034999,2712.034999,0.0
MSCI World,GB00BJDQQQ59,World,7070261,EUR,2023-06-14 12:00:00,2708.186396,2708.186396,2708.186396,2708.186396,0.0
MSCI World,GB00BJDQQQ59,World,7070261,EUR,2023-06-15 12:00:00,2718.618104,2718.618104,2718.618104,2718.618104,0.0
MSCI World,GB00BJDQQQ59,World,7070261,EUR,2023-06-16 12:00:00,2711.396517,2711.396517,2711.396517,2711.396517,0.0
MSCI World,GB00BJDQQQ59,World,7070261,EUR,2023-06-20 12:00:00,2705.023618,2696.320626,2705.023618,2696.320626,0.0
MSCI World,GB00BJDQQQ59,World,7070261,EUR,2023-06-21 12:00:00,2672.51156,2672.51156,2672.51156,2672.51156,0.0
MSCI World,GB00BJDQQQ59,World,7070261,EUR,2023-06-22 12:00:00,2673.812457,2673.812457,2673.812457,2673.812457,0.0
MSCI World,GB00BJDQQQ59,World,7070261,EUR,2023-06-23 12:00:00,2666.986493,2666.986493,2666.986493,2666.986493,0.0
MSCI World,GB00BJDQQQ59,World,7070261,EUR,2023-06-26 12:00:00,2653.698233,2653.698233,2653.698233,2653.698233,0.0
MSCI World,GB00BJDQQQ59,World,7070261,EUR,2023-06-27 12:00:00,2667.750295,2667.750295,2667.750295,2667.750295,0.0
MSCI World,GB00BJDQQQ59,World,7070261,EUR,2023-06-28 12:00:00,2683.292359,2683.292359,2683.292359,2683.292359,0.0
MSCI World,GB00BJDQQQ59,World,7070261,EUR,2023-06-29 12:00:00,2694.460698,2694.460698,2694.460698,2694.460698,0.0
MSCI World,GB00BJDQQQ59,World,7070261,EUR,2023-06-30 12:00:00,2719.269551,2719.269551,2719.269551,2719.269551,0.0
MSCI World,GB00BJDQQQ59,World,7070261,EUR,2023-07-03 12:00:00,2724.994866,2724.994866,2724.994866,2724.994866,0.0
MSCI World,GB00BJDQQQ59,World,7070261,EUR,2023-07-05 12:00:00,2725.817873,2722.771352,2725.817873,2722.771352,0.0
MSCI World,GB00BJDQQQ59,World,7070261,EUR,2023-07-06 12:00:00,2691.085014,2691.085014,2691.085014,2691.085014,0.0
MSCI World,GB00BJDQQQ59,World,7070261,EUR,2023-07-07 12:00:00,2670.60607,2670.60607,2670.60607,2670.60607,0.0
MSCI World,GB00BJDQQQ59,World,7070261,EUR,2023-07-10 12:00:00,2670.301059,2670.301059,2670.301059,2670.301059,0.0
MSCI World,GB00BJDQQQ59,World,7070261,EUR,2023-07-11 12:00:00,2686.986645,2686.986645,2686.986645,2686.986645,0.0
MSCI World,GB00BJDQQQ59,World,7070261,EUR,2023-07-12 12:00:00,2686.081248,2686.081248,2686.081248,2686.081248,0.0
MSCI World,GB00BJDQQQ59,World,7070261,EUR,2023-07-13 12:00:00,2697.506943,2697.506943,2697.506943,2697.506943,0.0
MSCI World,GB00BJDQQQ59,World,7070261,EUR,2023-07-14 12:00:00,2684.393713,2684.393713,2684.393713,2684.393713,0.0
MSCI World,GB00BJDQQQ59,World,7070261,EUR,2023-07-17 12:00:00,2690.36389,2690.36389,2690.36389,2690.36389,0.0
MSCI World,GB00BJDQQQ59,World,7070261,EUR,2023-07-18 12:00:00,2707.728219,2707.728219,2707.728219,2707.728219,0.0
MSCI World,GB00BJDQQQ59,World,7070261,EUR,2023-07-19 12:00:00,2723.61933,2723.61933,2723.61933,2723.61933,0.0
MSCI World,GB00BJDQQQ59,World,7070261,EUR,2023-07-20 12:00:00,2717.819094,2717.819094,2717.819094,2717.819094,0.0
MSCI World,GB00BJDQQQ59,World,7070261,EUR,2023-07-21 12:00:00,2725.262645,2725.262645,2725.262645,2725.262645,0.0
MSCI World,GB00BJDQQQ59,World,7070261,EUR,2023-07-24 12:00:00,2741.377113,2741.377113,2741.377113,2741.377113,0.0
MSCI World,GB00BJDQQQ59,World,7070261,EUR,2023-07-25 12:00:00,2757.386562,2757.386562,2757.386562,2757.386562,0.0
MSCI World,GB00BJDQQQ59,World,7070261,EUR,2023-07-26 12:00:00,2751.894816,2751.894816,2751.894816,2751.894816,0.0
MSCI World,GB00BJDQQQ59,World,7070261,EUR,2023-07-27 12:00:00,2760.678603,2760.678603,2760.678603,2760.678603,0.0
MSCI World,GB00BJDQQQ59,World,7070261,EUR,2023-07-28 12:00:00,2770.92106,2770.92106,2770.92106,2770.92106,0.0
MSCI World,GB00BJDQQQ59,World,7070261,EUR,2023-07-31 12:00:00,2779.286736,2779.286736,2779.286736,2779.286736,0.0
MSCI World,GB00BJDQQQ59,World,7070261,EUR,2023-08-01 12:00:00,2776.630751,2776.630751,2776.630751,2776.630751,0.0
MSCI World,GB00BJDQQQ59,World,7070261,EUR,2023-08-02 12:00:00,2745.969611,2745.969611,2745.969611,2745.969611,0.0
MSCI World,GB00BJDQQQ59,World,7070261,EUR,2023-08-03 12:00:00,2735.074655,2735.074655,2735.074655,2735.074655,0.0
MSCI World,GB00BJDQQQ59,World,7070261,EUR,2023-08-04 12:00:00,2709.362851,2709.362851,2709.362851,2709.362851,0.0
MSCI World,GB00BJDQQQ59,World,7070261,EUR,2023-08-07 12:00:00,2729.82345,2729.82345,2729.82345,2729.82345,0.0
MSCI World,GB00BJDQQQ59,World,7070261,EUR,2023-08-08 12:00:00,2729.716252,2729.716252,2729.716252,2729.716252,0.0
MSCI World,GB00BJDQQQ59,World,7070261,EUR,2023-08-09 12:00:00,2709.814844,2709.814844,2709.814844,2709.814844,0.0
MSCI World,GB00BJDQQQ59,World,7070261,EUR,2023-08-10 12:00:00,2708.895071,2708.895071,2708.895071,2708.895071,0.0
MSCI World,GB00BJDQQQ59,World,7070261,EUR,2023-08-11 12:00:00,2709.379495,2709.379495,2709.379495,2709.379495,0.0
MSCI World,GB00BJDQQQ59,World,7070261,EUR,2023-08-14 12:00:00,2729.926712,2729.926712,2729.926712,2729.926712,0.0
MSCI World,GB00BJDQQQ59,World,7070261,EUR,2023-08-15 12:00:00,2695.028695,2695.028695,2695.028695,2695.028695,0.0
MSCI World,GB00BJDQQQ59,World,7070261,EUR,2023-08-16 12:00:00,2682.33736,2682.33736,2682.33736,2682.33736,0.0
MSCI World,GB00BJDQQQ59,World,7070261,EUR,2023-08-17 12:00:00,2664.81679,2664.81679,2664.81679,2664.81679,0.0
MSCI World,GB00BJDQQQ59,World,7070261,EUR,2023-08-18 12:00:00,2664.747504,2664.747504,2664.747504,2664.747504,0.0
MSCI World,GB00BJDQQQ59,World,7070261,EUR,2023-08-21 12:00:00,2673.256247,2673.256247,2673.256247,2673.256247,0.0
MSCI World,GB00BJDQQQ59,World,7070261,EUR,2023-08-22 12:00:00,2681.164001,2681.164001,2681.164001,2681.164001,0.0
MSCI World,GB00BJDQQQ59,World,7070261,EUR,2023-08-23 12:00:00,2708.438204,2708.438204,2708.438204,2708.438204,0.0
MSCI World,GB00BJDQQQ59,World,7070261,EUR,2023-08-24 12:00:00,2681.164628,2681.164628,2681.164628,2681.164628,0.0
MSCI World,GB00BJDQQQ59,World,7070261,EUR,2023-08-25 12:00:00,2703.664378,2703.664378,2703.664378,2703.664378,0.0
MSCI World,GB00BJDQQQ59,World,7070261,EUR,2023-08-28 12:00:00,2716.850043,2716.850043,2716.850043,2716.850043,0.0
MSCI World,GB00BJDQQQ59,World,7070261,EUR,2023-08-29 12:00:00,2747.726398,2747.726398,2747.726398,2747.726398,0.0
MSCI World,GB00BJDQQQ59,World,7070261,EUR,2023-08-30 12:00:00,2737.363206,2737.363206,2737.363206,2737.363206,0.0
MSCI World,GB00BJDQQQ59,World,7070261,EUR,2023-08-31 12:00:00,2751.202151,2751.202151,2751.202151,2751.202151,0.0
MSCI World,GB00BJDQQQ59,World,7070261,EUR,2023-09-01 12:00:00,2766.129186,2766.129186,2766.129186,2766.129186,0.0
MSCI World,GB00BJDQQQ59,World,7070261,EUR,2023-09-05 12:00:00,2772.395919,2776.730283,2776.730283,2772.395919,0.0
MSCI World,GB00BJDQQQ59,World,7070261,EUR,2023-09-06 12:00:00,2760.376512,2760.376512,2760.376512,2760.376512,0.0
MSCI World,GB00BJDQQQ59,World,7070261,EUR,2023-09-07 12:00:00,2753.016138,2753.016138,2753.016138,2753.016138,0.0
MSCI World,GB00BJDQQQ59,World,7070261,EUR,2023-09-08 12:00:00,2752.033109,2752.033109,2752.033109,2752.033109,0.0
MSCI World,GB00BJDQQQ59,World,7070261,EUR,2023-09-11 12:00:00,2763.310781,2763.310781,2763.310781,2763.310781,0.0
MSCI World,GB00BJDQQQ59,World,7070261,EUR,2023-09-12 12:00:00,2759.008125,2759.008125,2759.008125,2759.008125,0.0
MSCI World,GB00BJDQQQ59,World,7070261,EUR,2023-09-13 12:00:00,2753.499976,2753.499976,2753.499976,2753.499976,0.0
MSCI World,GB00BJDQQQ59,World,7070261,EUR,2023-09-14 12:00:00,2796.565456,2796.565456,2796.565456,2796.565456,0.0
MSCI World,GB00BJDQQQ59,World,7070261,EUR,2023-09-15 12:00:00,2775.94461,2775.94461,2775.94461,2775.94461,0.0
MSCI World,GB00BJDQQQ59,World,7070261,EUR,2023-09-18 12:00:00,2769.076398,2769.076398,2769.076398,2769.076398,0.0
MSCI World,GB00BJDQQQ59,World,7070261,EUR,2023-09-19 12:00:00,2760.672912,2760.672912,2760.672912,2760.672912,0.0
MSCI World,GB00BJDQQQ59,World,7070261,EUR,2023-09-20 12:00:00,2739.269651,2739.269651,2739.269651,2739.269651,0.0
MSCI World,GB00BJDQQQ59,World,7070261,EUR,2023-09-21 12:00:00,2707.394344,2707.394344,2707.394344,2707.394344,0.0
MSCI World,GB00BJDQQQ59,World,7070261,EUR,2023-09-22 12:00:00,2702.047123,2702.047123,2702.047123,2702.047123,0.0
MSCI World,GB00BJDQQQ59,World,7070261,EUR,2023-09-25 12:00:00,2722.549684,2722.549684,2722.549684,2722.549684,0.0
MSCI World,GB00BJDQQQ59,World,7070261,EUR,2023-09-26 12:00:00,2687.85417,2687.85417,2687.85417,2687.85417,0.0
MSCI World,GB00BJDQQQ59,World,7070261,EUR,2023-09-27 12:00:00,2702.581893,2702.581893,2702.581893,2702.581893,0.0
MSCI World,GB00BJDQQQ59,World,7070261,EUR,2023-09-28 12:00:00,2703.658756,2703.658756,2703.658756,2703.658756,0.0
MSCI World,GB00BJDQQQ59,World,7070261,EUR,2023-09-29 12:00:00,2694.90899,2694.90899,2694.90899,2694.90899,0.0
MSCI World,GB00BJDQQQ59,World,7070261,EUR,2023-10-02 12:00:00,2704.359956,2704.359956,2704.359956,2704.359956,0.0
MSCI World,GB00BJDQQQ59,World,7070261,EUR,2023-10-03 12:00:00,2672.560522,2672.560522,2672.560522,2672.560522,0.0
MSCI World,GB00BJDQQQ59,World,7070261,EUR,2023-10-04 12:00:00,2678.919185,2678.919185,2678.919185,2678.919185,0.0
MSCI World,GB00BJDQQQ59,World,7070261,EUR,2023-10-05 12:00:00,2674.540156,2674.540156,2674.540156,2674.540156,0.0
MSCI World,GB00BJDQQQ59,World,7070261,EUR,2023-10-06 12:00:00,2699.836849,2699.836849,2699.836849,2699.836849,0.0
MSCI World,GB00BJDQQQ59,World,7070261,EUR,2023-10-09 12:00:00,2710.82419,2710.82419,2710.82419,2710.82419,0.0
MSCI World,GB00BJDQQQ59,World,7070261,EUR,2023-10-10 12:00:00,2725.07548,2725.07548,2725.07548,2725.07548,0.0
MSCI World,GB00BJDQQQ59,World,7070261,EUR,2023-10-11 12:00:00,2729.33211,2729.33211,2729.33211,2729.33211,0.0
MSCI World,GB00BJDQQQ59,World,7070261,EUR,2023-10-12 12:00:00,2732.270975,2732.270975,2732.270975,2732.270975,0.0
MSCI World,GB00BJDQQQ59,World,7070261,EUR,2023-10-13 12:00:00,2724.932817,2724.932817,2724.932817,2724.932817,0.0
MSCI World,GB00BJDQQQ59,World,7070261,EUR,2023-10-16 12:00:00,2735.050223,2735.050223,2735.050223,2735.050223,0.0
MSCI World,GB00BJDQQQ59,World,7070261,EUR,2023-10-17 12:00:00,2731.160378,2731.160378,2731.160378,2731.160378,0.0
MSCI World,GB00BJDQQQ59,World,7070261,EUR,2023-10-18 12:00:00,2706.154625,2706.154625,2706.154625,2706.154625,0.0
MSCI World,GB00BJDQQQ59,World,7070261,EUR,2023-10-19 12:00:00,2672.521888,2672.521888,2672.521888,2672.521888,0.0
MSCI World,GB00BJDQQQ59,World,7070261,EUR,2023-10-20 12:00:00,2636.103825,2636.103825,2636.103825,2636.103825,0.0
MSCI World,GB00BJDQQQ59,World,7070261,EUR,2023-10-23 12:00:00,2621.716783,2621.716783,2621.716783,2621.716783,0.0
MSCI World,GB00BJDQQQ59,World,7070261,EUR,2023-10-24 12:00:00,2643.625014,2643.625014,2643.625014,2643.625014,0.0
MSCI World,GB00BJDQQQ59,World,7070261,EUR,2023-10-25 12:00:00,2618.533217,2618.533217,2618.533217,2618.533217,0.0
MSCI World,GB00BJDQQQ59,World,7070261,EUR,2023-10-26 12:00:00,2599.804354,2599.804354,2599.804354,2599.804354,0.0
MSCI World,GB00BJDQQQ59,World,7070261,EUR,2023-10-27 12:00:00,2582.470078,2582.470078,2582.470078,2582.470078,0.0
MSCI World,GB00BJDQQQ59,World,7070261,EUR,2023-10-30 12:00:00,2596.711258,2596.711258,2596.711258,2596.711258,0.0
MSCI World,GB00BJDQQQ59,World,7070261,EUR,2023-10-31 12:00:00,2619.309269,2619.309269,2619.309269,2619.309269,0.0
MSCI World,GB00BJDQQQ59,World,7070261,EUR,2023-11-01 12:00:00,2654.790984,2654.790984,2654.790984,2654.790984,0.0
MSCI World,GB00BJDQQQ59,World,7070261,EUR,2023-11-02 12:00:00,2686.391788,2686.391788,2686.391788,2686.391788,0.0
MSCI World,GB00BJDQQQ59,World,7070261,EUR,2023-11-03 12:00:00,2686.72204,2686.72204,2686.72204,2686.72204,0.0
MSCI World,GB00BJDQQQ59,World,7070261,EUR,2023-11-06 12:00:00,2689.22791,2689.22791,2689.22791,2689.22791,0.0
MSCI World,GB00BJDQQQ59,World,7070261,EUR,2023-11-07 12:00:00,2702.282235,2702.282235,2702.282235,2702.282235,0.0
MSCI World,GB00BJDQQQ59,World,7070261,EUR,2023-11-08 12:00:00,2697.803824,2697.803824,2697.803824,2697.803824,0.0
MSCI World,GB00BJDQQQ59,World,7070261,EUR,2023-11-09 12:00:00,2686.747706,2686.747706,2686.747706,2686.747706,0.0
MSCI World,GB00BJDQQQ59,World,7070261,EUR,2023-11-10 12:00:00,2718.479053,2718.479053,2718.479053,2718.479053,0.0
MSCI World,GB00BJDQQQ59,World,7070261,EUR,2023-11-13 12:00:00,2717.031173,2717.031173,2717.031173,2717.031173,0.0
MSCI World,GB00BJDQQQ59,World,7070261,EUR,2023-11-14 12:00:00,2734.347848,2734.347848,2734.347848,2734.347848,0.0
MSCI World,GB00BJDQQQ59,World,7070261,EUR,2023-11-15 12:00:00,2738.187285,2738.187285,2738.187285,2738.187285,0.0
MSCI World,GB00BJDQQQ59,World,7070261,EUR,2023-11-16 12:00:00,2733.170848,2733.170848,2733.170848,2733.170848,0.0
MSCI World,GB00BJDQQQ59,World,7070261,EUR,2023-11-17 12:00:00,2741.835474,2741.835474,2741.835474,2741.835474,0.0
MSCI World,GB00BJDQQQ59,World,7070261,EUR,2023-11-20 12:00:00,2746.818163,2746.818163,2746.818163,2746.818163,0.0
MSCI World,GB00BJDQQQ59,World,7070261,EUR,2023-11-21 12:00:00,2743.499281,2743.499281,2743.499281,2743.499281,0.0
MSCI World,GB00BJDQQQ59,World,7070261,EUR,2023-11-22 12:00:00,2765.158597,2765.158597,2765.158597,2765.158597,0.0
MSCI World,GB00BJDQQQ59,World,7070261,EUR,2023-11-24 12:00:00,2757.78283,2756.124875,2757.78283,2756.124875,0.0
MSCI World,GB00BJDQQQ59,World,7070261,EUR,2023-11-27 12:00:00,2751.289963,2751.289963,2751.289963,2751.289963,0.0
MSCI World,GB00BJDQQQ59,World,7070261,EUR,2023-11-28 12:00:00,2743.425175,2743.425175,2743.425175,2743.425175,0.0
MSCI World,GB00BJDQQQ59,World,7070261,EUR,2023-11-29 12:00:00,2746.172459,2746.172459,2746.172459,2746.172459,0.0
MSCI World,GB00BJDQQQ59,World,7070261,EUR,2023-11-30 12:00:00,2771.187131,2771.187131,2771.187131,2771.187131,0.0
MSCI World,GB00BJDQQQ59,World,7070261,EUR,2023-12-01 12:00:00,2806.227931,2806.227931,2806.227931,2806.227931,0.0
MSCI World,GB00BJDQQQ59,World,7070261,EUR,2023-12-04 12:00:00,2798.381416,2798.381416,2798.381416,2798.381416,0.0
MSCI World,GB00BJDQQQ59,World,7070261,EUR,2023-12-05 12:00:00,2797.8408,2797.8408,2797.8408,2797.8408,0.0
MSCI World,GB00BJDQQQ59,World,7070261,EUR,2023-12-06 12:00:00,2799.544019,2799.544019,2799.544019,2799.544019,0.0
MSCI World,GB00BJDQQQ59,World,7070261,EUR,2023-12-07 12:00:00,2816.505887,2816.505887,2816.505887,2816.505887,0.0
MSCI World,GB00BJDQQQ59,World,7070261,EUR,2023-12-08 12:00:00,2829.734337,2829.734337,2829.734337,2829.734337,0.0
MSCI World,GB00BJDQQQ59,World,7070261,EUR,2023-12-11 12:00:00,2844.637866,2844.637866,2844.637866,2844.637866,0.0
MSCI World,GB00BJDQQQ59,World,7070261,EUR,2023-12-12 12:00:00,2845.084057,2845.084057,2845.084057,2845.084057,0.0
MSCI World,GB00BJDQQQ59,World,7070261,EUR,2023-12-13 12:00:00,2872.839586,2872.839586,2872.839586,2872.839586,0.0
MSCI World,GB00BJDQQQ59,World,7070261,EUR,2023-12-14 12:00:00,2845.884628,2845.884628,2845.884628,2845.884628,0.0
MSCI World,GB00BJDQQQ59,World,7070261,EUR,2023-12-15 12:00:00,2863.948806,2863.948806,2863.948806,2863.948806,0.0
MSCI World,GB00BJDQQQ59,World,7070261,EUR,2023-12-18 12:00:00,2868.848013,2868.848013,2868.848013,2868.848013,0.0
MSCI World,GB00BJDQQQ59,World,7070261,EUR,2023-12-19 12:00:00,2870.206152,2870.206152,2870.206152,2870.206152,0.0
MSCI World,GB00BJDQQQ59,World,7070261,EUR,2023-12-20 12:00:00,2844.856009,2844.856009,2844.856009,2844.856009,0.0
MSCI World,GB00BJDQQQ59,World,7070261,EUR,2023-12-21 12:00:00,2861.779383,2861.779383,2861.779383,2861.779383,0.0
MSCI World,GB00BJDQQQ59,World,7070261,EUR,2023-12-22 12:00:00,2862.439399,2862.439399,2862.439399,2862.439399,0.0
MSCI World,GB00BJDQQQ59,World,7070261,EUR,2023-12-26 12:00:00,2862.652794,2868.239818,2868.239818,2862.652794,0.0
MSCI World,GB00BJDQQQ59,World,7070261,EUR,2023-12-27 12:00:00,2859.674626,2859.674626,2859.674626,2859.674626,0.0
MSCI World,GB00BJDQQQ59,World,7070261,EUR,2023-12-28 12:00:00,2861.673322,2861.673322,2861.673322,2861.673322,0.0
MSCI World,GB00BJDQQQ59,World,7070261,EUR,2023-12-29 12:00:00,2868.931887,2868.931887,2868.931887,2868.931887,0.0
MSCI World,GB00BJDQQQ59,World,7070261,EUR,2024-01-02 12:00:00,2868.997971,2874.220974,2874.220974,2868.997971,0.0
MSCI World,GB00BJDQQQ59,World,7070261,EUR,2024-01-03 12:00:00,2856.986924,2856.986924,2856.986924,2856.986924,0.0
MSCI World,GB00BJDQQQ59,World,7070261,EUR,2024-01-04 12:00:00,2842.507366,2842.507366,2842.507366,2842.507366,0.0
MSCI World,GB00BJDQQQ59,World,7070261,EUR,2024-01-05 12:00:00,2842.414468,2842.414468,2842.414468,2842.414468,0.0
MSCI World,GB00BJDQQQ59,World,7070261,EUR,2024-01-08 12:00:00,2874.364215,2874.364215,2874.364215,2874.364215,0.0
MSCI World,GB00BJDQQQ59,World,7070261,EUR,2024-01-09 12:00:00,2882.370931,2882.370931,2882.370931,2882.370931,0.0
MSCI World,GB00BJDQQQ59,World,7070261,EUR,2024-01-10 12:00:00,2882.590646,2882.590646,2882.590646,2882.590646,0.0
MSCI World,GB00BJDQQQ59,World,7070261,EUR,2024-01-11 12:00:00,2884.310194,2884.310194,2884.310194,2884.310194,0.0
MSCI World,GB00BJDQQQ59,World,7070261,EUR,2024-01-12 12:00:00,2889.337569,2889.337569,2889.337569,2889.337569,0.0
MSCI World,GB00BJDQQQ59,World,7070261,EUR,2024-01-16 12:00:00,2890.405848,2892.503395,2892.503395,2890.405848,0.0
MSCI World,GB00BJDQQQ59,World,7070261,EUR,2024-01-17 12:00:00,2876.105861,2876.105861,2876.105861,2876.105861,0.0
MSCI World,GB00BJDQQQ59,World,7070261,EUR,2024-01-18 12:00:00,2896.554018,2896.554018,2896.554018,2896.554018,0.0
MSCI World,GB00BJDQQQ59,World,7070261,EUR,2024-01-19 12:00:00,2917.713127,2917.713127,2917.713127,2917.713127,0.0
MSCI World,GB00BJDQQQ59,World,7070261,EUR,2024-01-22 12:00:00,2929.663959,2929.663959,2929.663959,2929.663959,0.0
MSCI World,GB00BJDQQQ59,World,7070261,EUR,2024-01-23 12:00:00,2945.683028,2945.683028,2945.683028,2945.683028,0.0
MSCI World,GB00BJDQQQ59,World,7070261,EUR,2024-01-24 12:00:00,2938.61825,2938.61825,2938.61825,2938.61825,0.0
MSCI World,GB00BJDQQQ59,World,7070261,EUR,2024-01-25 12:00:00,2966.002996,2966.002996,2966.002996,2966.002996,0.0
MSCI World,GB00BJDQQQ59,World,7070261,EUR,2024-01-26 12:00:00,2960.86502,2960.86502,2960.86502,2960.86502,0.0
MSCI World,GB00BJDQQQ59,World,7070261,EUR,2024-01-29 12:00:00,2996.996914,2996.996914,2996.996914,2996.996914,0.0
MSCI World,GB00BJDQQQ59,World,7070261,EUR,2024-01-30 12:00:00,2986.916341,2986.916341,2986.916341,2986.916341,0.0
MSCI World,GB00BJDQQQ59,World,7070261,EUR,2024-01-31 12:00:00,2950.81483,2950.81483,2950.81483,2950.81483,0.0
MSCI World,GB00BJDQQQ59,World,7070261,EUR,2024-02-01 12:00:00,2979.78569,2979.78569,2979.78569,2979.78569,0.0
MSCI World,GB00BJDQQQ59,World,7070261,EUR,2024-02-02 12:00:00,3006.504581,3006.504581,3006.504581,3006.504581,0.0
MSCI World,GB00BJDQQQ59,World,7070261,EUR,2024-02-05 12:00:00,3014.814963,3014.814963,3014.814963,3014.814963,0.0
MSCI World,GB00BJDQQQ59,World,7070261,EUR,2024-02-06 12:00:00,3019.830475,3019.830475,3019.830475,3019.830475,0.0
MSCI World,GB00BJDQQQ59,World,7070261,EUR,2024-02-07 12:00:00,3035.140052,3035.140052,3035.140052,3035.140052,0.0
MSCI World,GB00BJDQQQ59,World,7070261,EUR,2024-02-08 12:00:00,3034.896359,3034.896359,3034.896359,3034.896359,0.0
MSCI World,GB00BJDQQQ59,World,7070261,EUR,2024-02-09 12:00:00,3042.140708,3042.140708,3042.140708,3042.140708,0.0
MSCI World,GB00BJDQQQ59,World,7070261,EUR,2024-02-12 12:00:00,3047.13775,3047.13775,3047.13775,3047.13775,0.0
MSCI World,GB00BJDQQQ59,World,7070261,EUR,2024-02-13 12:00:00,3023.324593,3023.324593,3023.324593,3023.324593,0.0
MSCI World,GB00BJDQQQ59,World,7070261,EUR,2024-02-14 12:00:00,3046.049029,3046.049029,3046.049029,3046.049029,0.0
MSCI World,GB00BJDQQQ59,World,7070261,EUR,2024-02-15 12:00:00,3056.828266,3056.828266,3056.828266,3056.828266,0.0
MSCI World,GB00BJDQQQ59,World,7070261,EUR,2024-02-16 12:00:00,3049.838777,3049.838777,3049.838777,3049.838777,0.0
MSCI World,GB00BJDQQQ59,World,7070261,EUR,2024-02-20 12:00:00,3052.573548,3025.221745,3052.573548,3025.221745,0.0
MSCI World,GB00BJDQQQ59,World,7070261,EUR,2024-02-21 12:00:00,3028.248236,3028.248236,3028.248236,3028.248236,0.0
MSCI World,GB00BJDQQQ59,World,7070261,EUR,2024-02-22 12:00:00,3080.219471,3080.219471,3080.219471,3080.219471,0.0
MSCI World,GB00BJDQQQ59,World,7070261,EUR,2024-02-23 12:00:00,3080.955796,3080.955796,3080.955796,3080.955796,0.0
MSCI World,GB00BJDQQQ59,World,7070261,EUR,2024-02-26 12:00:00,3064.810651,3064.810651,3064.810651,3064.810651,0.0
MSCI World,GB00BJDQQQ59,World,7070261,EUR,2024-02-27 12:00:00,3071.427862,3071.427862,3071.427862,3071.427862,0.0
MSCI World,GB00BJDQQQ59,World,7070261,EUR,2024-02-28 12:00:00,3066.732113,3066.732113,3066.732113,3066.732113,0.0
MSCI World,GB00BJDQQQ59,World,7070261,EUR,2024-02-29 12:00:00,3083.876844,3083.876844,3083.876844,3083.876844,0.0
MSCI World,GB00BJDQQQ59,World,7070261,EUR,2024-03-01 12:00:00,3104.642567,3104.642567,3104.642567,3104.642567,0.0
MSCI World,GB00BJDQQQ59,World,7070261,EUR,2024-03-04 12:00:00,3095.008681,3095.008681,3095.008681,3095.008681,0.0
MSCI World,GB00BJDQQQ59,World,7070261,EUR,2024-03-05 12:00:00,3069.687288,3069.687288,3069.687288,3069.687288,0.0
MSCI World,GB00BJDQQQ59,World,7070261,EUR,2024-03-06 12:00:00,3077.724187,3077.724187,3077.724187,3077.724187,0.0
MSCI World,GB00BJDQQQ59,World,7070261,EUR,2024-03-07 12:00:00,3102.828762,3102.828762,3102.828762,3102.828762,0.0
MSCI World,GB00BJDQQQ59,World,7070261,EUR,2024-03-08 12:00:00,3084.071713,3084.071713,3084.071713,3084.071713,0.0
MSCI World,GB00BJDQQQ59,World,7070261,EUR,2024-03-11 12:00:00,3081.279504,3081.279504,3081.279504,3081.279504,0.0
MSCI World,GB00BJDQQQ59,World,7070261,EUR,2024-03-12 12:00:00,3111.611968,3111.611968,3111.611968,3111.611968,0.0
MSCI World,GB00BJDQQQ59,World,7070261,EUR,2024-03-13 12:00:00,3103.365929,3103.365929,3103.365929,3103.365929,0.0
MSCI World,GB00BJDQQQ59,World,7070261,EUR,2024-03-14 12:00:00,3106.604931,3106.604931,3106.604931,3106.604931,0.0
MSCI World,GB00BJDQQQ59,World,7070261,EUR,2024-03-15 12:00:00,3088.744947,3088.744947,3088.744947,3088.744947,0.0
MSCI World,GB00BJDQQQ59,World,7070261,EUR,2024-03-18 12:00:00,3105.648821,3105.648821,3105.648821,3105.648821,0.0
MSCI World,GB00BJDQQQ59,World,7070261,EUR,2024-03-19 12:00:00,3124.952591,3124.952591,3124.952591,3124.952591,0.0
MSCI World,GB00BJDQQQ59,World,7070261,EUR,2024-03-20 12:00:00,3146.20277,3146.20277,3146.20277,3146.20277,0.0
MSCI World,GB00BJDQQQ59,World,7070261,EUR,2024-03-21 12:00:00,3162.423044,3162.423044,3162.423044,3162.423044,0.0
MSCI World,GB00BJDQQQ59,World,7070261,EUR,2024-03-22 12:00:00,3169.505401,3169.505401,3169.505401,3169.505401,0.0
MSCI World,GB00BJDQQQ59,World,7070261,EUR,2024-03-25 12:00:00,3155.865721,3155.865721,3155.865721,3155.865721,0.0
MSCI World,GB00BJDQQQ59,World,7070261,EUR,2024-03-26 12:00:00,3153.059902,3153.059902,3153.059902,3153.059902,0.0
MSCI World,GB00BJDQQQ59,World,7070261,EUR,2024-03-27 12:00:00,3176.355655,3176.355655,3176.355655,3176.355655,0.0
MSCI World,GB00BJDQQQ59,World,7070261,EUR,2024-03-28 12:00:00,3182.218631,3182.218631,3182.218631,3182.218631,0.0
MSCI World,GB00BJDQQQ59,World,7070261,EUR,2024-04-01 12:00:00,3183.125117,3187.431389,3187.431389,3183.125117,0.0
MSCI World,GB00BJDQQQ59,World,7070261,EUR,2024-04-02 12:00:00,3161.24809,3161.24809,3161.24809,3161.24809,0.0
MSCI World,GB00BJDQQQ59,World,7070261,EUR,2024-04-03 12:00:00,3150.487032,3150.487032,3150.487032,3150.487032,0.0
MSCI World,GB00BJDQQQ59,World,7070261,EUR,2024-04-04 12:00:00,3115.84358,3115.84358,3115.84358,3115.84358,0.0
MSCI World,GB00BJDQQQ59,World,7070261,EUR,2024-04-05 12:00:00,3145.104787,3145.104787,3145.104787,3145.104787,0.0
MSCI World,GB00BJDQQQ59,World,7070261,EUR,2024-04-08 12:00:00,3140.654555,3140.654555,3140.654555,3140.654555,0.0
MSCI World,GB00BJDQQQ59,World,7070261,EUR,2024-04-09 12:00:00,3142.604053,3142.604053,3142.604053,3142.604053,0.0
MSCI World,GB00BJDQQQ59,World,7070261,EUR,2024-04-10 12:00:00,3142.907669,3142.907669,3142.907669,3142.907669,0.0
MSCI World,GB00BJDQQQ59,World,7070261,EUR,2024-04-11 12:00:00,3167.543375,3167.543375,3167.543375,3167.543375,0.0
MSCI World,GB00BJDQQQ59,World,7070261,EUR,2024-04-12 12:00:00,3152.261597,3152.261597,3152.261597,3152.261597,0.0
MSCI World,GB00BJDQQQ59,World,7070261,EUR,2024-04-15 12:00:00,3121.934998,3121.934998,3121.934998,3121.934998,0.0
MSCI World,GB00BJDQQQ59,World,7070261,EUR,2024-04-16 12:00:00,3101.288003,3101.288003,3101.288003,3101.288003,0.0
MSCI World,GB00BJDQQQ59,World,7070261,EUR,2024-04-17 12:00:00,3084.772138,3084.772138,3084.772138,3084.772138,0.0
MSCI World,GB00BJDQQQ59,World,7070261,EUR,2024-04-18 12:00:00,3078.309186,3078.309186,3078.309186,3078.309186,0.0
MSCI World,GB00BJDQQQ59,World,7070261,EUR,2024-04-19 12:00:00,3051.200557,3051.200557,3051.200557,3051.200557,0.0
MSCI World,GB00BJDQQQ59,World,7070261,EUR,2024-04-22 12:00:00,3083.229106,3083.229106,3083.229106,3083.229106,0.0
MSCI World,GB00BJDQQQ59,World,7070261,EUR,2024-04-23 12:00:00,3105.741461,3105.741461,3105.741461,3105.741461,0.0
MSCI World,GB00BJDQQQ59,World,7070261,EUR,2024-04-24 12:00:00,3109.201787,3109.201787,3109.201787,3109.201787,0.0
MSCI World,GB00BJDQQQ59,World,7070261,EUR,2024-04-25 12:00:00,3086.618579,3086.618579,3086.618579,3086.618579,0.0
MSCI World,GB00BJDQQQ59,World,7070261,EUR,2024-04-26 12:00:00,3122.732647,3122.732647,3122.732647,3122.732647,0.0
MSCI World,GB00BJDQQQ59,World,7070261,EUR,2024-04-29 12:00:00,3124.295421,3124.295421,3124.295421,3124.295421,0.0
MSCI World,GB00BJDQQQ59,World,7070261,EUR,2024-04-30 12:00:00,3091.211978,3091.211978,3091.211978,3091.211978,0.0
MSCI World,GB00BJDQQQ59,World,7070261,EUR,2024-05-01 12:00:00,3083.25456,3083.25456,3083.25456,3083.25456,0.0
MSCI World,GB00BJDQQQ59,World,7070261,EUR,2024-05-02 12:00:00,3107.819,3107.819,3107.819,3107.819,0.0
MSCI World,GB00BJDQQQ59,World,7070261,EUR,2024-05-03 12:00:00,3121.811481,3121.811481,3121.811481,3121.811481,0.0
MSCI World,GB00BJDQQQ59,World,7070261,EUR,2024-05-06 12:00:00,3145.614043,3145.614043,3145.614043,3145.614043,0.0
MSCI World,GB00BJDQQQ59,World,7070261,EUR,2024-05-07 12:00:00,3156.227458,3156.227458,3156.227458,3156.227458,0.0
MSCI World,GB00BJDQQQ59,World,7070261,EUR,2024-05-08 12:00:00,3158.893188,3158.893188,3158.893188,3158.893188,0.0
MSCI World,GB00BJDQQQ59,World,7070261,EUR,2024-05-09 12:00:00,3165.339525,3165.339525,3165.339525,3165.339525,0.0
MSCI World,GB00BJDQQQ59,World,7070261,EUR,2024-05-10 12:00:00,3177.176865,3177.176865,3177.176865,3177.176865,0.0
MSCI World,GB00BJDQQQ59,World,7070261,EUR,2024-05-13 12:00:00,3166.683901,3166.683901,3166.683901,3166.683901,0.0
MSCI World,GB00BJDQQQ59,World,7070261,EUR,2024-05-14 12:00:00,3173.358142,3173.358142,3173.358142,3173.358142,0.0
MSCI World,GB00BJDQQQ59,World,7070261,EUR,2024-05-15 12:00:00,3198.337093,3198.337093,3198.337093,3198.337093,0.0
MSCI World,GB00BJDQQQ59,World,7070261,EUR,2024-05-16 12:00:00,3191.076292,3191.076292,3191.076292,3191.076292,0.0
MSCI World,GB00BJDQQQ59,World,7070261,EUR,2024-05-17 12:00:00,3192.84232,3192.84232,3192.84232,3192.84232,0.0
MSCI World,GB00BJDQQQ59,World,7070261,EUR,2024-05-20 12:00:00,3200.256776,3200.256776,3200.256776,3200.256776,0.0
MSCI World,GB00BJDQQQ59,World,7070261,EUR,2024-05-21 12:00:00,3204.272391,3204.272391,3204.272391,3204.272391,0.0
MSCI World,GB00BJDQQQ59,World,7070261,EUR,2024-05-22 12:00:00,3198.77473,3198.77473,3198.77473,3198.77473,0.0
MSCI World,GB00BJDQQQ59,World,7070261,EUR,2024-05-23 12:00:00,3183.324916,3183.324916,3183.324916,3183.324916,0.0
MSCI World,GB00BJDQQQ59,World,7070261,EUR,2024-05-24 12:00:00,3192.086626,3192.086626,3192.086626,3192.086626,0.0
MSCI World,GB00BJDQQQ59,World,7070261,EUR,2024-05-28 12:00:00,3193.940563,3185.988823,3193.940563,3185.988823,0.0
MSCI World,GB00BJDQQQ59,World,7070261,EUR,2024-05-29 12:00:00,3171.828524,3171.828524,3171.828524,3171.828524,0.0
MSCI World,GB00BJDQQQ59,World,7070261,EUR,2024-05-30 12:00:00,3154.971574,3154.971574,3154.971574,3154.971574,0.0
MSCI World,GB00BJDQQQ59,World,7070261,EUR,2024-05-31 12:00:00,3173.520188,3173.520188,3173.520188,3173.520188,0.0
MSCI World,GB00BJDQQQ59,World,7070261,EUR,2024-06-03 12:00:00,3177.027582,3177.027582,3177.027582,3177.027582,0.0
MSCI World,GB00BJDQQQ59,World,7070261,EUR,2024-06-04 12:00:00,3174.373016,3174.373016,3174.373016,3174.373016,0.0
MSCI World,GB00BJDQQQ59,World,7070261,EUR,2024-06-05 12:00:00,3205.630923,3205.630923,3205.630923,3205.630923,0.0
MSCI World,GB00BJDQQQ59,World,7070261,EUR,2024-06-06 12:00:00,3208.050161,3208.050161,3208.050161,3208.050161,0.0
MSCI World,GB00BJDQQQ59,World,7070261,EUR,2024-06-07 12:00:00,3217.44963,3217.44963,3217.44963,3217.44963,0.0
MSCI World,GB00BJDQQQ59,World,7070261,EUR,2024-06-10 12:00:00,3243.970234,3243.970234,3243.970234,3243.970234,0.0
MSCI World,GB00BJDQQQ59,World,7070261,EUR,2024-06-11 12:00:00,3245.289511,3245.289511,3245.289511,3245.289511,0.0
MSCI World,GB00BJDQQQ59,World,7070261,EUR,2024-06-12 12:00:00,3241.570559,3241.570559,3241.570559,3241.570559,0.0
MSCI World,GB00BJDQQQ59,World,7070261,EUR,2024-06-13 12:00:00,3253.4845,3253.4845,3253.4845,3253.4845,0.0
MSCI World,GB00BJDQQQ59,World,7070261,EUR,2024-06-14 12:00:00,3267.409231,3267.409231,3267.409231,3267.409231,0.0
MSCI World,GB00BJDQQQ59,World,7070261,EUR,2024-06-17 12:00:00,3273.686539,3273.686539,3273.686539,3273.686539,0.0
MSCI World,GB00BJDQQQ59,World,7070261,EUR,2024-06-18 12:00:00,3280.284389,3280.284389,3280.284389,3280.284389,0.0
MSCI World,GB00BJDQQQ59,World,7070261,EUR,2024-06-20 12:00:00,3278.134162,3282.664749,3282.664749,3278.134162,0.0
MSCI World,GB00BJDQQQ59,World,7070261,EUR,2024-06-21 12:00:00,3283.834459,3283.834459,3283.834459,3283.834459,0.0
MSCI World,GB00BJDQQQ59,World,7070261,EUR,2024-06-24 12:00:00,3270.233336,3270.233336,3270.233336,3270.233336,0.0
MSCI World,GB00BJDQQQ59,World,7070261,EUR,2024-06-25 12:00:00,3290.087912,3290.087912,3290.087912,3290.087912,0.0
MSCI World,GB00BJDQQQ59,World,7070261,EUR,2024-06-26 12:00:00,3295.61873,3295.61873,3295.61873,3295.61873,0.0
MSCI World,GB00BJDQQQ59,World,7070261,EUR,2024-06-27 12:00:00,3287.799307,3287.799307,3287.799307,3287.799307,0.0
MSCI World,GB00BJDQQQ59,World,7070261,EUR,2024-06-28 12:00:00,3276.668195,3276.668195,3276.668195,3276.668195,0.0
MSCI World,GB00BJDQQQ59,World,7070261,EUR,2024-07-01 12:00:00,3280.627667,3280.627667,3280.627667,3280.627667,0.0
MSCI World,GB00BJDQQQ59,World,7070261,EUR,2024-07-02 12:00:00,3292.853016,3292.853016,3292.853016,3292.853016,0.0
MSCI World,GB00BJDQQQ59,World,7070261,EUR,2024-07-03 12:00:00,3296.983578,3296.983578,3296.983578,3296.983578,0.0
MSCI World,GB00BJDQQQ59,World,7070261,EUR,2024-07-05 12:00:00,3302.515572,3308.288855,3308.288855,3302.515572,0.0
MSCI World,GB00BJDQQQ59,World,7070261,EUR,2024-07-08 12:00:00,3306.756754,3306.756754,3306.756754,3306.756754,0.0
MSCI World,GB00BJDQQQ59,World,7070261,EUR,2024-07-09 12:00:00,3309.30442,3309.30442,3309.30442,3309.30442,0.0
MSCI World,GB00BJDQQQ59,World,7070261,EUR,2024-07-10 12:00:00,3338.51049,3338.51049,3338.51049,3338.51049,0.0
MSCI World,GB00BJDQQQ59,World,7070261,EUR,2024-07-11 12:00:00,3314.772161,3314.772161,3314.772161,3314.772161,0.0
MSCI World,GB00BJDQQQ59,World,7070261,EUR,2024-07-12 12:00:00,3325.089991,3325.089991,3325.089991,3325.089991,0.0
MSCI World,GB00BJDQQQ59,World,7070261,EUR,2024-07-15 12:00:00,3324.692532,3324.692532,3324.692532,3324.692532,0.0
MSCI World,GB00BJDQQQ59,World,7070261,EUR,2024-07-16 12:00:00,3348.600559,3348.600559,3348.600559,3348.600559,0.0
MSCI World,GB00BJDQQQ59,World,7070261,EUR,2024-07-17 12:00:00,3300.320815,3300.320815,3300.320815,3300.320815,0.0
MSCI World,GB00BJDQQQ59,World,7070261,EUR,2024-07-18 12:00:00,3279.738348,3279.738348,3279.738348,3279.738348,0.0
MSCI World,GB00BJDQQQ59,World,7070261,EUR,2024-07-19 12:00:00,3263.314868,3263.314868,3263.314868,3263.314868,0.0
MSCI World,GB00BJDQQQ59,World,7070261,EUR,2024-07-22 12:00:00,3293.230817,3293.230817,3293.230817,3293.230817,0.0
MSCI World,GB00BJDQQQ59,World,7070261,EUR,2024-07-23 12:00:00,3301.700765,3301.700765,3301.700765,3301.700765,0.0
MSCI World,GB00BJDQQQ59,World,7070261,EUR,2024-07-24 12:00:00,3239.331638,3239.331638,3239.331638,3239.331638,0.0
MSCI World,GB00BJDQQQ59,World,7070261,EUR,2024-07-25 12:00:00,3215.705712,3215.705712,3215.705712,3215.705712,0.0
MSCI World,GB00BJDQQQ59,World,7070261,EUR,2024-07-26 12:00:00,3246.206292,3246.206292,3246.206292,3246.206292,0.0
MSCI World,GB00BJDQQQ59,World,7070261,EUR,2024-07-29 12:00:00,3260.473784,3260.473784,3260.473784,3260.473784,0.0
MSCI World,GB00BJDQQQ59,World,7070261,EUR,2024-07-30 12:00:00,3252.549435,3252.549435,3252.549435,3252.549435,0.0
MSCI World,GB00BJDQQQ59,World,7070261,EUR,2024-07-31 12:00:00,3300.599605,3300.599605,3300.599605,3300.599605,0.0
MSCI World,GB00BJDQQQ59,World,7070261,EUR,2024-08-01 12:00:00,3259.677893,3259.677893,3259.677893,3259.677893,0.0
MSCI World,GB00BJDQQQ59,World,7070261,EUR,2024-08-02 12:00:00,3157.514352,3157.514352,3157.514352,3157.514352,0.0
MSCI World,GB00BJDQQQ59,World,7070261,EUR,2024-08-05 12:00:00,3044.524146,3044.524146,3044.524146,3044.524146,0.0
MSCI World,GB00BJDQQQ59,World,7070261,EUR,2024-08-06 12:00:00,3092.110839,3092.110839,3092.110839,3092.110839,0.0
MSCI World,GB00BJDQQQ59,World,7070261,EUR,2024-08-07 12:00:00,3084.661104,3084.661104,3084.661104,3084.661104,0.0
MSCI World,GB00BJDQQQ59,World,7070261,EUR,2024-08-08 12:00:00,3142.592371,3142.592371,3142.592371,3142.592371,0.0
MSCI World,GB00BJDQQQ59,World,7070261,EUR,2024-08-09 12:00:00,3156.411463,3156.411463,3156.411463,3156.411463,0.0
MSCI World,GB00BJDQQQ59,World,7070261,EUR,2024-08-12 12:00:00,3152.669135,3152.669135,3152.669135,3152.669135,0.0
MSCI World,GB00BJDQQQ59,World,7070261,EUR,2024-08-13 12:00:00,3196.331508,3196.331508,3196.331508,3196.331508,0.0
MSCI World,GB00BJDQQQ59,World,7070261,EUR,2024-08-14 12:00:00,3192.047697,3192.047697,3192.047697,3192.047697,0.0
MSCI World,GB00BJDQQQ59,World,7070261,EUR,2024-08-15 12:00:00,3248.472333,3248.472333,3248.472333,3248.472333,0.0
MSCI World,GB00BJDQQQ59,World,7070261,EUR,2024-08-16 12:00:00,3261.042159,3261.042159,3261.042159,3261.042159,0.0
MSCI World,GB00BJDQQQ59,World,7070261,EUR,2024-08-19 12:00:00,3270.13623,3270.13623,3270.13623,3270.13623,0.0
MSCI World,GB00BJDQQQ59,World,7070261,EUR,2024-08-20 12:00:00,3254.081827,3254.081827,3254.081827,3254.081827,0.0
MSCI World,GB00BJDQQQ59,World,7070261,EUR,2024-08-23 12:00:00,3264.7851,3264.7851,3264.7851,3264.7851,0.0
MSCI World,GB00BJDQQQ59,World,7070261,EUR,2024-08-26 12:00:00,3258.578755,3258.578755,3258.578755,3258.578755,0.0
MSCI World,GB00BJDQQQ59,World,7070261,EUR,2024-08-29 12:00:00,3280.925612,3280.925612,3280.925612,3280.925612,0.0
MSCI World,GB00BJDQQQ59,World,7070261,EUR,2024-09-03 12:00:00,3255.99451,3255.99451,3255.99451,3255.99451,0.0
MSCI World,GB00BJDQQQ59,World,7070261,EUR,2024-09-04 12:00:00,3227.887695,3227.887695,3227.887695,3227.887695,0.0
MSCI World,GB00BJDQQQ59,World,7070261,EUR,2024-09-05 12:00:00,3220.055759,3220.055759,3220.055759,3220.055759,0.0
MSCI World,GB00BJDQQQ59,World,7070261,EUR,2024-09-06 12:00:00,3164.050577,3164.050577,3164.050577,3164.050577,0.0
MSCI World,GB00BJDQQQ59,World,7070261,EUR,2024-09-09 12:00:00,3211.443426,3211.443426,3211.443426,3211.443426,0.0
MSCI World,GB00BJDQQQ59,World,7070261,EUR,2024-09-10 12:00:00,3223.856133,3223.856133,3223.856133,3223.856133,0.0
MSCI World,GB00BJDQQQ59,World,7070261,EUR,2024-09-11 12:00:00,3250.379527,3250.379527,3250.379527,3250.379527,0.0
MSCI World,GB00BJDQQQ59,World,7070261,EUR,2024-09-12 12:00:00,3271.114634,3271.114634,3271.114634,3271.114634,0.0
MSCI World,GB00BJDQQQ59,World,7070261,EUR,2024-09-13 12:00:00,3277.876792,3277.876792,3277.876792,3277.876792,0.0
MSCI World,GB00BJDQQQ59,World,7070261,EUR,2024-09-16 12:00:00,3272.872439,3272.872439,3272.872439,3272.872439,0.0
MSCI World,GB00BJDQQQ59,World,7070261,EUR,2024-09-17 12:00:00,3272.520058,3272.520058,3272.520058,3272.520058,0.0
MSCI World,GB00BJDQQQ59,World,7070261,EUR,2024-09-18 12:00:00,3264.690172,3264.690172,3264.690172,3264.690172,0.0
MSCI World,GB00BJDQQQ59,World,7070261,EUR,2024-09-19 12:00:00,3315.219095,3315.219095,3315.219095,3315.219095,0.0
MSCI World,GB00BJDQQQ59,World,7070261,EUR,2024-09-20 12:00:00,3299.667061,3299.667061,3299.667061,3299.667061,0.0
MSCI World,GB00BJDQQQ59,World,7070261,EUR,2024-09-23 12:00:00,3313.267316,3313.267316,3313.267316,3313.267316,0.0
MSCI World,GB00BJDQQQ59,World,7070261,EUR,2024-09-24 12:00:00,3320.176394,3320.176394,3320.176394,3320.176394,0.0
MSCI World,GB00BJDQQQ59,World,7070261,EUR,2024-09-25 12:00:00,3308.155075,3308.155075,3308.155075,3308.155075,0.0
MSCI World,GB00BJDQQQ59,World,7070261,EUR,2024-09-26 12:00:00,3331.863734,3331.863734,3331.863734,3331.863734,0.0
MSCI World,GB00BJDQQQ59,World,7070261,EUR,2024-09-27 12:00:00,3333.729931,3333.729931,3333.729931,3333.729931,0.0
MSCI World,GB00BJDQQQ59,World,7070261,EUR,2024-09-30 12:00:00,3335.911133,3335.911133,3335.911133,3335.911133,0.0
MSCI World,GB00BJDQQQ59,World,7070261,EUR,2024-10-01 12:00:00,3334.525124,3334.525124,3334.525124,3334.525124,0.0
MSCI World,GB00BJDQQQ59,World,7070261,EUR,2024-10-02 12:00:00,3339.926314,3339.926314,3339.926314,3339.926314,0.0
MSCI World,GB00BJDQQQ59,World,7070261,EUR,2024-10-03 12:00:00,3336.269985,3336.269985,3336.269985,3336.269985,0.0
MSCI World,GB00BJDQQQ59,World,7070261,EUR,2024-10-04 12:00:00,3371.546347,3371.546347,3371.546347,3371.546347,0.0
MSCI World,GB00BJDQQQ59,World,7070261,EUR,2024-10-07 12:00:00,3351.781789,3351.781789,3351.781789,3351.781789,0.0
MSCI World,GB00BJDQQQ59,World,7070261,EUR,2024-10-08 12:00:00,3367.504045,3367.504045,3367.504045,3367.504045,0.0
MSCI World,GB00BJDQQQ59,World,7070261,EUR,2024-10-09 12:00:00,3394.387753,3394.387753,3394.387753,3394.387753,0.0
MSCI World,GB00BJDQQQ59,World,7070261,EUR,2024-10-10 12:00:00,3397.155005,3397.155005,3397.155005,3397.155005,0.0
MSCI World,GB00BJDQQQ59,World,7070261,EUR,2024-10-11 12:00:00,3410.011891,3410.011891,3410.011891,3410.011891,0.0
MSCI World,GB00BJDQQQ59,World,7070261,EUR,2024-10-14 12:00:00,3438.831269,3438.831269,3438.831269,3438.831269,0.0
MSCI World,GB00BJDQQQ59,World,7070261,EUR,2024-10-15 12:00:00,3419.612078,3419.612078,3419.612078,3419.612078,0.0
MSCI World,GB00BJDQQQ59,World,7070261,EUR,2024-10-16 12:00:00,3433.330995,3433.330995,3433.330995,3433.330995,0.0
MSCI World,GB00BJDQQQ59,World,7070261,EUR,2024-10-17 12:00:00,3452.032311,3452.032311,3452.032311,3452.032311,0.0
MSCI World,GB00BJDQQQ59,World,7070261,EUR,2024-10-18 12:00:00,3456.625822,3456.625822,3456.625822,3456.625822,0.0
MSCI World,GB00BJDQQQ59,World,7070261,EUR,2024-10-21 12:00:00,3452.005545,3452.005545,3452.005545,3452.005545,0.0
MSCI World,GB00BJDQQQ59,World,7070261,EUR,2024-10-22 12:00:00,3451.736818,3451.736818,3451.736818,3451.736818,0.0
MSCI World,GB00BJDQQQ59,World,7070261,EUR,2024-10-23 12:00:00,3431.630704,3431.630704,3431.630704,3431.630704,0.0
MSCI World,GB00BJDQQQ59,World,7070261,EUR,2024-10-24 12:00:00,3433.369537,3433.369537,3433.369537,3433.369537,0.0
MSCI World,GB00BJDQQQ59,World,7070261,EUR,2024-10-25 12:00:00,3421.314966,3421.314966,3421.314966,3421.314966,0.0
MSCI World,GB00BJDQQQ59,World,7070261,EUR,2024-10-28 12:00:00,3435.410363,3435.410363,3435.410363,3435.410363,0.0
MSCI World,GB00BJDQQQ59,World,7070261,EUR,2024-10-29 12:00:00,3442.924253,3442.924253,3442.924253,3442.924253,0.0
MSCI World,GB00BJDQQQ59,World,7070261,EUR,2024-10-30 12:00:00,3411.672405,3411.672405,3411.672405,3411.672405,0.0
MSCI World,GB00BJDQQQ59,World,7070261,EUR,2024-10-31 12:00:00,3359.414362,3359.414362,3359.414362,3359.414362,0.0
MSCI World,GB00BJDQQQ59,World,7070261,EUR,2024-11-01 12:00:00,3373.597896,3373.597896,3373.597896,3373.597896,0.0
MSCI World,GB00BJDQQQ59,World,7070261,EUR,2024-11-04 12:00:00,3354.584325,3354.584325,3354.584325,3354.584325,0.0
MSCI World,GB00BJDQQQ59,World,7070261,EUR,2024-11-05 12:00:00,3387.401738,3387.401738,3387.401738,3387.401738,0.0
MSCI World,GB00BJDQQQ59,World,7070261,EUR,2024-11-06 12:00:00,3494.113713,3494.113713,3494.113713,3494.113713,0.0
MSCI World,GB00BJDQQQ59,World,7070261,EUR,2024-11-07 12:00:00,3502.844173,3502.844173,3502.844173,3502.844173,0.0
MSCI World,GB00BJDQQQ59,World,7070261,EUR,2024-11-08 12:00:00,3527.055233,3527.055233,3527.055233,3527.055233,0.0
MSCI World,GB00BJDQQQ59,World,7070261,EUR,2024-11-11 12:00:00,3564.316164,3564.316164,3564.316164,3564.316164,0.0
MSCI World,GB00BJDQQQ59,World,7070261,EUR,2024-11-12 12:00:00,3556.459822,3556.459822,3556.459822,3556.459822,0.0
MSCI World,GB00BJDQQQ59,World,7070261,EUR,2024-11-13 12:00:00,3557.343048,3557.343048,3557.343048,3557.343048,0.0
MSCI World,GB00BJDQQQ59,World,7070261,EUR,2024-11-14 12:00:00,3548.325121,3548.325121,3548.325121,3548.325121,0.0
MSCI World,GB00BJDQQQ59,World,7070261,EUR,2024-11-15 12:00:00,3522.081759,3522.081759,3522.081759,3522.081759,0.0
MSCI World,GB00BJDQQQ59,World,7070261,EUR,2024-11-18 12:00:00,3521.403062,3521.403062,3521.403062,3521.403062,0.0
MSCI World,GB00BJDQQQ59,World,7070261,EUR,2024-11-19 12:00:00,3531.814059,3531.814059,3531.814059,3531.814059,0.0
MSCI World,GB00BJDQQQ59,World,7070261,EUR,2024-11-20 12:00:00,3548.107017,3548.107017,3548.107017,3548.107017,0.0
MSCI World,GB00BJDQQQ59,World,7070261,EUR,2024-11-21 12:00:00,3571.014344,3571.014344,3571.014344,3571.014344,0.0
MSCI World,GB00BJDQQQ59,World,7070261,EUR,2024-11-22 12:00:00,3617.623639,3617.623639,3617.623639,3617.623639,0.0
MSCI World,GB00BJDQQQ59,World,7070261,EUR,2024-11-25 12:00:00,3605.670133,3605.670133,3605.670133,3605.670133,0.0
MSCI World,GB00BJDQQQ59,World,7070261,EUR,2024-11-26 12:00:00,3616.02773,3616.02773,3616.02773,3616.02773,0.0
MSCI World,GB00BJDQQQ59,World,7070261,EUR,2024-11-27 12:00:00,3581.368569,3581.368569,3581.368569,3581.368569,0.0
MSCI World,GB00BJDQQQ59,World,7070261,EUR,2024-11-29 12:00:00,3590.531316,3607.403397,3607.403397,3590.531316,0.0
MSCI World,GB00BJDQQQ59,World,7070261,EUR,2024-12-02 12:00:00,3646.533435,3646.533435,3646.533435,3646.533435,0.0
MSCI World,GB00BJDQQQ59,World,7070261,EUR,2024-12-03 12:00:00,3641.673342,3641.673342,3641.673342,3641.673342,0.0
MSCI World,GB00BJDQQQ59,World,7070261,EUR,2024-12-04 12:00:00,3656.115682,3656.115682,3656.115682,3656.115682,0.0
MSCI World,GB00BJDQQQ59,World,7070261,EUR,2024-12-05 12:00:00,3639.739391,3639.739391,3639.739391,3639.739391,0.0
MSCI World,GB00BJDQQQ59,World,7070261,EUR,2024-12-06 12:00:00,3649.438673,3649.438673,3649.438673,3649.438673,0.0
MSCI World,GB00BJDQQQ59,World,7070261,EUR,2024-12-09 12:00:00,3623.142027,3623.142027,3623.142027,3623.142027,0.0
MSCI World,GB00BJDQQQ59,World,7070261,EUR,2024-12-10 12:00:00,3633.438161,3633.438161,3633.438161,3633.438161,0.0
MSCI World,GB00BJDQQQ59,World,7070261,EUR,2024-12-11 12:00:00,3663.060892,3663.060892,3663.060892,3663.060892,0.0
MSCI World,GB00BJDQQQ59,World,7070261,EUR,2024-12-12 12:00:00,3652.952744,3652.952744,3652.952744,3652.952744,0.0
MSCI World,GB00BJDQQQ59,World,7070261,EUR,2024-12-13 12:00:00,3639.277411,3639.277411,3639.277411,3639.277411,0.0
MSCI World,GB00BJDQQQ59,World,7070261,EUR,2024-12-16 12:00:00,3642.34154,3642.34154,3642.34154,3642.34154,0.0
MSCI World,GB00BJDQQQ59,World,7070261,EUR,2024-12-17 12:00:00,3630.884218,3630.884218,3630.884218,3630.884218,0.0
MSCI World,GB00BJDQQQ59,World,7070261,EUR,2024-12-18 12:00:00,3552.730166,3552.730166,3552.730166,3552.730166,0.0
MSCI World,GB00BJDQQQ59,World,7070261,EUR,2024-12-19 12:00:00,3561.074108,3561.074108,3561.074108,3561.074108,0.0
MSCI World,GB00BJDQQQ59,World,7070261,EUR,2024-12-20 12:00:00,3580.548133,3580.548133,3580.548133,3580.548133,0.0
MSCI World,GB00BJDQQQ59,World,7070261,EUR,2024-12-23 12:00:00,3604.198833,3604.198833,3604.198833,3604.198833,0.0
MSCI World,GB00BJDQQQ59,World,7070261,EUR,2024-12-24 12:00:00,3635.201019,3635.201019,3635.201019,3635.201019,0.0
MSCI World,GB00BJDQQQ59,World,7070261,EUR,2024-12-26 12:00:00,3635.81396,3629.852204,3635.81396,3629.852204,0.0
MSCI World,GB00BJDQQQ59,World,7070261,EUR,2024-12-27 12:00:00,3603.112908,3603.112908,3603.112908,3603.112908,0.0
MSCI World,GB00BJDQQQ59,World,7070261,EUR,2024-12-30 12:00:00,3582.602696,3582.602696,3582.602696,3582.602696,0.0
MSCI World,GB00BJDQQQ59,World,7070261,EUR,2024-12-31 12:00:00,3580.732348,3580.732348,3580.732348,3580.732348,0.0
MSCI World,GB00BJDQQQ59,World,7070261,EUR,2025-01-02 12:00:00,3580.770011,3603.59531,3603.59531,3580.770011,0.0
MSCI World,GB00BJDQQQ59,World,7070261,EUR,2025-01-03 12:00:00,3632.514597,3632.514597,3632.514597,3632.514597,0.0
MSCI World,GB00BJDQQQ59,World,7070261,EUR,2025-01-06 12:00:00,3620.485135,3620.485135,3620.485135,3620.485135,0.0
MSCI World,GB00BJDQQQ59,World,7070261,EUR,2025-01-07 12:00:00,3599.477255,3599.477255,3599.477255,3599.477255,0.0
MSCI World,GB00BJDQQQ59,World,7070261,EUR,2025-01-08 12:00:00,3623.331726,3623.331726,3623.331726,3623.331726,0.0
MSCI World,GB00BJDQQQ59,World,7070261,EUR,2025-01-10 12:00:00,3623.609369,3588.696028,3623.609369,3588.696028,0.0
MSCI World,GB00BJDQQQ59,World,7070261,EUR,2025-01-13 12:00:00,3603.915642,3603.915642,3603.915642,3603.915642,0.0
MSCI World,GB00BJDQQQ59,World,7070261,EUR,2025-01-14 12:00:00,3577.105791,3577.105791,3577.105791,3577.105791,0.0
MSCI World,GB00BJDQQQ59,World,7070261,EUR,2025-01-15 12:00:00,3633.487791,3633.487791,3633.487791,3633.487791,0.0
MSCI World,GB00BJDQQQ59,World,7070261,EUR,2025-01-16 12:00:00,3637.564094,3637.564094,3637.564094,3637.564094,0.0
MSCI World,GB00BJDQQQ59,World,7070261,EUR,2025-01-17 12:00:00,3667.461223,3667.461223,3667.461223,3667.461223,0.0
MSCI World,GB00BJDQQQ59,World,7070261,EUR,2025-01-21 12:00:00,3642.490448,3670.273663,3670.273663,3642.490448,0.0
MSCI World,GB00BJDQQQ59,World,7070261,EUR,2025-01-22 12:00:00,3683.659672,3683.659672,3683.659672,3683.659672,0.0
MSCI World,GB00BJDQQQ59,World,7070261,EUR,2025-01-23 12:00:00,3708.747659,3708.747659,3708.747659,3708.747659,0.0
MSCI World,GB00BJDQQQ59,World,7070261,EUR,2025-01-24 12:00:00,3666.832634,3666.832634,3666.832634,3666.832634,0.0
MSCI World,GB00BJDQQQ59,World,7070261,EUR,2025-01-27 12:00:00,3632.082425,3632.082425,3632.082425,3632.082425,0.0
MSCI World,GB00BJDQQQ59,World,7070261,EUR,2025-01-28 12:00:00,3680.040778,3680.040778,3680.040778,3680.040778,0.0
MSCI World,GB00BJDQQQ59,World,7070261,EUR,2025-01-29 12:00:00,3674.12614,3674.12614,3674.12614,3674.12614,0.0
MSCI World,GB00BJDQQQ59,World,7070261,EUR,2025-01-30 12:00:00,3694.073995,3694.073995,3694.073995,3694.073995,0.0
MSCI World,GB00BJDQQQ59,World,7070261,EUR,2025-01-31 12:00:00,3690.601017,3690.601017,3690.601017,3690.601017,0.0
MSCI World,GB00BJDQQQ59,World,7070261,EUR,2025-02-03 12:00:00,3680.772831,3680.772831,3680.772831,3680.772831,0.0
MSCI World,GB00BJDQQQ59,World,7070261,EUR,2025-02-04 12:00:00,3686.086606,3686.086606,3686.086606,3686.086606,0.0
MSCI World,GB00BJDQQQ59,World,7070261,EUR,2025-02-05 12:00:00,3692.969229,3692.969229,3692.969229,3692.969229,0.0
MSCI World,GB00BJDQQQ59,World,7070261,EUR,2025-02-06 12:00:00,3726.355575,3726.355575,3726.355575,3726.355575,0.0
MSCI World,GB00BJDQQQ59,World,7070261,EUR,2025-02-07 12:00:00,3705.187094,3705.187094,3705.187094,3705.187094,0.0
MSCI World,GB00BJDQQQ59,World,7070261,EUR,2025-02-10 12:00:00,3736.196295,3736.196295,3736.196295,3736.196295,0.0
MSCI World,GB00BJDQQQ59,World,7070261,EUR,2025-02-11 12:00:00,3727.823419,3727.823419,3727.823419,3727.823419,0.0
MSCI World,GB00BJDQQQ59,World,7070261,EUR,2025-02-12 12:00:00,3709.611858,3709.611858,3709.611858,3709.611858,0.0
MSCI World,GB00BJDQQQ59,World,7070261,EUR,2025-02-13 12:00:00,3732.43337,3732.43337,3732.43337,3732.43337,0.0
MSCI World,GB00BJDQQQ59,World,7070261,EUR,2025-02-14 12:00:00,3710.201777,3710.201777,3710.201777,3710.201777,0.0
MSCI World,GB00BJDQQQ59,World,7070261,EUR,2025-02-18 12:00:00,3723.575211,3736.210298,3736.210298,3723.575211,0.0
MSCI World,GB00BJDQQQ59,World,7070261,EUR,2025-02-19 12:00:00,3747.8944,3747.8944,3747.8944,3747.8944,0.0
MSCI World,GB00BJDQQQ59,World,7070261,EUR,2025-02-20 12:00:00,3717.269564,3717.269564,3717.269564,3717.269564,0.0
MSCI World,GB00BJDQQQ59,World,7070261,EUR,2025-02-21 12:00:00,3675.826289,3675.826289,3675.826289,3675.826289,0.0
MSCI World,GB00BJDQQQ59,World,7070261,EUR,2025-02-24 12:00:00,3656.67467,3656.67467,3656.67467,3656.67467,0.0
MSCI World,GB00BJDQQQ59,World,7070261,EUR,2025-02-25 12:00:00,3633.393426,3633.393426,3633.393426,3633.393426,0.0
MSCI World,GB00BJDQQQ59,World,7070261,EUR,2025-02-26 12:00:00,3636.82671,3636.82671,3636.82671,3636.82671,0.0
MSCI World,GB00BJDQQQ59,World,7070261,EUR,2025-02-27 12:00:00,3617.94074,3617.94074,3617.94074,3617.94074,0.0
MSCI World,GB00BJDQQQ59,World,7070261,EUR,2025-02-28 12:00:00,3658.973162,3658.973162,3658.973162,3658.973162,0.0
MSCI World,GB00BJDQQQ59,World,7070261,EUR,2025-03-03 12:00:00,3595.773258,3595.773258,3595.773258,3595.773258,0.0
MSCI World,GB00BJDQQQ59,World,7070261,EUR,2025-03-04 12:00:00,3538.041985,3538.041985,3538.041985,3538.041985,0.0
MSCI World,GB00BJDQQQ59,World,7070261,EUR,2025-03-05 12:00:00,3509.507758,3509.507758,3509.507758,3509.507758,0.0
MSCI World,GB00BJDQQQ59,World,7070261,EUR,2025-03-06 12:00:00,3448.835307,3448.835307,3448.835307,3448.835307,0.0
MSCI World,GB00BJDQQQ59,World,7070261,EUR,2025-03-07 12:00:00,3440.986185,3440.986185,3440.986185,3440.986185,0.0
MSCI World,GB00BJDQQQ59,World,7070261,EUR,2025-03-10 12:00:00,3369.297316,3369.297316,3369.297316,3369.297316,0.0
MSCI World,GB00BJDQQQ59,World,7070261,EUR,2025-03-11 12:00:00,3315.784833,3315.784833,3315.784833,3315.784833,0.0
MSCI World,GB00BJDQQQ59,World,7070261,EUR,2025-03-12 12:00:00,3335.470758,3335.470758,3335.470758,3335.470758,0.0
MSCI World,GB00BJDQQQ59,World,7070261,EUR,2025-03-13 12:00:00,3315.220393,3315.220393,3315.220393,3315.220393,0.0
MSCI World,GB00BJDQQQ59,World,7070261,EUR,2025-03-14 12:00:00,3371.532174,3371.532174,3371.532174,3371.532174,0.0
MSCI World,GB00BJDQQQ59,World,7070261,EUR,2025-03-17 12:00:00,3385.277308,3385.277308,3385.277308,3385.277308,0.0
MSCI World,GB00BJDQQQ59,World,7070261,EUR,2025-03-18 12:00:00,3360.990076,3360.990076,3360.990076,3360.990076,0.0
MSCI World,GB00BJDQQQ59,World,7070261,EUR,2025-03-19 12:00:00,3403.383625,3403.383625,3403.383625,3403.383625,0.0
MSCI World,GB00BJDQQQ59,World,7070261,EUR,2025-03-20 12:00:00,3405.12529,3405.12529,3405.12529,3405.12529,0.0
MSCI World,GB00BJDQQQ59,World,7070261,EUR,2025-03-21 12:00:00,3413.668428,3413.668428,3413.668428,3413.668428,0.0
MSCI World,GB00BJDQQQ59,World,7070261,EUR,2025-03-24 12:00:00,3460.927848,3460.927848,3460.927848,3460.927848,0.0
MSCI World,GB00BJDQQQ59,World,7070261,EUR,2025-03-25 12:00:00,3469.150144,3469.150144,3469.150144,3469.150144,0.0
MSCI World,GB00BJDQQQ59,World,7070261,EUR,2025-03-26 12:00:00,3440.157812,3440.157812,3440.157812,3440.157812,0.0
MSCI World,GB00BJDQQQ59,World,7070261,EUR,2025-03-27 12:00:00,3423.01748,3423.01748,3423.01748,3423.01748,0.0
MSCI World,GB00BJDQQQ59,World,7070261,EUR,2025-03-28 12:00:00,3358.32388,3358.32388,3358.32388,3358.32388,0.0
MSCI World,GB00BJDQQQ59,World,7070261,EUR,2025-03-31 12:00:00,3359.215331,3359.215331,3359.215331,3359.215331,0.0
MSCI World,GB00BJDQQQ59,World,7070261,EUR,2025-04-01 12:00:00,3375.952487,3375.952487,3375.952487,3375.952487,0.0
MSCI World,GB00BJDQQQ59,World,7070261,EUR,2025-04-02 12:00:00,3379.123353,3379.123353,3379.123353,3379.123353,0.0
MSCI World,GB00BJDQQQ59,World,7070261,EUR,2025-04-03 12:00:00,3177.255517,3177.255517,3177.255517,3177.255517,0.0
MSCI World,GB00BJDQQQ59,World,7070261,EUR,2025-04-04 12:00:00,3027.048761,3027.048761,3027.048761,3027.048761,0.0
MSCI World,GB00BJDQQQ59,World,7070261,EUR,2025-04-07 12:00:00,2991.072842,2991.072842,2991.072842,2991.072842,0.0
MSCI World,GB00BJDQQQ59,World,7070261,EUR,2025-04-08 12:00:00,2982.539836,2982.539836,2982.539836,2982.539836,0.0
MSCI World,GB00BJDQQQ59,World,7070261,EUR,2025-04-09 12:00:00,3138.797191,3138.797191,3138.797191,3138.797191,0.0
MSCI World,GB00BJDQQQ59,World,7070261,EUR,2025-04-10 12:00:00,3060.588734,3060.588734,3060.588734,3060.588734,0.0
MSCI World,GB00BJDQQQ59,World,7070261,EUR,2025-04-11 12:00:00,3061.490986,3061.490986,3061.490986,3061.490986,0.0
MSCI World,GB00BJDQQQ59,World,7070261,EUR,2025-04-14 12:00:00,3091.407432,3091.407432,3091.407432,3091.407432,0.0
MSCI World,GB00BJDQQQ59,World,7070261,EUR,2025-04-15 12:00:00,3109.822156,3109.822156,3109.822156,3109.822156,0.0
MSCI World,GB00BJDQQQ59,World,7070261,EUR,2025-04-16 12:00:00,3047.187877,3047.187877,3047.187877,3047.187877,0.0
MSCI World,GB00BJDQQQ59,World,7070261,EUR,2025-04-17 12:00:00,3060.716341,3060.716341,3060.716341,3060.716341,0.0
MSCI World,GB00BJDQQQ59,World,7070261,EUR,2025-04-21 12:00:00,3062.474857,2978.068705,3062.474857,2978.068705,0.0
MSCI World,GB00BJDQQQ59,World,7070261,EUR,2025-04-22 12:00:00,3038.838914,3038.838914,3038.838914,3038.838914,0.0
MSCI World,GB00BJDQQQ59,World,7070261,EUR,2025-04-23 12:00:00,3117.168253,3117.168253,3117.168253,3117.168253,0.0
MSCI World,GB00BJDQQQ59,World,7070261,EUR,2025-04-24 12:00:00,3161.887718,3161.887718,3161.887718,3161.887718,0.0
MSCI World,GB00BJDQQQ59,World,7070261,EUR,2025-04-25 12:00:00,3182.882979,3182.882979,3182.882979,3182.882979,0.0
MSCI World,GB00BJDQQQ59,World,7070261,EUR,2025-04-28 12:00:00,3188.746266,3188.746266,3188.746266,3188.746266,0.0
MSCI World,GB00BJDQQQ59,World,7070261,EUR,2025-04-29 12:00:00,3203.93161,3203.93161,3203.93161,3203.93161,0.0
MSCI World,GB00BJDQQQ59,World,7070261,EUR,2025-04-30 12:00:00,3215.764463,3215.764463,3215.764463,3215.764463,0.0
MSCI World,GB00BJDQQQ59,World,7070261,EUR,2025-05-01 12:00:00,3247.574887,3247.574887,3247.574887,3247.574887,0.0
MSCI World,GB00BJDQQQ59,World,7070261,EUR,2025-05-02 12:00:00,3276.103019,3276.103019,3276.103019,3276.103019,0.0
MSCI World,GB00BJDQQQ59,World,7070261,EUR,2025-05-05 12:00:00,3269.423673,3269.423673,3269.423673,3269.423673,0.0
MSCI World,GB00BJDQQQ59,World,7070261,EUR,2025-05-06 12:00:00,3250.747742,3250.747742,3250.747742,3250.747742,0.0
MSCI World,GB00BJDQQQ59,World,7070261,EUR,2025-05-07 12:00:00,3252.728577,3252.728577,3252.728577,3252.728577,0.0
MSCI World,GB00BJDQQQ59,World,7070261,EUR,2025-05-08 12:00:00,3287.858447,3287.858447,3287.858447,3287.858447,0.0
MSCI World,GB00BJDQQQ59,World,7070261,EUR,2025-05-09 12:00:00,3293.852633,3293.852633,3293.852633,3293.852633,0.0
MSCI World,GB00BJDQQQ59,World,7070261,EUR,2025-05-12 12:00:00,3414.067141,3414.067141,3414.067141,3414.067141,0.0
MSCI World,GB00BJDQQQ59,World,7070261,EUR,2025-05-13 12:00:00,3424.936386,3424.936386,3424.936386,3424.936386,0.0
MSCI World,GB00BJDQQQ59,World,7070261,EUR,2025-05-14 12:00:00,3416.151456,3416.151456,3416.151456,3416.151456,0.0
MSCI World,GB00BJDQQQ59,World,7070261,EUR,2025-05-15 12:00:00,3434.493431,3434.493431,3434.493431,3434.493431,0.0
MSCI World,GB00BJDQQQ59,World,7070261,EUR,2025-05-16 12:00:00,3463.131318,3463.131318,3463.131318,3463.131318,0.0
MSCI World,GB00BJDQQQ59,World,7070261,EUR,2025-05-19 12:00:00,3442.585328,3442.585328,3442.585328,3442.585328,0.0
MSCI World,GB00BJDQQQ59,World,7070261,EUR,2025-05-20 12:00:00,3434.378948,3434.378948,3434.378948,3434.378948,0.0
MSCI World,GB00BJDQQQ59,World,7070261,EUR,2025-05-21 12:00:00,3376.978556,3376.978556,3376.978556,3376.978556,0.0
MSCI World,GB00BJDQQQ59,World,7070261,EUR,2025-05-22 12:00:00,3385.990383,3385.990383,3385.990383,3385.990383,0.0
MSCI World,GB00BJDQQQ59,World,7070261,EUR,2025-05-23 12:00:00,3352.068344,3352.068344,3352.068344,3352.068344,0.0
MSCI World,GB00BJDQQQ59,World,7070261,EUR,2025-05-27 12:00:00,3350.085472,3411.42582,3411.42582,3350.085472,0.0
MSCI World,GB00BJDQQQ59,World,7070261,EUR,2025-05-28 12:00:00,3402.678899,3402.678899,3402.678899,3402.678899,0.0
MSCI World,GB00BJDQQQ59,World,7070261,EUR,2025-05-29 12:00:00,3402.797906,3402.797906,3402.797906,3402.797906,0.0
MSCI World,GB00BJDQQQ59,World,7070261,EUR,2025-05-30 12:00:00,3403.187635,3403.187635,3403.187635,3403.187635,0.0
MSCI World,GB00BJDQQQ59,World,7070261,EUR,2025-06-02 12:00:00,3394.173105,3394.173105,3394.173105,3394.173105,0.0
MSCI World,GB00BJDQQQ59,World,7070261,EUR,2025-06-03 12:00:00,3418.501598,3418.501598,3418.501598,3418.501598,0.0
MSCI World,GB00BJDQQQ59,World,7070261,EUR,2025-06-04 12:00:00,3414.438639,3414.438639,3414.438639,3414.438639,0.0
MSCI World,GB00BJDQQQ59,World,7070261,EUR,2025-06-05 12:00:00,3394.867698,3394.867698,3394.867698,3394.867698,0.0
MSCI World,GB00BJDQQQ59,World,7070261,EUR,2025-06-06 12:00:00,3437.281627,3437.281627,3437.281627,3437.281627,0.0
MSCI World,GB00BJDQQQ59,World,7070261,EUR,2025-06-09 12:00:00,3435.305766,3435.305766,3435.305766,3435.305766,0.0
MSCI World,GB00BJDQQQ59,World,7070261,EUR,2025-06-10 12:00:00,3443.855987,3443.855987,3443.855987,3443.855987,0.0
MSCI World,GB00BJDQQQ59,World,7070261,EUR,2025-06-11 12:00:00,3422.042072,3422.042072,3422.042072,3422.042072,0.0
MSCI World,GB00BJDQQQ59,World,7070261,EUR,2025-06-12 12:00:00,3405.628581,3405.628581,3405.628581,3405.628581,0.0
MSCI World,GB00BJDQQQ59,World,7070261,EUR,2025-06-13 12:00:00,3379.307196,3379.307196,3379.307196,3379.307196,0.0
MSCI World,GB00BJDQQQ59,World,7070261,EUR,2025-06-16 12:00:00,3395.45564,3395.45564,3395.45564,3395.45564,0.0
MSCI World,GB00BJDQQQ59,World,7070261,EUR,2025-06-17 12:00:00,3384.936362,3384.936362,3384.936362,3384.936362,0.0
MSCI World,GB00BJDQQQ59,World,7070261,EUR,2025-06-18 12:00:00,3388.317045,3388.317045,3388.317045,3388.317045,0.0
MSCI World,GB00BJDQQQ59,World,7070261,EUR,2025-06-20 12:00:00,3389.352485,3370.978652,3389.352485,3370.978652,0.0
MSCI World,GB00BJDQQQ59,World,7070261,EUR,2025-06-23 12:00:00,3387.433468,3387.433468,3387.433468,3387.433468,0.0
MSCI World,GB00BJDQQQ59,World,7070261,EUR,2025-06-24 12:00:00,3406.939642,3406.939642,3406.939642,3406.939642,0.0
MSCI World,GB00BJDQQQ59,World,7070261,EUR,2025-06-25 12:00:00,3399.111738,3399.111738,3399.111738,3399.111738,0.0
MSCI World,GB00BJDQQQ59,World,7070261,EUR,2025-06-26 12:00:00,3403.24114,3403.24114,3403.24114,3403.24114,0.0
MSCI World,GB00BJDQQQ59,World,7070261,EUR,2025-06-27 12:00:00,3421.271232,3421.271232,3421.271232,3421.271232,0.0
MSCI World,GB00BJDQQQ59,World,7070261,EUR,2025-06-30 12:00:00,3430.126792,3430.126792,3430.126792,3430.126792,0.0
MSCI World,GB00BJDQQQ59,World,7070261,EUR,2025-07-01 12:00:00,3414.311232,3414.311232,3414.311232,3414.311232,0.0
MSCI World,GB00BJDQQQ59,World,7070261,EUR,2025-07-02 12:00:00,3430.007799,3430.007799,3430.007799,3430.007799,0.0
MSCI World,GB00BJDQQQ59,World,7070261,EUR,2025-07-03 12:00:00,3457.162879,3457.162879,3457.162879,3457.162879,0.0
MSCI World,GB00BJDQQQ59,World,7070261,EUR,2025-07-07 12:00:00,3448.151523,3437.51958,3448.151523,3437.51958,0.0
MSCI World,GB00BJDQQQ59,World,7070261,EUR,2025-07-08 12:00:00,3446.501431,3446.501431,3446.501431,3446.501431,0.0
MSCI World,GB00BJDQQQ59,World,7070261,EUR,2025-07-09 12:00:00,3461.981759,3461.981759,3461.981759,3461.981759,0.0
MSCI World,GB00BJDQQQ59,World,7070261,EUR,2025-07-10 12:00:00,3479.281499,3479.281499,3479.281499,3479.281499,0.0
MSCI World,GB00BJDQQQ59,World,7070261,EUR,2025-07-11 12:00:00,3460.776631,3460.776631,3460.776631,3460.776631,0.0
MSCI World,GB00BJDQQQ59,World,7070261,EUR,2025-07-14 12:00:00,3467.720221,3467.720221,3467.720221,3467.720221,0.0
MSCI World,GB00BJDQQQ59,World,7070261,EUR,2025-07-15 12:00:00,3469.773055,3469.773055,3469.773055,3469.773055,0.0
MSCI World,GB00BJDQQQ59,World,7070261,EUR,2025-07-16 12:00:00,3480.167269,3480.167269,3480.167269,3480.167269,0.0
MSCI World,GB00BJDQQQ59,World,7070261,EUR,2025-07-17 12:00:00,3504.217541,3504.217541,3504.217541,3504.217541,0.0
MSCI World,GB00BJDQQQ59,World,7070261,EUR,2025-07-18 12:00:00,3490.588705,3490.588705,3490.588705,3490.588705,0.0
MSCI World,GB00BJDQQQ59,World,7070261,EUR,2025-07-21 12:00:00,3481.188479,3481.188479,3481.188479,3481.188479,0.0
MSCI World,GB00BJDQQQ59,World,7070261,EUR,2025-07-22 12:00:00,3475.929132,3475.929132,3475.929132,3475.929132,0.0
MSCI World,GB00BJDQQQ59,World,7070261,EUR,2025-07-23 12:00:00,3507.091537,3507.091537,3507.091537,3507.091537,0.0
MSCI World,GB00BJDQQQ59,World,7070261,EUR,2025-07-24 12:00:00,3505.079747,3505.079747,3505.079747,3505.079747,0.0
MSCI World,GB00BJDQQQ59,World,7070261,EUR,2025-07-25 12:00:00,3518.584773,3518.584773,3518.584773,3518.584773,0.0
MSCI World,GB00BJDQQQ59,World,7070261,EUR,2025-07-28 12:00:00,3539.520343,3539.520343,3539.520343,3539.520343,0.0
MSCI World,GB00BJDQQQ59,World,7070261,EUR,2025-07-29 12:00:00,3560.701375,3560.701375,3560.701375,3560.701375,0.0
MSCI World,GB00BJDQQQ59,World,7070261,EUR,2025-07-30 12:00:00,3567.58044,3567.58044,3567.58044,3567.58044,0.0
MSCI World,GB00BJDQQQ59,World,7070261,EUR,2025-07-31 12:00:00,3561.275161,3561.275161,3561.275161,3561.275161,0.0
MSCI World,GB00BJDQQQ59,World,7070261,EUR,2025-08-01 12:00:00,3481.481615,3481.481615,3481.481615,3481.481615,0.0
MSCI World,GB00BJDQQQ59,World,7070261,EUR,2025-08-04 12:00:00,3521.714014,3521.714014,3521.714014,3521.714014,0.0
MSCI World,GB00BJDQQQ59,World,7070261,EUR,2025-08-05 12:00:00,3513.126586,3513.126586,3513.126586,3513.126586,0.0
MSCI World,GB00BJDQQQ59,World,7070261,EUR,2025-08-06 12:00:00,3520.613786,3520.613786,3520.613786,3520.613786,0.0
MSCI World,GB00BJDQQQ59,World,7070261,EUR,2025-08-07 12:00:00,3525.986311,3525.986311,3525.986311,3525.986311,0.0
MSCI World,GB00BJDQQQ59,World,7070261,EUR,2025-08-08 12:00:00,3539.216913,3539.216913,3539.216913,3539.216913,0.0
MSCI World,GB00BJDQQQ59,World,7070261,EUR,2025-08-11 12:00:00,3546.697071,3546.697071,3546.697071,3546.697071,0.0
MSCI World,GB00BJDQQQ59,World,7070261,EUR,2025-08-12 12:00:00,3565.174867,3565.174867,3565.174867,3565.174867,0.0
MSCI World,GB00BJDQQQ59,World,7070261,EUR,2025-08-13 12:00:00,3564.981655,3564.981655,3564.981655,3564.981655,0.0
MSCI World,GB00BJDQQQ59,World,7070261,EUR,2025-08-14 12:00:00,3579.603798,3579.603798,3579.603798,3579.603798,0.0
MSCI World,GB00BJDQQQ59,World,7070261,EUR,2025-08-15 12:00:00,3564.361149,3564.361149,3564.361149,3564.361149,0.0
MSCI World,GB00BJDQQQ59,World,7070261,EUR,2025-08-18 12:00:00,3575.562543,3575.562543,3575.562543,3575.562543,0.0
MSCI World,GB00BJDQQQ59,World,7070261,EUR,2025-08-19 12:00:00,3559.649754,3559.649754,3559.649754,3559.649754,0.0
MSCI World,GB00BJDQQQ59,World,7070261,EUR,2025-08-20 12:00:00,3557.246615,3557.246615,3557.246615,3557.246615,0.0
MSCI World,GB00BJDQQQ59,World,7070261,EUR,2025-08-21 12:00:00,3557.063191,3557.063191,3557.063191,3557.063191,0.0
MSCI World,GB00BJDQQQ59,World,7070261,EUR,2025-08-22 12:00:00,3578.096152,3578.096152,3578.096152,3578.096152,0.0
MSCI World,GB00BJDQQQ59,World,7070261,EUR,2025-08-25 12:00:00,3570.674315,3570.674315,3570.674315,3570.674315,0.0
MSCI World,GB00BJDQQQ59,World,7070261,EUR,2025-08-26 12:00:00,3584.38492,3584.38492,3584.38492,3584.38492,0.0
MSCI World,GB00BJDQQQ59,World,7070261,EUR,2025-08-27 12:00:00,3606.338699,3606.338699,3606.338699,3606.338699,0.0
MSCI World,GB00BJDQQQ59,World,7070261,EUR,2025-08-28 12:00:00,3598.803431,3598.803431,3598.803431,3598.803431,0.0
MSCI World,GB00BJDQQQ59,World,7070261,EUR,2025-08-29 12:00:00,3569.189887,3569.189887,3569.189887,3569.189887,0.0
MSCI World,GB00BJDQQQ59,World,7070261,EUR,2025-09-02 12:00:00,3566.777293,3552.541149,3566.777293,3552.541149,0.0
MSCI World,GB00BJDQQQ59,World,7070261,EUR,2025-09-03 12:00:00,3565.736247,3565.736247,3565.736247,3565.736247,0.0
MSCI World,GB00BJDQQQ59,World,7070261,EUR,2025-09-04 12:00:00,3600.447668,3600.447668,3600.447668,3600.447668,0.0
MSCI World,GB00BJDQQQ59,World,7070261,EUR,2025-09-05 12:00:00,3571.097313,3571.097313,3571.097313,3571.097313,0.0
MSCI World,GB00BJDQQQ59,World,7070261,EUR,2025-09-08 12:00:00,3579.765063,3579.765063,3579.765063,3579.765063,0.0
MSCI World,GB00BJDQQQ59,World,7070261,EUR,2025-09-09 12:00:00,3591.297095,3591.297095,3591.297095,3591.297095,0.0
MSCI World,GB00BJDQQQ59,World,7070261,EUR,2025-09-10 12:00:00,3601.525114,3601.525114,3601.525114,3601.525114,0.0
MSCI World,GB00BJDQQQ59,World,7070261,EUR,2025-09-11 12:00:00,3628.265264,3628.265264,3628.265264,3628.265264,0.0
MSCI World,GB00BJDQQQ59,World,7070261,EUR,2025-09-12 12:00:00,3626.349444,3626.349444,3626.349444,3626.349444,0.0
MSCI World,GB00BJDQQQ59,World,7070261,EUR,2025-09-15 12:00:00,3634.328969,3634.328969,3634.328969,3634.328969,0.0
MSCI World,GB00BJDQQQ59,World,7070261,EUR,2025-09-16 12:00:00,3602.623833,3602.623833,3602.623833,3602.623833,0.0
MSCI World,GB00BJDQQQ59,World,7070261,EUR,2025-09-17 12:00:00,3599.031745,3599.031745,3599.031745,3599.031745,0.0
MSCI World,GB00BJDQQQ59,World,7070261,EUR,2025-09-18 12:00:00,3633.927394,3633.927394,3633.927394,3633.927394,0.0
MSCI World,GB00BJDQQQ59,World,7070261,EUR,2025-09-19 12:00:00,3651.83695,3651.83695,3651.83695,3651.83695,0.0
MSCI World,GB00BJDQQQ59,World,7070261,EUR,2025-09-22 12:00:00,3660.564157,3660.564157,3660.564157,3660.564157,0.0
MSCI World,GB00BJDQQQ59,World,7070261,EUR,2025-09-23 12:00:00,3639.908176,3639.908176,3639.908176,3639.908176,0.0
MSCI World,GB00BJDQQQ59,World,7070261,EUR,2025-09-24 12:00:00,3642.288439,3642.288439,3642.288439,3642.288439,0.0
MSCI World,GB00BJDQQQ59,World,7070261,EUR,2025-09-25 12:00:00,3641.800156,3641.800156,3641.800156,3641.800156,0.0
MSCI World,GB00BJDQQQ59,World,7070261,EUR,2025-09-26 12:00:00,3657.414191,3657.414191,3657.414191,3657.414191,0.0
MSCI World,GB00BJDQQQ59,World,7070261,EUR,2025-09-29 12:00:00,3655.868931,3655.868931,3655.868931,3655.868931,0.0
MSCI World,GB00BJDQQQ59,World,7070261,EUR,2025-09-30 12:00:00,3665.263506,3665.263506,3665.263506,3665.263506,0.0
MSCI World,GB00BJDQQQ59,World,7070261,EUR,2025-10-01 12:00:00,3680.477312,3680.477312,3680.477312,3680.477312,0.0
MSCI World,GB00BJDQQQ59,World,7070261,EUR,2025-10-02 12:00:00,3694.461348,3694.461348,3694.461348,3694.461348,0.0
MSCI World,GB00BJDQQQ59,World,7070261,EUR,2025-10-03 12:00:00,3694.290164,3694.290164,3694.290164,3694.290164,0.0
MSCI World,GB00BJDQQQ59,World,7070261,EUR,2025-10-06 12:00:00,3714.332141,3714.332141,3714.332141,3714.332141,0.0
MSCI World,GB00BJDQQQ59,World,7070261,EUR,2025-10-07 12:00:00,3713.549349,3713.549349,3713.549349,3713.549349,0.0
MSCI World,GB00BJDQQQ59,World,7070261,EUR,2025-10-08 12:00:00,3745.09183,3745.09183,3745.09183,3745.09183,0.0
MSCI World,GB00BJDQQQ59,World,7070261,EUR,2025-10-09 12:00:00,3745.452687,3745.452687,3745.452687,3745.452687,0.0
MSCI World,GB00BJDQQQ59,World,7070261,EUR,2025-10-10 12:00:00,3659.52721,3659.52721,3659.52721,3659.52721,0.0
MSCI World,GB00BJDQQQ59,World,7070261,EUR,2025-10-13 12:00:00,3707.133014,3707.133014,3707.133014,3707.133014,0.0
MSCI World,GB00BJDQQQ59,World,7070261,EUR,2025-10-14 12:00:00,3689.469508,3689.469508,3689.469508,3689.469508,0.0
MSCI World,GB00BJDQQQ59,World,7070261,EUR,2025-10-15 12:00:00,3701.201579,3701.201579,3701.201579,3701.201579,0.0
MSCI World,GB00BJDQQQ59,World,7070261,EUR,2025-10-16 12:00:00,3675.654896,3675.654896,3675.654896,3675.654896,0.0
MSCI World,GB00BJDQQQ59,World,7070261,EUR,2025-10-17 12:00:00,3682.363654,3682.363654,3682.363654,3682.363654,0.0
MSCI World,GB00BJDQQQ59,World,7070261,EUR,2025-10-20 12:00:00,3728.992025,3728.992025,3728.992025,3728.992025,0.0
MSCI World,GB00BJDQQQ59,World,7070261,EUR,2025-10-21 12:00:00,3741.229232,3741.229232,3741.229232,3741.229232,0.0
MSCI World,GB00BJDQQQ59,World,7070261,EUR,2025-10-22 12:00:00,3722.994636,3722.994636,3722.994636,3722.994636,0.0
MSCI World,GB00BJDQQQ59,World,7070261,EUR,2025-10-23 12:00:00,3739.95527,3739.95527,3739.95527,3739.95527,0.0
MSCI World,GB00BJDQQQ59,World,7070261,EUR,2025-10-24 12:00:00,3759.900737,3759.900737,3759.900737,3759.900737,0.0
MSCI World,GB00BJDQQQ59,World,7070261,EUR,2025-10-27 12:00:00,3797.57401,3797.57401,3797.57401,3797.57401,0.0
MSCI World,GB00BJDQQQ59,World,7070261,EUR,2025-10-28 12:00:00,3796.417282,3796.417282,3796.417282,3796.417282,0.0
MSCI World,GB00BJDQQQ59,World,7070261,EUR,2025-10-29 12:00:00,3793.588039,3793.588039,3793.588039,3793.588039,0.0
MSCI World,GB00BJDQQQ59,World,7070261,EUR,2025-10-30 12:00:00,3788.768089,3788.768089,3788.768089,3788.768089,0.0
MSCI World,GB00BJDQQQ59,World,7070261,EUR,2025-10-31 12:00:00,3803.861621,3803.861621,3803.861621,3803.861621,0.0
MSCI World,GB00BJDQQQ59,World,7070261,EUR,2025-11-03 12:00:00,3813.550437,3813.550437,3813.550437,3813.550437,0.0
MSCI World,GB00BJDQQQ59,World,7070261,EUR,2025-11-04 12:00:00,3783.022307,3783.022307,3783.022307,3783.022307,0.0
MSCI World,GB00BJDQQQ59,World,7070261,EUR,2025-11-05 12:00:00,3795.377545,3795.377545,3795.377545,3795.377545,0.0
MSCI World,GB00BJDQQQ59,World,7070261,EUR,2025-11-06 12:00:00,3746.875183,3746.875183,3746.875183,3746.875183,0.0
MSCI World,GB00BJDQQQ59,World,7070261,EUR,2025-11-07 12:00:00,3737.346652,3737.346652,3737.346652,3737.346652,0.0
MSCI World,GB00BJDQQQ59,World,7070261,EUR,2025-11-10 12:00:00,3797.47737,3797.47737,3797.47737,3797.47737,0.0
MSCI World,GB00BJDQQQ59,World,7070261,EUR,2025-11-11 12:00:00,3798.612668,3798.612668,3798.612668,3798.612668,0.0
MSCI World,GB00BJDQQQ59,World,7070261,EUR,2025-11-12 12:00:00,3807.878723,3807.878723,3807.878723,3807.878723,0.0
MSCI World,GB00BJDQQQ59,World,7070261,EUR,2025-11-13 12:00:00,3743.704268,3743.704268,3743.704268,3743.704268,0.0
MSCI World,GB00BJDQQQ59,World,7070261,EUR,2025-11-14 12:00:00,3740.307543,3740.307543,3740.307543,3740.307543,0.0
MSCI World,GB00BJDQQQ59,World,7070261,EUR,2025-11-17 12:00:00,3712.234752,3712.234752,3712.234752,3712.234752,0.0
MSCI World,GB00BJDQQQ59,World,7070261,EUR,2025-11-18 12:00:00,3676.113128,3676.113128,3676.113128,3676.113128,0.0
MSCI World,GB00BJDQQQ59,World,7070261,EUR,2025-11-19 12:00:00,3692.86104,3692.86104,3692.86104,3692.86104,0.0
MSCI World,GB00BJDQQQ59,World,7070261,EUR,2025-11-20 12:00:00,3658.874821,3658.874821,3658.874821,3658.874821,0.0
MSCI World,GB00BJDQQQ59,World,7070261,EUR,2025-11-21 12:00:00,3688.79117,3688.79117,3688.79117,3688.79117,0.0
MSCI World,GB00BJDQQQ59,World,7070261,EUR,2025-11-24 12:00:00,3726.194986,3726.194986,3726.194986,3726.194986,0.0
MSCI World,GB00BJDQQQ59,World,7070261,EUR,2025-11-25 12:00:00,3748.701076,3748.701076,3748.701076,3748.701076,0.0
MSCI World,GB00BJDQQQ59,World,7070261,EUR,2025-11-26 12:00:00,3772.621194,3772.621194,3772.621194,3772.621194,0.0
MSCI World,GB00BJDQQQ59,World,7070261,EUR,2025-11-28 12:00:00,3773.615644,3789.956364,3789.956364,3773.615644,0.0
MSCI World,GB00BJDQQQ59,World,7070261,EUR,2025-12-01 12:00:00,3764.736285,3764.736285,3764.736285,3764.736285,0.0
MSCI World,GB00BJDQQQ59,World,7070261,EUR,2025-12-02 12:00:00,3778.725235,3778.725235,3778.725235,3778.725235,0.0
MSCI World,GB00BJDQQQ59,World,7070261,EUR,2025-12-03 12:00:00,3775.183779,3775.183779,3775.183779,3775.183779,0.0
MSCI World,GB00BJDQQQ59,World,7070261,EUR,2025-12-04 12:00:00,3785.030431,3785.030431,3785.030431,3785.030431,0.0
MSCI World,GB00BJDQQQ59,World,7070261,EUR,2025-12-05 12:00:00,3793.480511,3793.480511,3793.480511,3793.480511,0.0
MSCI World,GB00BJDQQQ59,World,7070261,EUR,2025-12-08 12:00:00,3789.292326,3789.292326,3789.292326,3789.292326,0.0
MSCI World,GB00BJDQQQ59,World,7070261,EUR,2025-12-09 12:00:00,3783.778708,3783.778708,3783.778708,3783.778708,0.0
MSCI World,GB00BJDQQQ59,World,7070261,EUR,2025-12-10 12:00:00,3800.672094,3800.672094,3800.672094,3800.672094,0.0
MSCI World,GB00BJDQQQ59,World,7070261,EUR,2025-12-11 12:00:00,3780.159118,3780.159118,3780.159118,3780.159118,0.0
MSCI World,GB00BJDQQQ59,World,7070261,EUR,2025-12-12 12:00:00,3755.019302,3755.019302,3755.019302,3755.019302,0.0
MSCI World,GB00BJDQQQ59,World,7070261,EUR,2025-12-15 12:00:00,3748.017926,3748.017926,3748.017926,3748.017926,0.0
MSCI World,GB00BJDQQQ59,World,7070261,EUR,2025-12-16 12:00:00,3732.172503,3732.172503,3732.172503,3732.172503,0.0
MSCI World,GB00BJDQQQ59,World,7070261,EUR,2025-12-17 12:00:00,3702.437495,3702.437495,3702.437495,3702.437495,0.0
MSCI World,GB00BJDQQQ59,World,7070261,EUR,2025-12-18 12:00:00,3737.009921,3737.009921,3737.009921,3737.009921,0.0
MSCI World,GB00BJDQQQ59,World,7070261,EUR,2025-12-19 12:00:00,3769.244246,3769.244246,3769.244246,3769.244246,0.0
MSCI World,GB00BJDQQQ59,World,7070261,EUR,2025-12-22 12:00:00,3776.651488,3776.651488,3776.651488,3776.651488,0.0
MSCI World,GB00BJDQQQ59,World,7070261,EUR,2025-12-23 12:00:00,3791.068614,3791.068614,3791.068614,3791.068614,0.0
MSCI World,GB00BJDQQQ59,World,7070261,EUR,2025-12-24 12:00:00,3798.5958,3798.5958,3798.5958,3798.5958,0.0
MSCI World,GB00BJDQQQ59,World,7070261,EUR,2025-12-26 12:00:00,3798.929457,3798.130977,3798.929457,3798.130977,0.0
MSCI World,GB00BJDQQQ59,World,7070261,EUR,2025-12-29 12:00:00,3791.255647,3791.255647,3791.255647,3791.255647,0.0
MSCI World,GB00BJDQQQ59,World,7070261,EUR,2025-12-30 12:00:00,3791.541675,3791.541675,3791.541675,3791.541675,0.0
MSCI World,GB00BJDQQQ59,World,7070261,EUR,2025-12-31 12:00:00,3772.292206,3772.292206,3772.292206,3772.292206,0.0
MSCI World,GB00BJDQQQ59,World,7070261,EUR,2026-01-01 12:00:00,3772.459092,3772.459092,3772.459092,3772.459092,0.0
MSCI World,GB00BJDQQQ59,World,7070261,EUR,2026-01-02 12:00:00,3782.697604,3782.697604,3782.697604,3782.697604,0.0
MSCI World,GB00BJDQQQ59,World,7070261,EUR,2026-01-05 12:00:00,3825.802219,3825.802219,3825.802219,3825.802219,0.0
MSCI World,GB00BJDQQQ59,World,7070261,EUR,2026-01-06 12:00:00,3853.133844,3853.133844,3853.133844,3853.133844,0.0
MSCI World,GB00BJDQQQ59,World,7070261,EUR,2026-01-07 12:00:00,3841.262191,3841.262191,3841.262191,3841.262191,0.0
MSCI World,GB00BJDQQQ59,World,7070261,EUR,2026-01-08 12:00:00,3843.751445,3843.751445,3843.751445,3843.751445,0.0
MSCI World,GB00BJDQQQ59,World,7070261,EUR,2026-01-09 12:00:00,3875.09292,3875.09292,3875.09292,3875.09292,0.0
Nasdaq 100,US6311011026,USA,325104,USD,2021-01-04 12:00:00,12950.21808,12694.66485,12950.21808,12537.421932,810721.0
Nasdaq 100,US6311011026,USA,325104,USD,2021-01-05 12:00:00,12663.133317,12802.375783,12809.66737,12663.133317,604267.0
Nasdaq 100,US6311011026,USA,325104,USD,2021-01-06 12:00:00,12601.259465,12623.353095,12803.291745,12569.418102,803574.0
Nasdaq 100,US6311011026,USA,325104,USD,2021-01-07 12:00:00,12745.410704,12939.570779,12966.682766,12744.816581,702864.0
Nasdaq 100,US6311011026,USA,325104,USD,2021-01-08 12:00:00,13038.025226,13105.1991,13113.0876,12939.727231,752766.0
Nasdaq 100,US6311011026,USA,325104,USD,2021-01-11 12:00:00,12961.504349,12902.491371,13023.214763,12883.591895,679111.0
Nasdaq 100,US6311011026,USA,325104,USD,2021-01-12 12:00:00,12916.097424,12892.092149,12957.43266,12783.707162,682592.0
Nasdaq 100,US6311011026,USA,325104,USD,2021-01-13 12:00:00,12911.866432,12973.632632,13008.845165,12878.020787,721139.0
Nasdaq 100,US6311011026,USA,325104,USD,2021-01-14 12:00:00,13009.376137,12898.689486,13037.050441,12886.160166,709045.0
Nasdaq 100,US6311011026,USA,325104,USD,2021-01-15 12:00:00,12898.088091,12803.932503,12941.29187,12758.097872,708796.0
Nasdaq 100,US6311011026,USA,325104,USD,2021-01-19 12:00:00,12921.609917,12996.536673,13012.086296,12861.301491,677095.0
Nasdaq 100,US6311011026,USA,325104,USD,2021-01-20 12:00:00,13155.115156,13296.450006,13332.263575,13138.304587,661654.0
Nasdaq 100,US6311011026,USA,325104,USD,2021-01-21 12:00:00,13356.702658,13404.986468,13433.690693,13297.792584,679100.0
Nasdaq 100,US6311011026,USA,325104,USD,2021-01-22 12:00:00,13356.177925,13366.396971,13404.774399,13336.8957,641814.0
Nasdaq 100,US6311011026,USA,325104,USD,2021-01-25 12:00:00,13515.633859,13483.290603,13563.702916,13205.594149,773232.0
Nasdaq 100,US6311011026,USA,325104,USD,2021-01-26 12:00:00,13507.474352,13490.1857,13536.301245,13440.324295,645999.0
Nasdaq 100,US6311011026,USA,325104,USD,2021-01-27 12:00:00,13371.155143,13112.649836,13393.513337,13034.142349,1053583.0
Nasdaq 100,US6311011026,USA,325104,USD,2021-01-28 12:00:00,13163.315149,13201.532907,13401.848415,13150.09911,804615.0
Nasdaq 100,US6311011026,USA,325104,USD,2021-01-29 12:00:00,13124.697241,12925.375603,13167.871924,12845.434227,860334.0
Nasdaq 100,US6311011026,USA,325104,USD,2021-02-01 12:00:00,13067.647722,13248.900052,13280.217384,12983.098433,616098.0
Nasdaq 100,US6311011026,USA,325104,USD,2021-02-02 12:00:00,13371.365223,13456.119031,13501.231888,13363.755274,585895.0
Nasdaq 100,US6311011026,USA,325104,USD,2021-02-03 12:00:00,13555.02896,13402.373632,13561.453661,13400.081466,574595.0
Nasdaq 100,US6311011026,USA,325104,USD,2021-02-04 12:00:00,13454.853262,13560.8907,13563.129078,13406.440886,645251.0
Nasdaq 100,US6311011026,USA,325104,USD,2021-02-05 12:00:00,13592.768273,13603.956018,13642.963667,13527.805323,576566.0
Nasdaq 100,US6311011026,USA,325104,USD,2021-02-08 12:00:00,13672.328189,13695.024367,13698.409949,13607.962392,561032.0
Nasdaq 100,US6311011026,USA,325104,USD,2021-02-09 12:00:00,13667.135405,13687.084678,13741.786647,13664.698228,528229.0
Nasdaq 100,US6311011026,USA,325104,USD,2021-02-10 12:00:00,13751.423236,13655.267515,13770.905896,13531.926719,580344.0
Nasdaq 100,US6311011026,USA,325104,USD,2021-02-11 12:00:00,13723.632092,13734.347134,13747.19554,13637.190909,517538.0
Nasdaq 100,US6311011026,USA,325104,USD,2021-02-12 12:00:00,13695.902841,13807.696108,13816.253726,13656.784231,457309.0
Nasdaq 100,US6311011026,USA,325104,USD,2021-02-16 12:00:00,13841.032014,13773.765796,13879.774608,13726.775407,533226.0
Nasdaq 100,US6311011026,USA,325104,USD,2021-02-17 12:00:00,13636.152912,13699.711389,13713.139826,13552.664814,533726.0
Nasdaq 100,US6311011026,USA,325104,USD,2021-02-18 12:00:00,13556.014813,13637.512799,13669.943896,13477.16776,554037.0
Nasdaq 100,US6311011026,USA,325104,USD,2021-02-19 12:00:00,13686.226419,13580.775684,13701.693862,13545.448709,587137.0
Nasdaq 100,US6311011026,USA,325104,USD,2021-02-22 12:00:00,13414.037682,13223.739504,13447.365515,13220.772693,655801.0
Nasdaq 100,US6311011026,USA,325104,USD,2021-02-23 12:00:00,12982.358787,13194.706512,13259.846007,12758.119681,821612.0
Nasdaq 100,US6311011026,USA,325104,USD,2021-02-24 12:00:00,13095.85721,13302.188717,13312.424957,12971.820496,663000.0
Nasdaq 100,US6311011026,USA,325104,USD,2021-02-25 12:00:00,13197.753376,12828.310749,13294.563077,12773.763793,809233.0
Nasdaq 100,US6311011026,USA,325104,USD,2021-02-26 12:00:00,12958.964822,12909.443133,13090.357909,12764.339317,848163.0
Nasdaq 100,US6311011026,USA,325104,USD,2021-03-01 12:00:00,13106.021466,13282.952804,13293.776357,13051.701128,639625.0
Nasdaq 100,US6311011026,USA,325104,USD,2021-03-02 12:00:00,13297.764847,13059.949029,13301.623448,13052.122241,579628.0
Nasdaq 100,US6311011026,USA,325104,USD,2021-03-03 12:00:00,13020.103393,12683.328283,13057.290407,12679.893936,718565.0
Nasdaq 100,US6311011026,USA,325104,USD,2021-03-04 12:00:00,12655.915126,12464.002734,12799.075045,12314.160976,995090.0
Nasdaq 100,US6311011026,USA,325104,USD,2021-03-05 12:00:00,12594.164119,12668.511046,12700.954964,12208.388263,963182.0
Nasdaq 100,US6311011026,USA,325104,USD,2021-03-08 12:00:00,12629.558121,12299.080218,12718.577718,12287.572522,847007.0
Nasdaq 100,US6311011026,USA,325104,USD,2021-03-09 12:00:00,12635.450398,12794.491467,12868.523478,12592.827288,814259.0
Nasdaq 100,US6311011026,USA,325104,USD,2021-03-10 12:00:00,12950.249427,12752.067454,12979.375243,12726.847452,700184.0
Nasdaq 100,US6311011026,USA,325104,USD,2021-03-11 12:00:00,12960.534607,13052.899055,13117.864611,12920.005474,678676.0
Nasdaq 100,US6311011026,USA,325104,USD,2021-03-12 12:00:00,12873.386046,12937.292719,12943.57946,12778.125416,587222.0
Nasdaq 100,US6311011026,USA,325104,USD,2021-03-15 12:00:00,12936.126009,13082.538519,13085.007839,12885.64143,568393.0
Nasdaq 100,US6311011026,USA,325104,USD,2021-03-16 12:00:00,13156.645542,13152.275638,13297.480133,13091.775737,660027.0
Nasdaq 100,US6311011026,USA,325104,USD,2021-03-17 12:00:00,13024.82723,13202.377951,13280.290787,12950.077409,688862.0
Nasdaq 100,US6311011026,USA,325104,USD,2021-03-18 12:00:00,13006.293506,12789.144311,13040.364312,12781.52621,686462.0
Nasdaq 100,US6311011026,USA,325104,USD,2021-03-19 12:00:00,12792.673884,12866.989225,12906.021853,12704.069485,1110828.0
Nasdaq 100,US6311011026,USA,325104,USD,2021-03-22 12:00:00,12943.142116,13086.51416,13167.463673,12943.142116,653649.0
Nasdaq 100,US6311011026,USA,325104,USD,2021-03-23 12:00:00,13127.172265,13017.790015,13180.659067,12993.498449,629174.0
Nasdaq 100,US6311011026,USA,325104,USD,2021-03-24 12:00:00,13072.821691,12798.880969,13077.486786,12797.845252,685485.0
Nasdaq 100,US6311011026,USA,325104,USD,2021-03-25 12:00:00,12707.579149,12780.511026,12845.658412,12627.925388,679969.0
Nasdaq 100,US6311011026,USA,325104,USD,2021-03-26 12:00:00,12777.271726,12979.117354,12992.300465,12721.661671,778818.0
Nasdaq 100,US6311011026,USA,325104,USD,2021-03-29 12:00:00,12950.51222,12965.742555,13013.474794,12836.599891,632711.0
Nasdaq 100,US6311011026,USA,325104,USD,2021-03-30 12:00:00,12904.014355,12896.533914,12929.461887,12798.027369,566163.0
Nasdaq 100,US6311011026,USA,325104,USD,2021-03-31 12:00:00,12970.330571,13091.442848,13167.063212,12966.646505,712838.0
Nasdaq 100,US6311011026,USA,325104,USD,2021-04-01 12:00:00,13268.883301,13329.514957,13333.406009,13255.821177,622011.0
Nasdaq 100,US6311011026,USA,325104,USD,2021-04-05 12:00:00,13434.035756,13598.163051,13623.598748,13420.811976,591104.0
Nasdaq 100,US6311011026,USA,325104,USD,2021-04-06 12:00:00,13567.2049,13578.45754,13660.288304,13551.603236,537248.0
Nasdaq 100,US6311011026,USA,325104,USD,2021-04-07 12:00:00,13553.896512,13616.700378,13648.799901,13532.630105,497127.0
Nasdaq 100,US6311011026,USA,325104,USD,2021-04-08 12:00:00,13730.729288,13758.50507,13763.179102,13703.508062,531749.0
Nasdaq 100,US6311011026,USA,325104,USD,2021-04-09 12:00:00,13709.665639,13845.05499,13849.310412,13674.922296,522377.0
Nasdaq 100,US6311011026,USA,325104,USD,2021-04-12 12:00:00,13792.737388,13819.350599,13839.388357,13747.632198,607564.0
Nasdaq 100,US6311011026,USA,325104,USD,2021-04-13 12:00:00,13874.577743,13986.494134,14002.531909,13874.577743,571615.0
Nasdaq 100,US6311011026,USA,325104,USD,2021-04-14 12:00:00,13988.864921,13803.914313,13990.542999,13782.174969,542811.0
Nasdaq 100,US6311011026,USA,325104,USD,2021-04-15 12:00:00,13934.874419,14026.194635,14040.108898,13931.012524,588963.0
Nasdaq 100,US6311011026,USA,325104,USD,2021-04-16 12:00:00,14035.960456,14041.908091,14050.378037,13966.543445,594407.0
Nasdaq 100,US6311011026,USA,325104,USD,2021-04-19 12:00:00,13970.828604,13907.671087,14025.637711,13835.74938,582842.0
Nasdaq 100,US6311011026,USA,325104,USD,2021-04-20 12:00:00,13891.960413,13809.304128,13934.891309,13730.591689,554537.0
Nasdaq 100,US6311011026,USA,325104,USD,2021-04-21 12:00:00,13768.921502,13935.152325,13939.700543,13717.442261,546488.0
Nasdaq 100,US6311011026,USA,325104,USD,2021-04-22 12:00:00,13920.883287,13762.357711,13954.032532,13716.760912,607324.0
Nasdaq 100,US6311011026,USA,325104,USD,2021-04-23 12:00:00,13794.485577,13941.44197,13989.427869,13789.447049,569301.0
Nasdaq 100,US6311011026,USA,325104,USD,2021-04-26 12:00:00,13954.942799,14026.159779,14039.397497,13919.929245,517345.0
Nasdaq 100,US6311011026,USA,325104,USD,2021-04-27 12:00:00,14048.126521,13960.278488,14048.343969,13931.17558,552034.0
Nasdaq 100,US6311011026,USA,325104,USD,2021-04-28 12:00:00,13953.612193,13901.615897,13992.075041,13895.145754,681636.0
Nasdaq 100,US6311011026,USA,325104,USD,2021-04-29 12:00:00,14063.936836,13970.204905,14073.481983,13836.100009,722128.0
Nasdaq 100,US6311011026,USA,325104,USD,2021-04-30 12:00:00,13857.787235,13860.759517,13969.205494,13838.82405,668638.0
Nasdaq 100,US6311011026,USA,325104,USD,2021-05-03 12:00:00,13923.035936,13799.718584,13954.999564,13784.657089,560397.0
Nasdaq 100,US6311011026,USA,325104,USD,2021-05-04 12:00:00,13680.630327,13544.66784,13705.375855,13396.10818,742488.0
Nasdaq 100,US6311011026,USA,325104,USD,2021-05-05 12:00:00,13649.117636,13503.370798,13676.863558,13478.582764,628899.0
Nasdaq 100,US6311011026,USA,325104,USD,2021-05-06 12:00:00,13490.935606,13613.73166,13617.335389,13403.459552,619972.0
Nasdaq 100,US6311011026,USA,325104,USD,2021-05-07 12:00:00,13715.562299,13719.628295,13814.654934,13669.777953,576230.0
Nasdaq 100,US6311011026,USA,325104,USD,2021-05-10 12:00:00,13647.72649,13359.080629,13648.489891,13358.623892,685804.0
Nasdaq 100,US6311011026,USA,325104,USD,2021-05-11 12:00:00,13102.643408,13351.267066,13381.659083,13094.761161,720874.0
Nasdaq 100,US6311011026,USA,325104,USD,2021-05-12 12:00:00,13155.066092,13001.633881,13236.886151,12967.179446,699576.0
Nasdaq 100,US6311011026,USA,325104,USD,2021-05-13 12:00:00,13133.72833,13109.146878,13226.63639,13006.766576,672608.0
Nasdaq 100,US6311011026,USA,325104,USD,2021-05-14 12:00:00,13238.987998,13393.115242,13430.001527,13220.185308,568749.0
Nasdaq 100,US6311011026,USA,325104,USD,2021-05-17 12:00:00,13329.864693,13312.908111,13350.142728,13196.568731,530205.0
Nasdaq 100,US6311011026,USA,325104,USD,2021-05-18 12:00:00,13352.256801,13217.67774,13400.517651,13212.84968,534709.0
Nasdaq 100,US6311011026,USA,325104,USD,2021-05-19 12:00:00,12998.532712,13237.906652,13243.975279,12994.346967,655404.0
Nasdaq 100,US6311011026,USA,325104,USD,2021-05-20 12:00:00,13294.593374,13494.091535,13526.0109,13293.097334,607934.0
Nasdaq 100,US6311011026,USA,325104,USD,2021-05-21 12:00:00,13573.218172,13411.73617,13573.842502,13401.531906,526906.0
Nasdaq 100,US6311011026,USA,325104,USD,2021-05-24 12:00:00,13504.3921,13641.751863,13687.604992,13500.115994,491237.0
Nasdaq 100,US6311011026,USA,325104,USD,2021-05-25 12:00:00,13701.303503,13657.729926,13734.408149,13614.543661,535810.0
Nasdaq 100,US6311011026,USA,325104,USD,2021-05-26 12:00:00,13687.706262,13702.740547,13726.06247,13661.064347,500006.0
Nasdaq 100,US6311011026,USA,325104,USD,2021-05-27 12:00:00,13686.864622,13657.846175,13724.75902,13652.133967,753159.0
Nasdaq 100,US6311011026,USA,325104,USD,2021-05-28 12:00:00,13716.995476,13686.511792,13765.801776,13684.82999,490065.0
Nasdaq 100,US6311011026,USA,325104,USD,2021-06-01 12:00:00,13764.266568,13654.588674,13773.44953,13602.116111,506800.0
Nasdaq 100,US6311011026,USA,325104,USD,2021-06-02 12:00:00,13655.709876,13675.793759,13712.67556,13610.159526,476216.0
Nasdaq 100,US6311011026,USA,325104,USD,2021-06-03 12:00:00,13568.905875,13529.683771,13608.537889,13469.851739,537131.0
Nasdaq 100,US6311011026,USA,325104,USD,2021-06-04 12:00:00,13619.79148,13770.774837,13784.772614,13613.575285,488270.0
Nasdaq 100,US6311011026,USA,325104,USD,2021-06-07 12:00:00,13744.154437,13802.891912,13808.415423,13710.113034,520782.0
Nasdaq 100,US6311011026,USA,325104,USD,2021-06-08 12:00:00,13873.462603,13810.862853,13913.398693,13746.416564,586148.0
Nasdaq 100,US6311011026,USA,325104,USD,2021-06-09 12:00:00,13865.509621,13814.942151,13900.713323,13811.046311,455315.0
Nasdaq 100,US6311011026,USA,325104,USD,2021-06-10 12:00:00,13834.255924,13960.346416,13962.984673,13817.83143,528566.0
Nasdaq 100,US6311011026,USA,325104,USD,2021-06-11 12:00:00,13959.468577,13998.297914,13998.648757,13934.002555,444451.0
Nasdaq 100,US6311011026,USA,325104,USD,2021-06-14 12:00:00,14002.144304,14128.196688,14129.333405,13963.943961,486760.0
Nasdaq 100,US6311011026,USA,325104,USD,2021-06-15 12:00:00,14120.812716,14030.407713,14126.255283,14008.933037,445135.0
Nasdaq 100,US6311011026,USA,325104,USD,2021-06-16 12:00:00,14053.11934,13983.011583,14100.107771,13843.599269,541115.0
Nasdaq 100,US6311011026,USA,325104,USD,2021-06-17 12:00:00,13946.696855,14163.808923,14205.434636,13946.521908,612810.0
Nasdaq 100,US6311011026,USA,325104,USD,2021-06-18 12:00:00,14125.120513,14049.584838,14140.615,14024.604691,906870.0
Nasdaq 100,US6311011026,USA,325104,USD,2021-06-21 12:00:00,14055.035113,14137.229572,14150.913997,13967.888299,512699.0
Nasdaq 100,US6311011026,USA,325104,USD,2021-06-22 12:00:00,14140.295066,14270.41577,14288.489776,14128.01116,497696.0
Nasdaq 100,US6311011026,USA,325104,USD,2021-06-23 12:00:00,14275.08758,14274.242804,14324.73967,14247.580201,462635.0
Nasdaq 100,US6311011026,USA,325104,USD,2021-06-24 12:00:00,14358.304308,14365.958806,14429.144413,14337.65382,506176.0
Nasdaq 100,US6311011026,USA,325104,USD,2021-06-25 12:00:00,14396.631795,14345.18205,14401.706579,14324.26006,623696.0
Nasdaq 100,US6311011026,USA,325104,USD,2021-06-28 12:00:00,14401.630184,14524.977529,14530.066978,14400.589943,486450.0
Nasdaq 100,US6311011026,USA,325104,USD,2021-06-29 12:00:00,14523.629232,14572.746547,14575.190682,14481.844957,482138.0
Nasdaq 100,US6311011026,USA,325104,USD,2021-06-30 12:00:00,14560.068341,14554.8017,14582.301691,14530.872604,542868.0
Nasdaq 100,US6311011026,USA,325104,USD,2021-07-01 12:00:00,14530.630159,14560.053948,14576.64308,14483.424071,524082.0
Nasdaq 100,US6311011026,USA,325104,USD,2021-07-02 12:00:00,14633.51259,14727.631769,14738.135748,14626.819905,477004.0
Nasdaq 100,US6311011026,USA,325104,USD,2021-07-06 12:00:00,14755.153896,14786.356618,14797.453292,14635.307917,565577.0
Nasdaq 100,US6311011026,USA,325104,USD,2021-07-07 12:00:00,14889.760888,14810.535102,14891.188973,14735.749015,525368.0
Nasdaq 100,US6311011026,USA,325104,USD,2021-07-08 12:00:00,14577.672916,14722.135799,14763.669285,14551.758255,583192.0
Nasdaq 100,US6311011026,USA,325104,USD,2021-07-09 12:00:00,14709.324845,14826.093312,14838.723343,14685.536646,491166.0
Nasdaq 100,US6311011026,USA,325104,USD,2021-07-12 12:00:00,14878.707235,14877.890762,14899.457065,14813.792534,440605.0
Nasdaq 100,US6311011026,USA,325104,USD,2021-07-13 12:00:00,14871.040494,14874.543451,15002.277745,14843.7999,473614.0
Nasdaq 100,US6311011026,USA,325104,USD,2021-07-14 12:00:00,14984.85994,14900.439568,15001.129705,14871.729497,536281.0
Nasdaq 100,US6311011026,USA,325104,USD,2021-07-15 12:00:00,14903.494141,14794.690768,14907.510307,14717.547217,558607.0
Nasdaq 100,US6311011026,USA,325104,USD,2021-07-16 12:00:00,14842.080958,14681.377243,14875.970488,14667.098611,556891.0
Nasdaq 100,US6311011026,USA,325104,USD,2021-07-19 12:00:00,14517.961443,14549.093192,14578.959521,14455.072297,683041.0
Nasdaq 100,US6311011026,USA,325104,USD,2021-07-20 12:00:00,14601.334821,14728.209378,14790.596627,14530.77824,763204.0
Nasdaq 100,US6311011026,USA,325104,USD,2021-07-21 12:00:00,14723.667617,14842.630846,14843.169642,14710.108962,507369.0
Nasdaq 100,US6311011026,USA,325104,USD,2021-07-22 12:00:00,14865.464728,14940.165159,14941.384079,14865.464728,501366.0
Nasdaq 100,US6311011026,USA,325104,USD,2021-07-23 12:00:00,15004.427661,15111.790895,15125.839543,14948.037051,575534.0
Nasdaq 100,US6311011026,USA,325104,USD,2021-07-26 12:00:00,15088.284105,15125.951027,15142.350351,15048.232837,548755.0
Nasdaq 100,US6311011026,USA,325104,USD,2021-07-27 12:00:00,15103.010229,14956.971143,15107.742024,14787.804182,754958.0
Nasdaq 100,US6311011026,USA,325104,USD,2021-07-28 12:00:00,15005.171292,15018.099058,15078.850682,14913.549184,753325.0
Nasdaq 100,US6311011026,USA,325104,USD,2021-07-29 12:00:00,15015.296647,15048.361989,15091.958544,15004.423688,670631.0
Nasdaq 100,US6311011026,USA,325104,USD,2021-07-30 12:00:00,14882.39023,14959.896306,14990.861029,14882.39023,641609.0
Nasdaq 100,US6311011026,USA,325104,USD,2021-08-02 12:00:00,15046.103581,14963.623834,15059.890198,14945.13181,571912.0
Nasdaq 100,US6311011026,USA,325104,USD,2021-08-03 12:00:00,14997.201784,15061.421898,15063.662393,14864.532404,652716.0
Nasdaq 100,US6311011026,USA,325104,USD,2021-08-04 12:00:00,15059.164645,15083.390689,15117.382491,15017.136323,749235.0
Nasdaq 100,US6311011026,USA,325104,USD,2021-08-05 12:00:00,15105.397868,15181.638827,15184.268015,15083.834959,567051.0
Nasdaq 100,US6311011026,USA,325104,USD,2021-08-06 12:00:00,15125.741768,15109.357167,15162.339137,15063.020845,556088.0
Nasdaq 100,US6311011026,USA,325104,USD,2021-08-09 12:00:00,15136.135204,15133.109666,15154.679401,15081.754834,527327.0
Nasdaq 100,US6311011026,USA,325104,USD,2021-08-10 12:00:00,15157.368928,15053.58145,15169.452822,15010.161194,591704.0
Nasdaq 100,US6311011026,USA,325104,USD,2021-08-11 12:00:00,15101.818793,15027.757225,15127.782248,14972.60051,565606.0
Nasdaq 100,US6311011026,USA,325104,USD,2021-08-12 12:00:00,15012.602224,15088.982681,15097.908172,14956.245743,551000.0
Nasdaq 100,US6311011026,USA,325104,USD,2021-08-13 12:00:00,15101.84208,15136.67755,15150.478494,15079.303755,499184.0
Nasdaq 100,US6311011026,USA,325104,USD,2021-08-16 12:00:00,15090.047867,15140.772189,15142.028287,14931.152861,578617.0
Nasdaq 100,US6311011026,USA,325104,USD,2021-08-17 12:00:00,15018.939136,15002.826702,15062.703631,14906.223202,582515.0
Nasdaq 100,US6311011026,USA,325104,USD,2021-08-18 12:00:00,14975.022995,14857.923823,15039.901914,14846.51109,544749.0
Nasdaq 100,US6311011026,USA,325104,USD,2021-08-19 12:00:00,14773.191712,14933.93532,15000.186192,14773.191712,673947.0
Nasdaq 100,US6311011026,USA,325104,USD,2021-08-20 12:00:00,14974.059283,15092.567905,15103.935526,14968.866294,588577.0
Nasdaq 100,US6311011026,USA,325104,USD,2021-08-23 12:00:00,15140.140884,15312.815885,15341.467014,15140.140884,597388.0
Nasdaq 100,US6311011026,USA,325104,USD,2021-08-24 12:00:00,15338.918601,15357.680282,15384.422151,15319.554378,554630.0
Nasdaq 100,US6311011026,USA,325104,USD,2021-08-25 12:00:00,15384.828752,15368.91869,15404.361206,15341.923071,553966.0
Nasdaq 100,US6311011026,USA,325104,USD,2021-08-26 12:00:00,15348.98446,15278.518824,15369.278348,15265.23216,483939.0
Nasdaq 100,US6311011026,USA,325104,USD,2021-08-27 12:00:00,15305.74952,15432.950813,15447.028906,15292.740009,534392.0
Nasdaq 100,US6311011026,USA,325104,USD,2021-08-30 12:00:00,15460.92805,15605.086807,15620.621235,15459.744098,513826.0
Nasdaq 100,US6311011026,USA,325104,USD,2021-08-31 12:00:00,15601.335757,15582.512192,15604.453252,15522.782513,649775.0
Nasdaq 100,US6311011026,USA,325104,USD,2021-09-01 12:00:00,15637.127841,15611.565004,15696.422297,15603.671029,532235.0
Nasdaq 100,US6311011026,USA,325104,USD,2021-09-02 12:00:00,15656.277152,15604.248153,15681.755422,15554.287432,483563.0
Nasdaq 100,US6311011026,USA,325104,USD,2021-09-03 12:00:00,15578.960377,15652.858967,15668.115702,15554.969318,432093.0
Nasdaq 100,US6311011026,USA,325104,USD,2021-09-07 12:00:00,15662.304267,15675.764022,15701.401092,15610.226558,539981.0
Nasdaq 100,US6311011026,USA,325104,USD,2021-09-08 12:00:00,15669.012279,15620.847146,15669.012279,15528.449864,513632.0
Nasdaq 100,US6311011026,USA,325104,USD,2021-09-09 12:00:00,15639.440458,15561.047395,15675.46435,15556.744196,483717.0
Nasdaq 100,US6311011026,USA,325104,USD,2021-09-10 12:00:00,15648.045104,15440.748232,15673.500138,15433.426776,594915.0
Nasdaq 100,US6311011026,USA,325104,USD,2021-09-13 12:00:00,15545.662146,15434.502701,15562.28101,15351.698539,578150.0
Nasdaq 100,US6311011026,USA,325104,USD,2021-09-14 12:00:00,15505.784205,15382.9031,15525.967191,15352.056269,576171.0
Nasdaq 100,US6311011026,USA,325104,USD,2021-09-15 12:00:00,15419.947527,15503.532682,15518.952444,15316.402262,602501.0
Nasdaq 100,US6311011026,USA,325104,USD,2021-09-16 12:00:00,15452.668057,15515.907273,15539.136698,15370.878943,501764.0
Nasdaq 100,US6311011026,USA,325104,USD,2021-09-17 12:00:00,15481.425954,15333.470674,15485.211649,15291.043883,957393.0
Nasdaq 100,US6311011026,USA,325104,USD,2021-09-20 12:00:00,15068.646233,15012.185439,15157.258761,14821.026171,728980.0
Nasdaq 100,US6311011026,USA,325104,USD,2021-09-21 12:00:00,15096.974664,15027.769916,15139.895492,14986.984014,498170.0
Nasdaq 100,US6311011026,USA,325104,USD,2021-09-22 12:00:00,15073.955215,15176.509547,15230.33762,15029.898307,555703.0
Nasdaq 100,US6311011026,USA,325104,USD,2021-09-23 12:00:00,15231.195359,15316.580781,15356.92235,15199.429069,468663.0
Nasdaq 100,US6311011026,USA,325104,USD,2021-09-24 12:00:00,15222.965613,15329.67821,15345.536187,15209.160172,419225.0
Nasdaq 100,US6311011026,USA,325104,USD,2021-09-27 12:00:00,15205.230219,15204.824891,15240.576952,15106.447033,520675.0
Nasdaq 100,US6311011026,USA,325104,USD,2021-09-28 12:00:00,15001.983971,14770.302129,15040.573894,14758.984293,741207.0
Nasdaq 100,US6311011026,USA,325104,USD,2021-09-29 12:00:00,14835.508962,14752.885802,14914.920258,14727.414374,599533.0
Nasdaq 100,US6311011026,USA,325104,USD,2021-09-30 12:00:00,14830.298486,14689.616004,14888.223263,14684.548728,609695.0
Nasdaq 100,US6311011026,USA,325104,USD,2021-10-01 12:00:00,14731.378732,14791.86614,14830.843972,14555.118024,596474.0
Nasdaq 100,US6311011026,USA,325104,USD,2021-10-04 12:00:00,14713.602118,14472.123528,14727.602782,14384.93141,684805.0
Nasdaq 100,US6311011026,USA,325104,USD,2021-10-05 12:00:00,14533.42613,14674.145424,14763.638359,14520.226759,551829.0
Nasdaq 100,US6311011026,USA,325104,USD,2021-10-06 12:00:00,14529.889342,14766.754143,14775.640323,14499.483087,593969.0
Nasdaq 100,US6311011026,USA,325104,USD,2021-10-07 12:00:00,14899.072294,14897.131882,15010.316128,14878.22151,544100.0
Nasdaq 100,US6311011026,USA,325104,USD,2021-10-08 12:00:00,14942.35516,14820.747375,14948.350007,14805.501278,463749.0
Nasdaq 100,US6311011026,USA,325104,USD,2021-10-11 12:00:00,14765.692372,14713.728221,14907.574007,14709.047099,438672.0
Nasdaq 100,US6311011026,USA,325104,USD,2021-10-12 12:00:00,14772.293171,14662.108856,14784.776743,14636.32944,562413.0
Nasdaq 100,US6311011026,USA,325104,USD,2021-10-13 12:00:00,14751.800884,14774.600868,14800.827593,14676.583239,532805.0
Nasdaq 100,US6311011026,USA,325104,USD,2021-10-14 12:00:00,14925.583359,15052.421108,15059.892722,14901.587229,568263.0
Nasdaq 100,US6311011026,USA,325104,USD,2021-10-15 12:00:00,15106.972497,15146.921448,15150.142293,15064.588583,558393.0
Nasdaq 100,US6311011026,USA,325104,USD,2021-10-18 12:00:00,15091.575718,15300.888105,15307.510865,15074.709532,510678.0
Nasdaq 100,US6311011026,USA,325104,USD,2021-10-19 12:00:00,15349.450011,15410.718028,15414.973871,15320.619783,490827.0
Nasdaq 100,US6311011026,USA,325104,USD,2021-10-20 12:00:00,15447.997128,15388.706116,15457.105976,15333.433854,485755.0
Nasdaq 100,US6311011026,USA,325104,USD,2021-10-21 12:00:00,15365.806704,15489.589772,15497.581986,15350.498144,525467.0
Nasdaq 100,US6311011026,USA,325104,USD,2021-10-22 12:00:00,15422.066063,15355.065261,15474.279818,15291.94781,613040.0
Nasdaq 100,US6311011026,USA,325104,USD,2021-10-25 12:00:00,15417.252326,15514.193783,15555.654273,15338.491728,570234.0
Nasdaq 100,US6311011026,USA,325104,USD,2021-10-26 12:00:00,15615.35556,15559.487138,15710.787404,15518.589562,691573.0
Nasdaq 100,US6311011026,USA,325104,USD,2021-10-27 12:00:00,15603.156422,15598.393344,15729.750298,15578.68144,683530.0
Nasdaq 100,US6311011026,USA,325104,USD,2021-10-28 12:00:00,15674.387735,15778.162124,15783.996258,15650.013176,636893.0
Nasdaq 100,US6311011026,USA,325104,USD,2021-10-29 12:00:00,15638.742086,15850.471633,15856.900739,15638.742086,701112.0
Nasdaq 100,US6311011026,USA,325104,USD,2021-11-01 12:00:00,15879.611003,15905.277616,15910.346306,15785.313285,616571.0
Nasdaq 100,US6311011026,USA,325104,USD,2021-11-02 12:00:00,15885.343315,15972.494376,15988.333309,15877.267692,601268.0
Nasdaq 100,US6311011026,USA,325104,USD,2021-11-03 12:00:00,16000.597292,16144.503266,16157.599779,15950.58839,599881.0
Nasdaq 100,US6311011026,USA,325104,USD,2021-11-04 12:00:00,16193.221487,16346.243922,16387.951545,16169.558127,797693.0
Nasdaq 100,US6311011026,USA,325104,USD,2021-11-05 12:00:00,16397.588827,16359.376767,16454.482179,16302.062919,829986.0
Nasdaq 100,US6311011026,USA,325104,USD,2021-11-08 12:00:00,16351.489499,16336.027235,16401.927273,16314.002594,735815.0
Nasdaq 100,US6311011026,USA,325104,USD,2021-11-09 12:00:00,16389.989762,16219.935137,16401.889347,16168.630228,711854.0
Nasdaq 100,US6311011026,USA,325104,USD,2021-11-10 12:00:00,16087.015006,15985.572363,16224.506162,15905.282183,670335.0
Nasdaq 100,US6311011026,USA,325104,USD,2021-11-11 12:00:00,16114.049889,16032.472637,16116.246951,16019.386489,514940.0
Nasdaq 100,US6311011026,USA,325104,USD,2021-11-12 12:00:00,16078.129763,16199.885161,16218.552168,16012.775919,568569.0
Nasdaq 100,US6311011026,USA,325104,USD,2021-11-15 12:00:00,16227.010208,16189.115113,16256.732145,16096.370761,574635.0
Nasdaq 100,US6311011026,USA,325104,USD,2021-11-16 12:00:00,16170.29249,16309.767732,16329.503686,16156.69345,655619.0
Nasdaq 100,US6311011026,USA,325104,USD,2021-11-17 12:00:00,16329.068617,16308.071363,16398.953215,16276.77401,655112.0
Nasdaq 100,US6311011026,USA,325104,USD,2021-11-18 12:00:00,16398.756846,16482.974102,16501.922329,16309.507676,844995.0
Nasdaq 100,US6311011026,USA,325104,USD,2021-11-19 12:00:00,16558.561429,16573.343331,16625.863302,16523.827842,768669.0
Nasdaq 100,US6311011026,USA,325104,USD,2021-11-22 12:00:00,16644.765995,16380.978404,16764.855169,16374.776049,852980.0
Nasdaq 100,US6311011026,USA,325104,USD,2021-11-23 12:00:00,16330.183127,16306.716344,16417.502594,16121.695425,785840.0
Nasdaq 100,US6311011026,USA,325104,USD,2021-11-24 12:00:00,16202.260991,16367.814387,16370.561003,16106.020802,588456.0
Nasdaq 100,US6311011026,USA,325104,USD,2021-11-26 12:00:00,16237.414748,16025.582629,16302.575609,15988.947358,577889.0
Nasdaq 100,US6311011026,USA,325104,USD,2021-11-29 12:00:00,16263.43195,16399.23967,16437.15844,16214.562686,710747.0
Nasdaq 100,US6311011026,USA,325104,USD,2021-11-30 12:00:00,16333.947195,16135.924302,16454.56476,16073.763831,1091786.0
Nasdaq 100,US6311011026,USA,325104,USD,2021-12-01 12:00:00,16347.96043,15877.71678,16427.191432,15864.002251,876756.0
Nasdaq 100,US6311011026,USA,325104,USD,2021-12-02 12:00:00,15791.297215,15990.761801,16066.318934,15770.91918,823313.0
Nasdaq 100,US6311011026,USA,325104,USD,2021-12-03 12:00:00,16039.407335,15712.04111,16089.613111,15543.30591,1001856.0
Nasdaq 100,US6311011026,USA,325104,USD,2021-12-06 12:00:00,15744.912006,15846.158597,15898.587009,15557.782153,815284.0
Nasdaq 100,US6311011026,USA,325104,USD,2021-12-07 12:00:00,16139.555993,16325.661712,16343.665434,16128.441531,868664.0
Nasdaq 100,US6311011026,USA,325104,USD,2021-12-08 12:00:00,16313.875747,16394.335542,16401.10043,16250.392356,705768.0
Nasdaq 100,US6311011026,USA,325104,USD,2021-12-09 12:00:00,16337.808455,16149.571916,16413.281909,16141.390896,660320.0
Nasdaq 100,US6311011026,USA,325104,USD,2021-12-10 12:00:00,16278.295917,16331.979869,16339.117319,16138.999079,682185.0
Nasdaq 100,US6311011026,USA,325104,USD,2021-12-13 12:00:00,16317.900446,16082.54571,16332.633501,16075.535724,750365.0
Nasdaq 100,US6311011026,USA,325104,USD,2021-12-14 12:00:00,15877.65312,15914.897288,15995.211804,15742.802825,761619.0
Nasdaq 100,US6311011026,USA,325104,USD,2021-12-15 12:00:00,15908.452287,16289.594942,16301.274365,15746.939488,809976.0
Nasdaq 100,US6311011026,USA,325104,USD,2021-12-16 12:00:00,16335.027702,15863.938041,16340.531353,15802.634538,854594.0
Nasdaq 100,US6311011026,USA,325104,USD,2021-12-17 12:00:00,15714.539807,15801.460602,15960.254177,15664.098922,1272121.0
Nasdaq 100,US6311011026,USA,325104,USD,2021-12-20 12:00:00,15566.830806,15627.643334,15662.611355,15508.740062,747831.0
Nasdaq 100,US6311011026,USA,325104,USD,2021-12-21 12:00:00,15794.375065,15986.27703,15997.609107,15617.483084,752186.0
Nasdaq 100,US6311011026,USA,325104,USD,2021-12-22 12:00:00,15963.540419,16180.137315,16186.250315,15947.558695,630963.0
Nasdaq 100,US6311011026,USA,325104,USD,2021-12-23 12:00:00,16203.75583,16308.209634,16360.747507,16188.024999,585711.0
Nasdaq 100,US6311011026,USA,325104,USD,2021-12-27 12:00:00,16361.065932,16567.500171,16567.638089,16361.065932,578380.0
Nasdaq 100,US6311011026,USA,325104,USD,2021-12-28 12:00:00,16602.920115,16488.66131,16607.185456,16458.485328,518993.0
Nasdaq 100,US6311011026,USA,325104,USD,2021-12-29 12:00:00,16510.633257,16491.009513,16548.921486,16396.161866,485710.0
Nasdaq 100,US6311011026,USA,325104,USD,2021-12-30 12:00:00,16485.395151,16429.100128,16569.616335,16415.122407,475430.0
Nasdaq 100,US6311011026,USA,325104,USD,2021-12-31 12:00:00,16411.262575,16320.079597,16464.616754,16317.256246,454948.0
Nasdaq 100,US6311011026,USA,325104,USD,2022-01-03 12:00:00,16395.510243,16501.76806,16504.135373,16306.641198,706465.0
Nasdaq 100,US6311011026,USA,325104,USD,2022-01-04 12:00:00,16513.869208,16279.732178,16513.869208,16151.904911,839261.0
Nasdaq 100,US6311011026,USA,325104,USD,2022-01-05 12:00:00,16190.552399,15771.775164,16249.226111,15763.841371,852610.0
Nasdaq 100,US6311011026,USA,325104,USD,2022-01-06 12:00:00,15675.216857,15765.358229,15900.598627,15608.567882,798066.0
Nasdaq 100,US6311011026,USA,325104,USD,2022-01-07 12:00:00,15774.128966,15592.187426,15835.003366,15526.798819,760329.0
Nasdaq 100,US6311011026,USA,325104,USD,2022-01-10 12:00:00,15383.175772,15614.425859,15627.915756,15165.531825,922506.0
Nasdaq 100,US6311011026,USA,325104,USD,2022-01-11 12:00:00,15582.720551,15844.122967,15848.560834,15496.909415,770729.0
Nasdaq 100,US6311011026,USA,325104,USD,2022-01-12 12:00:00,15955.48165,15905.096251,16017.389553,15815.945171,686237.0
Nasdaq 100,US6311011026,USA,325104,USD,2022-01-13 12:00:00,15970.089361,15495.61694,15990.379826,15468.08898,767143.0
Nasdaq 100,US6311011026,USA,325104,USD,2022-01-14 12:00:00,15396.469355,15611.59399,15617.180861,15396.469355,759246.0
Nasdaq 100,US6311011026,USA,325104,USD,2022-01-18 12:00:00,15378.057645,15210.758146,15446.295112,15182.958736,913078.0
Nasdaq 100,US6311011026,USA,325104,USD,2022-01-19 12:00:00,15287.253895,15047.842157,15382.00396,15038.435074,800680.0
Nasdaq 100,US6311011026,USA,325104,USD,2022-01-20 12:00:00,15176.379331,14846.456383,15347.618335,14832.68802,907846.0
Nasdaq 100,US6311011026,USA,325104,USD,2022-01-21 12:00:00,14728.66261,14438.399525,14868.454613,14432.63617,1220313.0
Nasdaq 100,US6311011026,USA,325104,USD,2022-01-24 12:00:00,14160.905578,14509.5818,14532.568268,13724.851021,1411468.0
Nasdaq 100,US6311011026,USA,325104,USD,2022-01-25 12:00:00,14237.598825,14149.121604,14410.42704,14033.812267,959905.0
Nasdaq 100,US6311011026,USA,325104,USD,2022-01-26 12:00:00,14492.518739,14172.759195,14646.542051,14006.399143,1071377.0
Nasdaq 100,US6311011026,USA,325104,USD,2022-01-27 12:00:00,14346.461491,14003.111453,14419.45321,13972.88447,1091021.0
Nasdaq 100,US6311011026,USA,325104,USD,2022-01-28 12:00:00,14091.314877,14454.612319,14457.78257,13880.477843,1054781.0
Nasdaq 100,US6311011026,USA,325104,USD,2022-01-31 12:00:00,14505.065746,14930.052513,14934.524627,14442.878564,986841.0
Nasdaq 100,US6311011026,USA,325104,USD,2022-02-01 12:00:00,14966.602707,15019.677128,15034.415923,14749.487273,825454.0
Nasdaq 100,US6311011026,USA,325104,USD,2022-02-02 12:00:00,15173.034073,15139.739121,15196.399044,14960.845653,1095931.0
Nasdaq 100,US6311011026,USA,325104,USD,2022-02-03 12:00:00,14693.8541,14501.112465,14856.512397,14471.195413,1073451.0
Nasdaq 100,US6311011026,USA,325104,USD,2022-02-04 12:00:00,14566.277977,14694.35078,14832.05331,14452.279774,848998.0
Nasdaq 100,US6311011026,USA,325104,USD,2022-02-07 12:00:00,14716.434438,14571.247772,14813.864421,14524.62817,742590.0
Nasdaq 100,US6311011026,USA,325104,USD,2022-02-08 12:00:00,14533.248051,14747.025956,14785.221794,14485.782167,765337.0
Nasdaq 100,US6311011026,USA,325104,USD,2022-02-09 12:00:00,14930.991788,15056.959907,15057.901159,14870.362106,796776.0
Nasdaq 100,US6311011026,USA,325104,USD,2022-02-10 12:00:00,14770.675088,14705.636545,15037.261724,14636.615457,889302.0
Nasdaq 100,US6311011026,USA,325104,USD,2022-02-11 12:00:00,14739.45885,14253.839006,14769.639058,14194.541295,965619.0
Nasdaq 100,US6311011026,USA,325104,USD,2022-02-14 12:00:00,14233.402471,14268.594725,14400.777057,14119.728885,829804.0
Nasdaq 100,US6311011026,USA,325104,USD,2022-02-15 12:00:00,14482.109509,14620.81621,14624.529896,14444.462434,814931.0
Nasdaq 100,US6311011026,USA,325104,USD,2022-02-16 12:00:00,14514.83579,14603.635682,14647.793261,14399.289607,760495.0
Nasdaq 100,US6311011026,USA,325104,USD,2022-02-17 12:00:00,14485.08279,14171.73576,14497.46108,14155.428771,814677.0
Nasdaq 100,US6311011026,USA,325104,USD,2022-02-18 12:00:00,14207.548865,14009.542539,14225.723658,13918.756343,910146.0
Nasdaq 100,US6311011026,USA,325104,USD,2022-02-22 12:00:00,13892.806996,13870.52949,14109.264581,13720.915983,949773.0
Nasdaq 100,US6311011026,USA,325104,USD,2022-02-23 12:00:00,14016.94304,13509.433833,14035.931732,13502.583081,896029.0
Nasdaq 100,US6311011026,USA,325104,USD,2022-02-24 12:00:00,13065.443715,13974.668877,13989.100917,13065.443715,1207297.0
Nasdaq 100,US6311011026,USA,325104,USD,2022-02-25 12:00:00,13973.904156,14189.164093,14192.996429,13850.285571,865008.0
Nasdaq 100,US6311011026,USA,325104,USD,2022-02-28 12:00:00,14058.613894,14237.809789,14296.601184,14009.364936,922700.0
Nasdaq 100,US6311011026,USA,325104,USD,2022-03-01 12:00:00,14197.661017,14005.987319,14271.581233,13906.921525,886327.0
Nasdaq 100,US6311011026,USA,325104,USD,2022-03-02 12:00:00,14075.106941,14243.694177,14292.718607,13962.688168,804718.0
Nasdaq 100,US6311011026,USA,325104,USD,2022-03-03 12:00:00,14339.704746,14035.212115,14342.559257,13965.11037,800421.0
Nasdaq 100,US6311011026,USA,325104,USD,2022-03-04 12:00:00,13957.598082,13837.829133,13992.974162,13738.608075,863310.0
Nasdaq 100,US6311011026,USA,325104,USD,2022-03-07 12:00:00,13853.526972,13319.379777,13879.0996,13314.444062,990633.0
Nasdaq 100,US6311011026,USA,325104,USD,2022-03-08 12:00:00,13275.234252,13267.604996,13663.267881,13129.398156,1063292.0
Nasdaq 100,US6311011026,USA,325104,USD,2022-03-09 12:00:00,13610.476837,13742.198702,13793.106502,13504.482968,854475.0
Nasdaq 100,US6311011026,USA,325104,USD,2022-03-10 12:00:00,13577.839742,13590.995422,13633.689004,13399.462771,854668.0
Nasdaq 100,US6311011026,USA,325104,USD,2022-03-11 12:00:00,13701.796335,13301.829672,13714.439921,13285.18651,825705.0
Nasdaq 100,US6311011026,USA,325104,USD,2022-03-14 12:00:00,13248.09216,13046.640439,13386.665578,13020.403326,914532.0
Nasdaq 100,US6311011026,USA,325104,USD,2022-03-15 12:00:00,13174.968932,13458.564071,13488.180993,13092.450636,916705.0
Nasdaq 100,US6311011026,USA,325104,USD,2022-03-16 12:00:00,13633.118451,13956.785062,13960.250849,13475.089298,1122214.0
Nasdaq 100,US6311011026,USA,325104,USD,2022-03-17 12:00:00,13878.9924,14118.599889,14125.66773,13827.338516,782432.0
Nasdaq 100,US6311011026,USA,325104,USD,2022-03-18 12:00:00,14061.287879,14420.080745,14427.465218,14014.429633,1280440.0
Nasdaq 100,US6311011026,USA,325104,USD,2022-03-21 12:00:00,14377.147379,14376.09024,14470.681776,14190.52658,844313.0
Nasdaq 100,US6311011026,USA,325104,USD,2022-03-22 12:00:00,14396.029191,14654.331799,14688.9723,14385.546677,829880.0
Nasdaq 100,US6311011026,USA,325104,USD,2022-03-23 12:00:00,14525.216494,14447.545079,14681.330812,14446.037064,825710.0
Nasdaq 100,US6311011026,USA,325104,USD,2022-03-24 12:00:00,14529.715945,14765.694516,14767.731073,14440.667442,849900.0
Nasdaq 100,US6311011026,USA,325104,USD,2022-03-25 12:00:00,14766.899918,14754.309167,14805.876317,14577.591159,713237.0
Nasdaq 100,US6311011026,USA,325104,USD,2022-03-28 12:00:00,14763.156462,14987.403076,14989.07746,14705.915927,725001.0
Nasdaq 100,US6311011026,USA,325104,USD,2022-03-29 12:00:00,15142.928083,15239.317463,15265.421849,15039.609708,817103.0
Nasdaq 100,US6311011026,USA,325104,USD,2022-03-30 12:00:00,15177.15215,15071.547317,15229.014653,15010.338866,764364.0
Nasdaq 100,US6311011026,USA,325104,USD,2022-03-31 12:00:00,15074.234851,14838.493488,15088.380864,14835.159741,898616.0
Nasdaq 100,US6311011026,USA,325104,USD,2022-04-01 12:00:00,14886.913109,14861.211649,14925.926865,14723.831817,765518.0
Nasdaq 100,US6311011026,USA,325104,USD,2022-04-04 12:00:00,14903.384019,15159.581201,15161.885297,14884.569547,710263.0
Nasdaq 100,US6311011026,USA,325104,USD,2022-04-05 12:00:00,15109.269725,14820.638992,15120.67149,14782.570464,704621.0
Nasdaq 100,US6311011026,USA,325104,USD,2022-04-06 12:00:00,14600.297424,14498.884977,14639.347653,14395.399584,846461.0
Nasdaq 100,US6311011026,USA,325104,USD,2022-04-07 12:00:00,14469.502348,14531.810297,14624.239419,14315.692791,722225.0
Nasdaq 100,US6311011026,USA,325104,USD,2022-04-08 12:00:00,14450.525545,14327.25626,14490.188197,14307.679124,672727.0
Nasdaq 100,US6311011026,USA,325104,USD,2022-04-11 12:00:00,14149.598849,13990.205409,14187.666623,13979.141339,712545.0
Nasdaq 100,US6311011026,USA,325104,USD,2022-04-12 12:00:00,14175.661512,13940.240373,14264.737459,13882.75354,706805.0
Nasdaq 100,US6311011026,USA,325104,USD,2022-04-13 12:00:00,13939.613124,14217.290219,14258.805595,13919.476457,679019.0
Nasdaq 100,US6311011026,USA,325104,USD,2022-04-14 12:00:00,14225.465235,13893.214638,14235.387672,13884.819065,677823.0
Nasdaq 100,US6311011026,USA,325104,USD,2022-04-18 12:00:00,13859.473209,13910.763356,13997.92523,13788.956196,615502.0
Nasdaq 100,US6311011026,USA,325104,USD,2022-04-19 12:00:00,13882.74764,14210.256212,14236.508725,13844.742297,635965.0
Nasdaq 100,US6311011026,USA,325104,USD,2022-04-20 12:00:00,14246.19581,13998.529497,14263.608247,13962.85999,783429.0
Nasdaq 100,US6311011026,USA,325104,USD,2022-04-21 12:00:00,14174.91969,13720.452732,14277.205626,13682.684056,816178.0
Nasdaq 100,US6311011026,USA,325104,USD,2022-04-22 12:00:00,13714.62663,13356.869117,13769.402362,13342.79394,789069.0
Nasdaq 100,US6311011026,USA,325104,USD,2022-04-25 12:00:00,13275.409162,13533.224361,13541.766068,13239.73218,840611.0
Nasdaq 100,US6311011026,USA,325104,USD,2022-04-26 12:00:00,13447.662415,13009.712916,13447.662415,13009.654071,873659.0
Nasdaq 100,US6311011026,USA,325104,USD,2022-04-27 12:00:00,13009.401478,13003.356501,13241.938139,12936.413565,887825.0
Nasdaq 100,US6311011026,USA,325104,USD,2022-04-28 12:00:00,13254.957896,13456.058177,13542.563967,13038.17149,1016297.0
Nasdaq 100,US6311011026,USA,325104,USD,2022-04-29 12:00:00,13274.943542,12854.803575,13428.533048,12835.481713,1008150.0
Nasdaq 100,US6311011026,USA,325104,USD,2022-05-02 12:00:00,12864.830265,13075.847221,13083.572153,12716.62522,914506.0
Nasdaq 100,US6311011026,USA,325104,USD,2022-05-03 12:00:00,13045.353289,13089.8985,13178.743361,12982.698754,792932.0
Nasdaq 100,US6311011026,USA,325104,USD,2022-05-04 12:00:00,13110.299497,13535.709139,13556.666745,12887.527728,1070167.0
Nasdaq 100,US6311011026,USA,325104,USD,2022-05-05 12:00:00,13344.790143,12850.552744,13344.790143,12710.594178,1047075.0
Nasdaq 100,US6311011026,USA,325104,USD,2022-05-06 12:00:00,12776.858975,12693.534715,12926.576037,12522.770647,984901.0
Nasdaq 100,US6311011026,USA,325104,USD,2022-05-09 12:00:00,12465.912485,12187.720989,12542.320987,12136.187894,1108739.0
Nasdaq 100,US6311011026,USA,325104,USD,2022-05-10 12:00:00,12496.843843,12345.855735,12537.888556,12173.467724,1045123.0
Nasdaq 100,US6311011026,USA,325104,USD,2022-05-11 12:00:00,12240.209133,11967.55686,12470.892285,11939.093831,1038625.0
Nasdaq 100,US6311011026,USA,325104,USD,2022-05-12 12:00:00,11790.133204,11945.497018,12128.729741,11692.117922,1141422.0
Nasdaq 100,US6311011026,USA,325104,USD,2022-05-13 12:00:00,12125.925985,12387.396785,12429.284788,12069.130959,938530.0
Nasdaq 100,US6311011026,USA,325104,USD,2022-05-16 12:00:00,12297.072902,12243.577316,12395.509896,12196.208517,767993.0
Nasdaq 100,US6311011026,USA,325104,USD,2022-05-17 12:00:00,12496.626084,12564.101004,12572.99009,12333.985471,868991.0
Nasdaq 100,US6311011026,USA,325104,USD,2022-05-18 12:00:00,12352.918294,11928.311542,12389.96346,11886.996368,962897.0
Nasdaq 100,US6311011026,USA,325104,USD,2022-05-19 12:00:00,11872.556996,11875.625855,12066.851912,11795.794041,1037664.0
Nasdaq 100,US6311011026,USA,325104,USD,2022-05-20 12:00:00,12037.03232,11835.61937,12044.701654,11492.29141,1111540.0
Nasdaq 100,US6311011026,USA,325104,USD,2022-05-23 12:00:00,11867.07635,12034.280484,12047.809794,11785.760618,828578.0
Nasdaq 100,US6311011026,USA,325104,USD,2022-05-24 12:00:00,11807.777824,11769.840228,11842.808599,11576.105788,875452.0
Nasdaq 100,US6311011026,USA,325104,USD,2022-05-25 12:00:00,11732.451081,11943.927886,12028.886696,11714.269332,803711.0
Nasdaq 100,US6311011026,USA,325104,USD,2022-05-26 12:00:00,11906.829524,12276.788717,12337.728298,11901.873971,924581.0
Nasdaq 100,US6311011026,USA,325104,USD,2022-05-27 12:00:00,12421.797733,12681.420944,12682.581493,12405.287302,858115.0
Nasdaq 100,US6311011026,USA,325104,USD,2022-05-31 12:00:00,12688.946604,12642.100134,12762.841091,12482.324643,1118485.0
Nasdaq 100,US6311011026,USA,325104,USD,2022-06-01 12:00:00,12750.30682,12548.363641,12820.466566,12457.906053,732021.0
Nasdaq 100,US6311011026,USA,325104,USD,2022-06-02 12:00:00,12498.626324,12892.886214,12897.633006,12447.770933,831313.0
Nasdaq 100,US6311011026,USA,325104,USD,2022-06-03 12:00:00,12650.384694,12548.02524,12724.813537,12505.762454,750545.0
Nasdaq 100,US6311011026,USA,325104,USD,2022-06-06 12:00:00,12745.88796,12599.629926,12804.455654,12534.575952,802800.0
Nasdaq 100,US6311011026,USA,325104,USD,2022-06-07 12:00:00,12456.489683,12711.675359,12737.297896,12413.555355,695398.0
Nasdaq 100,US6311011026,USA,325104,USD,2022-06-08 12:00:00,12682.812966,12615.128467,12776.649034,12578.54835,725950.0
Nasdaq 100,US6311011026,USA,325104,USD,2022-06-09 12:00:00,12543.370964,12269.783098,12666.405755,12265.859992,770694.0
Nasdaq 100,US6311011026,USA,325104,USD,2022-06-10 12:00:00,12052.591119,11832.82066,12082.694319,11825.351676,944947.0
Nasdaq 100,US6311011026,USA,325104,USD,2022-06-13 12:00:00,11472.185823,11288.318197,11568.645608,11254.185001,1082744.0
Nasdaq 100,US6311011026,USA,325104,USD,2022-06-14 12:00:00,11385.182628,11311.685513,11418.218012,11205.923394,837885.0
Nasdaq 100,US6311011026,USA,325104,USD,2022-06-15 12:00:00,11468.130716,11593.771449,11751.294728,11346.536278,937501.0
Nasdaq 100,US6311011026,USA,325104,USD,2022-06-16 12:00:00,11286.873071,11127.572522,11311.049881,11037.209134,1030631.0
Nasdaq 100,US6311011026,USA,325104,USD,2022-06-17 12:00:00,11172.653143,11265.987976,11357.970641,11089.931479,1478924.0
Nasdaq 100,US6311011026,USA,325104,USD,2022-06-21 12:00:00,11446.984598,11546.757459,11638.47284,11446.984598,909772.0
Nasdaq 100,US6311011026,USA,325104,USD,2022-06-22 12:00:00,11427.739078,11527.712166,11708.080612,11423.202166,824527.0
Nasdaq 100,US6311011026,USA,325104,USD,2022-06-23 12:00:00,11622.088018,11697.676416,11729.617324,11515.484948,865809.0
Nasdaq 100,US6311011026,USA,325104,USD,2022-06-24 12:00:00,11826.948689,12105.848325,12112.821012,11812.178637,1119616.0
Nasdaq 100,US6311011026,USA,325104,USD,2022-06-27 12:00:00,12157.932642,12008.243495,12175.978949,11965.670351,739928.0
Nasdaq 100,US6311011026,USA,325104,USD,2022-06-28 12:00:00,12021.34121,11637.76853,12133.869801,11633.127186,800723.0
Nasdaq 100,US6311011026,USA,325104,USD,2022-06-29 12:00:00,11619.013129,11658.262822,11710.208932,11537.722306,710479.0
Nasdaq 100,US6311011026,USA,325104,USD,2022-06-30 12:00:00,11532.32005,11503.716881,11650.964616,11322.864417,932551.0
Nasdaq 100,US6311011026,USA,325104,USD,2022-07-01 12:00:00,11472.632164,11585.675989,11592.8458,11378.626233,800080.0
Nasdaq 100,US6311011026,USA,325104,USD,2022-07-05 12:00:00,11419.337102,11779.904522,11781.740654,11366.073743,860959.0
Nasdaq 100,US6311011026,USA,325104,USD,2022-07-06 12:00:00,11807.082407,11852.587724,11941.311273,11727.36066,744768.0
Nasdaq 100,US6311011026,USA,325104,USD,2022-07-07 12:00:00,11913.727954,12109.053303,12137.712085,11897.50835,752558.0
Nasdaq 100,US6311011026,USA,325104,USD,2022-07-08 12:00:00,11977.954484,12125.690658,12179.322069,11956.029868,649993.0
Nasdaq 100,US6311011026,USA,325104,USD,2022-07-11 12:00:00,12008.762683,11860.280796,12026.060934,11830.88498,655428.0
Nasdaq 100,US6311011026,USA,325104,USD,2022-07-12 12:00:00,11926.837075,11744.985629,11990.443612,11684.024087,717321.0
Nasdaq 100,US6311011026,USA,325104,USD,2022-07-13 12:00:00,11523.908482,11728.527483,11819.685758,11498.956971,713074.0
Nasdaq 100,US6311011026,USA,325104,USD,2022-07-14 12:00:00,11637.181813,11768.39522,11801.110018,11488.273038,716393.0
Nasdaq 100,US6311011026,USA,325104,USD,2022-07-15 12:00:00,11896.153405,11983.623802,11987.520849,11828.13083,791625.0
Nasdaq 100,US6311011026,USA,325104,USD,2022-07-18 12:00:00,12089.683079,11877.499585,12156.085888,11836.524397,826352.0
Nasdaq 100,US6311011026,USA,325104,USD,2022-07-19 12:00:00,12046.688833,12249.419724,12258.3699,11967.918299,897104.0
Nasdaq 100,US6311011026,USA,325104,USD,2022-07-20 12:00:00,12269.066338,12439.681903,12488.386271,12232.198011,879343.0
Nasdaq 100,US6311011026,USA,325104,USD,2022-07-21 12:00:00,12466.130976,12619.408683,12620.498799,12351.418188,813155.0
Nasdaq 100,US6311011026,USA,325104,USD,2022-07-22 12:00:00,12575.756587,12396.467168,12662.861416,12322.817186,829941.0
Nasdaq 100,US6311011026,USA,325104,USD,2022-07-25 12:00:00,12391.213486,12328.412071,12415.587139,12244.396441,660032.0
Nasdaq 100,US6311011026,USA,325104,USD,2022-07-26 12:00:00,12248.21391,12086.895855,12259.014178,12051.207856,769562.0
Nasdaq 100,US6311011026,USA,325104,USD,2022-07-27 12:00:00,12299.343268,12601.470055,12660.766685,12256.93535,969492.0
Nasdaq 100,US6311011026,USA,325104,USD,2022-07-28 12:00:00,12580.61489,12717.87065,12741.82771,12433.553017,905898.0
Nasdaq 100,US6311011026,USA,325104,USD,2022-07-29 12:00:00,12784.199267,12947.9749,12986.644361,12726.24755,1111888.0
Nasdaq 100,US6311011026,USA,325104,USD,2022-08-01 12:00:00,12877.039487,12940.783084,13084.608074,12833.155385,831537.0
Nasdaq 100,US6311011026,USA,325104,USD,2022-08-02 12:00:00,12853.035843,12901.600768,13073.266151,12809.01204,804303.0
Nasdaq 100,US6311011026,USA,325104,USD,2022-08-03 12:00:00,12983.576946,13253.258976,13289.190549,12974.854308,992319.0
Nasdaq 100,US6311011026,USA,325104,USD,2022-08-04 12:00:00,13253.774196,13311.041448,13326.717783,13170.439255,843645.0
Nasdaq 100,US6311011026,USA,325104,USD,2022-08-05 12:00:00,13107.446103,13207.692376,13286.021099,13070.36361,742494.0
Nasdaq 100,US6311011026,USA,325104,USD,2022-08-08 12:00:00,13227.087583,13159.161269,13394.535391,13103.7967,792644.0
Nasdaq 100,US6311011026,USA,325104,USD,2022-08-09 12:00:00,13064.244255,13008.165415,13095.700358,12945.595744,780667.0
Nasdaq 100,US6311011026,USA,325104,USD,2022-08-10 12:00:00,13330.656348,13378.32129,13386.847244,13220.050767,836612.0
Nasdaq 100,US6311011026,USA,325104,USD,2022-08-11 12:00:00,13471.028375,13291.986488,13555.377296,13271.346727,708960.0
Nasdaq 100,US6311011026,USA,325104,USD,2022-08-12 12:00:00,13384.646227,13565.871933,13565.871933,13341.648752,699497.0
Nasdaq 100,US6311011026,USA,325104,USD,2022-08-15 12:00:00,13529.661482,13667.180101,13685.6504,13524.525896,619576.0
Nasdaq 100,US6311011026,USA,325104,USD,2022-08-16 12:00:00,13617.661172,13635.209653,13720.911839,13508.471586,660077.0
Nasdaq 100,US6311011026,USA,325104,USD,2022-08-17 12:00:00,13499.243812,13470.857185,13591.576438,13389.81871,689370.0
Nasdaq 100,US6311011026,USA,325104,USD,2022-08-18 12:00:00,13474.237751,13505.990866,13553.281884,13405.736417,676366.0
Nasdaq 100,US6311011026,USA,325104,USD,2022-08-19 12:00:00,13370.24533,13242.901414,13402.608985,13210.815966,730790.0
Nasdaq 100,US6311011026,USA,325104,USD,2022-08-22 12:00:00,13056.387592,12890.538438,13073.066919,12859.820405,728600.0
Nasdaq 100,US6311011026,USA,325104,USD,2022-08-23 12:00:00,12885.279223,12881.788796,13000.711151,12852.703618,633967.0
Nasdaq 100,US6311011026,USA,325104,USD,2022-08-24 12:00:00,12876.228334,12917.863666,12995.141116,12843.582956,615883.0
Nasdaq 100,US6311011026,USA,325104,USD,2022-08-25 12:00:00,12984.735477,13143.582898,13146.839106,12951.606589,722174.0
Nasdaq 100,US6311011026,USA,325104,USD,2022-08-26 12:00:00,13129.914159,12605.166035,13175.252974,12603.405068,924449.0
Nasdaq 100,US6311011026,USA,325104,USD,2022-08-29 12:00:00,12488.458377,12484.321672,12594.338334,12440.399686,764366.0
Nasdaq 100,US6311011026,USA,325104,USD,2022-08-30 12:00:00,12562.403852,12342.698422,12572.875546,12240.823296,809902.0
Nasdaq 100,US6311011026,USA,325104,USD,2022-08-31 12:00:00,12448.068468,12272.030548,12502.147865,12268.077086,934381.0
Nasdaq 100,US6311011026,USA,325104,USD,2022-09-01 12:00:00,12158.882648,12274.624625,12290.333425,12012.982117,986466.0
Nasdaq 100,US6311011026,USA,325104,USD,2022-09-02 12:00:00,12392.455309,12098.442585,12451.284773,12035.527685,854028.0
Nasdaq 100,US6311011026,USA,325104,USD,2022-09-06 12:00:00,12106.57173,12011.313631,12152.421093,11928.806142,826602.0
Nasdaq 100,US6311011026,USA,325104,USD,2022-09-07 12:00:00,12038.178052,12259.387438,12298.123448,12026.982243,815595.0
Nasdaq 100,US6311011026,USA,325104,USD,2022-09-08 12:00:00,12139.573601,12321.193873,12374.125979,12120.262746,836262.0
Nasdaq 100,US6311011026,USA,325104,USD,2022-09-09 12:00:00,12424.148828,12588.291676,12610.431692,12424.148828,819446.0
Nasdaq 100,US6311011026,USA,325104,USD,2022-09-12 12:00:00,12649.234466,12739.72164,12752.828287,12639.761043,814845.0
Nasdaq 100,US6311011026,USA,325104,USD,2022-09-13 12:00:00,12364.834208,12033.620283,12420.011718,12004.417088,1125976.0
Nasdaq 100,US6311011026,USA,325104,USD,2022-09-14 12:00:00,12092.025546,12134.399438,12170.252893,12016.432078,931362.0
Nasdaq 100,US6311011026,USA,325104,USD,2022-09-15 12:00:00,12034.427283,11927.487341,12153.342922,11867.882613,986482.0
Nasdaq 100,US6311011026,USA,325104,USD,2022-09-16 12:00:00,11775.93542,11861.376158,11875.092268,11710.255369,1557620.0
Nasdaq 100,US6311011026,USA,325104,USD,2022-09-19 12:00:00,11753.598573,11953.274711,11956.788495,11752.430939,806413.0
Nasdaq 100,US6311011026,USA,325104,USD,2022-09-20 12:00:00,11855.835166,11851.537106,11951.129492,11761.692974,824649.0
Nasdaq 100,US6311011026,USA,325104,USD,2022-09-21 12:00:00,11892.717152,11637.791457,12062.520155,11636.245058,956119.0
Nasdaq 100,US6311011026,USA,325104,USD,2022-09-22 12:00:00,11574.321987,11501.647495,11617.99337,11448.862059,946901.0
Nasdaq 100,US6311011026,USA,325104,USD,2022-09-23 12:00:00,11398.75074,11311.243591,11402.407824,11169.657586,982972.0
Nasdaq 100,US6311011026,USA,325104,USD,2022-09-26 12:00:00,11283.14362,11254.111879,11473.359294,11235.737437,904027.0
Nasdaq 100,US6311011026,USA,325104,USD,2022-09-27 12:00:00,11411.342931,11271.749718,11502.38038,11175.286927,912460.0
Nasdaq 100,US6311011026,USA,325104,USD,2022-09-28 12:00:00,11258.737352,11493.827287,11546.871622,11210.807417,979567.0
Nasdaq 100,US6311011026,USA,325104,USD,2022-09-29 12:00:00,11334.570273,11164.780352,11339.905845,11038.943981,1005839.0
Nasdaq 100,US6311011026,USA,325104,USD,2022-09-30 12:00:00,11123.107193,10971.222395,11296.1577,10966.951444,1040066.0
Nasdaq 100,US6311011026,USA,325104,USD,2022-10-03 12:00:00,11059.165016,11229.72747,11296.42561,10985.009005,999843.0
Nasdaq 100,US6311011026,USA,325104,USD,2022-10-04 12:00:00,11477.848614,11582.538741,11609.24982,11462.372153,1016043.0
Nasdaq 100,US6311011026,USA,325104,USD,2022-10-05 12:00:00,11429.471189,11573.182495,11647.623011,11312.523361,835870.0
Nasdaq 100,US6311011026,USA,325104,USD,2022-10-06 12:00:00,11556.395768,11485.50422,11660.552818,11472.830475,826708.0
Nasdaq 100,US6311011026,USA,325104,USD,2022-10-07 12:00:00,11272.456263,11039.469326,11293.648136,10991.662861,1070008.0
Nasdaq 100,US6311011026,USA,325104,USD,2022-10-10 12:00:00,11048.512136,10926.965898,11063.213767,10824.251185,912339.0
Nasdaq 100,US6311011026,USA,325104,USD,2022-10-11 12:00:00,10865.31744,10791.347749,10981.907289,10716.334248,1053493.0
Nasdaq 100,US6311011026,USA,325104,USD,2022-10-12 12:00:00,10810.299446,10785.615239,10886.491165,10754.850852,875739.0
Nasdaq 100,US6311011026,USA,325104,USD,2022-10-13 12:00:00,10481.580602,11033.580509,11087.660165,10440.638426,1273472.0
Nasdaq 100,US6311011026,USA,325104,USD,2022-10-14 12:00:00,11130.076931,10692.057954,11152.893242,10677.479633,1017557.0
Nasdaq 100,US6311011026,USA,325104,USD,2022-10-17 12:00:00,10967.246683,11062.531722,11090.865931,10959.74479,981902.0
Nasdaq 100,US6311011026,USA,325104,USD,2022-10-18 12:00:00,11368.76343,11147.735586,11374.375416,11035.796851,970066.0
Nasdaq 100,US6311011026,USA,325104,USD,2022-10-19 12:00:00,11081.820295,11103.377179,11231.460427,11008.110714,830934.0
Nasdaq 100,US6311011026,USA,325104,USD,2022-10-20 12:00:00,11081.224589,11046.706127,11279.811078,11001.277369,911549.0
Nasdaq 100,US6311011026,USA,325104,USD,2022-10-21 12:00:00,10998.166375,11310.332203,11327.772675,10962.008603,1039761.0
Nasdaq 100,US6311011026,USA,325104,USD,2022-10-24 12:00:00,11321.107978,11430.262226,11468.182706,11166.488772,1046217.0
Nasdaq 100,US6311011026,USA,325104,USD,2022-10-25 12:00:00,11482.86819,11669.992679,11681.84696,11480.408695,984159.0
Nasdaq 100,US6311011026,USA,325104,USD,2022-10-26 12:00:00,11409.790377,11405.895764,11657.061177,11388.340771,1210987.0
Nasdaq 100,US6311011026,USA,325104,USD,2022-10-27 12:00:00,11387.71445,11191.630492,11417.036882,11179.903518,1277054.0
Nasdaq 100,US6311011026,USA,325104,USD,2022-10-28 12:00:00,11176.993889,11546.20637,11563.155331,11176.993889,1366250.0
Nasdaq 100,US6311011026,USA,325104,USD,2022-10-31 12:00:00,11465.208294,11405.569078,11482.990094,11331.262976,1099039.0
Nasdaq 100,US6311011026,USA,325104,USD,2022-11-01 12:00:00,11571.525252,11288.952523,11574.390424,11278.284256,1076252.0
Nasdaq 100,US6311011026,USA,325104,USD,2022-11-02 12:00:00,11300.269029,10906.343204,11410.912519,10903.478685,1273679.0
Nasdaq 100,US6311011026,USA,325104,USD,2022-11-03 12:00:00,10769.43217,10690.59872,10852.178822,10680.825432,1185027.0
Nasdaq 100,US6311011026,USA,325104,USD,2022-11-04 12:00:00,10911.984811,10857.027308,10934.617063,10632.387888,1316755.0
Nasdaq 100,US6311011026,USA,325104,USD,2022-11-07 12:00:00,10900.834632,10976.998626,11001.157999,10817.590357,1013544.0
Nasdaq 100,US6311011026,USA,325104,USD,2022-11-08 12:00:00,11039.576568,11059.497266,11191.900246,10897.525963,1049484.0
Nasdaq 100,US6311011026,USA,325104,USD,2022-11-09 12:00:00,10971.434088,10797.550277,11012.664037,10790.348,1048199.0
Nasdaq 100,US6311011026,USA,325104,USD,2022-11-10 12:00:00,11350.421662,11605.955519,11612.202873,11235.742361,1478961.0
Nasdaq 100,US6311011026,USA,325104,USD,2022-11-11 12:00:00,11604.363653,11817.008536,11840.068843,11535.561948,1206687.0
Nasdaq 100,US6311011026,USA,325104,USD,2022-11-14 12:00:00,11728.114053,11700.940446,11863.815127,11669.102169,1022384.0
Nasdaq 100,US6311011026,USA,325104,USD,2022-11-15 12:00:00,12006.453621,11871.14827,12024.953354,11735.403438,1114525.0
Nasdaq 100,US6311011026,USA,325104,USD,2022-11-16 12:00:00,11767.418054,11699.086505,11796.98727,11673.135679,902587.0
Nasdaq 100,US6311011026,USA,325104,USD,2022-11-17 12:00:00,11521.639505,11676.856694,11737.614449,11519.375165,932995.0
Nasdaq 100,US6311011026,USA,325104,USD,2022-11-18 12:00:00,11791.846655,11677.0173,11794.679699,11579.639771,903057.0
Nasdaq 100,US6311011026,USA,325104,USD,2022-11-21 12:00:00,11623.349259,11553.451468,11664.937806,11524.439227,832114.0
Nasdaq 100,US6311011026,USA,325104,USD,2022-11-22 12:00:00,11590.825141,11724.837474,11731.762793,11503.341684,794892.0
Nasdaq 100,US6311011026,USA,325104,USD,2022-11-23 12:00:00,11725.084048,11838.715126,11866.420018,11722.011308,752297.0
Nasdaq 100,US6311011026,USA,325104,USD,2022-11-25 12:00:00,11777.330424,11756.033721,11803.908198,11748.791225,391804.0
Nasdaq 100,US6311011026,USA,325104,USD,2022-11-28 12:00:00,11684.069172,11587.751554,11764.832921,11555.25691,825385.0
Nasdaq 100,US6311011026,USA,325104,USD,2022-11-29 12:00:00,11590.296977,11503.450599,11613.331931,11450.341784,762106.0
Nasdaq 100,US6311011026,USA,325104,USD,2022-11-30 12:00:00,11505.743239,12030.059988,12031.336703,11481.88564,1412619.0
Nasdaq 100,US6311011026,USA,325104,USD,2022-12-01 12:00:00,12030.236515,12041.894798,12115.338895,11928.660385,927349.0
Nasdaq 100,US6311011026,USA,325104,USD,2022-12-02 12:00:00,11845.528768,11994.259622,12027.615939,11825.531264,863491.0
Nasdaq 100,US6311011026,USA,325104,USD,2022-12-05 12:00:00,11899.536996,11786.799852,11957.355362,11732.149285,850192.0
Nasdaq 100,US6311011026,USA,325104,USD,2022-12-06 12:00:00,11775.204772,11549.685323,11790.929214,11488.599836,881908.0
Nasdaq 100,US6311011026,USA,325104,USD,2022-12-07 12:00:00,11490.986661,11497.391928,11577.687139,11431.961168,827095.0
Nasdaq 100,US6311011026,USA,325104,USD,2022-12-08 12:00:00,11543.676418,11637.495408,11672.139576,11470.684172,870779.0
Nasdaq 100,US6311011026,USA,325104,USD,2022-12-09 12:00:00,11594.381969,11563.326479,11707.085126,11550.308397,868912.0
Nasdaq 100,US6311011026,USA,325104,USD,2022-12-12 12:00:00,11572.261565,11706.439344,11707.713646,11529.406658,888092.0
Nasdaq 100,US6311011026,USA,325104,USD,2022-12-13 12:00:00,12141.241103,11834.205481,12166.40927,11724.904661,1252252.0
Nasdaq 100,US6311011026,USA,325104,USD,2022-12-14 12:00:00,11824.542173,11740.924192,11941.27769,11617.413352,1023076.0
Nasdaq 100,US6311011026,USA,325104,USD,2022-12-15 12:00:00,11573.381215,11345.216149,11591.329228,11300.347514,1067014.0
Nasdaq 100,US6311011026,USA,325104,USD,2022-12-16 12:00:00,11313.635942,11243.72124,11383.388398,11175.535557,1757086.0
Nasdaq 100,US6311011026,USA,325104,USD,2022-12-19 12:00:00,11242.996707,11084.593681,11251.571741,11029.774143,979148.0
Nasdaq 100,US6311011026,USA,325104,USD,2022-12-20 12:00:00,11023.465976,11072.424593,11143.622138,10967.069912,986103.0
Nasdaq 100,US6311011026,USA,325104,USD,2022-12-21 12:00:00,11110.645102,11235.879811,11285.774979,11083.356829,888612.0
Nasdaq 100,US6311011026,USA,325104,USD,2022-12-22 12:00:00,11099.363659,10956.143813,11114.228652,10784.015211,1144879.0
Nasdaq 100,US6311011026,USA,325104,USD,2022-12-23 12:00:00,10911.040101,10985.446663,11007.090998,10830.897202,762940.0
Nasdaq 100,US6311011026,USA,325104,USD,2022-12-27 12:00:00,10944.29827,10822.513986,10957.43731,10807.609252,834685.0
Nasdaq 100,US6311011026,USA,325104,USD,2022-12-28 12:00:00,10807.11643,10679.344574,10898.635487,10671.189282,850290.0
Nasdaq 100,US6311011026,USA,325104,USD,2022-12-29 12:00:00,10800.798448,10951.047585,10981.057127,10776.615796,872204.0
Nasdaq 100,US6311011026,USA,325104,USD,2022-12-30 12:00:00,10835.590698,10939.761625,10942.897123,10778.641212,784713.0
Nasdaq 100,US6311011026,USA,325104,USD,2023-01-03 12:00:00,11038.424474,10862.636891,11093.103586,10770.928459,1067256.0
Nasdaq 100,US6311011026,USA,325104,USD,2023-01-04 12:00:00,10949.343136,10914.800893,10981.457579,10785.533768,1071618.0
Nasdaq 100,US6311011026,USA,325104,USD,2023-01-05 12:00:00,10837.246081,10741.217473,10842.333086,10728.258568,995859.0
Nasdaq 100,US6311011026,USA,325104,USD,2023-01-06 12:00:00,10807.45501,11040.354161,11082.593953,10696.422744,1138627.0
Nasdaq 100,US6311011026,USA,325104,USD,2023-01-09 12:00:00,11133.066517,11108.445047,11304.843327,11085.324869,1042675.0
Nasdaq 100,US6311011026,USA,325104,USD,2023-01-10 12:00:00,11069.047579,11205.77972,11207.55678,11050.680503,904280.0
Nasdaq 100,US6311011026,USA,325104,USD,2023-01-11 12:00:00,11259.155355,11402.524735,11403.889624,11220.7482,1008592.0
Nasdaq 100,US6311011026,USA,325104,USD,2023-01-12 12:00:00,11441.454879,11459.612867,11500.858252,11246.021975,1035587.0
Nasdaq 100,US6311011026,USA,325104,USD,2023-01-13 12:00:00,11362.129499,11541.481838,11547.958618,11347.601867,918336.0
Nasdaq 100,US6311011026,USA,325104,USD,2023-01-17 12:00:00,11531.544542,11557.185744,11615.95083,11484.023948,973970.0
Nasdaq 100,US6311011026,USA,325104,USD,2023-01-18 12:00:00,11636.608175,11410.285992,11690.268299,11403.314804,1012977.0
Nasdaq 100,US6311011026,USA,325104,USD,2023-01-19 12:00:00,11345.185149,11295.669663,11388.46463,11251.937773,973566.0
Nasdaq 100,US6311011026,USA,325104,USD,2023-01-20 12:00:00,11363.854385,11619.02682,11623.197567,11329.536904,1091587.0
Nasdaq 100,US6311011026,USA,325104,USD,2023-01-23 12:00:00,11652.003409,11872.543911,11918.858717,11617.826772,1160058.0
Nasdaq 100,US6311011026,USA,325104,USD,2023-01-24 12:00:00,11802.949576,11846.644665,11889.371988,11780.073224,901072.0
Nasdaq 100,US6311011026,USA,325104,USD,2023-01-25 12:00:00,11636.008261,11814.686779,11841.80936,11550.065697,1054735.0
Nasdaq 100,US6311011026,USA,325104,USD,2023-01-26 12:00:00,11972.566518,12051.479607,12055.806258,11853.37326,1044607.0
Nasdaq 100,US6311011026,USA,325104,USD,2023-01-27 12:00:00,12000.20921,12166.600871,12248.149096,11999.872737,1485959.0
Nasdaq 100,US6311011026,USA,325104,USD,2023-01-30 12:00:00,12047.162693,11912.385619,12087.676395,11906.109597,1127160.0
Nasdaq 100,US6311011026,USA,325104,USD,2023-01-31 12:00:00,11915.944809,12101.929294,12104.126956,11915.944809,1088832.0
Nasdaq 100,US6311011026,USA,325104,USD,2023-02-01 12:00:00,12087.92079,12363.103774,12458.874585,12010.734595,1305201.0
Nasdaq 100,US6311011026,USA,325104,USD,2023-02-02 12:00:00,12655.18388,12803.140051,12880.983408,12600.75619,1612934.0
Nasdaq 100,US6311011026,USA,325104,USD,2023-02-03 12:00:00,12520.95131,12573.360693,12828.713843,12520.95131,1383838.0
Nasdaq 100,US6311011026,USA,325104,USD,2023-02-06 12:00:00,12468.804665,12464.514605,12558.874737,12411.876559,995874.0
Nasdaq 100,US6311011026,USA,325104,USD,2023-02-07 12:00:00,12474.950108,12728.272637,12771.585311,12419.713857,1199913.0
Nasdaq 100,US6311011026,USA,325104,USD,2023-02-08 12:00:00,12680.028557,12495.377109,12709.452337,12471.115046,1150084.0
Nasdaq 100,US6311011026,USA,325104,USD,2023-02-09 12:00:00,12677.542988,12381.170043,12679.542597,12327.437151,1204459.0
Nasdaq 100,US6311011026,USA,325104,USD,2023-02-10 12:00:00,12306.592756,12304.917046,12375.717216,12204.214528,1022935.0
Nasdaq 100,US6311011026,USA,325104,USD,2023-02-13 12:00:00,12356.497796,12502.31319,12522.780345,12313.445327,951296.0
Nasdaq 100,US6311011026,USA,325104,USD,2023-02-14 12:00:00,12413.095709,12590.886281,12627.396272,12356.322293,1031919.0
Nasdaq 100,US6311011026,USA,325104,USD,2023-02-15 12:00:00,12531.599634,12687.893569,12689.33836,12486.416754,965223.0
Nasdaq 100,US6311011026,USA,325104,USD,2023-02-16 12:00:00,12495.073508,12442.480638,12653.39939,12439.998088,1078433.0
Nasdaq 100,US6311011026,USA,325104,USD,2023-02-17 12:00:00,12352.302305,12358.184889,12385.518848,12233.793531,975082.0
Nasdaq 100,US6311011026,USA,325104,USD,2023-02-21 12:00:00,12205.212054,12060.298383,12257.061689,12058.230485,1018021.0
Nasdaq 100,US6311011026,USA,325104,USD,2023-02-22 12:00:00,12085.674327,12066.271823,12156.213862,12006.037547,1002034.0
Nasdaq 100,US6311011026,USA,325104,USD,2023-02-23 12:00:00,12224.444205,12180.139964,12227.402686,12003.305527,1095993.0
Nasdaq 100,US6311011026,USA,325104,USD,2023-02-24 12:00:00,11979.799425,11969.651998,12018.320636,11900.838503,935401.0
Nasdaq 100,US6311011026,USA,325104,USD,2023-02-27 12:00:00,12106.791649,12057.788354,12159.638149,12034.612553,836492.0
Nasdaq 100,US6311011026,USA,325104,USD,2023-02-28 12:00:00,12041.746389,12042.116479,12146.523163,12021.320963,989332.0
Nasdaq 100,US6311011026,USA,325104,USD,2023-03-01 12:00:00,12026.719702,11938.566607,12054.476681,11906.578816,943784.0
Nasdaq 100,US6311011026,USA,325104,USD,2023-03-02 12:00:00,11830.093707,12044.869087,12074.587377,11830.093707,925199.0
Nasdaq 100,US6311011026,USA,325104,USD,2023-03-03 12:00:00,12110.705287,12290.807242,12300.456857,12095.241563,1007612.0
Nasdaq 100,US6311011026,USA,325104,USD,2023-03-06 12:00:00,12344.648916,12302.484444,12466.876594,12297.565015,910372.0
Nasdaq 100,US6311011026,USA,325104,USD,2023-03-07 12:00:00,12303.190303,12152.170064,12344.044927,12130.006381,1011494.0
Nasdaq 100,US6311011026,USA,325104,USD,2023-03-08 12:00:00,12181.057804,12215.332571,12237.720073,12102.276732,926617.0
Nasdaq 100,US6311011026,USA,325104,USD,2023-03-09 12:00:00,12230.836583,11995.88236,12340.449363,11970.342217,1015418.0
Nasdaq 100,US6311011026,USA,325104,USD,2023-03-10 12:00:00,12001.695526,11830.281788,12069.62262,11789.859234,1120644.0
Nasdaq 100,US6311011026,USA,325104,USD,2023-03-13 12:00:00,11752.096466,11923.167174,12073.954989,11695.413073,1169749.0
Nasdaq 100,US6311011026,USA,325104,USD,2023-03-14 12:00:00,12078.462067,12199.786468,12217.871443,12035.217105,1059658.0
Nasdaq 100,US6311011026,USA,325104,USD,2023-03-15 12:00:00,12083.239101,12251.321235,12269.446344,12026.180709,1154803.0
Nasdaq 100,US6311011026,USA,325104,USD,2023-03-16 12:00:00,12211.865779,12581.390174,12595.694352,12190.652833,1238551.0
Nasdaq 100,US6311011026,USA,325104,USD,2023-03-17 12:00:00,12570.157874,12519.875372,12674.343499,12444.078228,1626375.0
Nasdaq 100,US6311011026,USA,325104,USD,2023-03-20 12:00:00,12487.794045,12562.607379,12578.346989,12407.816474,1002330.0
Nasdaq 100,US6311011026,USA,325104,USD,2023-03-21 12:00:00,12643.34997,12741.437235,12762.451966,12582.76019,1059064.0
Nasdaq 100,US6311011026,USA,325104,USD,2023-03-22 12:00:00,12742.405942,12567.151153,12943.617527,12563.778306,1053407.0
Nasdaq 100,US6311011026,USA,325104,USD,2023-03-23 12:00:00,12735.595598,12729.232765,12900.102462,12611.672179,1027185.0
Nasdaq 100,US6311011026,USA,325104,USD,2023-03-24 12:00:00,12700.507503,12767.047523,12770.278673,12608.154439,924634.0
Nasdaq 100,US6311011026,USA,325104,USD,2023-03-27 12:00:00,12797.895048,12673.06939,12839.423722,12647.943155,818432.0
Nasdaq 100,US6311011026,USA,325104,USD,2023-03-28 12:00:00,12654.90938,12610.569029,12654.90938,12517.872466,770896.0
Nasdaq 100,US6311011026,USA,325104,USD,2023-03-29 12:00:00,12768.143706,12846.031385,12867.318728,12734.681353,948446.0
Nasdaq 100,US6311011026,USA,325104,USD,2023-03-30 12:00:00,12934.992653,12963.142205,12987.97258,12894.137286,871784.0
Nasdaq 100,US6311011026,USA,325104,USD,2023-03-31 12:00:00,12968.957793,13181.350533,13188.833318,12968.002797,1026860.0
Nasdaq 100,US6311011026,USA,325104,USD,2023-04-03 12:00:00,13084.096444,13148.350316,13157.474191,13036.547683,887051.0
Nasdaq 100,US6311011026,USA,325104,USD,2023-04-04 12:00:00,13165.324203,13100.074961,13204.078395,13049.977057,803564.0
Nasdaq 100,US6311011026,USA,325104,USD,2023-04-05 12:00:00,13056.790742,12967.199348,13065.27532,12894.442488,871019.0
Nasdaq 100,US6311011026,USA,325104,USD,2023-04-06 12:00:00,12892.89854,13062.596449,13078.101479,12846.028267,834646.0
Nasdaq 100,US6311011026,USA,325104,USD,2023-04-10 12:00:00,12936.521636,13051.233815,13051.854256,12861.519819,769260.0
Nasdaq 100,US6311011026,USA,325104,USD,2023-04-11 12:00:00,13040.487141,12964.154822,13049.559367,12947.656099,770703.0
Nasdaq 100,US6311011026,USA,325104,USD,2023-04-12 12:00:00,13043.974017,12848.347583,13071.979355,12833.30861,868475.0
Nasdaq 100,US6311011026,USA,325104,USD,2023-04-13 12:00:00,12922.895554,13109.388726,13124.413846,12920.024184,823096.0
Nasdaq 100,US6311011026,USA,325104,USD,2023-04-14 12:00:00,13044.694014,13079.515971,13152.284558,12962.505619,748370.0
Nasdaq 100,US6311011026,USA,325104,USD,2023-04-17 12:00:00,13053.257932,13087.713714,13105.683979,12981.262642,758855.0
Nasdaq 100,US6311011026,USA,325104,USD,2023-04-18 12:00:00,13180.308578,13091.792986,13196.180835,13044.20757,733584.0
Nasdaq 100,US6311011026,USA,325104,USD,2023-04-19 12:00:00,12992.511779,13088.714837,13128.248805,12988.196852,739702.0
Nasdaq 100,US6311011026,USA,325104,USD,2023-04-20 12:00:00,12962.287588,12985.980392,13107.922869,12933.796451,961105.0
Nasdaq 100,US6311011026,USA,325104,USD,2023-04-21 12:00:00,12970.321189,13000.767936,13030.846844,12899.638856,829869.0
Nasdaq 100,US6311011026,USA,325104,USD,2023-04-24 12:00:00,12981.710838,12969.757601,13044.224793,12883.774033,771960.0
Nasdaq 100,US6311011026,USA,325104,USD,2023-04-25 12:00:00,12905.085906,12725.108517,12933.282649,12724.242933,917772.0
Nasdaq 100,US6311011026,USA,325104,USD,2023-04-26 12:00:00,12866.641296,12806.484762,12929.618488,12783.417726,1086497.0
Nasdaq 100,US6311011026,USA,325104,USD,2023-04-27 12:00:00,12963.206935,13160.026331,13175.617719,12938.497774,1167284.0
Nasdaq 100,US6311011026,USA,325104,USD,2023-04-28 12:00:00,13139.348789,13245.986467,13247.387369,13096.935303,1066376.0
Nasdaq 100,US6311011026,USA,325104,USD,2023-05-01 12:00:00,13229.114769,13231.467541,13287.470297,13186.396071,828739.0
Nasdaq 100,US6311011026,USA,325104,USD,2023-05-02 12:00:00,13225.484132,13113.659648,13241.530442,13046.786021,901197.0
Nasdaq 100,US6311011026,USA,325104,USD,2023-05-03 12:00:00,13123.102316,13030.208355,13231.70593,13026.042256,961346.0
Nasdaq 100,US6311011026,USA,325104,USD,2023-05-04 12:00:00,13014.074734,12982.480705,13064.016978,12938.454189,913875.0
Nasdaq 100,US6311011026,USA,325104,USD,2023-05-05 12:00:00,13070.695112,13259.132336,13291.108187,13059.911212,963407.0
Nasdaq 100,US6311011026,USA,325104,USD,2023-05-08 12:00:00,13247.093729,13291.64241,13302.433046,13193.080537,835293.0
Nasdaq 100,US6311011026,USA,325104,USD,2023-05-09 12:00:00,13228.642918,13201.114003,13254.806976,13193.882253,877344.0
Nasdaq 100,US6311011026,USA,325104,USD,2023-05-10 12:00:00,13308.41458,13347.827473,13384.418174,13204.786803,1094649.0
Nasdaq 100,US6311011026,USA,325104,USD,2023-05-11 12:00:00,13376.854649,13389.778417,13411.698016,13306.082692,952739.0
Nasdaq 100,US6311011026,USA,325104,USD,2023-05-12 12:00:00,13407.020044,13340.175452,13427.415369,13256.559157,856064.0
Nasdaq 100,US6311011026,USA,325104,USD,2023-05-15 12:00:00,13352.26324,13413.509239,13419.809883,13297.847446,769387.0
Nasdaq 100,US6311011026,USA,325104,USD,2023-05-16 12:00:00,13385.36889,13426.01427,13498.435538,13384.77459,842202.0
Nasdaq 100,US6311011026,USA,325104,USD,2023-05-17 12:00:00,13474.518769,13589.263168,13608.325713,13419.346814,917672.0
Nasdaq 100,US6311011026,USA,325104,USD,2023-05-18 12:00:00,13608.946309,13834.615996,13844.763307,13606.805396,1017398.0
Nasdaq 100,US6311011026,USA,325104,USD,2023-05-19 12:00:00,13842.691861,13803.488879,13874.421898,13763.896481,930909.0
Nasdaq 100,US6311011026,USA,325104,USD,2023-05-22 12:00:00,13805.334857,13849.742916,13893.709432,13792.969811,906818.0
Nasdaq 100,US6311011026,USA,325104,USD,2023-05-23 12:00:00,13773.682348,13672.538357,13827.104447,13662.909899,942708.0
Nasdaq 100,US6311011026,USA,325104,USD,2023-05-24 12:00:00,13589.018099,13604.482463,13655.733726,13520.920309,904287.0
Nasdaq 100,US6311011026,USA,325104,USD,2023-05-25 12:00:00,13920.88729,13938.530838,13986.868734,13812.184188,1228921.0
Nasdaq 100,US6311011026,USA,325104,USD,2023-05-26 12:00:00,13990.552392,14298.408714,14329.489287,13982.161568,1290888.0
Nasdaq 100,US6311011026,USA,325104,USD,2023-05-30 12:00:00,14465.588612,14354.986054,14520.169972,14301.076078,1155291.0
Nasdaq 100,US6311011026,USA,325104,USD,2023-05-31 12:00:00,14293.557581,14254.090248,14375.376626,14216.156449,1595907.0
Nasdaq 100,US6311011026,USA,325104,USD,2023-06-01 12:00:00,14269.092892,14441.513015,14493.309268,14219.935577,1205337.0
Nasdaq 100,US6311011026,USA,325104,USD,2023-06-02 12:00:00,14517.07738,14546.64053,14595.81082,14442.151655,1044966.0
Nasdaq 100,US6311011026,USA,325104,USD,2023-06-05 12:00:00,14550.126442,14556.496561,14662.946457,14516.878246,998274.0
Nasdaq 100,US6311011026,USA,325104,USD,2023-06-06 12:00:00,14526.100422,14558.094285,14593.497829,14476.992099,950185.0
Nasdaq 100,US6311011026,USA,325104,USD,2023-06-07 12:00:00,14573.272217,14303.28669,14647.905011,14283.884287,1204335.0
Nasdaq 100,US6311011026,USA,325104,USD,2023-06-08 12:00:00,14319.235684,14484.543419,14503.308489,14314.694661,960473.0
Nasdaq 100,US6311011026,USA,325104,USD,2023-06-09 12:00:00,14574.237646,14528.360476,14672.85163,14487.475811,972178.0
Nasdaq 100,US6311011026,USA,325104,USD,2023-06-12 12:00:00,14617.351192,14784.300812,14789.603424,14571.358497,996328.0
Nasdaq 100,US6311011026,USA,325104,USD,2023-06-13 12:00:00,14911.261746,14900.852595,14931.825587,14770.135293,1089325.0
Nasdaq 100,US6311011026,USA,325104,USD,2023-06-14 12:00:00,14894.096446,15005.692431,15017.104246,14784.620514,1099708.0
Nasdaq 100,US6311011026,USA,325104,USD,2023-06-15 12:00:00,14949.696837,15185.476552,15246.618112,14930.121619,1131877.0
Nasdaq 100,US6311011026,USA,325104,USD,2023-06-16 12:00:00,15272.650239,15083.917707,15284.6506,15073.449545,1690581.0
Nasdaq 100,US6311011026,USA,325104,USD,2023-06-20 12:00:00,15036.483911,15070.149486,15127.419581,14946.724378,1017736.0
Nasdaq 100,US6311011026,USA,325104,USD,2023-06-21 12:00:00,15019.0098,14867.4506,15038.898794,14826.022117,1098751.0
Nasdaq 100,US6311011026,USA,325104,USD,2023-06-22 12:00:00,14797.89041,15042.319443,15044.220501,14794.954423,945601.0
Nasdaq 100,US6311011026,USA,325104,USD,2023-06-23 12:00:00,14879.230091,14891.4824,14983.732654,14821.809307,1216602.0
Nasdaq 100,US6311011026,USA,325104,USD,2023-06-26 12:00:00,14866.660699,14689.021303,14982.816157,14687.022083,1024212.0
Nasdaq 100,US6311011026,USA,325104,USD,2023-06-27 12:00:00,14751.568806,14945.90714,14972.314642,14726.747886,1026012.0
Nasdaq 100,US6311011026,USA,325104,USD,2023-06-28 12:00:00,14876.251054,14964.574824,15051.076526,14865.807015,951581.0
Nasdaq 100,US6311011026,USA,325104,USD,2023-06-29 12:00:00,14965.54799,14939.951493,14986.88661,14876.942828,869279.0
Nasdaq 100,US6311011026,USA,325104,USD,2023-06-30 12:00:00,15085.2418,15179.208385,15213.751646,15081.566103,992396.0
Nasdaq 100,US6311011026,USA,325104,USD,2023-07-03 12:00:00,15190.541432,15208.693294,15232.961349,15153.597133,572356.0
Nasdaq 100,US6311011026,USA,325104,USD,2023-07-05 12:00:00,15165.358588,15203.777659,15275.181485,15162.658117,821775.0
Nasdaq 100,US6311011026,USA,325104,USD,2023-07-06 12:00:00,15054.103308,15089.448692,15106.45358,14969.144206,836611.0
Nasdaq 100,US6311011026,USA,325104,USD,2023-07-07 12:00:00,15070.500987,15036.852033,15210.627342,15032.562111,818764.0
Nasdaq 100,US6311011026,USA,325104,USD,2023-07-10 12:00:00,15031.946743,15045.638655,15066.435403,14924.635834,963235.0
Nasdaq 100,US6311011026,USA,325104,USD,2023-07-11 12:00:00,15068.131623,15119.061755,15135.290609,14974.16,881013.0
Nasdaq 100,US6311011026,USA,325104,USD,2023-07-12 12:00:00,15279.352285,15307.225895,15364.091764,15209.70765,1032469.0
Nasdaq 100,US6311011026,USA,325104,USD,2023-07-13 12:00:00,15432.478223,15571.976089,15602.739343,15420.712945,911957.0
Nasdaq 100,US6311011026,USA,325104,USD,2023-07-14 12:00:00,15610.002252,15565.597205,15720.055228,15530.998998,970699.0
Nasdaq 100,US6311011026,USA,325104,USD,2023-07-17 12:00:00,15608.283813,15713.277113,15745.666723,15576.512175,915411.0
Nasdaq 100,US6311011026,USA,325104,USD,2023-07-18 12:00:00,15671.722142,15841.351363,15895.67731,15607.712313,952709.0
Nasdaq 100,US6311011026,USA,325104,USD,2023-07-19 12:00:00,15888.155876,15826.352321,15932.050264,15781.959181,1036086.0
Nasdaq 100,US6311011026,USA,325104,USD,2023-07-20 12:00:00,15717.673084,15466.088261,15771.843428,15429.867754,1180365.0
Nasdaq 100,US6311011026,USA,325104,USD,2023-07-21 12:00:00,15554.954812,15425.673966,15600.537626,15410.565591,1900168.0
Nasdaq 100,US6311011026,USA,325104,USD,2023-07-24 12:00:00,15475.153141,15448.020521,15504.66758,15374.655536,853567.0
Nasdaq 100,US6311011026,USA,325104,USD,2023-07-25 12:00:00,15483.063371,15561.415416,15622.686551,15482.039534,817038.0
Nasdaq 100,US6311011026,USA,325104,USD,2023-07-26 12:00:00,15514.041746,15499.264735,15571.156642,15411.90501,943059.0
Nasdaq 100,US6311011026,USA,325104,USD,2023-07-27 12:00:00,15734.027025,15464.929198,15795.512333,15416.047258,1052919.0
Nasdaq 100,US6311011026,USA,325104,USD,2023-07-28 12:00:00,15630.173623,15750.92772,15788.47597,15617.747691,1007114.0
Nasdaq 100,US6311011026,USA,325104,USD,2023-07-31 12:00:00,15774.296979,15756.999417,15803.551781,15702.736801,833046.0
Nasdaq 100,US6311011026,USA,325104,USD,2023-08-01 12:00:00,15696.982685,15718.009189,15748.426929,15636.565364,749309.0
Nasdaq 100,US6311011026,USA,325104,USD,2023-08-02 12:00:00,15561.147596,15370.73887,15561.35652,15321.43717,1040942.0
Nasdaq 100,US6311011026,USA,325104,USD,2023-08-03 12:00:00,15287.77302,15353.541206,15436.590541,15270.722379,892202.0
Nasdaq 100,US6311011026,USA,325104,USD,2023-08-04 12:00:00,15420.739172,15274.915034,15523.314377,15258.685612,1085032.0
Nasdaq 100,US6311011026,USA,325104,USD,2023-08-07 12:00:00,15355.622537,15407.854415,15410.85392,15258.920374,879084.0
Nasdaq 100,US6311011026,USA,325104,USD,2023-08-08 12:00:00,15279.414201,15273.048382,15295.79952,15148.245726,902814.0
Nasdaq 100,US6311011026,USA,325104,USD,2023-08-09 12:00:00,15286.987527,15101.707365,15288.760442,15077.911349,819330.0
Nasdaq 100,US6311011026,USA,325104,USD,2023-08-10 12:00:00,15217.294219,15128.837439,15366.286812,15072.491815,802948.0
Nasdaq 100,US6311011026,USA,325104,USD,2023-08-11 12:00:00,15010.524142,15028.071473,15102.530561,14973.665292,726315.0
Nasdaq 100,US6311011026,USA,325104,USD,2023-08-14 12:00:00,14988.416986,15205.58545,15206.262916,14972.010544,781518.0
Nasdaq 100,US6311011026,USA,325104,USD,2023-08-15 12:00:00,15172.078986,15037.647545,15192.884179,15014.364846,733806.0
Nasdaq 100,US6311011026,USA,325104,USD,2023-08-16 12:00:00,15021.629667,14876.469515,15077.048229,14874.023521,772345.0
Nasdaq 100,US6311011026,USA,325104,USD,2023-08-17 12:00:00,14943.336145,14715.810401,14949.58451,14698.287676,871978.0
Nasdaq 100,US6311011026,USA,325104,USD,2023-08-18 12:00:00,14589.713821,14694.83711,14744.568047,14557.829215,892809.0
Nasdaq 100,US6311011026,USA,325104,USD,2023-08-21 12:00:00,14762.006401,14936.685891,14958.865146,14739.366959,830629.0
Nasdaq 100,US6311011026,USA,325104,USD,2023-08-22 12:00:00,15035.073155,14908.962327,15037.793764,14883.98234,762241.0
Nasdaq 100,US6311011026,USA,325104,USD,2023-08-23 12:00:00,14947.575363,15148.05561,15188.863474,14947.575363,797537.0
Nasdaq 100,US6311011026,USA,325104,USD,2023-08-24 12:00:00,15278.930863,14816.441918,15279.243397,14814.833665,971614.0
Nasdaq 100,US6311011026,USA,325104,USD,2023-08-25 12:00:00,14858.931129,14941.826992,15001.291494,14715.361136,855889.0
Nasdaq 100,US6311011026,USA,325104,USD,2023-08-28 12:00:00,15035.478581,15052.460341,15086.231574,14948.923802,693708.0
Nasdaq 100,US6311011026,USA,325104,USD,2023-08-29 12:00:00,15043.024284,15376.547643,15391.560996,15034.543947,855955.0
Nasdaq 100,US6311011026,USA,325104,USD,2023-08-30 12:00:00,15386.665989,15462.430833,15484.826151,15341.943176,785662.0
Nasdaq 100,US6311011026,USA,325104,USD,2023-08-31 12:00:00,15475.430362,15501.074426,15575.01434,15466.410515,942629.0
Nasdaq 100,US6311011026,USA,325104,USD,2023-09-01 12:00:00,15600.953262,15490.863629,15618.853661,15429.359649,838778.0
Nasdaq 100,US6311011026,USA,325104,USD,2023-09-05 12:00:00,15460.522525,15508.235673,15556.846617,15419.960278,837398.0
Nasdaq 100,US6311011026,USA,325104,USD,2023-09-06 12:00:00,15467.322282,15371.443028,15486.99844,15289.479677,831808.0
Nasdaq 100,US6311011026,USA,325104,USD,2023-09-07 12:00:00,15174.221291,15258.522156,15288.196266,15138.725544,945349.0
Nasdaq 100,US6311011026,USA,325104,USD,2023-09-08 12:00:00,15265.574035,15280.230233,15374.219707,15244.061766,828718.0
Nasdaq 100,US6311011026,USA,325104,USD,2023-09-11 12:00:00,15409.774111,15461.865112,15482.841215,15328.347062,916035.0
Nasdaq 100,US6311011026,USA,325104,USD,2023-09-12 12:00:00,15390.588138,15289.73638,15447.848717,15278.880224,829498.0
Nasdaq 100,US6311011026,USA,325104,USD,2023-09-13 12:00:00,15293.267586,15348.525138,15414.609142,15256.599453,791897.0
Nasdaq 100,US6311011026,USA,325104,USD,2023-09-14 12:00:00,15433.012779,15473.893111,15512.817134,15337.182109,812545.0
Nasdaq 100,US6311011026,USA,325104,USD,2023-09-15 12:00:00,15425.947897,15202.398226,15435.4498,15173.709167,1534533.0
Nasdaq 100,US6311011026,USA,325104,USD,2023-09-18 12:00:00,15161.168448,15225.371802,15268.962133,15155.46063,746904.0
Nasdaq 100,US6311011026,USA,325104,USD,2023-09-19 12:00:00,15152.53158,15191.234441,15219.922499,15069.414653,757715.0
Nasdaq 100,US6311011026,USA,325104,USD,2023-09-20 12:00:00,15225.344127,14969.922592,15245.192453,14967.602851,780849.0
Nasdaq 100,US6311011026,USA,325104,USD,2023-09-21 12:00:00,14813.484731,14694.243349,14849.248443,14691.689391,960056.0
Nasdaq 100,US6311011026,USA,325104,USD,2023-09-22 12:00:00,14756.623914,14701.096631,14855.91953,14686.843674,818539.0
Nasdaq 100,US6311011026,USA,325104,USD,2023-09-25 12:00:00,14662.691107,14768.895053,14771.117751,14615.448645,684773.0
Nasdaq 100,US6311011026,USA,325104,USD,2023-09-26 12:00:00,14668.454403,14545.825969,14678.481792,14505.675594,876724.0
Nasdaq 100,US6311011026,USA,325104,USD,2023-09-27 12:00:00,14600.138731,14580.159287,14657.21138,14432.596953,922133.0
Nasdaq 100,US6311011026,USA,325104,USD,2023-09-28 12:00:00,14530.959478,14702.765635,14787.583605,14510.17002,891092.0
Nasdaq 100,US6311011026,USA,325104,USD,2023-09-29 12:00:00,14853.346504,14715.244051,14901.852622,14664.776994,872577.0
Nasdaq 100,US6311011026,USA,325104,USD,2023-10-02 12:00:00,14717.896073,14837.569421,14892.175773,14701.523733,775284.0
Nasdaq 100,US6311011026,USA,325104,USD,2023-10-03 12:00:00,14744.049915,14565.616339,14819.865934,14504.143766,814047.0
Nasdaq 100,US6311011026,USA,325104,USD,2023-10-04 12:00:00,14613.226202,14776.252522,14803.04273,14592.555038,805967.0
Nasdaq 100,US6311011026,USA,325104,USD,2023-10-05 12:00:00,14769.553314,14723.222445,14784.686044,14584.385992,799254.0
Nasdaq 100,US6311011026,USA,325104,USD,2023-10-06 12:00:00,14622.227502,14973.241361,15021.383316,14575.947668,905200.0
Nasdaq 100,US6311011026,USA,325104,USD,2023-10-09 12:00:00,14871.5726,15047.154512,15070.641856,14816.320279,690391.0
Nasdaq 100,US6311011026,USA,325104,USD,2023-10-10 12:00:00,15074.043874,15131.519964,15241.94269,15050.538723,803874.0
Nasdaq 100,US6311011026,USA,325104,USD,2023-10-11 12:00:00,15194.530362,15241.115891,15248.216692,15119.615136,764146.0
Nasdaq 100,US6311011026,USA,325104,USD,2023-10-12 12:00:00,15264.108655,15184.100079,15333.97851,15090.693466,904504.0
Nasdaq 100,US6311011026,USA,325104,USD,2023-10-13 12:00:00,15225.728118,14995.115431,15232.367004,14943.417882,823827.0
Nasdaq 100,US6311011026,USA,325104,USD,2023-10-16 12:00:00,15054.47733,15172.732099,15209.496555,15047.269236,766584.0
Nasdaq 100,US6311011026,USA,325104,USD,2023-10-17 12:00:00,15009.259208,15122.011882,15187.059621,14932.769489,870699.0
Nasdaq 100,US6311011026,USA,325104,USD,2023-10-18 12:00:00,15022.284347,14909.259444,15103.872114,14865.808659,838084.0
Nasdaq 100,US6311011026,USA,325104,USD,2023-10-19 12:00:00,14981.125339,14783.126946,15023.908671,14749.301311,962326.0
Nasdaq 100,US6311011026,USA,325104,USD,2023-10-20 12:00:00,14752.585284,14560.876814,14781.221978,14552.122321,953995.0
Nasdaq 100,US6311011026,USA,325104,USD,2023-10-23 12:00:00,14514.112011,14604.850162,14746.366315,14419.059057,871079.0
Nasdaq 100,US6311011026,USA,325104,USD,2023-10-24 12:00:00,14678.409165,14745.854978,14774.161636,14610.328209,842674.0
Nasdaq 100,US6311011026,USA,325104,USD,2023-10-25 12:00:00,14642.075848,14381.640931,14643.694109,14362.240509,1046551.0
Nasdaq 100,US6311011026,USA,325104,USD,2023-10-26 12:00:00,14314.01375,14109.572998,14372.50891,14058.332577,1092626.0
Nasdaq 100,US6311011026,USA,325104,USD,2023-10-27 12:00:00,14245.748946,14180.420763,14321.038945,14130.368885,1021091.0
Nasdaq 100,US6311011026,USA,325104,USD,2023-10-30 12:00:00,14283.980826,14335.507198,14388.202051,14225.858537,905598.0
Nasdaq 100,US6311011026,USA,325104,USD,2023-10-31 12:00:00,14340.858497,14409.783117,14420.443194,14232.402265,874741.0
Nasdaq 100,US6311011026,USA,325104,USD,2023-11-01 12:00:00,14453.675791,14664.90516,14677.861244,14441.894554,1051698.0
Nasdaq 100,US6311011026,USA,325104,USD,2023-11-02 12:00:00,14856.948025,14919.54528,14930.76446,14792.808621,1043638.0
Nasdaq 100,US6311011026,USA,325104,USD,2023-11-03 12:00:00,14985.122231,15099.491471,15149.780869,14965.287091,978118.0
Nasdaq 100,US6311011026,USA,325104,USD,2023-11-06 12:00:00,15137.164782,15154.926267,15180.193118,15064.906291,803290.0
Nasdaq 100,US6311011026,USA,325104,USD,2023-11-07 12:00:00,15201.770676,15296.018638,15335.44254,15153.309516,859065.0
Nasdaq 100,US6311011026,USA,325104,USD,2023-11-08 12:00:00,15313.901299,15313.241076,15343.186126,15220.884512,885026.0
Nasdaq 100,US6311011026,USA,325104,USD,2023-11-09 12:00:00,15351.122169,15187.89751,15382.106517,15171.315898,927640.0
Nasdaq 100,US6311011026,USA,325104,USD,2023-11-10 12:00:00,15252.363288,15529.119527,15535.202323,15237.17388,953684.0
Nasdaq 100,US6311011026,USA,325104,USD,2023-11-13 12:00:00,15469.209139,15482.786741,15524.661777,15404.707276,756062.0
Nasdaq 100,US6311011026,USA,325104,USD,2023-11-14 12:00:00,15744.361129,15812.472951,15850.336685,15726.12419,993103.0
Nasdaq 100,US6311011026,USA,325104,USD,2023-11-15 12:00:00,15881.720762,15817.176099,15904.627153,15765.305494,976440.0
Nasdaq 100,US6311011026,USA,325104,USD,2023-11-16 12:00:00,15765.198448,15833.172735,15842.633602,15738.223732,1015501.0
Nasdaq 100,US6311011026,USA,325104,USD,2023-11-17 12:00:00,15803.982709,15837.993183,15876.866333,15766.94452,901996.0
Nasdaq 100,US6311011026,USA,325104,USD,2023-11-20 12:00:00,15845.196663,16027.063455,16056.7559,15844.828312,863137.0
Nasdaq 100,US6311011026,USA,325104,USD,2023-11-21 12:00:00,15951.551789,15933.619691,15968.086416,15866.815354,813373.0
Nasdaq 100,US6311011026,USA,325104,USD,2023-11-22 12:00:00,16025.743035,16001.3859,16119.313876,15964.038269,770931.0
Nasdaq 100,US6311011026,USA,325104,USD,2023-11-24 12:00:00,15974.850436,15982.013262,16007.425707,15940.62257,375986.0
Nasdaq 100,US6311011026,USA,325104,USD,2023-11-27 12:00:00,15969.720124,15961.980844,16045.300307,15932.192759,767306.0
Nasdaq 100,US6311011026,USA,325104,USD,2023-11-28 12:00:00,15940.293807,16010.429107,16031.515216,15921.067639,857021.0
Nasdaq 100,US6311011026,USA,325104,USD,2023-11-29 12:00:00,16111.362746,15987.600735,16166.51181,15976.688928,846418.0
Nasdaq 100,US6311011026,USA,325104,USD,2023-11-30 12:00:00,15987.6633,15947.869496,16013.480999,15825.668,1095190.0
Nasdaq 100,US6311011026,USA,325104,USD,2023-12-01 12:00:00,15892.586256,15997.578926,16013.750158,15834.926755,864073.0
Nasdaq 100,US6311011026,USA,325104,USD,2023-12-04 12:00:00,15837.122753,15839.669223,15852.4477,15695.583557,867731.0
Nasdaq 100,US6311011026,USA,325104,USD,2023-12-05 12:00:00,15763.654766,15877.708946,15931.841874,15760.587999,832158.0
Nasdaq 100,US6311011026,USA,325104,USD,2023-12-06 12:00:00,15990.195586,15788.048202,15990.936912,15776.951508,821468.0
Nasdaq 100,US6311011026,USA,325104,USD,2023-12-07 12:00:00,15888.233279,16022.487222,16042.507822,15875.476969,947120.0
Nasdaq 100,US6311011026,USA,325104,USD,2023-12-08 12:00:00,15952.853299,16084.688721,16100.856359,15937.577536,871052.0
Nasdaq 100,US6311011026,USA,325104,USD,2023-12-11 12:00:00,16069.615089,16221.73477,16232.255343,16061.874089,1010609.0
Nasdaq 100,US6311011026,USA,325104,USD,2023-12-12 12:00:00,16209.611254,16354.247539,16354.247539,16175.461302,919403.0
Nasdaq 100,US6311011026,USA,325104,USD,2023-12-13 12:00:00,16392.178544,16562.369872,16581.040341,16357.210367,1015971.0
Nasdaq 100,US6311011026,USA,325104,USD,2023-12-14 12:00:00,16603.539836,16537.825513,16660.709329,16419.261202,1336802.0
Nasdaq 100,US6311011026,USA,325104,USD,2023-12-15 12:00:00,16586.997293,16623.446969,16669.773987,16557.010104,1870085.0
Nasdaq 100,US6311011026,USA,325104,USD,2023-12-18 12:00:00,16631.112448,16729.802616,16764.315499,16629.289273,880479.0
Nasdaq 100,US6311011026,USA,325104,USD,2023-12-19 12:00:00,16734.253926,16811.854949,16813.011457,16733.376931,839540.0
Nasdaq 100,US6311011026,USA,325104,USD,2023-12-20 12:00:00,16763.640483,16554.158075,16860.676368,16552.06394,963698.0
Nasdaq 100,US6311011026,USA,325104,USD,2023-12-21 12:00:00,16719.611002,16757.408105,16768.024327,16621.516773,811542.0
Nasdaq 100,US6311011026,USA,325104,USD,2023-12-22 12:00:00,16799.018595,16777.403385,16839.252836,16703.570716,653046.0
Nasdaq 100,US6311011026,USA,325104,USD,2023-12-26 12:00:00,16816.783674,16878.461655,16907.511935,16813.565463,541442.0
Nasdaq 100,US6311011026,USA,325104,USD,2023-12-27 12:00:00,16896.142947,16906.801056,16922.014451,16859.552555,618046.0
Nasdaq 100,US6311011026,USA,325104,USD,2023-12-28 12:00:00,16963.517111,16898.473191,16969.170585,16891.323782,555710.0
Nasdaq 100,US6311011026,USA,325104,USD,2023-12-29 12:00:00,16902.444684,16825.930706,16919.510294,16757.885187,640224.0
Nasdaq 100,US6311011026,USA,325104,USD,2024-01-02 12:00:00,16667.298925,16543.937606,16686.603502,16453.150303,878960.0
Nasdaq 100,US6311011026,USA,325104,USD,2024-01-03 12:00:00,16413.255429,16368.49057,16471.076838,16352.142018,816085.0
Nasdaq 100,US6311011026,USA,325104,USD,2024-01-04 12:00:00,16290.775018,16282.012409,16419.438173,16276.431012,858406.0
Nasdaq 100,US6311011026,USA,325104,USD,2024-01-05 12:00:00,16281.744368,16305.979061,16415.392538,16249.189041,757832.0
Nasdaq 100,US6311011026,USA,325104,USD,2024-01-08 12:00:00,16354.22072,16649.874274,16655.231025,16349.390334,838336.0
Nasdaq 100,US6311011026,USA,325104,USD,2024-01-09 12:00:00,16531.959964,16678.704401,16710.884514,16513.734491,800362.0
Nasdaq 100,US6311011026,USA,325104,USD,2024-01-10 12:00:00,16702.553095,16793.045119,16827.367214,16654.740664,746682.0
Nasdaq 100,US6311011026,USA,325104,USD,2024-01-11 12:00:00,16852.188864,16820.900666,16898.155803,16618.858258,788273.0
Nasdaq 100,US6311011026,USA,325104,USD,2024-01-12 12:00:00,16855.003107,16832.917961,16900.369097,16776.917744,695507.0
Nasdaq 100,US6311011026,USA,325104,USD,2024-01-16 12:00:00,16775.097693,16830.709264,16895.326403,16726.590345,891477.0
Nasdaq 100,US6311011026,USA,325104,USD,2024-01-17 12:00:00,16705.507635,16736.279291,16749.114132,16561.490477,830350.0
Nasdaq 100,US6311011026,USA,325104,USD,2024-01-18 12:00:00,16894.330742,16982.288601,16996.983703,16818.126913,957397.0
Nasdaq 100,US6311011026,USA,325104,USD,2024-01-19 12:00:00,17060.144466,17314.004803,17317.212056,17041.85163,1055374.0
Nasdaq 100,US6311011026,USA,325104,USD,2024-01-22 12:00:00,17403.618308,17330.380039,17450.301333,17309.866192,949257.0
Nasdaq 100,US6311011026,USA,325104,USD,2024-01-23 12:00:00,17346.951018,17404.205629,17410.863308,17286.018429,779745.0
Nasdaq 100,US6311011026,USA,325104,USD,2024-01-24 12:00:00,17562.316049,17499.298474,17665.259311,17481.971548,987495.0
Nasdaq 100,US6311011026,USA,325104,USD,2024-01-25 12:00:00,17589.2698,17516.988101,17631.337002,17430.374528,1094632.0
Nasdaq 100,US6311011026,USA,325104,USD,2024-01-26 12:00:00,17432.873608,17421.009241,17514.755612,17395.535352,938201.0
Nasdaq 100,US6311011026,USA,325104,USD,2024-01-29 12:00:00,17438.030143,17596.270013,17603.95319,17414.622674,877530.0
Nasdaq 100,US6311011026,USA,325104,USD,2024-01-30 12:00:00,17556.490646,17476.709311,17578.456864,17443.773387,894867.0
Nasdaq 100,US6311011026,USA,325104,USD,2024-01-31 12:00:00,17269.975375,17137.235791,17375.322296,17128.738795,1148303.0
Nasdaq 100,US6311011026,USA,325104,USD,2024-02-01 12:00:00,17216.994008,17344.709319,17356.761624,17175.827951,902155.0
Nasdaq 100,US6311011026,USA,325104,USD,2024-02-02 12:00:00,17415.940448,17642.731557,17682.291799,17378.37401,1130969.0
Nasdaq 100,US6311011026,USA,325104,USD,2024-02-05 12:00:00,17634.692408,17613.036111,17655.772847,17469.616884,934321.0
Nasdaq 100,US6311011026,USA,325104,USD,2024-02-06 12:00:00,17664.438643,17572.733886,17680.617399,17475.433689,861997.0
Nasdaq 100,US6311011026,USA,325104,USD,2024-02-07 12:00:00,17674.59283,17755.071477,17784.168996,17637.729518,880448.0
Nasdaq 100,US6311011026,USA,325104,USD,2024-02-08 12:00:00,17757.598004,17783.165956,17814.121747,17728.553972,836685.0
Nasdaq 100,US6311011026,USA,325104,USD,2024-02-09 12:00:00,17820.980684,17962.405127,17987.897282,17798.813444,870840.0
Nasdaq 100,US6311011026,USA,325104,USD,2024-02-12 12:00:00,17942.283933,17882.660968,18041.454016,17859.657705,842016.0
Nasdaq 100,US6311011026,USA,325104,USD,2024-02-13 12:00:00,17519.795944,17600.42364,17717.668705,17478.232508,921151.0
Nasdaq 100,US6311011026,USA,325104,USD,2024-02-14 12:00:00,17728.899355,17807.630683,17815.181774,17619.922068,806859.0
Nasdaq 100,US6311011026,USA,325104,USD,2024-02-15 12:00:00,17815.32135,17845.723422,17864.584952,17722.305694,878378.0
Nasdaq 100,US6311011026,USA,325104,USD,2024-02-16 12:00:00,17853.594306,17685.98039,17864.158035,17663.399411,894293.0
Nasdaq 100,US6311011026,USA,325104,USD,2024-02-20 12:00:00,17591.167747,17546.095966,17657.079831,17399.407018,909720.0
Nasdaq 100,US6311011026,USA,325104,USD,2024-02-21 12:00:00,17412.788232,17478.908006,17482.130921,17319.438296,839227.0
Nasdaq 100,US6311011026,USA,325104,USD,2024-02-22 12:00:00,17857.755507,18004.702289,18034.804376,17808.260007,1023227.0
Nasdaq 100,US6311011026,USA,325104,USD,2024-02-23 12:00:00,18052.59244,17937.609738,18091.624449,17902.776699,921873.0
Nasdaq 100,US6311011026,USA,325104,USD,2024-02-26 12:00:00,17970.209331,17933.332348,18014.109105,17926.660733,841903.0
Nasdaq 100,US6311011026,USA,325104,USD,2024-02-27 12:00:00,17962.583145,17971.046509,17987.541261,17871.057498,747505.0
Nasdaq 100,US6311011026,USA,325104,USD,2024-02-28 12:00:00,17895.02622,17874.503533,17931.013066,17840.355807,696448.0
Nasdaq 100,US6311011026,USA,325104,USD,2024-02-29 12:00:00,17991.671317,18043.850013,18068.518334,17866.260629,1154902.0
Nasdaq 100,US6311011026,USA,325104,USD,2024-03-01 12:00:00,18069.285772,18302.90975,18333.256605,18064.438896,953237.0
Nasdaq 100,US6311011026,USA,325104,USD,2024-03-04 12:00:00,18290.09684,18226.482346,18313.428586,18218.245297,1045502.0
Nasdaq 100,US6311011026,USA,325104,USD,2024-03-05 12:00:00,18088.706119,17897.86741,18097.500693,17804.495402,960018.0
Nasdaq 100,US6311011026,USA,325104,USD,2024-03-06 12:00:00,18083.50873,18017.574686,18142.87814,17941.644679,938950.0
Nasdaq 100,US6311011026,USA,325104,USD,2024-03-07 12:00:00,18161.731673,18297.990402,18337.954078,18101.433144,928604.0
Nasdaq 100,US6311011026,USA,325104,USD,2024-03-08 12:00:00,18312.784977,18018.452421,18416.726887,17995.382851,1034015.0
Nasdaq 100,US6311011026,USA,325104,USD,2024-03-11 12:00:00,17959.679725,17951.691975,18003.049,17873.326705,832613.0
Nasdaq 100,US6311011026,USA,325104,USD,2024-03-12 12:00:00,18063.02362,18219.114549,18228.369612,17919.332702,819412.0
Nasdaq 100,US6311011026,USA,325104,USD,2024-03-13 12:00:00,18151.755285,18068.467315,18163.74242,18030.403137,879987.0
Nasdaq 100,US6311011026,USA,325104,USD,2024-03-14 12:00:00,18114.68602,18014.805871,18142.902979,17913.628985,996539.0
Nasdaq 100,US6311011026,USA,325104,USD,2024-03-15 12:00:00,17926.916927,17808.249941,17930.471629,17764.98817,1505069.0
Nasdaq 100,US6311011026,USA,325104,USD,2024-03-18 12:00:00,18024.238214,17985.006869,18124.324308,17973.087616,916033.0
Nasdaq 100,US6311011026,USA,325104,USD,2024-03-19 12:00:00,17902.515379,18032.204938,18039.822498,17809.14962,806752.0
Nasdaq 100,US6311011026,USA,325104,USD,2024-03-20 12:00:00,18067.698899,18240.106872,18249.119243,18003.240414,872802.0
Nasdaq 100,US6311011026,USA,325104,USD,2024-03-21 12:00:00,18438.23982,18320.375477,18464.703583,18317.095062,956877.0
Nasdaq 100,US6311011026,USA,325104,USD,2024-03-22 12:00:00,18293.148594,18339.442471,18386.252195,18267.489589,758643.0
Nasdaq 100,US6311011026,USA,325104,USD,2024-03-25 12:00:00,18215.543643,18277.063632,18337.347072,18189.27827,777183.0
Nasdaq 100,US6311011026,USA,325104,USD,2024-03-26 12:00:00,18329.285874,18210.536729,18378.700213,18207.87921,817115.0
Nasdaq 100,US6311011026,USA,325104,USD,2024-03-27 12:00:00,18338.186942,18280.842001,18344.086255,18168.204161,768622.0
Nasdaq 100,US6311011026,USA,325104,USD,2024-03-28 12:00:00,18263.410594,18254.688777,18308.316484,18231.383193,797790.0
Nasdaq 100,US6311011026,USA,325104,USD,2024-04-01 12:00:00,18280.819421,18293.198546,18391.582649,18211.275571,749352.0
Nasdaq 100,US6311011026,USA,325104,USD,2024-04-02 12:00:00,18076.432604,18121.78377,18135.574604,18002.266856,785984.0
Nasdaq 100,US6311011026,USA,325104,USD,2024-04-03 12:00:00,18054.444647,18160.190356,18238.665009,18045.419253,785644.0
Nasdaq 100,US6311011026,USA,325104,USD,2024-04-04 12:00:00,18331.023286,17878.779941,18362.287919,17875.746108,930506.0
Nasdaq 100,US6311011026,USA,325104,USD,2024-04-05 12:00:00,17940.27834,18108.456262,18202.955518,17912.858544,829309.0
Nasdaq 100,US6311011026,USA,325104,USD,2024-04-08 12:00:00,18130.441184,18100.192334,18178.656427,18050.689589,719911.0
Nasdaq 100,US6311011026,USA,325104,USD,2024-04-09 12:00:00,18188.86667,18169.904905,18210.023791,17973.07134,788513.0
Nasdaq 100,US6311011026,USA,325104,USD,2024-04-10 12:00:00,17957.956116,18011.654768,18040.829688,17932.415088,789832.0
Nasdaq 100,US6311011026,USA,325104,USD,2024-04-11 12:00:00,18085.112082,18307.982659,18337.150915,17998.252745,805994.0
Nasdaq 100,US6311011026,USA,325104,USD,2024-04-12 12:00:00,18117.671409,18003.486724,18166.493583,17952.0852,853810.0
Nasdaq 100,US6311011026,USA,325104,USD,2024-04-15 12:00:00,18143.254564,17706.832389,18152.080871,17676.346258,851923.0
Nasdaq 100,US6311011026,USA,325104,USD,2024-04-16 12:00:00,17691.448646,17713.66416,17817.726028,17660.889149,736725.0
Nasdaq 100,US6311011026,USA,325104,USD,2024-04-17 12:00:00,17785.822592,17493.62169,17788.538208,17459.571743,754820.0
Nasdaq 100,US6311011026,USA,325104,USD,2024-04-18 12:00:00,17514.770143,17394.314172,17590.811654,17376.494006,744153.0
Nasdaq 100,US6311011026,USA,325104,USD,2024-04-19 12:00:00,17334.710226,17037.645651,17362.280683,16973.941962,1009984.0
Nasdaq 100,US6311011026,USA,325104,USD,2024-04-22 12:00:00,17161.108989,17210.885568,17305.153005,17010.254835,781790.0
Nasdaq 100,US6311011026,USA,325104,USD,2024-04-23 12:00:00,17297.238662,17471.471369,17513.307238,17277.254843,760009.0
Nasdaq 100,US6311011026,USA,325104,USD,2024-04-24 12:00:00,17613.661781,17526.800463,17653.657529,17435.332143,906291.0
Nasdaq 100,US6311011026,USA,325104,USD,2024-04-25 12:00:00,17205.279479,17430.503591,17474.460953,17172.422812,1000956.0
Nasdaq 100,US6311011026,USA,325104,USD,2024-04-26 12:00:00,17566.223281,17718.298721,17772.776422,17533.080879,995354.0
Nasdaq 100,US6311011026,USA,325104,USD,2024-04-29 12:00:00,17801.13947,17782.715054,17820.000332,17671.032533,963648.0
Nasdaq 100,US6311011026,USA,325104,USD,2024-04-30 12:00:00,17720.353153,17440.691837,17768.869334,17440.691837,1064480.0
Nasdaq 100,US6311011026,USA,325104,USD,2024-05-01 12:00:00,17382.776787,17318.548594,17667.861523,17284.365817,1042427.0
Nasdaq 100,US6311011026,USA,325104,USD,2024-05-02 12:00:00,17474.915125,17541.541343,17575.804571,17290.636502,869374.0
Nasdaq 100,US6311011026,USA,325104,USD,2024-05-03 12:00:00,17848.66066,17890.795322,17926.9779,17784.781209,917641.0
Nasdaq 100,US6311011026,USA,325104,USD,2024-05-06 12:00:00,17950.983982,18093.565898,18094.460521,17937.281939,766706.0
Nasdaq 100,US6311011026,USA,325104,USD,2024-05-07 12:00:00,18106.332001,18091.446199,18156.318889,18061.605213,778374.0
Nasdaq 100,US6311011026,USA,325104,USD,2024-05-08 12:00:00,17987.704648,18085.01164,18135.34399,17987.704648,686460.0
Nasdaq 100,US6311011026,USA,325104,USD,2024-05-09 12:00:00,18095.796482,18113.462907,18138.018712,18012.618109,684250.0
Nasdaq 100,US6311011026,USA,325104,USD,2024-05-10 12:00:00,18171.145506,18161.179899,18247.608639,18099.725389,659198.0
Nasdaq 100,US6311011026,USA,325104,USD,2024-05-13 12:00:00,18228.404926,18198.614122,18233.49531,18147.572719,689262.0
Nasdaq 100,US6311011026,USA,325104,USD,2024-05-14 12:00:00,18187.506352,18322.770601,18339.579507,18175.297253,699943.0
Nasdaq 100,US6311011026,USA,325104,USD,2024-05-15 12:00:00,18412.806993,18596.651341,18607.527295,18359.319509,822167.0
Nasdaq 100,US6311011026,USA,325104,USD,2024-05-16 12:00:00,18589.977491,18557.964382,18669.497743,18553.302792,775553.0
Nasdaq 100,US6311011026,USA,325104,USD,2024-05-17 12:00:00,18571.821138,18546.229814,18590.36816,18462.253428,687248.0
Nasdaq 100,US6311011026,USA,325104,USD,2024-05-20 12:00:00,18559.216523,18674.186912,18703.828644,18549.840164,637718.0
Nasdaq 100,US6311011026,USA,325104,USD,2024-05-21 12:00:00,18603.986559,18713.797754,18721.177015,18589.912452,740963.0
Nasdaq 100,US6311011026,USA,325104,USD,2024-05-22 12:00:00,18733.544687,18705.202332,18756.687524,18606.160478,782470.0
Nasdaq 100,US6311011026,USA,325104,USD,2024-05-23 12:00:00,18907.137055,18623.387341,18907.543383,18554.889949,901228.0
Nasdaq 100,US6311011026,USA,325104,USD,2024-05-24 12:00:00,18669.358903,18808.346734,18851.988978,18664.787893,672806.0
Nasdaq 100,US6311011026,USA,325104,USD,2024-05-28 12:00:00,18855.150159,18869.440037,18875.197139,18755.944478,785009.0
Nasdaq 100,US6311011026,USA,325104,USD,2024-05-29 12:00:00,18708.07363,18736.754522,18814.815205,18706.624582,724841.0
Nasdaq 100,US6311011026,USA,325104,USD,2024-05-30 12:00:00,18683.245658,18538.662594,18705.261364,18487.762651,776500.0
Nasdaq 100,US6311011026,USA,325104,USD,2024-05-31 12:00:00,18550.802952,18536.65084,18574.564526,18189.780394,1357498.0
Nasdaq 100,US6311011026,USA,325104,USD,2024-06-03 12:00:00,18666.722693,18600.974302,18707.218645,18392.572192,771208.0
Nasdaq 100,US6311011026,USA,325104,USD,2024-06-04 12:00:00,18597.999512,18654.836638,18697.946776,18521.850417,724847.0
Nasdaq 100,US6311011026,USA,325104,USD,2024-06-05 12:00:00,18791.279482,19035.04844,19035.868113,18768.254441,826412.0
Nasdaq 100,US6311011026,USA,325104,USD,2024-06-06 12:00:00,19053.006484,19021.193383,19071.786759,18978.858125,769940.0
Nasdaq 100,US6311011026,USA,325104,USD,2024-06-07 12:00:00,18992.577294,19000.950689,19113.883045,18958.678897,628491.0
Nasdaq 100,US6311011026,USA,325104,USD,2024-06-10 12:00:00,18945.314303,19074.674696,19089.834842,18940.705354,1031228.0
Nasdaq 100,US6311011026,USA,325104,USD,2024-06-11 12:00:00,19031.397907,19210.184824,19212.633501,18966.561104,955375.0
Nasdaq 100,US6311011026,USA,325104,USD,2024-06-12 12:00:00,19358.259378,19465.179464,19556.895084,19347.280579,1222220.0
Nasdaq 100,US6311011026,USA,325104,USD,2024-06-13 12:00:00,19609.050895,19576.923659,19639.449702,19473.705237,1076777.0
Nasdaq 100,US6311011026,USA,325104,USD,2024-06-14 12:00:00,19557.220498,19659.800146,19664.594397,19534.622405,990341.0
Nasdaq 100,US6311011026,USA,325104,USD,2024-06-17 12:00:00,19681.855835,19902.748848,19977.841327,19623.714181,1098791.0
Nasdaq 100,US6311011026,USA,325104,USD,2024-06-18 12:00:00,19904.431823,19908.85759,19940.499613,19837.858837,1083321.0
Nasdaq 100,US6311011026,USA,325104,USD,2024-06-20 12:00:00,19962.967233,19752.297831,19979.927331,19685.03053,1399271.0
Nasdaq 100,US6311011026,USA,325104,USD,2024-06-21 12:00:00,19722.371585,19700.431222,19801.966906,19643.520312,2505125.0
Nasdaq 100,US6311011026,USA,325104,USD,2024-06-24 12:00:00,19648.231462,19474.619812,19723.201557,19472.529205,1253305.0
Nasdaq 100,US6311011026,USA,325104,USD,2024-06-25 12:00:00,19555.839136,19701.128649,19712.415452,19523.506722,1142566.0
Nasdaq 100,US6311011026,USA,325104,USD,2024-06-26 12:00:00,19671.068079,19751.047838,19763.545747,19654.183104,1147708.0
Nasdaq 100,US6311011026,USA,325104,USD,2024-06-27 12:00:00,19740.515013,19789.02701,19850.810183,19701.336249,1117888.0
Nasdaq 100,US6311011026,USA,325104,USD,2024-06-28 12:00:00,19817.004516,19682.870924,20017.714607,19665.848633,1512171.0
Nasdaq 100,US6311011026,USA,325104,USD,2024-07-01 12:00:00,19720.112062,19812.222529,19827.748803,19577.535467,1078352.0
Nasdaq 100,US6311011026,USA,325104,USD,2024-07-02 12:00:00,19746.22375,20011.892963,20014.91531,19741.809375,988010.0
Nasdaq 100,US6311011026,USA,325104,USD,2024-07-03 12:00:00,19995.279063,20186.633459,20186.633459,19995.279063,761523.0
Nasdaq 100,US6311011026,USA,325104,USD,2024-07-05 12:00:00,20224.1302,20391.966101,20406.994986,20201.500774,964553.0
Nasdaq 100,US6311011026,USA,325104,USD,2024-07-08 12:00:00,20393.887458,20439.541727,20455.380769,20363.370614,1006864.0
Nasdaq 100,US6311011026,USA,325104,USD,2024-07-09 12:00:00,20504.173451,20453.024024,20543.902898,20395.572412,1048277.0
Nasdaq 100,US6311011026,USA,325104,USD,2024-07-10 12:00:00,20533.270853,20675.378624,20690.966399,20479.942609,1004847.0
Nasdaq 100,US6311011026,USA,325104,USD,2024-07-11 12:00:00,20661.413262,20211.359519,20672.101811,20165.004073,1294091.0
Nasdaq 100,US6311011026,USA,325104,USD,2024-07-12 12:00:00,20226.234405,20331.493595,20526.084478,20217.9932,1016706.0
Nasdaq 100,US6311011026,USA,325104,USD,2024-07-15 12:00:00,20401.016341,20386.877297,20585.171199,20304.533308,936227.0
Nasdaq 100,US6311011026,USA,325104,USD,2024-07-16 12:00:00,20441.525094,20398.624292,20477.002101,20266.512378,915944.0
Nasdaq 100,US6311011026,USA,325104,USD,2024-07-17 12:00:00,20041.305683,19799.143365,20080.27082,19793.749311,1424622.0
Nasdaq 100,US6311011026,USA,325104,USD,2024-07-18 12:00:00,19936.241846,19705.094231,19947.979338,19575.788884,1246336.0
Nasdaq 100,US6311011026,USA,325104,USD,2024-07-19 12:00:00,19687.797988,19522.619667,19784.48004,19479.382687,1078453.0
Nasdaq 100,US6311011026,USA,325104,USD,2024-07-22 12:00:00,19751.01647,19822.865445,19861.721115,19638.371501,1041654.0
Nasdaq 100,US6311011026,USA,325104,USD,2024-07-23 12:00:00,19783.330209,19754.337045,19904.595468,19736.223995,856431.0
Nasdaq 100,US6311011026,USA,325104,USD,2024-07-24 12:00:00,19475.662277,19032.388062,19482.549533,19005.468055,1307618.0
Nasdaq 100,US6311011026,USA,325104,USD,2024-07-25 12:00:00,19041.152411,18830.584725,19227.199678,18721.705751,1412961.0
Nasdaq 100,US6311011026,USA,325104,USD,2024-07-26 12:00:00,18990.199424,19023.656247,19142.675527,18899.312002,1095756.0
Nasdaq 100,US6311011026,USA,325104,USD,2024-07-29 12:00:00,19122.429326,19059.486725,19224.58643,18974.512714,948722.0
Nasdaq 100,US6311011026,USA,325104,USD,2024-07-30 12:00:00,19129.562121,18796.273298,19165.418235,18667.218366,1330926.0
Nasdaq 100,US6311011026,USA,325104,USD,2024-07-31 12:00:00,19222.848895,19362.428048,19426.615508,19162.91389,1432596.0
Nasdaq 100,US6311011026,USA,325104,USD,2024-08-01 12:00:00,19375.965054,18890.386116,19538.973949,18737.092937,1552435.0
Nasdaq 100,US6311011026,USA,325104,USD,2024-08-02 12:00:00,18494.244295,18440.844965,18628.781725,18263.499453,1871434.0
Nasdaq 100,US6311011026,USA,325104,USD,2024-08-05 12:00:00,17444.401779,17895.155073,18169.487777,17435.385509,1820824.0
Nasdaq 100,US6311011026,USA,325104,USD,2024-08-06 12:00:00,17961.453484,18077.918028,18368.67733,17858.822149,1357705.0
Nasdaq 100,US6311011026,USA,325104,USD,2024-08-07 12:00:00,18345.449778,17867.365854,18445.746502,17851.075757,1323396.0
Nasdaq 100,US6311011026,USA,325104,USD,2024-08-08 12:00:00,18102.045283,18413.816822,18445.410653,17965.07287,1246447.0
Nasdaq 100,US6311011026,USA,325104,USD,2024-08-09 12:00:00,18373.888984,18513.103655,18567.629191,18313.784198,974053.0
Nasdaq 100,US6311011026,USA,325104,USD,2024-08-12 12:00:00,18548.228712,18542.025786,18665.746933,18433.608286,960705.0
Nasdaq 100,US6311011026,USA,325104,USD,2024-08-13 12:00:00,18724.840591,19006.432617,19013.013017,18723.744246,1179831.0
Nasdaq 100,US6311011026,USA,325104,USD,2024-08-14 12:00:00,19043.758277,19022.675295,19103.003775,18837.097143,1048575.0
Nasdaq 100,US6311011026,USA,325104,USD,2024-08-15 12:00:00,19251.86156,19490.145512,19502.921646,19239.944149,1186646.0
Nasdaq 100,US6311011026,USA,325104,USD,2024-08-16 12:00:00,19393.725996,19508.523906,19561.237333,19376.719189,1001633.0
Nasdaq 100,US6311011026,USA,325104,USD,2024-08-19 12:00:00,19521.932905,19766.485403,19767.426072,19445.103614,964121.0
Nasdaq 100,US6311011026,USA,325104,USD,2024-08-20 12:00:00,19736.349339,19719.821002,19835.383175,19652.181352,976575.0
Nasdaq 100,US6311011026,USA,325104,USD,2024-08-21 12:00:00,19758.471554,19824.838594,19885.335689,19690.636429,867680.0
Nasdaq 100,US6311011026,USA,325104,USD,2024-08-22 12:00:00,19911.280549,19491.835124,19938.890396,19459.862331,1069165.0
Nasdaq 100,US6311011026,USA,325104,USD,2024-08-23 12:00:00,19669.782487,19720.867535,19818.400029,19526.633529,959877.0
Nasdaq 100,US6311011026,USA,325104,USD,2024-08-26 12:00:00,19679.241403,19516.436838,19726.898408,19437.336684,1018852.0
Nasdaq 100,US6311011026,USA,325104,USD,2024-08-27 12:00:00,19450.573615,19581.522773,19617.921683,19369.525467,881631.0
Nasdaq 100,US6311011026,USA,325104,USD,2024-08-28 12:00:00,19567.453862,19350.781463,19587.039503,19221.48096,1022346.0
Nasdaq 100,US6311011026,USA,325104,USD,2024-08-29 12:00:00,19425.278636,19325.4544,19622.732832,19281.654365,1133955.0
Nasdaq 100,US6311011026,USA,325104,USD,2024-08-30 12:00:00,19506.268452,19574.639518,19582.169156,19326.614534,1208222.0
Nasdaq 100,US6311011026,USA,325104,USD,2024-09-03 12:00:00,19438.104663,18958.734953,19438.104663,18869.803548,1340963.0
Nasdaq 100,US6311011026,USA,325104,USD,2024-09-04 12:00:00,18832.638524,18921.396077,19070.81947,18808.759421,1104641.0
Nasdaq 100,US6311011026,USA,325104,USD,2024-09-05 12:00:00,18864.421411,18930.330228,19102.355083,18806.830988,1018030.0
Nasdaq 100,US6311011026,USA,325104,USD,2024-09-06 12:00:00,18903.032999,18421.312129,18930.766059,18400.967609,1312036.0
Nasdaq 100,US6311011026,USA,325104,USD,2024-09-09 12:00:00,18579.80392,18660.78045,18693.862734,18469.399594,1029258.0
Nasdaq 100,US6311011026,USA,325104,USD,2024-09-10 12:00:00,18722.153668,18829.135905,18845.739831,18570.669148,943841.0
Nasdaq 100,US6311011026,USA,325104,USD,2024-09-11 12:00:00,18866.003375,19237.304166,19266.389706,18531.581042,1230471.0
Nasdaq 100,US6311011026,USA,325104,USD,2024-09-12 12:00:00,19236.417054,19423.06912,19456.413357,19166.79697,1137772.0
Nasdaq 100,US6311011026,USA,325104,USD,2024-09-13 12:00:00,19396.100629,19514.5847,19556.803248,19384.688831,886362.0
Nasdaq 100,US6311011026,USA,325104,USD,2024-09-16 12:00:00,19412.791613,19423.06376,19446.064788,19294.176695,947979.0
Nasdaq 100,US6311011026,USA,325104,USD,2024-09-17 12:00:00,19539.746333,19432.396867,19596.34057,19337.116621,981532.0
Nasdaq 100,US6311011026,USA,325104,USD,2024-09-18 12:00:00,19478.505656,19344.494205,19643.508438,19330.810988,1054379.0
Nasdaq 100,US6311011026,USA,325104,USD,2024-09-19 12:00:00,19798.712439,19839.828777,19951.78671,19723.935066,1169887.0
Nasdaq 100,US6311011026,USA,325104,USD,2024-09-20 12:00:00,19816.288183,19791.488535,19845.697479,19632.727538,2182024.0
Nasdaq 100,US6311011026,USA,325104,USD,2024-09-23 12:00:00,19848.705237,19852.197936,19892.778739,19797.82085,1014178.0
Nasdaq 100,US6311011026,USA,325104,USD,2024-09-24 12:00:00,19917.564333,19944.843314,19984.467485,19739.666799,1109420.0
Nasdaq 100,US6311011026,USA,325104,USD,2024-09-25 12:00:00,19922.279962,19972.607949,20043.431523,19921.21901,995776.0
Nasdaq 100,US6311011026,USA,325104,USD,2024-09-26 12:00:00,20273.29924,20115.538018,20273.29924,19966.989252,1149849.0
Nasdaq 100,US6311011026,USA,325104,USD,2024-09-27 12:00:00,20147.274777,20008.624097,20152.529674,19964.127222,977691.0
Nasdaq 100,US6311011026,USA,325104,USD,2024-09-30 12:00:00,19959.257422,20060.686608,20072.424582,19852.847495,939081.0
Nasdaq 100,US6311011026,USA,325104,USD,2024-10-01 12:00:00,20046.061565,19773.302652,20056.196697,19622.294051,1112450.0
Nasdaq 100,US6311011026,USA,325104,USD,2024-10-02 12:00:00,19725.94854,19802.584797,19876.701363,19630.910747,851844.0
Nasdaq 100,US6311011026,USA,325104,USD,2024-10-03 12:00:00,19712.330063,19793.342885,19902.696458,19688.221519,896194.0
Nasdaq 100,US6311011026,USA,325104,USD,2024-10-04 12:00:00,20025.156026,20035.016918,20045.691398,19829.485827,937514.0
Nasdaq 100,US6311011026,USA,325104,USD,2024-10-07 12:00:00,19954.661812,19800.739536,19990.120497,19763.043227,1091570.0
Nasdaq 100,US6311011026,USA,325104,USD,2024-10-08 12:00:00,19902.214269,20107.776734,20132.669492,19881.082673,1000892.0
Nasdaq 100,US6311011026,USA,325104,USD,2024-10-09 12:00:00,20097.560698,20268.859058,20284.421087,20047.863221,898211.0
Nasdaq 100,US6311011026,USA,325104,USD,2024-10-10 12:00:00,20165.24656,20241.76101,20314.237518,20117.203209,908002.0
Nasdaq 100,US6311011026,USA,325104,USD,2024-10-11 12:00:00,20154.834573,20271.973879,20313.196701,20142.175388,844725.0
Nasdaq 100,US6311011026,USA,325104,USD,2024-10-14 12:00:00,20366.0574,20439.04551,20493.903272,20355.055762,853450.0
Nasdaq 100,US6311011026,USA,325104,USD,2024-10-15 12:00:00,20442.768022,20159.826065,20484.310746,20083.554527,1206571.0
Nasdaq 100,US6311011026,USA,325104,USD,2024-10-16 12:00:00,20172.868275,20174.049265,20200.593257,20036.734319,933326.0
Nasdaq 100,US6311011026,USA,325104,USD,2024-10-17 12:00:00,20375.286534,20190.424319,20377.651933,20186.431849,999098.0
Nasdaq 100,US6311011026,USA,325104,USD,2024-10-18 12:00:00,20288.477807,20324.041566,20360.285659,20273.551715,831013.0
Nasdaq 100,US6311011026,USA,325104,USD,2024-10-21 12:00:00,20280.490587,20361.466259,20386.678184,20193.025185,846401.0
Nasdaq 100,US6311011026,USA,325104,USD,2024-10-22 12:00:00,20256.971831,20383.645314,20437.929713,20218.852986,833936.0
Nasdaq 100,US6311011026,USA,325104,USD,2024-10-23 12:00:00,20303.548201,20066.955947,20312.776583,19934.922101,979711.0
Nasdaq 100,US6311011026,USA,325104,USD,2024-10-24 12:00:00,20197.616806,20232.872392,20256.383274,20116.883468,927168.0
Nasdaq 100,US6311011026,USA,325104,USD,2024-10-25 12:00:00,20354.912351,20352.015344,20552.819798,20322.251795,978451.0
Nasdaq 100,US6311011026,USA,325104,USD,2024-10-28 12:00:00,20455.005822,20351.068206,20470.431026,20344.823628,826983.0
Nasdaq 100,US6311011026,USA,325104,USD,2024-10-29 12:00:00,20369.081108,20550.652722,20600.098773,20294.577254,984166.0
Nasdaq 100,US6311011026,USA,325104,USD,2024-10-30 12:00:00,20510.92039,20387.699707,20559.515738,20378.748637,1279268.0
Nasdaq 100,US6311011026,USA,325104,USD,2024-10-31 12:00:00,20227.189024,19890.415458,20227.189024,19880.258038,1369253.0
Nasdaq 100,US6311011026,USA,325104,USD,2024-11-01 12:00:00,19955.828216,20033.141777,20162.536252,19950.985711,1200355.0
Nasdaq 100,US6311011026,USA,325104,USD,2024-11-04 12:00:00,20011.548752,19963.602434,20106.992812,19898.565792,974221.0
Nasdaq 100,US6311011026,USA,325104,USD,2024-11-05 12:00:00,20042.926192,20227.456403,20249.20456,20042.926192,863488.0
Nasdaq 100,US6311011026,USA,325104,USD,2024-11-06 12:00:00,20571.294694,20781.333997,20807.034452,20526.641247,1486518.0
Nasdaq 100,US6311011026,USA,325104,USD,2024-11-07 12:00:00,20896.406804,21101.566378,21132.796459,20896.406804,1229261.0
Nasdaq 100,US6311011026,USA,325104,USD,2024-11-08 12:00:00,21083.577205,21117.17909,21155.001527,21050.315825,1137604.0
Nasdaq 100,US6311011026,USA,325104,USD,2024-11-11 12:00:00,21171.242933,21106.591057,21182.024913,20993.482279,1094125.0
Nasdaq 100,US6311011026,USA,325104,USD,2024-11-12 12:00:00,21105.485954,21070.792634,21144.670742,20946.738914,1051445.0
Nasdaq 100,US6311011026,USA,325104,USD,2024-11-13 12:00:00,21049.657053,21036.163645,21154.935585,20955.239236,1041274.0
Nasdaq 100,US6311011026,USA,325104,USD,2024-11-14 12:00:00,21052.068679,20896.673199,21067.655635,20864.022162,1076230.0
Nasdaq 100,US6311011026,USA,325104,USD,2024-11-15 12:00:00,20679.981671,20394.133269,20684.565112,20315.078368,1285418.0
Nasdaq 100,US6311011026,USA,325104,USD,2024-11-18 12:00:00,20450.20482,20539.191573,20622.280655,20401.257329,1178162.0
Nasdaq 100,US6311011026,USA,325104,USD,2024-11-19 12:00:00,20435.676353,20684.593468,20696.46625,20423.300916,1148134.0
Nasdaq 100,US6311011026,USA,325104,USD,2024-11-20 12:00:00,20660.838864,20667.104238,20676.569867,20402.545114,1033317.0
Nasdaq 100,US6311011026,USA,325104,USD,2024-11-21 12:00:00,20775.269952,20740.780728,20814.931558,20436.801628,1351492.0
Nasdaq 100,US6311011026,USA,325104,USD,2024-11-22 12:00:00,20737.490296,20776.229553,20797.236599,20655.72073,1095873.0
Nasdaq 100,US6311011026,USA,325104,USD,2024-11-25 12:00:00,20918.757972,20804.892649,20998.484704,20712.379856,1530029.0
Nasdaq 100,US6311011026,USA,325104,USD,2024-11-26 12:00:00,20871.553319,20922.898018,20944.898277,20832.403676,973342.0
Nasdaq 100,US6311011026,USA,325104,USD,2024-11-27 12:00:00,20852.427635,20744.488028,20853.078723,20615.42039,887119.0
Nasdaq 100,US6311011026,USA,325104,USD,2024-11-29 12:00:00,20771.019671,20930.366229,20956.307644,20751.963939,627966.0
Nasdaq 100,US6311011026,USA,325104,USD,2024-12-02 12:00:00,20971.755829,21164.595714,21201.029649,20971.755829,1239167.0
Nasdaq 100,US6311011026,USA,325104,USD,2024-12-03 12:00:00,21106.513229,21229.316929,21235.785358,21081.805149,1084607.0
Nasdaq 100,US6311011026,USA,325104,USD,2024-12-04 12:00:00,21361.813144,21492.362005,21498.441152,21340.841028,1135522.0
Nasdaq 100,US6311011026,USA,325104,USD,2024-12-05 12:00:00,21488.518978,21425.222503,21517.488155,21411.528753,1059193.0
Nasdaq 100,US6311011026,USA,325104,USD,2024-12-06 12:00:00,21458.581106,21622.254238,21626.313399,21449.615631,1008579.0
Nasdaq 100,US6311011026,USA,325104,USD,2024-12-09 12:00:00,21573.760044,21440.819843,21609.987564,21400.767545,1176426.0
Nasdaq 100,US6311011026,USA,325104,USD,2024-12-10 12:00:00,21492.508554,21368.180542,21567.017796,21313.273727,1128972.0
Nasdaq 100,US6311011026,USA,325104,USD,2024-12-11 12:00:00,21540.377548,21763.98404,21784.713475,21533.890746,1120444.0
Nasdaq 100,US6311011026,USA,325104,USD,2024-12-12 12:00:00,21652.85204,21615.27316,21715.833118,21596.664748,960504.0
Nasdaq 100,US6311011026,USA,325104,USD,2024-12-13 12:00:00,21789.647046,21780.254257,21886.7402,21646.086129,1135572.0
Nasdaq 100,US6311011026,USA,325104,USD,2024-12-16 12:00:00,21891.362879,22096.65693,22133.217097,21879.735567,1306012.0
Nasdaq 100,US6311011026,USA,325104,USD,2024-12-17 12:00:00,22003.642746,22001.083879,22062.002997,21921.205706,1251157.0
Nasdaq 100,US6311011026,USA,325104,USD,2024-12-18 12:00:00,21979.527355,21209.314783,22038.081478,21146.827984,1367870.0
Nasdaq 100,US6311011026,USA,325104,USD,2024-12-19 12:00:00,21358.787456,21110.506397,21413.736382,21093.454838,1245908.0
Nasdaq 100,US6311011026,USA,325104,USD,2024-12-20 12:00:00,20939.642671,21289.15437,21540.317294,20913.720261,2252864.0
Nasdaq 100,US6311011026,USA,325104,USD,2024-12-23 12:00:00,21364.261425,21503.170678,21510.090519,21224.268479,987348.0
Nasdaq 100,US6311011026,USA,325104,USD,2024-12-24 12:00:00,21564.369135,21797.650861,21797.650861,21558.966275,599110.0
Nasdaq 100,US6311011026,USA,325104,USD,2024-12-26 12:00:00,21733.982695,21768.311803,21837.695731,21645.617072,665523.0
Nasdaq 100,US6311011026,USA,325104,USD,2024-12-27 12:00:00,21633.09593,21473.01468,21642.263958,21292.194142,869244.0
Nasdaq 100,US6311011026,USA,325104,USD,2024-12-30 12:00:00,21189.103083,21197.089182,21346.061745,21046.631745,864676.0
Nasdaq 100,US6311011026,USA,325104,USD,2024-12-31 12:00:00,21256.023314,21012.173704,21276.141011,20979.518965,759066.0
Nasdaq 100,US6311011026,USA,325104,USD,2025-01-02 12:00:00,21120.05388,20975.624009,21236.593808,20800.500031,972630.0
Nasdaq 100,US6311011026,USA,325104,USD,2025-01-03 12:00:00,21096.78719,21326.15723,21359.631785,21075.890596,941120.0
Nasdaq 100,US6311011026,USA,325104,USD,2025-01-06 12:00:00,21551.175567,21559.500328,21703.491331,21462.521969,1221977.0
Nasdaq 100,US6311011026,USA,325104,USD,2025-01-07 12:00:00,21619.886746,21173.043095,21621.252662,21101.092013,1200710.0
Nasdaq 100,US6311011026,USA,325104,USD,2025-01-08 12:00:00,21156.755286,21180.964799,21242.609863,20992.083988,1008729.0
Nasdaq 100,US6311011026,USA,325104,USD,2025-01-10 12:00:00,21012.290061,20847.581685,21015.506211,20718.782479,1136055.0
Nasdaq 100,US6311011026,USA,325104,USD,2025-01-13 12:00:00,20593.648261,20784.724064,20797.101344,20538.326827,1006978.0
Nasdaq 100,US6311011026,USA,325104,USD,2025-01-14 12:00:00,20896.361819,20757.409825,20969.516678,20622.716397,937082.0
Nasdaq 100,US6311011026,USA,325104,USD,2025-01-15 12:00:00,21067.80548,21237.852356,21286.012327,21024.266099,997988.0
Nasdaq 100,US6311011026,USA,325104,USD,2025-01-16 12:00:00,21324.975006,21091.251777,21330.585655,21087.850783,978832.0
Nasdaq 100,US6311011026,USA,325104,USD,2025-01-17 12:00:00,21461.902245,21441.154923,21515.764427,21334.631131,1223847.0
Nasdaq 100,US6311011026,USA,325104,USD,2025-01-21 12:00:00,21557.818732,21566.506688,21620.227376,21379.060225,1137226.0
Nasdaq 100,US6311011026,USA,325104,USD,2025-01-22 12:00:00,21756.232948,21852.996331,21943.036422,21756.232948,1107658.0
Nasdaq 100,US6311011026,USA,325104,USD,2025-01-23 12:00:00,21737.238427,21900.92971,21900.92971,21722.040137,918431.0
Nasdaq 100,US6311011026,USA,325104,USD,2025-01-24 12:00:00,21915.478399,21774.01108,21945.482064,21709.060652,1037910.0
Nasdaq 100,US6311011026,USA,325104,USD,2025-01-27 12:00:00,21000.166226,21127.278825,21292.537537,20974.900924,2043890.0
Nasdaq 100,US6311011026,USA,325104,USD,2025-01-28 12:00:00,21186.079338,21463.037259,21500.726134,21043.128556,1519007.0
Nasdaq 100,US6311011026,USA,325104,USD,2025-01-29 12:00:00,21473.012725,21411.457951,21477.877648,21251.801494,1206471.0
Nasdaq 100,US6311011026,USA,325104,USD,2025-01-30 12:00:00,21519.814156,21508.123335,21623.453084,21308.690613,1360087.0
Nasdaq 100,US6311011026,USA,325104,USD,2025-01-31 12:00:00,21661.561594,21478.047807,21846.011638,21425.787493,1424313.0
Nasdaq 100,US6311011026,USA,325104,USD,2025-02-03 12:00:00,21084.638958,21297.58216,21406.577562,21004.351424,1351100.0
Nasdaq 100,US6311011026,USA,325104,USD,2025-02-04 12:00:00,21319.57568,21566.917698,21582.401071,21308.236154,1278344.0
Nasdaq 100,US6311011026,USA,325104,USD,2025-02-05 12:00:00,21453.867069,21658.163763,21662.980398,21408.640006,1301892.0
Nasdaq 100,US6311011026,USA,325104,USD,2025-02-06 12:00:00,21674.171377,21774.065213,21776.082732,21618.247447,1143073.0
Nasdaq 100,US6311011026,USA,325104,USD,2025-02-07 12:00:00,21776.282878,21491.308537,21869.31969,21465.461106,1239864.0
Nasdaq 100,US6311011026,USA,325104,USD,2025-02-10 12:00:00,21670.062008,21756.734185,21793.130621,21645.167559,1079228.0
Nasdaq 100,US6311011026,USA,325104,USD,2025-02-11 12:00:00,21629.107929,21693.521302,21776.249763,21625.505679,1099302.0
Nasdaq 100,US6311011026,USA,325104,USD,2025-02-12 12:00:00,21475.406144,21719.261432,21745.663461,21454.191928,1104214.0
Nasdaq 100,US6311011026,USA,325104,USD,2025-02-13 12:00:00,21786.158055,22030.714363,22038.150343,21758.035733,1330888.0
Nasdaq 100,US6311011026,USA,325104,USD,2025-02-14 12:00:00,22038.606049,22114.688561,22139.43284,22010.346138,1203473.0
Nasdaq 100,US6311011026,USA,325104,USD,2025-02-18 12:00:00,22176.013313,22164.605695,22191.366348,22029.576772,1367075.0
Nasdaq 100,US6311011026,USA,325104,USD,2025-02-19 12:00:00,22121.730711,22175.597938,22222.609675,22045.754091,1159449.0
Nasdaq 100,US6311011026,USA,325104,USD,2025-02-20 12:00:00,22132.712249,22068.057125,22148.443708,21878.753586,1194041.0
Nasdaq 100,US6311011026,USA,325104,USD,2025-02-21 12:00:00,22110.542514,21614.079497,22115.205542,21597.155642,1346102.0
Nasdaq 100,US6311011026,USA,325104,USD,2025-02-24 12:00:00,21669.357846,21352.079643,21727.57942,21341.957629,1350665.0
Nasdaq 100,US6311011026,USA,325104,USD,2025-02-25 12:00:00,21318.773368,21087.245289,21326.809237,20930.57754,1464606.0
Nasdaq 100,US6311011026,USA,325104,USD,2025-02-26 12:00:00,21170.506093,21132.919061,21350.519341,21012.615443,1262074.0
Nasdaq 100,US6311011026,USA,325104,USD,2025-02-27 12:00:00,21281.356711,20550.953239,21323.905741,20540.680425,1577977.0
Nasdaq 100,US6311011026,USA,325104,USD,2025-02-28 12:00:00,20518.650027,20884.408095,20900.767884,20407.449592,1686247.0
Nasdaq 100,US6311011026,USA,325104,USD,2025-03-03 12:00:00,20989.575782,20425.584027,21073.803294,20279.497319,1593213.0
Nasdaq 100,US6311011026,USA,325104,USD,2025-03-04 12:00:00,20281.885117,20352.528014,20688.463249,20034.676739,1714444.0
Nasdaq 100,US6311011026,USA,325104,USD,2025-03-05 12:00:00,20363.223577,20628.464499,20688.719569,20182.573081,1342020.0
Nasdaq 100,US6311011026,USA,325104,USD,2025-03-06 12:00:00,20231.738502,20052.634856,20473.404923,19968.555959,1478023.0
Nasdaq 100,US6311011026,USA,325104,USD,2025-03-07 12:00:00,20015.615168,20201.372509,20253.217064,19736.806155,1536771.0
Nasdaq 100,US6311011026,USA,325104,USD,2025-03-10 12:00:00,19826.95951,19430.952713,19867.083804,19243.3094,1804022.0
Nasdaq 100,US6311011026,USA,325104,USD,2025-03-11 12:00:00,19405.519003,19376.959812,19659.427036,19180.557223,1613954.0
Nasdaq 100,US6311011026,USA,325104,USD,2025-03-12 12:00:00,19663.387345,19596.020181,19756.086857,19375.253626,1439532.0
Nasdaq 100,US6311011026,USA,325104,USD,2025-03-13 12:00:00,19534.373781,19225.482683,19558.560261,19152.568799,1467949.0
Nasdaq 100,US6311011026,USA,325104,USD,2025-03-14 12:00:00,19458.889893,19704.635598,19729.208559,19436.041689,1304039.0
Nasdaq 100,US6311011026,USA,325104,USD,2025-03-17 12:00:00,19670.688234,19812.23549,19943.805962,19622.470428,1288929.0
Nasdaq 100,US6311011026,USA,325104,USD,2025-03-18 12:00:00,19657.09709,19483.359621,19676.050604,19397.074921,1243467.0
Nasdaq 100,US6311011026,USA,325104,USD,2025-03-19 12:00:00,19576.320431,19736.661623,19921.619896,19497.791146,1289923.0
Nasdaq 100,US6311011026,USA,325104,USD,2025-03-20 12:00:00,19558.275209,19677.608659,19888.852899,19549.314335,1183667.0
Nasdaq 100,US6311011026,USA,325104,USD,2025-03-21 12:00:00,19466.443936,19753.965605,19767.979864,19409.183639,1914025.0
Nasdaq 100,US6311011026,USA,325104,USD,2025-03-24 12:00:00,20041.206395,20180.444735,20208.842025,20024.97069,1313192.0
Nasdaq 100,US6311011026,USA,325104,USD,2025-03-25 12:00:00,20196.49763,20287.826257,20292.194382,20164.067308,1049809.0
Nasdaq 100,US6311011026,USA,325104,USD,2025-03-26 12:00:00,20239.0452,19916.991526,20270.1886,19848.494417,1244450.0
Nasdaq 100,US6311011026,USA,325104,USD,2025-03-27 12:00:00,19814.608584,19798.621941,20003.359861,19740.217712,1159638.0
Nasdaq 100,US6311011026,USA,325104,USD,2025-03-28 12:00:00,19718.456753,19281.399616,19752.452929,19241.538402,1277706.0
Nasdaq 100,US6311011026,USA,325104,USD,2025-03-31 12:00:00,18998.540441,19278.446893,19316.065279,18799.196544,1531952.0
Nasdaq 100,US6311011026,USA,325104,USD,2025-04-01 12:00:00,19192.773264,19436.422491,19468.624091,19095.172037,1112619.0
Nasdaq 100,US6311011026,USA,325104,USD,2025-04-02 12:00:00,19182.391064,19581.77663,19707.338064,19157.199774,1113009.0
Nasdaq 100,US6311011026,USA,325104,USD,2025-04-03 12:00:00,18774.147587,18521.47527,18902.070954,18502.972975,1985257.0
Nasdaq 100,US6311011026,USA,325104,USD,2025-04-04 12:00:00,18022.155351,17397.695036,18089.246434,17387.83389,2522317.0
Nasdaq 100,US6311011026,USA,325104,USD,2025-04-07 12:00:00,16771.765984,17430.68229,18191.50337,16542.199188,2670044.0
Nasdaq 100,US6311011026,USA,325104,USD,2025-04-08 12:00:00,18034.461191,17090.401474,18207.007544,16850.181821,2208253.0
Nasdaq 100,US6311011026,USA,325104,USD,2025-04-09 12:00:00,17116.527017,19145.062289,19234.018393,17082.354818,2970786.0
Nasdaq 100,US6311011026,USA,325104,USD,2025-04-10 12:00:00,18626.109996,18343.572498,18710.58137,17794.496811,2063742.0
Nasdaq 100,US6311011026,USA,325104,USD,2025-04-11 12:00:00,18309.287251,18690.054433,18728.953551,18153.324349,1565808.0
Nasdaq 100,US6311011026,USA,325104,USD,2025-04-14 12:00:00,19095.490138,18796.02074,19115.151847,18614.754588,1343250.0
Nasdaq 100,US6311011026,USA,325104,USD,2025-04-15 12:00:00,18831.976747,18830.227115,19004.173145,18754.868584,1074808.0
Nasdaq 100,US6311011026,USA,325104,USD,2025-04-16 12:00:00,18475.756449,18257.643118,18597.32315,17995.95535,1510495.0
Nasdaq 100,US6311011026,USA,325104,USD,2025-04-17 12:00:00,18369.898123,18258.092075,18401.049084,18144.455281,1218067.0
Nasdaq 100,US6311011026,USA,325104,USD,2025-04-21 12:00:00,18023.007253,17808.300696,18043.078021,17592.920502,1188989.0
Nasdaq 100,US6311011026,USA,325104,USD,2025-04-22 12:00:00,18033.899195,18276.406455,18396.387795,17993.241458,1197415.0
Nasdaq 100,US6311011026,USA,325104,USD,2025-04-23 12:00:00,18870.624509,18693.257936,19043.006864,18618.888111,1415827.0
Nasdaq 100,US6311011026,USA,325104,USD,2025-04-24 12:00:00,18756.526146,19214.400102,19224.796082,18744.472359,1290855.0
Nasdaq 100,US6311011026,USA,325104,USD,2025-04-25 12:00:00,19209.722864,19432.5591,19447.560058,19133.227298,1343946.0
Nasdaq 100,US6311011026,USA,325104,USD,2025-04-28 12:00:00,19432.724047,19427.289178,19519.328898,19162.458572,1199459.0
Nasdaq 100,US6311011026,USA,325104,USD,2025-04-29 12:00:00,19315.954388,19544.945495,19582.765738,19304.827778,997589.0
Nasdaq 100,US6311011026,USA,325104,USD,2025-04-30 12:00:00,19168.092555,19571.018251,19612.764471,19011.981391,1309453.0
Nasdaq 100,US6311011026,USA,325104,USD,2025-05-01 12:00:00,19866.829718,19786.709111,20024.480977,19763.139996,1293802.0
Nasdaq 100,US6311011026,USA,325104,USD,2025-05-02 12:00:00,19986.609097,20102.614142,20176.597404,19936.672989,1284081.0
Nasdaq 100,US6311011026,USA,325104,USD,2025-05-05 12:00:00,19928.820883,19967.942201,20100.607363,19899.279768,1063033.0
Nasdaq 100,US6311011026,USA,325104,USD,2025-05-06 12:00:00,19709.640654,19791.344984,19927.229267,19659.323855,1064870.0
Nasdaq 100,US6311011026,USA,325104,USD,2025-05-07 12:00:00,19804.497949,19867.972536,19960.858212,19605.06924,1354236.0
Nasdaq 100,US6311011026,USA,325104,USD,2025-05-08 12:00:00,20067.429209,20063.565426,20249.756764,19907.672083,1327941.0
Nasdaq 100,US6311011026,USA,325104,USD,2025-05-09 12:00:00,20170.369325,20061.449032,20203.578122,19984.528928,1017070.0
Nasdaq 100,US6311011026,USA,325104,USD,2025-05-12 12:00:00,20818.784133,20868.148782,20870.124473,20613.270184,1481072.0
Nasdaq 100,US6311011026,USA,325104,USD,2025-05-13 12:00:00,20906.922487,21197.698682,21259.387703,20891.175751,1479591.0
Nasdaq 100,US6311011026,USA,325104,USD,2025-05-14 12:00:00,21254.46842,21319.206142,21336.481549,21199.854188,1377896.0
Nasdaq 100,US6311011026,USA,325104,USD,2025-05-15 12:00:00,21206.734048,21335.822359,21443.881169,21168.167481,1191004.0
Nasdaq 100,US6311011026,USA,325104,USD,2025-05-16 12:00:00,21375.624558,21427.935755,21428.791623,21246.423477,1146723.0
Nasdaq 100,US6311011026,USA,325104,USD,2025-05-19 12:00:00,21138.126497,21447.053285,21464.562952,21138.126497,1026586.0
Nasdaq 100,US6311011026,USA,325104,USD,2025-05-20 12:00:00,21347.627304,21367.373838,21399.991634,21226.661453,995815.0
Nasdaq 100,US6311011026,USA,325104,USD,2025-05-21 12:00:00,21217.305246,21080.358919,21482.980189,21002.09455,1291721.0
Nasdaq 100,US6311011026,USA,325104,USD,2025-05-22 12:00:00,21097.460051,21112.47122,21263.181009,21046.223199,1107585.0
Nasdaq 100,US6311011026,USA,325104,USD,2025-05-23 12:00:00,20806.371622,20915.65486,21025.584473,20777.969542,1096855.0
Nasdaq 100,US6311011026,USA,325104,USD,2025-05-27 12:00:00,21201.445391,21414.990676,21429.319512,21145.132849,1229357.0
Nasdaq 100,US6311011026,USA,325104,USD,2025-05-28 12:00:00,21451.690971,21318.168484,21508.078059,21296.511158,1068425.0
Nasdaq 100,US6311011026,USA,325104,USD,2025-05-29 12:00:00,21611.535972,21363.950227,21611.535972,21260.724559,1244142.0
Nasdaq 100,US6311011026,USA,325104,USD,2025-05-30 12:00:00,21330.845884,21340.992523,21386.290824,21032.557191,1834388.0
Nasdaq 100,US6311011026,USA,325104,USD,2025-06-02 12:00:00,21270.574441,21491.748031,21500.357944,21199.370377,1083964.0
Nasdaq 100,US6311011026,USA,325104,USD,2025-06-03 12:00:00,21529.977251,21662.582091,21715.9588,21474.505581,1184932.0
Nasdaq 100,US6311011026,USA,325104,USD,2025-06-04 12:00:00,21689.020286,21721.918893,21761.369126,21607.325621,1074742.0
Nasdaq 100,US6311011026,USA,325104,USD,2025-06-05 12:00:00,21782.339634,21547.431417,21891.885904,21472.765088,1433980.0
Nasdaq 100,US6311011026,USA,325104,USD,2025-06-06 12:00:00,21777.497729,21761.789084,21836.572249,21696.685337,1106826.0
Nasdaq 100,US6311011026,USA,325104,USD,2025-06-09 12:00:00,21779.180375,21797.866326,21855.149736,21729.302796,1281923.0
Nasdaq 100,US6311011026,USA,325104,USD,2025-06-10 12:00:00,21819.784541,21941.919166,21961.421732,21727.341391,1281368.0
Nasdaq 100,US6311011026,USA,325104,USD,2025-06-11 12:00:00,21994.159063,21860.801359,22041.832506,21775.269779,1210169.0
Nasdaq 100,US6311011026,USA,325104,USD,2025-06-12 12:00:00,21826.79401,21913.320311,21952.002094,21807.002019,995262.0
Nasdaq 100,US6311011026,USA,325104,USD,2025-06-13 12:00:00,21675.94173,21631.03835,21838.472281,21591.108715,1126935.0
Nasdaq 100,US6311011026,USA,325104,USD,2025-06-16 12:00:00,21783.080828,21937.567801,21979.767082,21783.080828,1147500.0
Nasdaq 100,US6311011026,USA,325104,USD,2025-06-17 12:00:00,21858.89006,21719.077614,21896.416702,21680.174576,1078290.0
Nasdaq 100,US6311011026,USA,325104,USD,2025-06-18 12:00:00,21745.498203,21719.688816,21862.996258,21660.519027,1139608.0
Nasdaq 100,US6311011026,USA,325104,USD,2025-06-20 12:00:00,21834.487521,21626.387634,21902.985176,21552.804663,1947941.0
Nasdaq 100,US6311011026,USA,325104,USD,2025-06-23 12:00:00,21632.777364,21856.329611,21871.869766,21532.319416,1279367.0
Nasdaq 100,US6311011026,USA,325104,USD,2025-06-24 12:00:00,22053.329905,22190.521872,22220.638632,22045.632275,1306298.0
Nasdaq 100,US6311011026,USA,325104,USD,2025-06-25 12:00:00,22279.688924,22237.742545,22329.231044,22175.078145,1193821.0
Nasdaq 100,US6311011026,USA,325104,USD,2025-06-26 12:00:00,22328.239723,22447.291617,22466.989168,22255.273924,1215581.0
Nasdaq 100,US6311011026,USA,325104,USD,2025-06-27 12:00:00,22484.872986,22534.20256,22603.21828,22382.78693,1784416.0
Nasdaq 100,US6311011026,USA,325104,USD,2025-06-30 12:00:00,22632.923874,22679.00901,22721.502305,22565.106231,1280196.0
Nasdaq 100,US6311011026,USA,325104,USD,2025-07-01 12:00:00,22594.475585,22478.135308,22631.25766,22388.092773,1374837.0
Nasdaq 100,US6311011026,USA,325104,USD,2025-07-02 12:00:00,22451.812247,22641.886166,22644.718838,22448.06912,1196341.0
Nasdaq 100,US6311011026,USA,325104,USD,2025-07-03 12:00:00,22751.641196,22866.970707,22896.010512,22736.078687,767218.0
Nasdaq 100,US6311011026,USA,325104,USD,2025-07-07 12:00:00,22754.377454,22685.567969,22776.209832,22587.474451,1057683.0
Nasdaq 100,US6311011026,USA,325104,USD,2025-07-08 12:00:00,22735.259041,22702.250325,22761.802044,22652.439612,1166802.0
Nasdaq 100,US6311011026,USA,325104,USD,2025-07-09 12:00:00,22800.36411,22864.906621,22915.331631,22733.64766,1074694.0
Nasdaq 100,US6311011026,USA,325104,USD,2025-07-10 12:00:00,22890.426238,22829.26212,22907.04404,22716.407637,1045966.0
Nasdaq 100,US6311011026,USA,325104,USD,2025-07-11 12:00:00,22757.989523,22780.597312,22837.376478,22692.803769,1091480.0
Nasdaq 100,US6311011026,USA,325104,USD,2025-07-14 12:00:00,22780.191617,22855.631918,22886.937418,22675.280102,1048688.0
Nasdaq 100,US6311011026,USA,325104,USD,2025-07-15 12:00:00,23036.864401,22884.588422,23051.865547,22876.467461,1228615.0
Nasdaq 100,US6311011026,USA,325104,USD,2025-07-16 12:00:00,22895.297006,22907.966739,22928.554057,22669.369819,1186415.0
Nasdaq 100,US6311011026,USA,325104,USD,2025-07-17 12:00:00,22931.01551,23081.0477,23104.716243,22905.509094,1254632.0
Nasdaq 100,US6311011026,USA,325104,USD,2025-07-18 12:00:00,23135.088324,23065.473881,23153.212943,23018.357925,1136601.0
Nasdaq 100,US6311011026,USA,325104,USD,2025-07-21 12:00:00,23124.967173,23180.061804,23264.45126,23122.934035,984756.0
Nasdaq 100,US6311011026,USA,325104,USD,2025-07-22 12:00:00,23182.02291,23063.578321,23186.362596,22953.849685,1108715.0
Nasdaq 100,US6311011026,USA,325104,USD,2025-07-23 12:00:00,23100.250705,23162.405994,23168.49322,23000.458686,1155686.0
Nasdaq 100,US6311011026,USA,325104,USD,2025-07-24 12:00:00,23228.789107,23219.86486,23268.492485,23150.267258,1276313.0
Nasdaq 100,US6311011026,USA,325104,USD,2025-07-25 12:00:00,23204.663545,23272.24578,23326.297175,23193.991018,1245381.0
Nasdaq 100,US6311011026,USA,325104,USD,2025-07-28 12:00:00,23343.12922,23356.269963,23386.758756,23299.813788,1108000.0
Nasdaq 100,US6311011026,USA,325104,USD,2025-07-29 12:00:00,23477.839517,23308.302958,23510.917987,23283.397017,1233153.0
Nasdaq 100,US6311011026,USA,325104,USD,2025-07-30 12:00:00,23337.325872,23345.414311,23447.147849,23226.917597,1234680.0
Nasdaq 100,US6311011026,USA,325104,USD,2025-07-31 12:00:00,23589.368322,23218.123784,23589.368322,23176.124333,1553333.0
Nasdaq 100,US6311011026,USA,325104,USD,2025-08-01 12:00:00,22941.063129,22763.313294,22972.471593,22673.875347,1462196.0
Nasdaq 100,US6311011026,USA,325104,USD,2025-08-04 12:00:00,22986.771514,23188.608219,23191.044819,22973.597767,1190941.0
Nasdaq 100,US6311011026,USA,325104,USD,2025-08-05 12:00:00,23235.314567,23018.559939,23286.046308,23008.137319,1174960.0
Nasdaq 100,US6311011026,USA,325104,USD,2025-08-06 12:00:00,23070.95304,23315.043685,23330.490772,23042.271673,1238026.0
Nasdaq 100,US6311011026,USA,325104,USD,2025-08-07 12:00:00,23483.419134,23389.528424,23560.729383,23225.718437,1334334.0
Nasdaq 100,US6311011026,USA,325104,USD,2025-08-08 12:00:00,23458.13532,23611.266474,23619.242181,23437.605717,1260308.0
Nasdaq 100,US6311011026,USA,325104,USD,2025-08-11 12:00:00,23629.014992,23526.634197,23697.996973,23484.252506,1231852.0
Nasdaq 100,US6311011026,USA,325104,USD,2025-08-12 12:00:00,23651.608242,23839.196398,23849.501511,23524.277286,1180805.0
Nasdaq 100,US6311011026,USA,325104,USD,2025-08-13 12:00:00,23935.062846,23849.039602,23969.274581,23789.115066,1218880.0
Nasdaq 100,US6311011026,USA,325104,USD,2025-08-14 12:00:00,23775.007209,23832.441893,23908.256323,23748.984908,1182239.0
Nasdaq 100,US6311011026,USA,325104,USD,2025-08-15 12:00:00,23808.995978,23712.070038,23813.986435,23651.206395,1361998.0
Nasdaq 100,US6311011026,USA,325104,USD,2025-08-18 12:00:00,23692.125176,23713.758687,23733.497946,23637.408828,1053502.0
Nasdaq 100,US6311011026,USA,325104,USD,2025-08-19 12:00:00,23689.014576,23384.77003,23695.645091,23346.335889,1364323.0
Nasdaq 100,US6311011026,USA,325104,USD,2025-08-20 12:00:00,23343.412927,23249.570005,23343.412927,22959.700539,1385584.0
Nasdaq 100,US6311011026,USA,325104,USD,2025-08-21 12:00:00,23182.757167,23142.580452,23264.268955,23046.386975,917003.0
Nasdaq 100,US6311011026,USA,325104,USD,2025-08-22 12:00:00,23184.993422,23498.115139,23575.358109,23140.041986,1335487.0
Nasdaq 100,US6311011026,USA,325104,USD,2025-08-25 12:00:00,23454.278124,23425.604568,23546.446514,23382.193341,1124937.0
Nasdaq 100,US6311011026,USA,325104,USD,2025-08-26 12:00:00,23420.847304,23525.293079,23532.51231,23369.039557,1228419.0
Nasdaq 100,US6311011026,USA,325104,USD,2025-08-27 12:00:00,23499.673984,23565.845792,23591.054706,23434.31185,976675.0
Nasdaq 100,US6311011026,USA,325104,USD,2025-08-28 12:00:00,23601.345034,23703.450438,23741.233308,23514.697221,1115928.0
Nasdaq 100,US6311011026,USA,325104,USD,2025-08-29 12:00:00,23607.540001,23415.419809,23607.540001,23353.961792,1179649.0
Nasdaq 100,US6311011026,USA,325104,USD,2025-09-02 12:00:00,23020.468937,23231.108082,23242.280964,22977.885366,1171231.0
Nasdaq 100,US6311011026,USA,325104,USD,2025-09-03 12:00:00,23388.278163,23414.839426,23478.007852,23279.119525,1223802.0
Nasdaq 100,US6311011026,USA,325104,USD,2025-09-04 12:00:00,23442.189339,23633.01256,23639.036718,23371.334291,1090748.0
Nasdaq 100,US6311011026,USA,325104,USD,2025-09-05 12:00:00,23841.980402,23652.442912,23860.252499,23475.326276,1374244.0
Nasdaq 100,US6311011026,USA,325104,USD,2025-09-08 12:00:00,23759.62446,23762.300318,23851.808703,23725.03913,1120246.0
Nasdaq 100,US6311011026,USA,325104,USD,2025-09-09 12:00:00,23824.332239,23839.795979,23852.417869,23697.99827,949001.0
Nasdaq 100,US6311011026,USA,325104,USD,2025-09-10 12:00:00,23931.324396,23849.27028,23958.54137,23760.09494,1301796.0
Nasdaq 100,US6311011026,USA,325104,USD,2025-09-11 12:00:00,23956.56731,23992.56188,24016.525791,23883.009161,1386623.0
Nasdaq 100,US6311011026,USA,325104,USD,2025-09-12 12:00:00,24030.765743,24092.193301,24137.059755,23983.632455,1330138.0
Nasdaq 100,US6311011026,USA,325104,USD,2025-09-15 12:00:00,24178.603699,24293.78117,24297.33595,24173.136712,1238692.0
Nasdaq 100,US6311011026,USA,325104,USD,2025-09-16 12:00:00,24342.748466,24274.24918,24343.35322,24244.211564,1113116.0
Nasdaq 100,US6311011026,USA,325104,USD,2025-09-17 12:00:00,24286.429846,24223.687418,24292.057475,23999.746268,1205116.0
Nasdaq 100,US6311011026,USA,325104,USD,2025-09-18 12:00:00,24421.21318,24454.894468,24554.521212,24347.541074,1747608.0
Nasdaq 100,US6311011026,USA,325104,USD,2025-09-19 12:00:00,24528.441145,24626.246648,24641.926581,24469.27807,2365933.0
Nasdaq 100,US6311011026,USA,325104,USD,2025-09-22 12:00:00,24588.179848,24761.074083,24781.730229,24578.092892,1395539.0
Nasdaq 100,US6311011026,USA,325104,USD,2025-09-23 12:00:00,24752.736787,24580.168272,24764.303079,24536.501683,1251178.0
Nasdaq 100,US6311011026,USA,325104,USD,2025-09-24 12:00:00,24648.9734,24503.567288,24650.416908,24388.589198,1200906.0
Nasdaq 100,US6311011026,USA,325104,USD,2025-09-25 12:00:00,24321.731082,24397.310595,24460.658853,24186.371935,1418327.0
Nasdaq 100,US6311011026,USA,325104,USD,2025-09-26 12:00:00,24410.952937,24503.847619,24510.366466,24297.698501,1221434.0
Nasdaq 100,US6311011026,USA,325104,USD,2025-09-29 12:00:00,24629.020646,24611.352209,24741.772423,24560.219007,1258806.0
Nasdaq 100,US6311011026,USA,325104,USD,2025-09-30 12:00:00,24597.399053,24679.987735,24691.230019,24505.139182,1288853.0
Nasdaq 100,US6311011026,USA,325104,USD,2025-10-01 12:00:00,24539.249288,24800.862803,24816.674423,24517.758519,1278558.0
Nasdaq 100,US6311011026,USA,325104,USD,2025-10-02 12:00:00,24933.486806,24892.76397,24944.747396,24780.109128,1183633.0
Nasdaq 100,US6311011026,USA,325104,USD,2025-10-03 12:00:00,24931.424046,24785.521907,24958.263247,24713.582875,1162342.0
Nasdaq 100,US6311011026,USA,325104,USD,2025-10-06 12:00:00,24986.259886,24978.558071,25044.258888,24907.598624,1343647.0
Nasdaq 100,US6311011026,USA,325104,USD,2025-10-07 12:00:00,25031.782382,24840.226523,25062.961037,24783.951843,1154192.0
Nasdaq 100,US6311011026,USA,325104,USD,2025-10-08 12:00:00,24887.321104,25136.62267,25142.186845,24882.349009,1159325.0
Nasdaq 100,US6311011026,USA,325104,USD,2025-10-09 12:00:00,25124.793176,25098.176375,25139.351574,24966.808254,1103386.0
Nasdaq 100,US6311011026,USA,325104,USD,2025-10-10 12:00:00,25116.826347,24221.745189,25195.277903,24207.152859,1582773.0
Nasdaq 100,US6311011026,USA,325104,USD,2025-10-13 12:00:00,24625.739283,24750.252351,24779.653945,24540.417363,1085742.0
Nasdaq 100,US6311011026,USA,325104,USD,2025-10-14 12:00:00,24442.925458,24579.316824,24766.368868,24256.282242,1121987.0
Nasdaq 100,US6311011026,USA,325104,USD,2025-10-15 12:00:00,24807.338966,24745.358287,24933.228995,24496.074525,1109844.0
Nasdaq 100,US6311011026,USA,325104,USD,2025-10-16 12:00:00,24882.216156,24657.241459,24998.30448,24481.173881,1100868.0
Nasdaq 100,US6311011026,USA,325104,USD,2025-10-17 12:00:00,24600.545528,24817.953498,24881.468405,24511.588893,1118215.0
Nasdaq 100,US6311011026,USA,325104,USD,2025-10-20 12:00:00,24991.099496,25141.01816,25183.813302,24988.671419,953863.0
Nasdaq 100,US6311011026,USA,325104,USD,2025-10-21 12:00:00,25139.801045,25127.131357,25178.234881,25043.062094,994888.0
Nasdaq 100,US6311011026,USA,325104,USD,2025-10-22 12:00:00,25093.642605,24879.004941,25127.062202,24652.10537,1128361.0
Nasdaq 100,US6311011026,USA,325104,USD,2025-10-23 12:00:00,24869.598115,25097.41544,25126.783058,24856.343967,963250.0
Nasdaq 100,US6311011026,USA,325104,USD,2025-10-24 12:00:00,25307.748931,25358.162076,25418.636202,25288.710607,1129675.0
Nasdaq 100,US6311011026,USA,325104,USD,2025-10-27 12:00:00,25701.946809,25821.545616,25839.030324,25656.379699,1277402.0
Nasdaq 100,US6311011026,USA,325104,USD,2025-10-28 12:00:00,25932.642343,26012.155466,26087.483972,25864.491064,1370010.0
Nasdaq 100,US6311011026,USA,325104,USD,2025-10-29 12:00:00,26147.721426,26119.846041,26182.103195,25907.447589,1470397.0
Nasdaq 100,US6311011026,USA,325104,USD,2025-10-30 12:00:00,25953.778857,25734.813225,26031.68384,25732.385767,1407422.0
Nasdaq 100,US6311011026,USA,325104,USD,2025-10-31 12:00:00,26055.969612,25858.125968,26063.485619,25761.279463,1449889.0
Nasdaq 100,US6311011026,USA,325104,USD,2025-11-03 12:00:00,26114.108713,25972.943091,26132.867315,25887.882869,1251605.0
Nasdaq 100,US6311011026,USA,325104,USD,2025-11-04 12:00:00,25580.342373,25435.70402,25762.233815,25415.623705,1358440.0
Nasdaq 100,US6311011026,USA,325104,USD,2025-11-05 12:00:00,25433.225185,25620.03144,25750.885376,25364.902203,1243944.0
Nasdaq 100,US6311011026,USA,325104,USD,2025-11-06 12:00:00,25568.238464,25130.041656,25568.238464,25083.236734,1404288.0
Nasdaq 100,US6311011026,USA,325104,USD,2025-11-07 12:00:00,24977.734754,25059.808057,25065.138139,24603.780696,1435944.0
Nasdaq 100,US6311011026,USA,325104,USD,2025-11-10 12:00:00,25418.171629,25611.736744,25655.513503,25354.437011,1226609.0
Nasdaq 100,US6311011026,USA,325104,USD,2025-11-11 12:00:00,25500.928736,25533.486018,25588.260124,25380.857864,1015366.0
Nasdaq 100,US6311011026,USA,325104,USD,2025-11-12 12:00:00,25662.18602,25517.327926,25663.170771,25389.726587,1095285.0
Nasdaq 100,US6311011026,USA,325104,USD,2025-11-13 12:00:00,25386.951232,24993.46259,25396.014119,24908.595681,1328418.0
Nasdaq 100,US6311011026,USA,325104,USD,2025-11-14 12:00:00,24658.55108,25008.241611,25198.934217,24534.900243,1266831.0
Nasdaq 100,US6311011026,USA,325104,USD,2025-11-17 12:00:00,24890.1028,24799.917834,25166.145592,24649.363282,1229558.0
Nasdaq 100,US6311011026,USA,325104,USD,2025-11-18 12:00:00,24651.778124,24503.096347,24735.124256,24299.294532,1359832.0
Nasdaq 100,US6311011026,USA,325104,USD,2025-11-19 12:00:00,24517.27226,24640.515396,24904.661364,24432.193453,1269086.0
Nasdaq 100,US6311011026,USA,325104,USD,2025-11-20 12:00:00,25131.487431,24054.379595,25222.947744,24021.436852,1613839.0
Nasdaq 100,US6311011026,USA,325104,USD,2025-11-21 12:00:00,24137.663258,24239.573438,24521.837215,23854.031947,1691802.0
Nasdaq 100,US6311011026,USA,325104,USD,2025-11-24 12:00:00,24462.869437,24873.853983,24923.593517,24455.650548,1666045.0
Nasdaq 100,US6311011026,USA,325104,USD,2025-11-25 12:00:00,24790.067571,25018.360177,25069.543413,24542.715391,1386343.0
Nasdaq 100,US6311011026,USA,325104,USD,2025-11-26 12:00:00,25168.30746,25236.939141,25309.148096,25077.86061,1075186.0
Nasdaq 100,US6311011026,USA,325104,USD,2025-11-28 12:00:00,25310.284441,25434.889158,25435.772576,25280.957365,680502.0
Nasdaq 100,US6311011026,USA,325104,USD,2025-12-01 12:00:00,25232.75324,25342.849023,25443.205884,25158.63213,1114605.0
Nasdaq 100,US6311011026,USA,325104,USD,2025-12-02 12:00:00,25449.868519,25555.856894,25622.584058,25369.355312,1255550.0
Nasdaq 100,US6311011026,USA,325104,USD,2025-12-03 12:00:00,25443.70498,25606.544813,25639.991287,25388.437948,1202639.0
Nasdaq 100,US6311011026,USA,325104,USD,2025-12-04 12:00:00,25658.138393,25581.699234,25658.27034,25450.379987,1149083.0
Nasdaq 100,US6311011026,USA,325104,USD,2025-12-05 12:00:00,25657.78164,25692.05097,25827.0789,25617.352893,1338498.0
Nasdaq 100,US6311011026,USA,325104,USD,2025-12-08 12:00:00,25758.818046,25627.950544,25828.15813,25531.749922,1333579.0
Nasdaq 100,US6311011026,USA,325104,USD,2025-12-09 12:00:00,25593.666002,25668.68762,25698.261759,25532.337339,1029436.0
Nasdaq 100,US6311011026,USA,325104,USD,2025-12-10 12:00:00,25631.588339,25776.43732,25835.025285,25504.302713,1271562.0
Nasdaq 100,US6311011026,USA,325104,USD,2025-12-11 12:00:00,25598.389323,25686.684814,25696.291284,25372.179162,1101527.0
Nasdaq 100,US6311011026,USA,325104,USD,2025-12-12 12:00:00,25531.551996,25196.733758,25605.875488,25104.679948,1289215.0
Nasdaq 100,US6311011026,USA,325104,USD,2025-12-15 12:00:00,25352.869813,25067.264796,25377.623906,25022.805753,1284142.0
Nasdaq 100,US6311011026,USA,325104,USD,2025-12-16 12:00:00,24991.494387,25132.940279,25188.763316,24922.935685,1235111.0
Nasdaq 100,US6311011026,USA,325104,USD,2025-12-17 12:00:00,25167.860764,24647.60579,25193.40952,24647.60579,1411220.0
Nasdaq 100,US6311011026,USA,325104,USD,2025-12-18 12:00:00,25031.494513,25019.366585,25164.177138,24921.450447,1316872.0
Nasdaq 100,US6311011026,USA,325104,USD,2025-12-19 12:00:00,25147.295651,25346.176884,25354.819907,25134.256329,2720364.0
Nasdaq 100,US6311011026,USA,325104,USD,2025-12-22 12:00:00,25527.684083,25461.701796,25554.029576,25401.590979,995325.0
Nasdaq 100,US6311011026,USA,325104,USD,2025-12-23 12:00:00,25441.423632,25587.830182,25590.033691,25403.262059,887394.0
Nasdaq 100,US6311011026,USA,325104,USD,2025-12-24 12:00:00,25582.33957,25656.146422,25665.277804,25556.851372,432310.0
Nasdaq 100,US6311011026,USA,325104,USD,2025-12-26 12:00:00,25692.683169,25644.39006,25716.71245,25620.316051,617203.0
Nasdaq 100,US6311011026,USA,325104,USD,2025-12-29 12:00:00,25462.253892,25525.560349,25598.139934,25440.973427,747935.0
Nasdaq 100,US6311011026,USA,325104,USD,2025-12-30 12:00:00,25509.877888,25462.560626,25577.580529,25456.924791,680610.0
Nasdaq 100,US6311011026,USA,325104,USD,2025-12-31 12:00:00,25464.706484,25249.846616,25483.76706,25244.857491,673216.0
Nasdaq 100,US6311011026,USA,325104,USD,2026-01-02 12:00:00,25524.266603,25206.167794,25597.650168,25086.362658,1128263.0
Nasdaq 100,US6311011026,USA,325104,USD,2026-01-05 12:00:00,25471.790664,25401.320241,25520.514712,25354.660525,1250913.0
Nasdaq 100,US6311011026,USA,325104,USD,2026-01-06 12:00:00,25462.057818,25639.705325,25655.120603,25428.076291,1234602.0
Nasdaq 100,US6311011026,USA,325104,USD,2026-01-07 12:00:00,25617.799416,25653.895811,25813.1723,25592.400384,1244762.0
Nasdaq 100,US6311011026,USA,325104,USD,2026-01-08 12:00:00,25615.345855,25507.102149,25622.315191,25400.16496,1127639.0
Nasdaq 100,US6311011026,USA,325104,USD,2026-01-09 12:00:00,25518.822133,25766.257755,25811.454154,25455.97288,1161368.0
S&P 500,US78378X1072,USA,4359526,USD,2021-01-04 12:00:00,3764.61,3700.65,3769.99,3662.71,2732813113.0
S&P 500,US78378X1072,USA,4359526,USD,2021-01-05 12:00:00,3698.02,3726.86,3737.83,3695.07,2352635300.0
S&P 500,US78378X1072,USA,4359526,USD,2021-01-06 12:00:00,3712.2,3748.14,3783.04,3705.34,3171958843.0
S&P 500,US78378X1072,USA,4359526,USD,2021-01-07 12:00:00,3764.71,3803.79,3811.55,3764.71,2571777491.0
S&P 500,US78378X1072,USA,4359526,USD,2021-01-08 12:00:00,3815.05,3824.68,3826.69,3783.6,2381318227.0
S&P 500,US78378X1072,USA,4359526,USD,2021-01-11 12:00:00,3803.14,3799.61,3817.86,3789.02,2319343591.0
S&P 500,US78378X1072,USA,4359526,USD,2021-01-12 12:00:00,3801.62,3801.19,3810.78,3776.51,2629158679.0
S&P 500,US78378X1072,USA,4359526,USD,2021-01-13 12:00:00,3802.23,3809.84,3820.96,3791.5,2333148908.0
S&P 500,US78378X1072,USA,4359526,USD,2021-01-14 12:00:00,3814.98,3795.54,3823.6,3792.86,2708312930.0
S&P 500,US78378X1072,USA,4359526,USD,2021-01-15 12:00:00,3788.73,3768.25,3788.73,3749.62,2744945352.0
S&P 500,US78378X1072,USA,4359526,USD,2021-01-19 12:00:00,3781.88,3798.91,3804.53,3780.37,2461801091.0
S&P 500,US78378X1072,USA,4359526,USD,2021-01-20 12:00:00,3816.22,3851.85,3859.75,3816.22,2344848584.0
S&P 500,US78378X1072,USA,4359526,USD,2021-01-21 12:00:00,3857.46,3853.07,3861.45,3845.05,2571609185.0
S&P 500,US78378X1072,USA,4359526,USD,2021-01-22 12:00:00,3844.24,3841.47,3852.31,3830.41,2287817476.0
S&P 500,US78378X1072,USA,4359526,USD,2021-01-25 12:00:00,3851.68,3855.36,3859.23,3797.16,2785380610.0
S&P 500,US78378X1072,USA,4359526,USD,2021-01-26 12:00:00,3862.96,3849.62,3870.9,3847.78,2557931593.0
S&P 500,US78378X1072,USA,4359526,USD,2021-01-27 12:00:00,3836.83,3750.77,3836.83,3732.48,3797984292.0
S&P 500,US78378X1072,USA,4359526,USD,2021-01-28 12:00:00,3755.75,3787.38,3830.5,3755.75,3250270662.0
S&P 500,US78378X1072,USA,4359526,USD,2021-01-29 12:00:00,3778.05,3714.24,3778.05,3694.12,3311608119.0
S&P 500,US78378X1072,USA,4359526,USD,2021-02-01 12:00:00,3731.17,3773.86,3784.32,3725.62,2442012605.0
S&P 500,US78378X1072,USA,4359526,USD,2021-02-02 12:00:00,3791.84,3826.31,3843.09,3791.84,2415359604.0
S&P 500,US78378X1072,USA,4359526,USD,2021-02-03 12:00:00,3840.27,3830.17,3847.51,3816.68,2264656289.0
S&P 500,US78378X1072,USA,4359526,USD,2021-02-04 12:00:00,3836.66,3871.74,3872.42,3836.66,2363442591.0
S&P 500,US78378X1072,USA,4359526,USD,2021-02-05 12:00:00,3878.3,3886.83,3894.56,3874.93,2127359020.0
S&P 500,US78378X1072,USA,4359526,USD,2021-02-08 12:00:00,3892.59,3915.59,3915.77,3892.59,2160498978.0
S&P 500,US78378X1072,USA,4359526,USD,2021-02-09 12:00:00,3910.49,3911.23,3918.35,3902.64,2063161038.0
S&P 500,US78378X1072,USA,4359526,USD,2021-02-10 12:00:00,3920.78,3909.88,3931.5,3884.94,2281972857.0
S&P 500,US78378X1072,USA,4359526,USD,2021-02-11 12:00:00,3916.4,3916.38,3925.99,3890.39,2125420320.0
S&P 500,US78378X1072,USA,4359526,USD,2021-02-12 12:00:00,3911.65,3934.83,3937.23,3905.78,1813489527.0
S&P 500,US78378X1072,USA,4359526,USD,2021-02-16 12:00:00,3939.61,3932.59,3950.43,3923.85,2292435291.0
S&P 500,US78378X1072,USA,4359526,USD,2021-02-17 12:00:00,3918.5,3931.33,3933.61,3900.43,2132045229.0
S&P 500,US78378X1072,USA,4359526,USD,2021-02-18 12:00:00,3915.86,3913.97,3921.98,3885.03,2006038034.0
S&P 500,US78378X1072,USA,4359526,USD,2021-02-19 12:00:00,3921.16,3906.71,3930.41,3903.07,2302434831.0
S&P 500,US78378X1072,USA,4359526,USD,2021-02-22 12:00:00,3885.55,3876.5,3902.92,3874.71,2750709131.0
S&P 500,US78378X1072,USA,4359526,USD,2021-02-23 12:00:00,3857.07,3881.37,3895.98,3805.59,2945010328.0
S&P 500,US78378X1072,USA,4359526,USD,2021-02-24 12:00:00,3873.71,3925.43,3928.65,3859.6,2782650674.0
S&P 500,US78378X1072,USA,4359526,USD,2021-02-25 12:00:00,3915.8,3829.34,3925.02,3814.04,2924106301.0
S&P 500,US78378X1072,USA,4359526,USD,2021-02-26 12:00:00,3839.66,3811.15,3861.08,3789.54,3120007466.0
S&P 500,US78378X1072,USA,4359526,USD,2021-03-01 12:00:00,3842.51,3901.82,3914.5,3842.51,2406150594.0
S&P 500,US78378X1072,USA,4359526,USD,2021-03-02 12:00:00,3903.64,3870.29,3906.41,3868.57,2284948535.0
S&P 500,US78378X1072,USA,4359526,USD,2021-03-03 12:00:00,3863.99,3819.72,3874.47,3818.86,2719094648.0
S&P 500,US78378X1072,USA,4359526,USD,2021-03-04 12:00:00,3818.53,3768.47,3843.67,3723.34,3443249365.0
S&P 500,US78378X1072,USA,4359526,USD,2021-03-05 12:00:00,3793.58,3841.94,3851.69,3730.19,3325429131.0
S&P 500,US78378X1072,USA,4359526,USD,2021-03-08 12:00:00,3844.39,3821.35,3881.06,3819.25,2991626851.0
S&P 500,US78378X1072,USA,4359526,USD,2021-03-09 12:00:00,3851.93,3875.44,3903.76,3851.93,2779403380.0
S&P 500,US78378X1072,USA,4359526,USD,2021-03-10 12:00:00,3891.99,3898.81,3917.35,3885.73,2661222204.0
S&P 500,US78378X1072,USA,4359526,USD,2021-03-11 12:00:00,3915.54,3939.34,3960.27,3915.54,2572183377.0
S&P 500,US78378X1072,USA,4359526,USD,2021-03-12 12:00:00,3924.52,3943.34,3944.99,3915.21,2272145272.0
S&P 500,US78378X1072,USA,4359526,USD,2021-03-15 12:00:00,3942.96,3968.94,3970.08,3923.54,2393691238.0
S&P 500,US78378X1072,USA,4359526,USD,2021-03-16 12:00:00,3973.59,3962.71,3981.04,3953.44,2367135990.0
S&P 500,US78378X1072,USA,4359526,USD,2021-03-17 12:00:00,3949.57,3974.12,3983.87,3935.74,2447967771.0
S&P 500,US78378X1072,USA,4359526,USD,2021-03-18 12:00:00,3953.5,3915.46,3969.62,3910.86,2682168535.0
S&P 500,US78378X1072,USA,4359526,USD,2021-03-19 12:00:00,3913.14,3913.1,3930.12,3886.75,4639551690.0
S&P 500,US78378X1072,USA,4359526,USD,2021-03-22 12:00:00,3916.48,3940.59,3955.31,3914.16,2299904600.0
S&P 500,US78378X1072,USA,4359526,USD,2021-03-23 12:00:00,3937.6,3910.52,3949.13,3901.57,2496096710.0
S&P 500,US78378X1072,USA,4359526,USD,2021-03-24 12:00:00,3919.93,3889.14,3942.08,3889.07,2416790107.0
S&P 500,US78378X1072,USA,4359526,USD,2021-03-25 12:00:00,3879.34,3909.52,3919.54,3853.5,2395034696.0
S&P 500,US78378X1072,USA,4359526,USD,2021-03-26 12:00:00,3917.12,3974.54,3978.19,3917.12,2645398600.0
S&P 500,US78378X1072,USA,4359526,USD,2021-03-29 12:00:00,3969.31,3971.09,3981.83,3943.25,2412905878.0
S&P 500,US78378X1072,USA,4359526,USD,2021-03-30 12:00:00,3963.34,3958.55,3968.01,3944.35,2115041068.0
S&P 500,US78378X1072,USA,4359526,USD,2021-03-31 12:00:00,3967.25,3972.89,3994.41,3966.98,2416599388.0
S&P 500,US78378X1072,USA,4359526,USD,2021-04-01 12:00:00,3992.78,4019.87,4020.63,3992.78,2165457735.0
S&P 500,US78378X1072,USA,4359526,USD,2021-04-05 12:00:00,4034.44,4077.91,4083.42,4034.44,2223788819.0
S&P 500,US78378X1072,USA,4359526,USD,2021-04-06 12:00:00,4075.57,4073.94,4086.23,4068.14,2124244001.0
S&P 500,US78378X1072,USA,4359526,USD,2021-04-07 12:00:00,4074.29,4079.95,4083.13,4068.31,1955731172.0
S&P 500,US78378X1072,USA,4359526,USD,2021-04-08 12:00:00,4089.95,4097.17,4098.19,4082.54,2012015761.0
S&P 500,US78378X1072,USA,4359526,USD,2021-04-09 12:00:00,4096.11,4128.8,4129.48,4095.51,1880537184.0
S&P 500,US78378X1072,USA,4359526,USD,2021-04-12 12:00:00,4124.71,4127.99,4131.76,4114.82,1922133084.0
S&P 500,US78378X1072,USA,4359526,USD,2021-04-13 12:00:00,4130.1,4141.59,4148.0,4124.43,2062045139.0
S&P 500,US78378X1072,USA,4359526,USD,2021-04-14 12:00:00,4141.58,4124.66,4151.69,4120.87,2091873846.0
S&P 500,US78378X1072,USA,4359526,USD,2021-04-15 12:00:00,4139.76,4170.42,4173.49,4139.76,2125394410.0
S&P 500,US78378X1072,USA,4359526,USD,2021-04-16 12:00:00,4174.14,4185.47,4191.31,4170.75,2210303327.0
S&P 500,US78378X1072,USA,4359526,USD,2021-04-19 12:00:00,4179.8,4163.26,4180.81,4150.47,1985488530.0
S&P 500,US78378X1072,USA,4359526,USD,2021-04-20 12:00:00,4159.18,4134.94,4159.18,4118.38,2289514630.0
S&P 500,US78378X1072,USA,4359526,USD,2021-04-21 12:00:00,4128.42,4173.42,4175.02,4126.35,2101637987.0
S&P 500,US78378X1072,USA,4359526,USD,2021-04-22 12:00:00,4170.46,4134.98,4179.57,4123.69,2392707204.0
S&P 500,US78378X1072,USA,4359526,USD,2021-04-23 12:00:00,4138.78,4180.17,4194.17,4138.78,2012547159.0
S&P 500,US78378X1072,USA,4359526,USD,2021-04-26 12:00:00,4185.03,4187.62,4194.19,4182.36,1938000036.0
S&P 500,US78378X1072,USA,4359526,USD,2021-04-27 12:00:00,4188.25,4186.72,4193.35,4176.22,2021543400.0
S&P 500,US78378X1072,USA,4359526,USD,2021-04-28 12:00:00,4185.14,4183.18,4201.53,4181.78,2133550302.0
S&P 500,US78378X1072,USA,4359526,USD,2021-04-29 12:00:00,4206.14,4211.47,4218.78,4176.81,2500478173.0
S&P 500,US78378X1072,USA,4359526,USD,2021-04-30 12:00:00,4198.1,4181.17,4198.1,4174.85,2420629283.0
S&P 500,US78378X1072,USA,4359526,USD,2021-05-03 12:00:00,4191.98,4192.66,4209.39,4188.03,2181608893.0
S&P 500,US78378X1072,USA,4359526,USD,2021-05-04 12:00:00,4179.04,4164.66,4179.04,4128.59,2550622792.0
S&P 500,US78378X1072,USA,4359526,USD,2021-05-05 12:00:00,4177.06,4167.59,4187.72,4160.94,1759870682.0
S&P 500,US78378X1072,USA,4359526,USD,2021-05-06 12:00:00,4169.14,4201.62,4202.7,4147.33,2242910204.0
S&P 500,US78378X1072,USA,4359526,USD,2021-05-07 12:00:00,4210.34,4232.6,4238.04,4201.64,2053400580.0
S&P 500,US78378X1072,USA,4359526,USD,2021-05-10 12:00:00,4228.29,4188.43,4236.39,4188.13,2322261428.0
S&P 500,US78378X1072,USA,4359526,USD,2021-05-11 12:00:00,4150.34,4152.1,4162.04,4111.53,2438056257.0
S&P 500,US78378X1072,USA,4359526,USD,2021-05-12 12:00:00,4130.55,4063.04,4134.73,4056.88,2397533113.0
S&P 500,US78378X1072,USA,4359526,USD,2021-05-13 12:00:00,4074.99,4112.5,4131.58,4074.99,2164189997.0
S&P 500,US78378X1072,USA,4359526,USD,2021-05-14 12:00:00,4129.58,4173.85,4183.13,4129.58,1908121895.0
S&P 500,US78378X1072,USA,4359526,USD,2021-05-17 12:00:00,4169.92,4163.29,4171.92,4142.69,2269453944.0
S&P 500,US78378X1072,USA,4359526,USD,2021-05-18 12:00:00,4165.94,4127.83,4169.15,4125.99,2327082665.0
S&P 500,US78378X1072,USA,4359526,USD,2021-05-19 12:00:00,4098.45,4115.68,4116.93,4061.41,2403523216.0
S&P 500,US78378X1072,USA,4359526,USD,2021-05-20 12:00:00,4121.97,4159.12,4172.8,4121.97,2161065812.0
S&P 500,US78378X1072,USA,4359526,USD,2021-05-21 12:00:00,4168.61,4155.86,4188.72,4151.72,2192477125.0
S&P 500,US78378X1072,USA,4359526,USD,2021-05-24 12:00:00,4170.16,4197.05,4209.52,4170.16,1848072307.0
S&P 500,US78378X1072,USA,4359526,USD,2021-05-25 12:00:00,4205.94,4188.13,4213.42,4182.52,2109359204.0
S&P 500,US78378X1072,USA,4359526,USD,2021-05-26 12:00:00,4191.59,4195.99,4202.61,4184.11,2055014683.0
S&P 500,US78378X1072,USA,4359526,USD,2021-05-27 12:00:00,4201.94,4200.88,4213.38,4197.78,3394898011.0
S&P 500,US78378X1072,USA,4359526,USD,2021-05-28 12:00:00,4210.77,4204.11,4218.36,4203.57,1960313488.0
S&P 500,US78378X1072,USA,4359526,USD,2021-06-01 12:00:00,4216.52,4202.04,4234.12,4197.59,2099602956.0
S&P 500,US78378X1072,USA,4359526,USD,2021-06-02 12:00:00,4206.82,4208.12,4217.37,4198.27,2030572039.0
S&P 500,US78378X1072,USA,4359526,USD,2021-06-03 12:00:00,4191.43,4192.85,4204.39,4167.93,2211904290.0
S&P 500,US78378X1072,USA,4359526,USD,2021-06-04 12:00:00,4206.05,4229.89,4233.45,4206.05,1877134142.0
S&P 500,US78378X1072,USA,4359526,USD,2021-06-07 12:00:00,4229.34,4226.52,4232.34,4215.66,1744943901.0
S&P 500,US78378X1072,USA,4359526,USD,2021-06-08 12:00:00,4233.81,4227.26,4236.74,4208.41,2120873562.0
S&P 500,US78378X1072,USA,4359526,USD,2021-06-09 12:00:00,4232.99,4219.55,4237.09,4218.74,1801224829.0
S&P 500,US78378X1072,USA,4359526,USD,2021-06-10 12:00:00,4228.56,4239.18,4249.74,4220.34,1952649620.0
S&P 500,US78378X1072,USA,4359526,USD,2021-06-11 12:00:00,4242.9,4247.44,4248.38,4232.25,1685005426.0
S&P 500,US78378X1072,USA,4359526,USD,2021-06-14 12:00:00,4248.31,4255.15,4255.59,4234.07,1853004003.0
S&P 500,US78378X1072,USA,4359526,USD,2021-06-15 12:00:00,4255.28,4246.59,4257.16,4238.35,1826798681.0
S&P 500,US78378X1072,USA,4359526,USD,2021-06-16 12:00:00,4248.87,4223.7,4251.89,4202.45,2216468754.0
S&P 500,US78378X1072,USA,4359526,USD,2021-06-17 12:00:00,4220.37,4221.86,4232.29,4196.05,2580213530.0
S&P 500,US78378X1072,USA,4359526,USD,2021-06-18 12:00:00,4204.78,4166.45,4204.78,4164.4,3619215887.0
S&P 500,US78378X1072,USA,4359526,USD,2021-06-21 12:00:00,4173.4,4224.79,4226.24,4173.4,2043051632.0
S&P 500,US78378X1072,USA,4359526,USD,2021-06-22 12:00:00,4224.61,4246.44,4255.84,4217.27,1783455277.0
S&P 500,US78378X1072,USA,4359526,USD,2021-06-23 12:00:00,4249.27,4241.84,4256.6,4241.43,1774854375.0
S&P 500,US78378X1072,USA,4359526,USD,2021-06-24 12:00:00,4256.97,4266.49,4271.28,4256.97,1865796107.0
S&P 500,US78378X1072,USA,4359526,USD,2021-06-25 12:00:00,4274.45,4280.7,4286.12,4271.16,2749763844.0
S&P 500,US78378X1072,USA,4359526,USD,2021-06-28 12:00:00,4284.9,4290.61,4292.14,4274.67,1985885279.0
S&P 500,US78378X1072,USA,4359526,USD,2021-06-29 12:00:00,4293.21,4291.8,4300.52,4287.04,1833763193.0
S&P 500,US78378X1072,USA,4359526,USD,2021-06-30 12:00:00,4290.65,4297.5,4302.43,4287.96,1952341627.0
S&P 500,US78378X1072,USA,4359526,USD,2021-07-01 12:00:00,4300.73,4319.94,4320.66,4300.73,1820621751.0
S&P 500,US78378X1072,USA,4359526,USD,2021-07-02 12:00:00,4326.6,4352.34,4355.43,4326.6,1530898435.0
S&P 500,US78378X1072,USA,4359526,USD,2021-07-06 12:00:00,4356.46,4343.54,4356.46,4314.37,2055747651.0
S&P 500,US78378X1072,USA,4359526,USD,2021-07-07 12:00:00,4351.01,4358.13,4361.88,4329.79,1935638439.0
S&P 500,US78378X1072,USA,4359526,USD,2021-07-08 12:00:00,4321.07,4320.82,4330.88,4289.37,2059555951.0
S&P 500,US78378X1072,USA,4359526,USD,2021-07-09 12:00:00,4329.38,4369.55,4371.6,4329.38,1795028029.0
S&P 500,US78378X1072,USA,4359526,USD,2021-07-12 12:00:00,4372.41,4384.63,4386.68,4364.03,1709935073.0
S&P 500,US78378X1072,USA,4359526,USD,2021-07-13 12:00:00,4381.07,4369.21,4392.37,4366.92,1761859660.0
S&P 500,US78378X1072,USA,4359526,USD,2021-07-14 12:00:00,4380.11,4374.3,4393.68,4362.36,2019584457.0
S&P 500,US78378X1072,USA,4359526,USD,2021-07-15 12:00:00,4369.02,4360.03,4369.02,4340.7,1986589168.0
S&P 500,US78378X1072,USA,4359526,USD,2021-07-16 12:00:00,4367.43,4327.16,4375.09,4322.53,2027107750.0
S&P 500,US78378X1072,USA,4359526,USD,2021-07-19 12:00:00,4296.4,4258.49,4296.4,4233.13,2840163205.0
S&P 500,US78378X1072,USA,4359526,USD,2021-07-20 12:00:00,4265.11,4323.06,4336.84,4262.05,2426517077.0
S&P 500,US78378X1072,USA,4359526,USD,2021-07-21 12:00:00,4331.13,4358.69,4359.7,4331.13,2136773867.0
S&P 500,US78378X1072,USA,4359526,USD,2021-07-22 12:00:00,4361.27,4367.48,4369.87,4350.06,1843552391.0
S&P 500,US78378X1072,USA,4359526,USD,2021-07-23 12:00:00,4381.2,4411.79,4415.18,4381.2,1777378786.0
S&P 500,US78378X1072,USA,4359526,USD,2021-07-26 12:00:00,4409.58,4422.3,4422.73,4405.45,1802326237.0
S&P 500,US78378X1072,USA,4359526,USD,2021-07-27 12:00:00,4416.38,4401.46,4416.38,4372.51,2073481035.0
S&P 500,US78378X1072,USA,4359526,USD,2021-07-28 12:00:00,4402.95,4400.64,4415.47,4387.01,2092509494.0
S&P 500,US78378X1072,USA,4359526,USD,2021-07-29 12:00:00,4403.59,4419.15,4429.97,4403.59,2009413486.0
S&P 500,US78378X1072,USA,4359526,USD,2021-07-30 12:00:00,4395.12,4395.26,4412.25,4389.65,2246066583.0
S&P 500,US78378X1072,USA,4359526,USD,2021-08-02 12:00:00,4406.86,4387.16,4422.18,4384.81,1981527662.0
S&P 500,US78378X1072,USA,4359526,USD,2021-08-03 12:00:00,4392.74,4423.15,4423.79,4373.0,2204134922.0
S&P 500,US78378X1072,USA,4359526,USD,2021-08-04 12:00:00,4415.95,4402.66,4416.17,4400.23,2321431128.0
S&P 500,US78378X1072,USA,4359526,USD,2021-08-05 12:00:00,4408.86,4429.1,4429.76,4408.86,1965926802.0
S&P 500,US78378X1072,USA,4359526,USD,2021-08-06 12:00:00,4429.07,4436.52,4440.82,4429.07,1834529765.0
S&P 500,US78378X1072,USA,4359526,USD,2021-08-09 12:00:00,4437.77,4432.35,4439.39,4424.74,1717390769.0
S&P 500,US78378X1072,USA,4359526,USD,2021-08-10 12:00:00,4435.79,4436.75,4445.21,4430.03,1914891754.0
S&P 500,US78378X1072,USA,4359526,USD,2021-08-11 12:00:00,4442.18,4447.7,4449.44,4436.42,1872240608.0
S&P 500,US78378X1072,USA,4359526,USD,2021-08-12 12:00:00,4446.08,4460.83,4461.77,4435.96,1636025079.0
S&P 500,US78378X1072,USA,4359526,USD,2021-08-13 12:00:00,4464.84,4468.0,4468.37,4460.82,1537574221.0
S&P 500,US78378X1072,USA,4359526,USD,2021-08-16 12:00:00,4461.65,4479.71,4480.26,4437.66,1733040764.0
S&P 500,US78378X1072,USA,4359526,USD,2021-08-17 12:00:00,4462.12,4448.08,4462.12,4417.83,1912467005.0
S&P 500,US78378X1072,USA,4359526,USD,2021-08-18 12:00:00,4440.94,4400.27,4454.32,4397.59,1892720844.0
S&P 500,US78378X1072,USA,4359526,USD,2021-08-19 12:00:00,4382.44,4405.8,4418.61,4367.73,2207012168.0
S&P 500,US78378X1072,USA,4359526,USD,2021-08-20 12:00:00,4410.56,4441.67,4444.35,4406.8,1813100785.0
S&P 500,US78378X1072,USA,4359526,USD,2021-08-23 12:00:00,4450.29,4479.53,4489.88,4450.29,1854459169.0
S&P 500,US78378X1072,USA,4359526,USD,2021-08-24 12:00:00,4484.4,4486.23,4492.81,4482.28,1746057473.0
S&P 500,US78378X1072,USA,4359526,USD,2021-08-25 12:00:00,4490.45,4496.19,4501.71,4485.66,1771232714.0
S&P 500,US78378X1072,USA,4359526,USD,2021-08-26 12:00:00,4493.75,4470.0,4495.9,4468.99,1641318926.0
S&P 500,US78378X1072,USA,4359526,USD,2021-08-27 12:00:00,4474.1,4509.37,4513.33,4474.1,1668129894.0
S&P 500,US78378X1072,USA,4359526,USD,2021-08-30 12:00:00,4513.76,4528.79,4537.36,4513.76,1566528934.0
S&P 500,US78378X1072,USA,4359526,USD,2021-08-31 12:00:00,4529.75,4522.68,4531.39,4515.8,2161738713.0
S&P 500,US78378X1072,USA,4359526,USD,2021-09-01 12:00:00,4528.8,4524.09,4537.11,4522.02,1933543912.0
S&P 500,US78378X1072,USA,4359526,USD,2021-09-02 12:00:00,4534.48,4536.95,4545.85,4524.66,1782042940.0
S&P 500,US78378X1072,USA,4359526,USD,2021-09-03 12:00:00,4532.42,4535.43,4541.45,4521.3,1533435199.0
S&P 500,US78378X1072,USA,4359526,USD,2021-09-07 12:00:00,4535.38,4520.03,4535.38,4513.0,1781738536.0
S&P 500,US78378X1072,USA,4359526,USD,2021-09-08 12:00:00,4518.09,4514.07,4521.79,4493.95,1784366123.0
S&P 500,US78378X1072,USA,4359526,USD,2021-09-09 12:00:00,4513.02,4493.28,4529.9,4492.07,1818751701.0
S&P 500,US78378X1072,USA,4359526,USD,2021-09-10 12:00:00,4506.92,4458.58,4520.47,4457.66,1848742163.0
S&P 500,US78378X1072,USA,4359526,USD,2021-09-13 12:00:00,4474.81,4468.73,4492.99,4445.7,2065690411.0
S&P 500,US78378X1072,USA,4359526,USD,2021-09-14 12:00:00,4479.33,4443.05,4485.68,4435.46,2024366588.0
S&P 500,US78378X1072,USA,4359526,USD,2021-09-15 12:00:00,4447.49,4480.7,4486.87,4438.37,2126050597.0
S&P 500,US78378X1072,USA,4359526,USD,2021-09-16 12:00:00,4477.09,4473.75,4485.87,4443.8,1831249340.0
S&P 500,US78378X1072,USA,4359526,USD,2021-09-17 12:00:00,4469.74,4432.99,4471.52,4427.76,3786002045.0
S&P 500,US78378X1072,USA,4359526,USD,2021-09-20 12:00:00,4402.95,4357.73,4402.95,4305.91,2598257340.0
S&P 500,US78378X1072,USA,4359526,USD,2021-09-21 12:00:00,4374.45,4354.19,4394.87,4347.96,1914740490.0
S&P 500,US78378X1072,USA,4359526,USD,2021-09-22 12:00:00,4367.43,4395.64,4416.75,4367.43,2003483511.0
S&P 500,US78378X1072,USA,4359526,USD,2021-09-23 12:00:00,4406.75,4448.98,4465.4,4406.75,1967079545.0
S&P 500,US78378X1072,USA,4359526,USD,2021-09-24 12:00:00,4438.04,4455.48,4463.12,4430.27,1686869239.0
S&P 500,US78378X1072,USA,4359526,USD,2021-09-27 12:00:00,4442.12,4443.11,4457.3,4436.19,2043570002.0
S&P 500,US78378X1072,USA,4359526,USD,2021-09-28 12:00:00,4419.54,4352.63,4419.54,4346.33,2385159271.0
S&P 500,US78378X1072,USA,4359526,USD,2021-09-29 12:00:00,4362.41,4359.46,4385.57,4355.08,1897856436.0
S&P 500,US78378X1072,USA,4359526,USD,2021-09-30 12:00:00,4370.67,4307.54,4382.55,4306.24,2283948567.0
S&P 500,US78378X1072,USA,4359526,USD,2021-10-01 12:00:00,4317.16,4357.04,4375.19,4288.52,2207766762.0
S&P 500,US78378X1072,USA,4359526,USD,2021-10-04 12:00:00,4348.84,4300.46,4355.51,4278.94,2438454602.0
S&P 500,US78378X1072,USA,4359526,USD,2021-10-05 12:00:00,4309.87,4345.72,4369.23,4309.87,2029396101.0
S&P 500,US78378X1072,USA,4359526,USD,2021-10-06 12:00:00,4319.57,4363.55,4365.57,4290.49,2060091362.0
S&P 500,US78378X1072,USA,4359526,USD,2021-10-07 12:00:00,4383.73,4399.76,4429.97,4383.73,1949574511.0
S&P 500,US78378X1072,USA,4359526,USD,2021-10-08 12:00:00,4406.51,4391.34,4412.02,4386.22,1694086877.0
S&P 500,US78378X1072,USA,4359526,USD,2021-10-11 12:00:00,4385.44,4361.19,4415.88,4360.59,1695135230.0
S&P 500,US78378X1072,USA,4359526,USD,2021-10-12 12:00:00,4368.31,4350.65,4374.89,4342.09,1962095507.0
S&P 500,US78378X1072,USA,4359526,USD,2021-10-13 12:00:00,4358.01,4363.8,4372.87,4329.92,1939400307.0
S&P 500,US78378X1072,USA,4359526,USD,2021-10-14 12:00:00,4386.75,4438.26,4439.73,4386.75,1945034682.0
S&P 500,US78378X1072,USA,4359526,USD,2021-10-15 12:00:00,4447.69,4471.37,4475.82,4447.69,2052344490.0
S&P 500,US78378X1072,USA,4359526,USD,2021-10-18 12:00:00,4463.72,4486.46,4488.75,4447.47,1871564386.0
S&P 500,US78378X1072,USA,4359526,USD,2021-10-19 12:00:00,4497.34,4519.63,4520.4,4496.41,1701419593.0
S&P 500,US78378X1072,USA,4359526,USD,2021-10-20 12:00:00,4524.42,4536.19,4540.87,4524.4,1837718278.0
S&P 500,US78378X1072,USA,4359526,USD,2021-10-21 12:00:00,4532.24,4549.78,4551.44,4526.89,1898355743.0
S&P 500,US78378X1072,USA,4359526,USD,2021-10-22 12:00:00,4546.12,4544.9,4559.67,4524.0,1818770978.0
S&P 500,US78378X1072,USA,4359526,USD,2021-10-25 12:00:00,4553.69,4566.48,4572.62,4537.36,1849566005.0
S&P 500,US78378X1072,USA,4359526,USD,2021-10-26 12:00:00,4578.69,4574.79,4598.53,4569.17,2016844141.0
S&P 500,US78378X1072,USA,4359526,USD,2021-10-27 12:00:00,4580.22,4551.68,4584.57,4551.66,2243579417.0
S&P 500,US78378X1072,USA,4359526,USD,2021-10-28 12:00:00,4562.84,4596.42,4597.55,4562.84,2177360109.0
S&P 500,US78378X1072,USA,4359526,USD,2021-10-29 12:00:00,4572.87,4605.38,4608.08,4567.59,2346010507.0
S&P 500,US78378X1072,USA,4359526,USD,2021-11-01 12:00:00,4610.62,4613.67,4620.34,4595.06,2030764459.0
S&P 500,US78378X1072,USA,4359526,USD,2021-11-02 12:00:00,4613.34,4630.65,4635.15,4613.34,2146673642.0
S&P 500,US78378X1072,USA,4359526,USD,2021-11-03 12:00:00,4630.65,4660.57,4663.46,4621.19,2150893424.0
S&P 500,US78378X1072,USA,4359526,USD,2021-11-04 12:00:00,4662.93,4680.06,4683.0,4662.59,2557600204.0
S&P 500,US78378X1072,USA,4359526,USD,2021-11-05 12:00:00,4699.26,4697.53,4718.5,4681.32,2595129726.0
S&P 500,US78378X1072,USA,4359526,USD,2021-11-08 12:00:00,4701.48,4701.7,4714.92,4694.39,2205667465.0
S&P 500,US78378X1072,USA,4359526,USD,2021-11-09 12:00:00,4707.25,4685.25,4708.53,4670.87,2067398485.0
S&P 500,US78378X1072,USA,4359526,USD,2021-11-10 12:00:00,4670.26,4646.71,4684.85,4630.86,2141662928.0
S&P 500,US78378X1072,USA,4359526,USD,2021-11-11 12:00:00,4659.39,4649.27,4664.55,4648.31,1728459268.0
S&P 500,US78378X1072,USA,4359526,USD,2021-11-12 12:00:00,4655.24,4682.85,4688.47,4650.77,1871664497.0
S&P 500,US78378X1072,USA,4359526,USD,2021-11-15 12:00:00,4689.3,4682.8,4697.42,4672.86,1829912903.0
S&P 500,US78378X1072,USA,4359526,USD,2021-11-16 12:00:00,4679.42,4700.9,4714.95,4679.42,1929154513.0
S&P 500,US78378X1072,USA,4359526,USD,2021-11-17 12:00:00,4701.5,4688.67,4701.5,4684.41,2057331087.0
S&P 500,US78378X1072,USA,4359526,USD,2021-11-18 12:00:00,4700.72,4704.54,4708.8,4672.78,2223166797.0
S&P 500,US78378X1072,USA,4359526,USD,2021-11-19 12:00:00,4708.44,4697.96,4717.75,4694.22,2442415234.0
S&P 500,US78378X1072,USA,4359526,USD,2021-11-22 12:00:00,4712.0,4682.94,4743.83,4682.17,2466151901.0
S&P 500,US78378X1072,USA,4359526,USD,2021-11-23 12:00:00,4678.48,4690.7,4699.39,4652.66,2228891377.0
S&P 500,US78378X1072,USA,4359526,USD,2021-11-24 12:00:00,4675.78,4701.46,4702.87,4659.89,1851488563.0
S&P 500,US78378X1072,USA,4359526,USD,2021-11-26 12:00:00,4664.63,4594.62,4664.63,4585.43,2098272510.0
S&P 500,US78378X1072,USA,4359526,USD,2021-11-29 12:00:00,4628.75,4655.27,4672.95,4625.26,2497291810.0
S&P 500,US78378X1072,USA,4359526,USD,2021-11-30 12:00:00,4640.25,4567.0,4646.02,4560.0,4068050909.0
S&P 500,US78378X1072,USA,4359526,USD,2021-12-01 12:00:00,4602.82,4513.04,4652.94,4510.27,3044911758.0
S&P 500,US78378X1072,USA,4359526,USD,2021-12-02 12:00:00,4504.73,4577.1,4595.46,4504.73,2801048502.0
S&P 500,US78378X1072,USA,4359526,USD,2021-12-03 12:00:00,4589.49,4538.43,4608.03,4495.12,2714489531.0
S&P 500,US78378X1072,USA,4359526,USD,2021-12-06 12:00:00,4548.37,4591.67,4612.6,4540.51,2582324931.0
S&P 500,US78378X1072,USA,4359526,USD,2021-12-07 12:00:00,4631.97,4686.75,4694.04,4631.97,2484136202.0
S&P 500,US78378X1072,USA,4359526,USD,2021-12-08 12:00:00,4690.86,4701.21,4705.06,4674.52,2163749157.0
S&P 500,US78378X1072,USA,4359526,USD,2021-12-09 12:00:00,4691.0,4667.45,4695.26,4665.98,1992702933.0
S&P 500,US78378X1072,USA,4359526,USD,2021-12-10 12:00:00,4687.64,4712.02,4713.57,4670.24,2117224176.0
S&P 500,US78378X1072,USA,4359526,USD,2021-12-13 12:00:00,4710.3,4668.97,4710.3,4667.6,2426214754.0
S&P 500,US78378X1072,USA,4359526,USD,2021-12-14 12:00:00,4642.99,4634.09,4660.47,4606.52,2454381353.0
S&P 500,US78378X1072,USA,4359526,USD,2021-12-15 12:00:00,4636.46,4709.85,4712.6,4611.22,2561140199.0
S&P 500,US78378X1072,USA,4359526,USD,2021-12-16 12:00:00,4719.13,4668.67,4731.99,4651.89,2745738309.0
S&P 500,US78378X1072,USA,4359526,USD,2021-12-17 12:00:00,4652.5,4620.64,4666.7,4600.22,4578985102.0
S&P 500,US78378X1072,USA,4359526,USD,2021-12-20 12:00:00,4587.9,4568.02,4587.9,4531.1,2433981932.0
S&P 500,US78378X1072,USA,4359526,USD,2021-12-21 12:00:00,4594.96,4649.23,4651.14,4583.16,2260147801.0
S&P 500,US78378X1072,USA,4359526,USD,2021-12-22 12:00:00,4650.36,4696.56,4697.67,4645.53,1844650487.0
S&P 500,US78378X1072,USA,4359526,USD,2021-12-23 12:00:00,4703.96,4725.79,4740.74,4703.96,1594292367.0
S&P 500,US78378X1072,USA,4359526,USD,2021-12-27 12:00:00,4733.99,4791.19,4791.49,4733.99,1505328608.0
S&P 500,US78378X1072,USA,4359526,USD,2021-12-28 12:00:00,4795.49,4786.35,4807.02,4780.04,1425097588.0
S&P 500,US78378X1072,USA,4359526,USD,2021-12-29 12:00:00,4788.64,4793.06,4804.06,4778.08,1354785822.0
S&P 500,US78378X1072,USA,4359526,USD,2021-12-30 12:00:00,4794.23,4778.73,4808.93,4775.33,1353705656.0
S&P 500,US78378X1072,USA,4359526,USD,2021-12-31 12:00:00,4775.21,4766.18,4786.83,4765.75,1340241237.0
S&P 500,US78378X1072,USA,4359526,USD,2022-01-03 12:00:00,4778.14,4796.56,4796.64,4758.17,2209533436.0
S&P 500,US78378X1072,USA,4359526,USD,2022-01-04 12:00:00,4804.51,4793.54,4818.62,4774.27,2813805151.0
S&P 500,US78378X1072,USA,4359526,USD,2022-01-05 12:00:00,4787.99,4700.58,4797.7,4699.44,2803729359.0
S&P 500,US78378X1072,USA,4359526,USD,2022-01-06 12:00:00,4693.39,4696.05,4725.01,4671.26,2379822969.0
S&P 500,US78378X1072,USA,4359526,USD,2022-01-07 12:00:00,4697.66,4677.03,4707.95,4662.74,2416096517.0
S&P 500,US78378X1072,USA,4359526,USD,2022-01-10 12:00:00,4655.34,4670.29,4673.02,4582.24,2675794222.0
S&P 500,US78378X1072,USA,4359526,USD,2022-01-11 12:00:00,4669.14,4713.07,4714.13,4638.27,2243982613.0
S&P 500,US78378X1072,USA,4359526,USD,2022-01-12 12:00:00,4728.59,4726.35,4748.83,4706.71,2117378610.0
S&P 500,US78378X1072,USA,4359526,USD,2022-01-13 12:00:00,4733.56,4659.03,4744.13,4650.29,2374649453.0
S&P 500,US78378X1072,USA,4359526,USD,2022-01-14 12:00:00,4637.99,4662.85,4665.13,4614.75,2521962210.0
S&P 500,US78378X1072,USA,4359526,USD,2022-01-18 12:00:00,4632.24,4577.11,4632.24,4568.7,2737269947.0
S&P 500,US78378X1072,USA,4359526,USD,2022-01-19 12:00:00,4588.03,4532.76,4611.55,4530.2,2483432324.0
S&P 500,US78378X1072,USA,4359526,USD,2022-01-20 12:00:00,4547.35,4482.73,4602.11,4477.95,2541011404.0
S&P 500,US78378X1072,USA,4359526,USD,2022-01-21 12:00:00,4471.38,4397.94,4494.52,4395.34,3196964549.0
S&P 500,US78378X1072,USA,4359526,USD,2022-01-24 12:00:00,4356.32,4410.13,4417.35,4222.62,3891581863.0
S&P 500,US78378X1072,USA,4359526,USD,2022-01-25 12:00:00,4366.64,4356.45,4411.01,4287.11,3056989211.0
S&P 500,US78378X1072,USA,4359526,USD,2022-01-26 12:00:00,4408.43,4349.93,4453.23,4304.8,3230985115.0
S&P 500,US78378X1072,USA,4359526,USD,2022-01-27 12:00:00,4380.58,4326.51,4428.74,4309.5,3040759928.0
S&P 500,US78378X1072,USA,4359526,USD,2022-01-28 12:00:00,4336.19,4431.85,4432.72,4292.46,2913164357.0
S&P 500,US78378X1072,USA,4359526,USD,2022-01-31 12:00:00,4431.79,4515.55,4516.89,4414.02,2963155477.0
S&P 500,US78378X1072,USA,4359526,USD,2022-02-01 12:00:00,4519.57,4546.54,4550.49,4483.53,2712733572.0
S&P 500,US78378X1072,USA,4359526,USD,2022-02-02 12:00:00,4566.39,4589.38,4595.31,4544.32,2903950893.0
S&P 500,US78378X1072,USA,4359526,USD,2022-02-03 12:00:00,4535.41,4477.44,4542.88,4470.39,2686460186.0
S&P 500,US78378X1072,USA,4359526,USD,2022-02-04 12:00:00,4482.79,4500.53,4539.66,4451.5,2640944042.0
S&P 500,US78378X1072,USA,4359526,USD,2022-02-07 12:00:00,4505.75,4483.87,4521.86,4471.47,2363931782.0
S&P 500,US78378X1072,USA,4359526,USD,2022-02-08 12:00:00,4480.02,4521.54,4531.32,4465.4,2531697878.0
S&P 500,US78378X1072,USA,4359526,USD,2022-02-09 12:00:00,4547.0,4587.18,4590.03,4547.0,2416698650.0
S&P 500,US78378X1072,USA,4359526,USD,2022-02-10 12:00:00,4553.24,4504.08,4588.92,4484.31,2689893702.0
S&P 500,US78378X1072,USA,4359526,USD,2022-02-11 12:00:00,4506.27,4418.64,4526.33,4401.41,2874706879.0
S&P 500,US78378X1072,USA,4359526,USD,2022-02-14 12:00:00,4412.61,4401.67,4426.22,4364.84,2511711808.0
S&P 500,US78378X1072,USA,4359526,USD,2022-02-15 12:00:00,4429.28,4471.07,4472.77,4429.28,2322886082.0
S&P 500,US78378X1072,USA,4359526,USD,2022-02-16 12:00:00,4455.75,4475.01,4489.55,4429.68,2334610255.0
S&P 500,US78378X1072,USA,4359526,USD,2022-02-17 12:00:00,4456.06,4380.26,4456.06,4373.81,2324909984.0
S&P 500,US78378X1072,USA,4359526,USD,2022-02-18 12:00:00,4384.57,4348.87,4394.6,4327.22,2583639757.0
S&P 500,US78378X1072,USA,4359526,USD,2022-02-22 12:00:00,4332.74,4304.76,4362.12,4267.11,2749521278.0
S&P 500,US78378X1072,USA,4359526,USD,2022-02-23 12:00:00,4324.93,4225.5,4341.51,4221.51,2512417692.0
S&P 500,US78378X1072,USA,4359526,USD,2022-02-24 12:00:00,4155.77,4288.7,4294.73,4114.65,3565761089.0
S&P 500,US78378X1072,USA,4359526,USD,2022-02-25 12:00:00,4298.38,4384.65,4385.34,4286.83,2707792618.0
S&P 500,US78378X1072,USA,4359526,USD,2022-02-28 12:00:00,4354.17,4373.94,4388.84,4315.12,3219433340.0
S&P 500,US78378X1072,USA,4359526,USD,2022-03-01 12:00:00,4363.14,4306.26,4378.45,4279.54,3144859781.0
S&P 500,US78378X1072,USA,4359526,USD,2022-03-02 12:00:00,4322.56,4386.54,4401.48,4322.56,2867998095.0
S&P 500,US78378X1072,USA,4359526,USD,2022-03-03 12:00:00,4401.31,4363.49,4416.78,4345.56,2619510815.0
S&P 500,US78378X1072,USA,4359526,USD,2022-03-04 12:00:00,4342.12,4328.87,4342.12,4284.98,2997073880.0
S&P 500,US78378X1072,USA,4359526,USD,2022-03-07 12:00:00,4327.01,4201.09,4327.01,4199.85,3513066861.0
S&P 500,US78378X1072,USA,4359526,USD,2022-03-08 12:00:00,4202.66,4170.7,4276.94,4157.87,3639337569.0
S&P 500,US78378X1072,USA,4359526,USD,2022-03-09 12:00:00,4223.1,4277.88,4299.4,4223.1,3021442270.0
S&P 500,US78378X1072,USA,4359526,USD,2022-03-10 12:00:00,4252.55,4259.52,4268.28,4209.8,2581145823.0
S&P 500,US78378X1072,USA,4359526,USD,2022-03-11 12:00:00,4279.5,4204.31,4291.01,4200.49,2338436067.0
S&P 500,US78378X1072,USA,4359526,USD,2022-03-14 12:00:00,4202.75,4173.11,4247.57,4161.72,2717144322.0
S&P 500,US78378X1072,USA,4359526,USD,2022-03-15 12:00:00,4188.82,4262.45,4271.05,4187.9,2636945250.0
S&P 500,US78378X1072,USA,4359526,USD,2022-03-16 12:00:00,4288.14,4357.86,4358.9,4251.99,2926597551.0
S&P 500,US78378X1072,USA,4359526,USD,2022-03-17 12:00:00,4345.11,4411.67,4412.67,4335.65,2432766777.0
S&P 500,US78378X1072,USA,4359526,USD,2022-03-18 12:00:00,4407.34,4463.12,4465.4,4390.57,4233761021.0
S&P 500,US78378X1072,USA,4359526,USD,2022-03-21 12:00:00,4462.4,4461.18,4481.75,4424.3,2469825123.0
S&P 500,US78378X1072,USA,4359526,USD,2022-03-22 12:00:00,4469.1,4511.61,4522.0,4469.1,2340975844.0
S&P 500,US78378X1072,USA,4359526,USD,2022-03-23 12:00:00,4493.1,4456.24,4501.07,4455.81,2184940313.0
S&P 500,US78378X1072,USA,4359526,USD,2022-03-24 12:00:00,4469.98,4520.16,4520.58,4465.17,2073153516.0
S&P 500,US78378X1072,USA,4359526,USD,2022-03-25 12:00:00,4522.91,4543.06,4546.03,4501.07,2000935720.0
S&P 500,US78378X1072,USA,4359526,USD,2022-03-28 12:00:00,4541.09,4575.52,4575.65,4517.69,2019462647.0
S&P 500,US78378X1072,USA,4359526,USD,2022-03-29 12:00:00,4602.86,4631.6,4637.3,4589.66,2443956070.0
S&P 500,US78378X1072,USA,4359526,USD,2022-03-30 12:00:00,4624.2,4602.45,4627.77,4581.32,2083192942.0
S&P 500,US78378X1072,USA,4359526,USD,2022-03-31 12:00:00,4599.02,4530.41,4603.07,4530.41,2646678377.0
S&P 500,US78378X1072,USA,4359526,USD,2022-04-01 12:00:00,4540.32,4545.86,4548.7,4507.57,2346497965.0
S&P 500,US78378X1072,USA,4359526,USD,2022-04-04 12:00:00,4547.97,4582.64,4583.5,4539.21,2278755223.0
S&P 500,US78378X1072,USA,4359526,USD,2022-04-05 12:00:00,4572.45,4525.12,4593.45,4514.17,2425248378.0
S&P 500,US78378X1072,USA,4359526,USD,2022-04-06 12:00:00,4494.17,4481.15,4503.94,4450.04,2720107863.0
S&P 500,US78378X1072,USA,4359526,USD,2022-04-07 12:00:00,4474.65,4500.21,4521.16,4450.3,2596329084.0
S&P 500,US78378X1072,USA,4359526,USD,2022-04-08 12:00:00,4494.15,4488.28,4520.41,4474.6,2254633200.0
S&P 500,US78378X1072,USA,4359526,USD,2022-04-11 12:00:00,4462.64,4412.53,4464.35,4408.38,2403901042.0
S&P 500,US78378X1072,USA,4359526,USD,2022-04-12 12:00:00,4437.59,4397.45,4471.0,4381.34,2208449999.0
S&P 500,US78378X1072,USA,4359526,USD,2022-04-13 12:00:00,4394.3,4446.59,4453.92,4392.7,2169384807.0
S&P 500,US78378X1072,USA,4359526,USD,2022-04-14 12:00:00,4449.12,4392.59,4460.46,4390.77,2470867311.0
S&P 500,US78378X1072,USA,4359526,USD,2022-04-18 12:00:00,4385.63,4391.69,4410.31,4370.3,2050678211.0
S&P 500,US78378X1072,USA,4359526,USD,2022-04-19 12:00:00,4390.63,4462.21,4471.03,4390.63,2247364804.0
S&P 500,US78378X1072,USA,4359526,USD,2022-04-20 12:00:00,4472.26,4459.45,4488.29,4448.76,2380185029.0
S&P 500,US78378X1072,USA,4359526,USD,2022-04-21 12:00:00,4489.17,4393.66,4512.94,4384.47,2637237706.0
S&P 500,US78378X1072,USA,4359526,USD,2022-04-22 12:00:00,4385.83,4271.78,4385.83,4267.62,2520690116.0
S&P 500,US78378X1072,USA,4359526,USD,2022-04-25 12:00:00,4255.34,4296.12,4299.02,4200.82,2839258641.0
S&P 500,US78378X1072,USA,4359526,USD,2022-04-26 12:00:00,4278.14,4175.2,4278.14,4175.04,2637223814.0
S&P 500,US78378X1072,USA,4359526,USD,2022-04-27 12:00:00,4186.52,4183.96,4240.71,4162.9,2636232457.0
S&P 500,US78378X1072,USA,4359526,USD,2022-04-28 12:00:00,4222.58,4287.5,4308.45,4188.63,2749225700.0
S&P 500,US78378X1072,USA,4359526,USD,2022-04-29 12:00:00,4253.75,4131.93,4269.68,4124.28,2848565077.0
S&P 500,US78378X1072,USA,4359526,USD,2022-05-02 12:00:00,4130.61,4155.38,4169.81,4062.51,2744837614.0
S&P 500,US78378X1072,USA,4359526,USD,2022-05-03 12:00:00,4159.78,4175.48,4200.1,4147.08,2494450424.0
S&P 500,US78378X1072,USA,4359526,USD,2022-05-04 12:00:00,4181.18,4300.17,4307.66,4148.91,2872026663.0
S&P 500,US78378X1072,USA,4359526,USD,2022-05-05 12:00:00,4270.43,4146.87,4270.43,4106.01,2869932437.0
S&P 500,US78378X1072,USA,4359526,USD,2022-05-06 12:00:00,4128.17,4123.34,4157.69,4067.91,2737830988.0
S&P 500,US78378X1072,USA,4359526,USD,2022-05-09 12:00:00,4081.27,3991.24,4081.27,3975.48,3073865158.0
S&P 500,US78378X1072,USA,4359526,USD,2022-05-10 12:00:00,4035.18,4001.05,4068.82,3958.17,2918622876.0
S&P 500,US78378X1072,USA,4359526,USD,2022-05-11 12:00:00,3990.08,3935.18,4049.09,3928.82,2763949436.0
S&P 500,US78378X1072,USA,4359526,USD,2022-05-12 12:00:00,3903.95,3930.08,3964.8,3858.87,3139788075.0
S&P 500,US78378X1072,USA,4359526,USD,2022-05-13 12:00:00,3963.9,4023.89,4038.88,3963.9,2544978092.0
S&P 500,US78378X1072,USA,4359526,USD,2022-05-16 12:00:00,4013.02,4008.01,4046.46,3983.99,2213704712.0
S&P 500,US78378X1072,USA,4359526,USD,2022-05-17 12:00:00,4052.0,4088.85,4090.72,4033.93,2458409815.0
S&P 500,US78378X1072,USA,4359526,USD,2022-05-18 12:00:00,4051.98,3923.68,4051.98,3911.91,2712127310.0
S&P 500,US78378X1072,USA,4359526,USD,2022-05-19 12:00:00,3899.0,3900.79,3945.96,3876.58,2774295102.0
S&P 500,US78378X1072,USA,4359526,USD,2022-05-20 12:00:00,3927.76,3901.36,3943.42,3810.32,3002384989.0
S&P 500,US78378X1072,USA,4359526,USD,2022-05-23 12:00:00,3919.42,3973.75,3981.88,3909.04,2388208957.0
S&P 500,US78378X1072,USA,4359526,USD,2022-05-24 12:00:00,3942.94,3941.48,3955.68,3875.13,2436606104.0
S&P 500,US78378X1072,USA,4359526,USD,2022-05-25 12:00:00,3929.59,3978.73,3999.33,3925.03,2334088571.0
S&P 500,US78378X1072,USA,4359526,USD,2022-05-26 12:00:00,3984.6,4057.84,4075.14,3984.6,2403570876.0
S&P 500,US78378X1072,USA,4359526,USD,2022-05-27 12:00:00,4077.43,4158.24,4158.49,4077.43,2166465380.0
S&P 500,US78378X1072,USA,4359526,USD,2022-05-31 12:00:00,4151.09,4132.15,4168.34,4104.88,3802655235.0
S&P 500,US78378X1072,USA,4359526,USD,2022-06-01 12:00:00,4149.78,4101.23,4166.54,4073.85,2171495669.0
S&P 500,US78378X1072,USA,4359526,USD,2022-06-02 12:00:00,4095.41,4176.82,4177.51,4074.37,2073390326.0
S&P 500,US78378X1072,USA,4359526,USD,2022-06-03 12:00:00,4137.57,4108.54,4142.67,4098.67,1879610190.0
S&P 500,US78378X1072,USA,4359526,USD,2022-06-06 12:00:00,4135.07,4121.43,4168.78,4109.18,1919840018.0
S&P 500,US78378X1072,USA,4359526,USD,2022-06-07 12:00:00,4096.91,4160.68,4164.86,4080.19,1964102076.0
S&P 500,US78378X1072,USA,4359526,USD,2022-06-08 12:00:00,4146.38,4115.77,4160.14,4107.2,1888845332.0
S&P 500,US78378X1072,USA,4359526,USD,2022-06-09 12:00:00,4102.29,4017.82,4119.1,4017.17,2061086863.0
S&P 500,US78378X1072,USA,4359526,USD,2022-06-10 12:00:00,3975.06,3900.86,3975.06,3900.16,2517736739.0
S&P 500,US78378X1072,USA,4359526,USD,2022-06-13 12:00:00,3838.53,3749.63,3838.53,3734.3,3086104450.0
S&P 500,US78378X1072,USA,4359526,USD,2022-06-14 12:00:00,3763.11,3735.48,3778.18,3705.68,2655239403.0
S&P 500,US78378X1072,USA,4359526,USD,2022-06-15 12:00:00,3764.02,3789.99,3837.56,3722.3,2783030800.0
S&P 500,US78378X1072,USA,4359526,USD,2022-06-16 12:00:00,3728.31,3666.77,3728.31,3639.77,3108178469.0
S&P 500,US78378X1072,USA,4359526,USD,2022-06-17 12:00:00,3665.44,3674.84,3707.71,3636.87,4735841123.0
S&P 500,US78378X1072,USA,4359526,USD,2022-06-21 12:00:00,3715.72,3764.79,3779.65,3715.31,2678184797.0
S&P 500,US78378X1072,USA,4359526,USD,2022-06-22 12:00:00,3734.37,3759.89,3801.79,3717.69,2486465259.0
S&P 500,US78378X1072,USA,4359526,USD,2022-06-23 12:00:00,3775.01,3795.73,3802.58,3743.52,2517500361.0
S&P 500,US78378X1072,USA,4359526,USD,2022-06-24 12:00:00,3821.72,3911.74,3913.65,3821.72,3463802906.0
S&P 500,US78378X1072,USA,4359526,USD,2022-06-27 12:00:00,3920.6,3900.11,3927.72,3889.66,2124362317.0
S&P 500,US78378X1072,USA,4359526,USD,2022-06-28 12:00:00,3913.37,3821.55,3945.86,3820.14,2252853743.0
S&P 500,US78378X1072,USA,4359526,USD,2022-06-29 12:00:00,3824.68,3818.83,3836.5,3799.02,2111065494.0
S&P 500,US78378X1072,USA,4359526,USD,2022-06-30 12:00:00,3786.31,3785.38,3818.99,3738.67,2683771620.0
S&P 500,US78378X1072,USA,4359526,USD,2022-07-01 12:00:00,3781.08,3825.33,3829.82,3752.1,2195445294.0
S&P 500,US78378X1072,USA,4359526,USD,2022-07-05 12:00:00,3792.57,3831.39,3832.19,3742.06,2506060130.0
S&P 500,US78378X1072,USA,4359526,USD,2022-07-06 12:00:00,3831.82,3845.08,3870.91,3809.37,2203972630.0
S&P 500,US78378X1072,USA,4359526,USD,2022-07-07 12:00:00,3858.66,3902.62,3910.63,3858.66,2086719603.0
S&P 500,US78378X1072,USA,4359526,USD,2022-07-08 12:00:00,3888.12,3899.38,3918.5,3869.34,1767934743.0
S&P 500,US78378X1072,USA,4359526,USD,2022-07-11 12:00:00,3880.7,3854.43,3880.94,3847.22,1825910221.0
S&P 500,US78378X1072,USA,4359526,USD,2022-07-12 12:00:00,3851.71,3818.8,3873.41,3802.36,2130143184.0
S&P 500,US78378X1072,USA,4359526,USD,2022-07-13 12:00:00,3779.91,3801.78,3829.44,3759.07,2058496093.0
S&P 500,US78378X1072,USA,4359526,USD,2022-07-14 12:00:00,3764.86,3790.38,3796.41,3721.56,2181635569.0
S&P 500,US78378X1072,USA,4359526,USD,2022-07-15 12:00:00,3820.38,3863.16,3863.62,3817.18,2328223130.0
S&P 500,US78378X1072,USA,4359526,USD,2022-07-18 12:00:00,3884.03,3830.85,3902.44,3818.63,2194524922.0
S&P 500,US78378X1072,USA,4359526,USD,2022-07-19 12:00:00,3861.06,3936.69,3939.81,3860.73,2384285486.0
S&P 500,US78378X1072,USA,4359526,USD,2022-07-20 12:00:00,3935.69,3959.9,3974.13,3922.03,2344933008.0
S&P 500,US78378X1072,USA,4359526,USD,2022-07-21 12:00:00,3954.39,3998.95,3999.29,3927.64,2498029117.0
S&P 500,US78378X1072,USA,4359526,USD,2022-07-22 12:00:00,3998.65,3961.63,4012.44,3938.86,2224926634.0
S&P 500,US78378X1072,USA,4359526,USD,2022-07-25 12:00:00,3965.56,3966.84,3975.3,3943.46,1945714778.0
S&P 500,US78378X1072,USA,4359526,USD,2022-07-26 12:00:00,3953.51,3921.05,3953.51,3910.74,2136983264.0
S&P 500,US78378X1072,USA,4359526,USD,2022-07-27 12:00:00,3950.66,4023.61,4039.56,3950.66,2457907322.0
S&P 500,US78378X1072,USA,4359526,USD,2022-07-28 12:00:00,4026.58,4072.43,4078.95,3992.97,2544390878.0
S&P 500,US78378X1072,USA,4359526,USD,2022-07-29 12:00:00,4087.23,4130.29,4140.15,4079.22,2894154247.0
S&P 500,US78378X1072,USA,4359526,USD,2022-08-01 12:00:00,4111.24,4118.63,4144.95,4096.02,2289872912.0
S&P 500,US78378X1072,USA,4359526,USD,2022-08-02 12:00:00,4104.22,4091.19,4140.47,4079.81,2262200687.0
S&P 500,US78378X1072,USA,4359526,USD,2022-08-03 12:00:00,4108.11,4155.17,4167.66,4107.96,2436476551.0
S&P 500,US78378X1072,USA,4359526,USD,2022-08-04 12:00:00,4155.05,4151.94,4161.29,4135.42,2260188053.0
S&P 500,US78378X1072,USA,4359526,USD,2022-08-05 12:00:00,4115.3,4145.19,4151.58,4107.31,2027451379.0
S&P 500,US78378X1072,USA,4359526,USD,2022-08-08 12:00:00,4156.46,4140.06,4186.62,4128.97,2120439516.0
S&P 500,US78378X1072,USA,4359526,USD,2022-08-09 12:00:00,4133.39,4122.47,4137.3,4112.09,2048973837.0
S&P 500,US78378X1072,USA,4359526,USD,2022-08-10 12:00:00,4181.18,4210.24,4211.03,4177.26,2240786746.0
S&P 500,US78378X1072,USA,4359526,USD,2022-08-11 12:00:00,4228.45,4207.27,4257.91,4201.41,2080835426.0
S&P 500,US78378X1072,USA,4359526,USD,2022-08-12 12:00:00,4224.76,4280.15,4280.47,4219.78,1839673374.0
S&P 500,US78378X1072,USA,4359526,USD,2022-08-15 12:00:00,4268.93,4297.14,4301.79,4256.9,1777922685.0
S&P 500,US78378X1072,USA,4359526,USD,2022-08-16 12:00:00,4289.89,4305.2,4325.28,4277.77,1912448980.0
S&P 500,US78378X1072,USA,4359526,USD,2022-08-17 12:00:00,4280.32,4274.04,4302.18,4253.08,1862585916.0
S&P 500,US78378X1072,USA,4359526,USD,2022-08-18 12:00:00,4273.45,4283.74,4292.53,4261.98,1749457753.0
S&P 500,US78378X1072,USA,4359526,USD,2022-08-19 12:00:00,4265.87,4228.48,4266.31,4218.7,2045645988.0
S&P 500,US78378X1072,USA,4359526,USD,2022-08-22 12:00:00,4195.21,4137.99,4195.21,4129.86,1976203704.0
S&P 500,US78378X1072,USA,4359526,USD,2022-08-23 12:00:00,4132.92,4128.73,4159.77,4124.03,1786029375.0
S&P 500,US78378X1072,USA,4359526,USD,2022-08-24 12:00:00,4127.3,4140.77,4156.56,4119.97,1737028484.0
S&P 500,US78378X1072,USA,4359526,USD,2022-08-25 12:00:00,4154.07,4199.12,4200.54,4147.59,1847592571.0
S&P 500,US78378X1072,USA,4359526,USD,2022-08-26 12:00:00,4198.61,4057.66,4203.04,4057.66,2113423504.0
S&P 500,US78378X1072,USA,4359526,USD,2022-08-29 12:00:00,4035.33,4030.61,4062.99,4017.42,1893833291.0
S&P 500,US78378X1072,USA,4359526,USD,2022-08-30 12:00:00,4041.21,3986.16,4044.98,3965.21,2080875524.0
S&P 500,US78378X1072,USA,4359526,USD,2022-08-31 12:00:00,4001.33,3955.0,4015.37,3954.53,2541475082.0
S&P 500,US78378X1072,USA,4359526,USD,2022-09-01 12:00:00,3936.61,3966.85,3970.23,3903.65,2303154412.0
S&P 500,US78378X1072,USA,4359526,USD,2022-09-02 12:00:00,3996.39,3924.26,4018.43,3906.21,2083181521.0
S&P 500,US78378X1072,USA,4359526,USD,2022-09-06 12:00:00,3931.74,3908.19,3942.55,3886.75,2249694351.0
S&P 500,US78378X1072,USA,4359526,USD,2022-09-07 12:00:00,3909.33,3979.87,3987.89,3906.03,2209800080.0
S&P 500,US78378X1072,USA,4359526,USD,2022-09-08 12:00:00,3960.89,4006.18,4010.5,3944.81,2290057541.0
S&P 500,US78378X1072,USA,4359526,USD,2022-09-09 12:00:00,4023.35,4067.36,4076.81,4022.94,2097275308.0
S&P 500,US78378X1072,USA,4359526,USD,2022-09-12 12:00:00,4083.95,4110.41,4119.28,4083.67,2147244637.0
S&P 500,US78378X1072,USA,4359526,USD,2022-09-13 12:00:00,4037.61,3932.69,4037.61,3921.28,2642497109.0
S&P 500,US78378X1072,USA,4359526,USD,2022-09-14 12:00:00,3940.79,3946.01,3961.94,3912.18,2483571502.0
S&P 500,US78378X1072,USA,4359526,USD,2022-09-15 12:00:00,3932.71,3901.35,3959.14,3888.28,2510229670.0
S&P 500,US78378X1072,USA,4359526,USD,2022-09-16 12:00:00,3881.68,3873.33,3881.68,3837.08,4363348031.0
S&P 500,US78378X1072,USA,4359526,USD,2022-09-19 12:00:00,3848.25,3899.89,3900.45,3838.5,2117736405.0
S&P 500,US78378X1072,USA,4359526,USD,2022-09-20 12:00:00,3875.05,3855.93,3876.01,3827.54,2335994827.0
S&P 500,US78378X1072,USA,4359526,USD,2022-09-21 12:00:00,3871.16,3789.93,3907.07,3789.49,2487138441.0
S&P 500,US78378X1072,USA,4359526,USD,2022-09-22 12:00:00,3782.59,3757.99,3790.9,3749.45,2450867075.0
S&P 500,US78378X1072,USA,4359526,USD,2022-09-23 12:00:00,3728.27,3693.23,3728.27,3647.47,2812566206.0
S&P 500,US78378X1072,USA,4359526,USD,2022-09-26 12:00:00,3681.95,3655.04,3715.67,3644.76,2634968922.0
S&P 500,US78378X1072,USA,4359526,USD,2022-09-27 12:00:00,3686.11,3647.29,3717.53,3623.29,2548804869.0
S&P 500,US78378X1072,USA,4359526,USD,2022-09-28 12:00:00,3652.68,3719.04,3736.74,3640.61,2637914627.0
S&P 500,US78378X1072,USA,4359526,USD,2022-09-29 12:00:00,3687.15,3640.47,3687.15,3610.4,2601213630.0
S&P 500,US78378X1072,USA,4359526,USD,2022-09-30 12:00:00,3634.15,3585.62,3671.44,3584.13,3146085245.0
S&P 500,US78378X1072,USA,4359526,USD,2022-10-03 12:00:00,3610.11,3678.43,3698.35,3604.93,2796268885.0
S&P 500,US78378X1072,USA,4359526,USD,2022-10-04 12:00:00,3726.21,3790.93,3791.92,3726.21,2915001983.0
S&P 500,US78378X1072,USA,4359526,USD,2022-10-05 12:00:00,3753.84,3783.28,3806.91,3722.66,2502482020.0
S&P 500,US78378X1072,USA,4359526,USD,2022-10-06 12:00:00,3771.53,3744.52,3797.93,3739.22,2518958795.0
S&P 500,US78378X1072,USA,4359526,USD,2022-10-07 12:00:00,3707.07,3639.66,3707.07,3620.73,2716138719.0
S&P 500,US78378X1072,USA,4359526,USD,2022-10-10 12:00:00,3647.5,3612.39,3652.17,3588.1,2381483415.0
S&P 500,US78378X1072,USA,4359526,USD,2022-10-11 12:00:00,3595.48,3588.84,3640.66,3568.45,2731976978.0
S&P 500,US78378X1072,USA,4359526,USD,2022-10-12 12:00:00,3592.16,3577.03,3608.34,3573.86,2375058756.0
S&P 500,US78378X1072,USA,4359526,USD,2022-10-13 12:00:00,3519.18,3669.91,3685.41,3491.58,3202991397.0
S&P 500,US78378X1072,USA,4359526,USD,2022-10-14 12:00:00,3690.56,3583.07,3712.0,3579.68,2666728008.0
S&P 500,US78378X1072,USA,4359526,USD,2022-10-17 12:00:00,3638.63,3677.95,3689.73,3638.63,2581606904.0
S&P 500,US78378X1072,USA,4359526,USD,2022-10-18 12:00:00,3746.75,3719.98,3762.79,3686.53,2663739031.0
S&P 500,US78378X1072,USA,4359526,USD,2022-10-19 12:00:00,3702.73,3695.16,3728.58,3666.51,2398756059.0
S&P 500,US78378X1072,USA,4359526,USD,2022-10-20 12:00:00,3689.82,3665.78,3736.0,3656.44,2643573608.0
S&P 500,US78378X1072,USA,4359526,USD,2022-10-21 12:00:00,3656.51,3752.75,3757.89,3647.42,3006076801.0
S&P 500,US78378X1072,USA,4359526,USD,2022-10-24 12:00:00,3763.41,3797.34,3810.74,3741.65,2588908128.0
S&P 500,US78378X1072,USA,4359526,USD,2022-10-25 12:00:00,3799.04,3859.11,3862.85,3799.04,2710890488.0
S&P 500,US78378X1072,USA,4359526,USD,2022-10-26 12:00:00,3826.79,3830.6,3886.15,3824.07,2920633065.0
S&P 500,US78378X1072,USA,4359526,USD,2022-10-27 12:00:00,3834.85,3807.3,3859.95,3803.79,3065025495.0
S&P 500,US78378X1072,USA,4359526,USD,2022-10-28 12:00:00,3808.18,3901.06,3905.42,3808.18,2901520060.0
S&P 500,US78378X1072,USA,4359526,USD,2022-10-31 12:00:00,3881.49,3871.98,3893.73,3863.18,2805343391.0
S&P 500,US78378X1072,USA,4359526,USD,2022-11-01 12:00:00,3900.79,3856.1,3911.79,3843.8,2621979328.0
S&P 500,US78378X1072,USA,4359526,USD,2022-11-02 12:00:00,3851.62,3759.69,3894.44,3758.68,3113991763.0
S&P 500,US78378X1072,USA,4359526,USD,2022-11-03 12:00:00,3731.48,3719.89,3750.59,3698.15,2856234717.0
S&P 500,US78378X1072,USA,4359526,USD,2022-11-04 12:00:00,3767.97,3770.55,3796.34,3708.84,3025947358.0
S&P 500,US78378X1072,USA,4359526,USD,2022-11-07 12:00:00,3780.89,3806.8,3813.95,3764.7,2496452846.0
S&P 500,US78378X1072,USA,4359526,USD,2022-11-08 12:00:00,3816.47,3828.11,3859.4,3786.28,2586669895.0
S&P 500,US78378X1072,USA,4359526,USD,2022-11-09 12:00:00,3811.22,3748.57,3818.2,3744.22,2542782564.0
S&P 500,US78378X1072,USA,4359526,USD,2022-11-10 12:00:00,3859.74,3956.37,3958.33,3859.74,3357652603.0
S&P 500,US78378X1072,USA,4359526,USD,2022-11-11 12:00:00,3963.33,3992.93,4001.48,3944.82,3032916652.0
S&P 500,US78378X1072,USA,4359526,USD,2022-11-14 12:00:00,3977.28,3957.25,4008.97,3956.4,2615043030.0
S&P 500,US78378X1072,USA,4359526,USD,2022-11-15 12:00:00,4007.26,3991.73,4028.84,3953.17,2794165098.0
S&P 500,US78378X1072,USA,4359526,USD,2022-11-16 12:00:00,3976.32,3958.79,3983.09,3954.34,2406651146.0
S&P 500,US78378X1072,USA,4359526,USD,2022-11-17 12:00:00,3918.39,3946.56,3954.33,3906.54,2196879829.0
S&P 500,US78378X1072,USA,4359526,USD,2022-11-18 12:00:00,3967.68,3965.34,3979.89,3935.98,2236041314.0
S&P 500,US78378X1072,USA,4359526,USD,2022-11-21 12:00:00,3956.45,3949.94,3962.0,3933.34,2113922792.0
S&P 500,US78378X1072,USA,4359526,USD,2022-11-22 12:00:00,3965.15,4003.58,4005.88,3956.88,1998945068.0
S&P 500,US78378X1072,USA,4359526,USD,2022-11-23 12:00:00,4001.02,4027.26,4033.78,3998.66,1753877149.0
S&P 500,US78378X1072,USA,4359526,USD,2022-11-25 12:00:00,4023.55,4026.12,4034.02,4020.76,902963984.0
S&P 500,US78378X1072,USA,4359526,USD,2022-11-28 12:00:00,4005.59,3963.94,4012.27,3955.77,2097892829.0
S&P 500,US78378X1072,USA,4359526,USD,2022-11-29 12:00:00,3963.63,3957.63,3976.77,3937.65,1904609130.0
S&P 500,US78378X1072,USA,4359526,USD,2022-11-30 12:00:00,3957.64,4080.11,4080.11,3938.58,3725030407.0
S&P 500,US78378X1072,USA,4359526,USD,2022-12-01 12:00:00,4086.88,4076.57,4100.51,4050.87,2319414988.0
S&P 500,US78378X1072,USA,4359526,USD,2022-12-02 12:00:00,4039.72,4071.7,4080.48,4026.63,2076416488.0
S&P 500,US78378X1072,USA,4359526,USD,2022-12-05 12:00:00,4051.95,3998.84,4052.45,3984.49,2278161210.0
S&P 500,US78378X1072,USA,4359526,USD,2022-12-06 12:00:00,3997.16,3941.26,4001.51,3918.39,2367140655.0
S&P 500,US78378X1072,USA,4359526,USD,2022-12-07 12:00:00,3933.55,3933.92,3957.57,3922.68,2263753223.0
S&P 500,US78378X1072,USA,4359526,USD,2022-12-08 12:00:00,3947.89,3963.51,3974.19,3935.83,2157778235.0
S&P 500,US78378X1072,USA,4359526,USD,2022-12-09 12:00:00,3953.93,3934.38,3977.02,3933.04,2123231344.0
S&P 500,US78378X1072,USA,4359526,USD,2022-12-12 12:00:00,3939.55,3990.56,3990.71,3935.3,2285904829.0
S&P 500,US78378X1072,USA,4359526,USD,2022-12-13 12:00:00,4068.88,4019.65,4100.96,3993.03,3087952326.0
S&P 500,US78378X1072,USA,4359526,USD,2022-12-14 12:00:00,4015.41,3995.32,4053.76,3965.65,2603890537.0
S&P 500,US78378X1072,USA,4359526,USD,2022-12-15 12:00:00,3958.25,3895.75,3958.37,3879.45,2703927276.0
S&P 500,US78378X1072,USA,4359526,USD,2022-12-16 12:00:00,3891.56,3852.36,3891.56,3827.91,5089538353.0
S&P 500,US78378X1072,USA,4359526,USD,2022-12-19 12:00:00,3853.69,3817.66,3854.86,3800.04,2299211168.0
S&P 500,US78378X1072,USA,4359526,USD,2022-12-20 12:00:00,3810.37,3821.62,3838.24,3795.62,2209956558.0
S&P 500,US78378X1072,USA,4359526,USD,2022-12-21 12:00:00,3841.16,3878.44,3889.82,3839.49,2148847365.0
S&P 500,US78378X1072,USA,4359526,USD,2022-12-22 12:00:00,3853.25,3822.39,3853.26,3764.49,2365338674.0
S&P 500,US78378X1072,USA,4359526,USD,2022-12-23 12:00:00,3813.11,3844.82,3845.8,3797.01,1579126770.0
S&P 500,US78378X1072,USA,4359526,USD,2022-12-27 12:00:00,3843.22,3829.25,3846.65,3813.22,1744900168.0
S&P 500,US78378X1072,USA,4359526,USD,2022-12-28 12:00:00,3829.34,3783.22,3848.32,3780.78,1740055216.0
S&P 500,US78378X1072,USA,4359526,USD,2022-12-29 12:00:00,3805.4,3849.28,3858.19,3805.4,1735156616.0
S&P 500,US78378X1072,USA,4359526,USD,2022-12-30 12:00:00,3828.85,3839.5,3839.85,3800.34,1706136061.0
S&P 500,US78378X1072,USA,4359526,USD,2023-01-03 12:00:00,3854.97,3824.14,3878.46,3794.33,2353396979.0
S&P 500,US78378X1072,USA,4359526,USD,2023-01-04 12:00:00,3842.21,3852.97,3873.16,3815.77,2595164544.0
S&P 500,US78378X1072,USA,4359526,USD,2023-01-05 12:00:00,3840.09,3808.1,3840.09,3802.42,2259316692.0
S&P 500,US78378X1072,USA,4359526,USD,2023-01-06 12:00:00,3827.14,3895.08,3906.19,3809.56,2468430654.0
S&P 500,US78378X1072,USA,4359526,USD,2023-01-09 12:00:00,3910.56,3892.09,3950.57,3890.42,2500082779.0
S&P 500,US78378X1072,USA,4359526,USD,2023-01-10 12:00:00,3888.55,3919.25,3919.83,3877.29,2141504907.0
S&P 500,US78378X1072,USA,4359526,USD,2023-01-11 12:00:00,3932.66,3969.61,3970.07,3928.54,2354204882.0
S&P 500,US78378X1072,USA,4359526,USD,2023-01-12 12:00:00,3977.24,3983.17,3997.76,3937.56,2468826678.0
S&P 500,US78378X1072,USA,4359526,USD,2023-01-13 12:00:00,3960.32,3999.09,4003.95,3947.67,2305897852.0
S&P 500,US78378X1072,USA,4359526,USD,2023-01-17 12:00:00,3999.41,3990.97,4015.39,3984.57,2498747931.0
S&P 500,US78378X1072,USA,4359526,USD,2023-01-18 12:00:00,4002.19,3928.86,4014.16,3926.59,2545980650.0
S&P 500,US78378X1072,USA,4359526,USD,2023-01-19 12:00:00,3912.05,3898.85,3922.94,3885.54,2465301681.0
S&P 500,US78378X1072,USA,4359526,USD,2023-01-20 12:00:00,3909.44,3972.61,3972.96,3897.86,2617398551.0
S&P 500,US78378X1072,USA,4359526,USD,2023-01-23 12:00:00,3978.25,4019.81,4039.31,3971.64,2469899901.0
S&P 500,US78378X1072,USA,4359526,USD,2023-01-24 12:00:00,4016.08,4016.95,4023.92,3989.79,2091229711.0
S&P 500,US78378X1072,USA,4359526,USD,2023-01-25 12:00:00,3982.84,4016.22,4019.55,3949.06,2416051835.0
S&P 500,US78378X1072,USA,4359526,USD,2023-01-26 12:00:00,4036.2,4060.43,4061.57,4013.29,2433218693.0
S&P 500,US78378X1072,USA,4359526,USD,2023-01-27 12:00:00,4053.81,4070.56,4094.21,4048.7,2572664062.0
S&P 500,US78378X1072,USA,4359526,USD,2023-01-30 12:00:00,4049.45,4017.77,4063.85,4015.55,2303537608.0
S&P 500,US78378X1072,USA,4359526,USD,2023-01-31 12:00:00,4020.29,4076.6,4077.16,4020.29,2865897027.0
S&P 500,US78378X1072,USA,4359526,USD,2023-02-01 12:00:00,4070.2,4119.21,4148.95,4037.2,2939837224.0
S&P 500,US78378X1072,USA,4359526,USD,2023-02-02 12:00:00,4158.5,4179.76,4195.44,4141.88,3391309424.0
S&P 500,US78378X1072,USA,4359526,USD,2023-02-03 12:00:00,4136.73,4136.48,4182.36,4123.36,2899964493.0
S&P 500,US78378X1072,USA,4359526,USD,2023-02-06 12:00:00,4118.89,4111.08,4124.63,4093.38,2284201082.0
S&P 500,US78378X1072,USA,4359526,USD,2023-02-07 12:00:00,4104.9,4164.0,4176.54,4088.39,2612787624.0
S&P 500,US78378X1072,USA,4359526,USD,2023-02-08 12:00:00,4153.34,4117.86,4156.85,4111.67,2543426659.0
S&P 500,US78378X1072,USA,4359526,USD,2023-02-09 12:00:00,4143.81,4081.5,4156.23,4069.67,2652617337.0
S&P 500,US78378X1072,USA,4359526,USD,2023-02-10 12:00:00,4069.15,4090.46,4094.36,4060.79,2312192918.0
S&P 500,US78378X1072,USA,4359526,USD,2023-02-13 12:00:00,4096.84,4137.29,4138.9,4092.67,2125959564.0
S&P 500,US78378X1072,USA,4359526,USD,2023-02-14 12:00:00,4126.54,4136.13,4159.77,4095.01,2219075513.0
S&P 500,US78378X1072,USA,4359526,USD,2023-02-15 12:00:00,4119.08,4147.6,4148.11,4103.98,2112266379.0
S&P 500,US78378X1072,USA,4359526,USD,2023-02-16 12:00:00,4114.54,4090.41,4136.54,4089.49,2264834581.0
S&P 500,US78378X1072,USA,4359526,USD,2023-02-17 12:00:00,4077.73,4079.09,4081.51,4047.95,2380094371.0
S&P 500,US78378X1072,USA,4359526,USD,2023-02-21 12:00:00,4052.77,3997.34,4052.77,3995.19,2347271199.0
S&P 500,US78378X1072,USA,4359526,USD,2023-02-22 12:00:00,4001.64,3991.05,4017.37,3976.9,2259720314.0
S&P 500,US78378X1072,USA,4359526,USD,2023-02-23 12:00:00,4018.09,4012.32,4028.3,3969.19,2308657962.0
S&P 500,US78378X1072,USA,4359526,USD,2023-02-24 12:00:00,3974.28,3970.04,3978.25,3943.08,2180170804.0
S&P 500,US78378X1072,USA,4359526,USD,2023-02-27 12:00:00,3992.02,3982.24,4018.05,3973.55,2068606135.0
S&P 500,US78378X1072,USA,4359526,USD,2023-02-28 12:00:00,3977.13,3970.15,3997.5,3968.98,2771735399.0
S&P 500,US78378X1072,USA,4359526,USD,2023-03-01 12:00:00,3963.86,3951.39,3971.73,3939.05,2225253319.0
S&P 500,US78378X1072,USA,4359526,USD,2023-03-02 12:00:00,3938.25,3981.35,3990.84,3928.16,2252262370.0
S&P 500,US78378X1072,USA,4359526,USD,2023-03-03 12:00:00,3998.13,4045.64,4048.29,3995.17,2228260881.0
S&P 500,US78378X1072,USA,4359526,USD,2023-03-06 12:00:00,4054.41,4048.42,4078.49,4044.61,2183396550.0
S&P 500,US78378X1072,USA,4359526,USD,2023-03-07 12:00:00,4048.23,3986.37,4050.0,3980.31,2261990430.0
S&P 500,US78378X1072,USA,4359526,USD,2023-03-08 12:00:00,3987.46,3992.01,4000.41,3969.76,2036782973.0
S&P 500,US78378X1072,USA,4359526,USD,2023-03-09 12:00:00,3998.89,3918.32,4017.81,3908.7,2604828562.0
S&P 500,US78378X1072,USA,4359526,USD,2023-03-10 12:00:00,3912.82,3861.59,3934.05,3846.32,3238481766.0
S&P 500,US78378X1072,USA,4359526,USD,2023-03-13 12:00:00,3835.32,3855.76,3905.05,3808.86,4001022053.0
S&P 500,US78378X1072,USA,4359526,USD,2023-03-14 12:00:00,3893.61,3919.29,3937.29,3873.63,3434915177.0
S&P 500,US78378X1072,USA,4359526,USD,2023-03-15 12:00:00,3877.23,3891.93,3894.26,3838.24,3703901268.0
S&P 500,US78378X1072,USA,4359526,USD,2023-03-16 12:00:00,3877.52,3960.28,3964.46,3864.11,3623445073.0
S&P 500,US78378X1072,USA,4359526,USD,2023-03-17 12:00:00,3959.98,3916.64,3959.98,3901.27,5761269537.0
S&P 500,US78378X1072,USA,4359526,USD,2023-03-20 12:00:00,3917.56,3951.57,3956.62,3916.89,2917994859.0
S&P 500,US78378X1072,USA,4359526,USD,2023-03-21 12:00:00,3976.35,4002.87,4009.08,3971.19,2947355545.0
S&P 500,US78378X1072,USA,4359526,USD,2023-03-22 12:00:00,4002.13,3936.97,4039.49,3936.17,2694608426.0
S&P 500,US78378X1072,USA,4359526,USD,2023-03-23 12:00:00,3959.34,3948.72,4007.66,3919.05,2797479137.0
S&P 500,US78378X1072,USA,4359526,USD,2023-03-24 12:00:00,3937.2,3970.99,3972.74,3909.16,2584795164.0
S&P 500,US78378X1072,USA,4359526,USD,2023-03-27 12:00:00,3984.72,3977.53,4003.83,3970.49,2461561562.0
S&P 500,US78378X1072,USA,4359526,USD,2023-03-28 12:00:00,3973.96,3971.27,3979.2,3951.53,1986603707.0
S&P 500,US78378X1072,USA,4359526,USD,2023-03-29 12:00:00,4002.26,4027.81,4030.59,3999.53,2265595656.0
S&P 500,US78378X1072,USA,4359526,USD,2023-03-30 12:00:00,4047.18,4050.83,4057.85,4032.1,2133759612.0
S&P 500,US78378X1072,USA,4359526,USD,2023-03-31 12:00:00,4058.64,4109.31,4110.75,4056.18,2516723256.0
S&P 500,US78378X1072,USA,4359526,USD,2023-04-03 12:00:00,4102.32,4124.51,4127.66,4098.79,2425239188.0
S&P 500,US78378X1072,USA,4359526,USD,2023-04-04 12:00:00,4128.05,4100.6,4133.13,4086.87,2264264203.0
S&P 500,US78378X1072,USA,4359526,USD,2023-04-05 12:00:00,4095.48,4090.38,4099.69,4072.56,2325149807.0
S&P 500,US78378X1072,USA,4359526,USD,2023-04-06 12:00:00,4081.58,4105.02,4107.32,4069.84,2072470322.0
S&P 500,US78378X1072,USA,4359526,USD,2023-04-10 12:00:00,4084.78,4109.11,4109.5,4072.55,1948962417.0
S&P 500,US78378X1072,USA,4359526,USD,2023-04-11 12:00:00,4110.96,4108.94,4124.26,4102.61,1989408805.0
S&P 500,US78378X1072,USA,4359526,USD,2023-04-12 12:00:00,4123.65,4091.95,4134.37,4086.94,2242917713.0
S&P 500,US78378X1072,USA,4359526,USD,2023-04-13 12:00:00,4100.02,4146.22,4150.26,4099.4,2196995300.0
S&P 500,US78378X1072,USA,4359526,USD,2023-04-14 12:00:00,4140.14,4137.64,4163.19,4113.2,2077040795.0
S&P 500,US78378X1072,USA,4359526,USD,2023-04-17 12:00:00,4137.5,4151.32,4151.72,4123.18,2132427049.0
S&P 500,US78378X1072,USA,4359526,USD,2023-04-18 12:00:00,4164.44,4154.87,4169.48,4140.36,2124684260.0
S&P 500,US78378X1072,USA,4359526,USD,2023-04-19 12:00:00,4139.18,4154.52,4162.57,4134.49,2158289234.0
S&P 500,US78378X1072,USA,4359526,USD,2023-04-20 12:00:00,4130.16,4129.79,4148.57,4114.57,2453132513.0
S&P 500,US78378X1072,USA,4359526,USD,2023-04-21 12:00:00,4132.56,4133.52,4138.02,4113.86,2304130058.0
S&P 500,US78378X1072,USA,4359526,USD,2023-04-24 12:00:00,4132.29,4137.04,4142.41,4117.77,2113777657.0
S&P 500,US78378X1072,USA,4359526,USD,2023-04-25 12:00:00,4126.7,4071.63,4126.7,4071.38,2559843604.0
S&P 500,US78378X1072,USA,4359526,USD,2023-04-26 12:00:00,4087.1,4055.99,4089.67,4049.35,2698867825.0
S&P 500,US78378X1072,USA,4359526,USD,2023-04-27 12:00:00,4076.41,4135.35,4138.24,4075.29,2698412526.0
S&P 500,US78378X1072,USA,4359526,USD,2023-04-28 12:00:00,4129.95,4169.48,4170.06,4127.17,2723328076.0
S&P 500,US78378X1072,USA,4359526,USD,2023-05-01 12:00:00,4167.44,4167.87,4186.92,4164.12,2244433487.0
S&P 500,US78378X1072,USA,4359526,USD,2023-05-02 12:00:00,4163.55,4119.58,4164.1,4089.72,2638399719.0
S&P 500,US78378X1072,USA,4359526,USD,2023-05-03 12:00:00,4122.44,4090.75,4148.3,4088.86,2793300701.0
S&P 500,US78378X1072,USA,4359526,USD,2023-05-04 12:00:00,4081.27,4061.22,4082.61,4048.28,2876115101.0
S&P 500,US78378X1072,USA,4359526,USD,2023-05-05 12:00:00,4088.26,4136.25,4147.02,4084.73,2470165404.0
S&P 500,US78378X1072,USA,4359526,USD,2023-05-08 12:00:00,4137.41,4138.12,4142.3,4123.81,2097970022.0
S&P 500,US78378X1072,USA,4359526,USD,2023-05-09 12:00:00,4123.32,4119.17,4130.35,4116.65,2063699116.0
S&P 500,US78378X1072,USA,4359526,USD,2023-05-10 12:00:00,4143.52,4137.64,4154.28,4098.92,2344517718.0
S&P 500,US78378X1072,USA,4359526,USD,2023-05-11 12:00:00,4131.93,4130.62,4132.8,4109.29,2245622679.0
S&P 500,US78378X1072,USA,4359526,USD,2023-05-12 12:00:00,4138.84,4124.08,4143.74,4099.12,2076596316.0
S&P 500,US78378X1072,USA,4359526,USD,2023-05-15 12:00:00,4126.8,4136.28,4141.25,4110.27,2052455077.0
S&P 500,US78378X1072,USA,4359526,USD,2023-05-16 12:00:00,4128.05,4109.9,4135.54,4109.86,2176451205.0
S&P 500,US78378X1072,USA,4359526,USD,2023-05-17 12:00:00,4123.78,4158.77,4164.67,4113.62,2440897931.0
S&P 500,US78378X1072,USA,4359526,USD,2023-05-18 12:00:00,4156.64,4198.05,4202.2,4153.5,2409183557.0
S&P 500,US78378X1072,USA,4359526,USD,2023-05-19 12:00:00,4206.05,4191.98,4212.91,4180.2,2352764320.0
S&P 500,US78378X1072,USA,4359526,USD,2023-05-22 12:00:00,4189.76,4192.63,4209.22,4179.68,2217613961.0
S&P 500,US78378X1072,USA,4359526,USD,2023-05-23 12:00:00,4176.57,4145.58,4185.68,4142.54,2437622999.0
S&P 500,US78378X1072,USA,4359526,USD,2023-05-24 12:00:00,4132.39,4115.24,4132.96,4103.98,2275689933.0
S&P 500,US78378X1072,USA,4359526,USD,2023-05-25 12:00:00,4154.81,4151.28,4165.74,4129.73,2825869882.0
S&P 500,US78378X1072,USA,4359526,USD,2023-05-26 12:00:00,4155.98,4205.45,4212.87,4155.98,2591763936.0
S&P 500,US78378X1072,USA,4359526,USD,2023-05-30 12:00:00,4226.38,4205.52,4231.1,4192.18,2562757079.0
S&P 500,US78378X1072,USA,4359526,USD,2023-05-31 12:00:00,4190.44,4179.83,4195.44,4166.15,4400897953.0
S&P 500,US78378X1072,USA,4359526,USD,2023-06-01 12:00:00,4180.89,4221.02,4232.43,4171.64,2581648680.0
S&P 500,US78378X1072,USA,4359526,USD,2023-06-02 12:00:00,4241.04,4282.37,4290.67,4241.01,2730479867.0
S&P 500,US78378X1072,USA,4359526,USD,2023-06-05 12:00:00,4282.95,4273.79,4299.28,4266.82,2189296481.0
S&P 500,US78378X1072,USA,4359526,USD,2023-06-06 12:00:00,4271.26,4283.85,4288.33,4263.09,2246726404.0
S&P 500,US78378X1072,USA,4359526,USD,2023-06-07 12:00:00,4285.05,4267.52,4299.19,4263.96,2726818936.0
S&P 500,US78378X1072,USA,4359526,USD,2023-06-08 12:00:00,4268.42,4293.93,4298.01,4261.07,2224429186.0
S&P 500,US78378X1072,USA,4359526,USD,2023-06-09 12:00:00,4305.37,4298.86,4322.62,4291.7,2141505268.0
S&P 500,US78378X1072,USA,4359526,USD,2023-06-12 12:00:00,4308.22,4338.93,4340.13,4304.37,2457045650.0
S&P 500,US78378X1072,USA,4359526,USD,2023-06-13 12:00:00,4352.58,4369.01,4375.37,4349.31,2547779855.0
S&P 500,US78378X1072,USA,4359526,USD,2023-06-14 12:00:00,4366.95,4372.59,4391.82,4337.85,2641024713.0
S&P 500,US78378X1072,USA,4359526,USD,2023-06-15 12:00:00,4364.68,4425.84,4439.2,4362.6,2569292175.0
S&P 500,US78378X1072,USA,4359526,USD,2023-06-16 12:00:00,4442.7,4409.59,4448.47,4407.44,4195443308.0
S&P 500,US78378X1072,USA,4359526,USD,2023-06-20 12:00:00,4395.74,4388.71,4400.15,4367.19,2431767578.0
S&P 500,US78378X1072,USA,4359526,USD,2023-06-21 12:00:00,4379.26,4365.69,4386.22,4360.14,2324030886.0
S&P 500,US78378X1072,USA,4359526,USD,2023-06-22 12:00:00,4356.37,4381.89,4382.25,4351.82,2091147063.0
S&P 500,US78378X1072,USA,4359526,USD,2023-06-23 12:00:00,4353.75,4348.33,4366.55,4341.34,3056621301.0
S&P 500,US78378X1072,USA,4359526,USD,2023-06-26 12:00:00,4345.07,4328.82,4362.06,4328.08,2248760425.0
S&P 500,US78378X1072,USA,4359526,USD,2023-06-27 12:00:00,4337.77,4378.41,4384.42,4335.0,2286873269.0
S&P 500,US78378X1072,USA,4359526,USD,2023-06-28 12:00:00,4367.57,4376.86,4390.35,4360.22,2276949818.0
S&P 500,US78378X1072,USA,4359526,USD,2023-06-29 12:00:00,4375.51,4396.44,4398.39,4371.97,2152193154.0
S&P 500,US78378X1072,USA,4359526,USD,2023-06-30 12:00:00,4421.66,4450.38,4458.48,4421.66,2489651506.0
S&P 500,US78378X1072,USA,4359526,USD,2023-07-03 12:00:00,4449.45,4455.59,4456.46,4442.29,1243004399.0
S&P 500,US78378X1072,USA,4359526,USD,2023-07-05 12:00:00,4441.46,4446.82,4454.06,4436.61,2152798808.0
S&P 500,US78378X1072,USA,4359526,USD,2023-07-06 12:00:00,4418.84,4411.59,4422.62,4385.05,2226039196.0
S&P 500,US78378X1072,USA,4359526,USD,2023-07-07 12:00:00,4403.41,4398.95,4440.39,4397.4,2113381973.0
S&P 500,US78378X1072,USA,4359526,USD,2023-07-10 12:00:00,4394.32,4409.53,4412.6,4389.92,2171846554.0
S&P 500,US78378X1072,USA,4359526,USD,2023-07-11 12:00:00,4415.66,4439.26,4443.64,4408.46,2131114902.0
S&P 500,US78378X1072,USA,4359526,USD,2023-07-12 12:00:00,4468.22,4472.16,4488.34,4463.23,2323660864.0
S&P 500,US78378X1072,USA,4359526,USD,2023-07-13 12:00:00,4491.75,4510.04,4517.38,4489.36,2254612299.0
S&P 500,US78378X1072,USA,4359526,USD,2023-07-14 12:00:00,4514.46,4505.42,4527.76,4499.56,2371250817.0
S&P 500,US78378X1072,USA,4359526,USD,2023-07-17 12:00:00,4508.41,4522.79,4532.85,4504.9,2357507633.0
S&P 500,US78378X1072,USA,4359526,USD,2023-07-18 12:00:00,4521.38,4554.98,4562.3,4514.59,2538286894.0
S&P 500,US78378X1072,USA,4359526,USD,2023-07-19 12:00:00,4565.3,4565.72,4578.43,4557.48,2585040201.0
S&P 500,US78378X1072,USA,4359526,USD,2023-07-20 12:00:00,4554.15,4534.87,4564.74,4527.56,2593544503.0
S&P 500,US78378X1072,USA,4359526,USD,2023-07-21 12:00:00,4550.54,4536.34,4555.0,4535.79,3275429686.0
S&P 500,US78378X1072,USA,4359526,USD,2023-07-24 12:00:00,4542.89,4554.64,4563.41,4541.29,2136206636.0
S&P 500,US78378X1072,USA,4359526,USD,2023-07-25 12:00:00,4554.72,4567.46,4580.62,4552.42,2305490101.0
S&P 500,US78378X1072,USA,4359526,USD,2023-07-26 12:00:00,4558.23,4566.75,4582.47,4547.58,2312272045.0
S&P 500,US78378X1072,USA,4359526,USD,2023-07-27 12:00:00,4597.97,4537.41,4607.07,4528.56,2666286293.0
S&P 500,US78378X1072,USA,4359526,USD,2023-07-28 12:00:00,4566.44,4582.23,4590.16,4564.01,2359801217.0
S&P 500,US78378X1072,USA,4359526,USD,2023-07-31 12:00:00,4584.75,4588.96,4594.22,4573.14,2411537985.0
S&P 500,US78378X1072,USA,4359526,USD,2023-08-01 12:00:00,4579.49,4576.73,4584.62,4567.53,2172699881.0
S&P 500,US78378X1072,USA,4359526,USD,2023-08-02 12:00:00,4551.34,4513.39,4551.34,4505.75,2466207896.0
S&P 500,US78378X1072,USA,4359526,USD,2023-08-03 12:00:00,4494.13,4501.89,4519.49,4485.54,2351421483.0
S&P 500,US78378X1072,USA,4359526,USD,2023-08-04 12:00:00,4514.41,4478.03,4540.34,4474.55,2413919840.0
S&P 500,US78378X1072,USA,4359526,USD,2023-08-07 12:00:00,4492.54,4518.44,4519.84,4491.15,2055431221.0
S&P 500,US78378X1072,USA,4359526,USD,2023-08-08 12:00:00,4495.96,4499.38,4503.31,4464.39,2172253124.0
S&P 500,US78378X1072,USA,4359526,USD,2023-08-09 12:00:00,4501.94,4467.71,4502.44,4461.33,2046722089.0
S&P 500,US78378X1072,USA,4359526,USD,2023-08-10 12:00:00,4486.61,4468.83,4527.37,4457.92,2111185396.0
S&P 500,US78378X1072,USA,4359526,USD,2023-08-11 12:00:00,4451.24,4464.05,4476.23,4443.98,1850766477.0
S&P 500,US78378X1072,USA,4359526,USD,2023-08-14 12:00:00,4457.92,4489.72,4490.33,4453.44,1955913253.0
S&P 500,US78378X1072,USA,4359526,USD,2023-08-15 12:00:00,4477.38,4437.86,4478.87,4432.19,1977157506.0
S&P 500,US78378X1072,USA,4359526,USD,2023-08-16 12:00:00,4433.06,4404.33,4449.95,4403.55,2001143711.0
S&P 500,US78378X1072,USA,4359526,USD,2023-08-17 12:00:00,4416.83,4370.36,4421.17,4364.83,2216839469.0
S&P 500,US78378X1072,USA,4359526,USD,2023-08-18 12:00:00,4343.29,4369.71,4381.82,4335.31,2157858548.0
S&P 500,US78378X1072,USA,4359526,USD,2023-08-21 12:00:00,4380.95,4399.77,4407.55,4360.3,2057592847.0
S&P 500,US78378X1072,USA,4359526,USD,2023-08-22 12:00:00,4415.87,4387.55,4418.59,4382.77,1905849406.0
S&P 500,US78378X1072,USA,4359526,USD,2023-08-23 12:00:00,4396.43,4436.01,4443.18,4396.43,2013748142.0
S&P 500,US78378X1072,USA,4359526,USD,2023-08-24 12:00:00,4454.85,4376.31,4458.3,4375.55,2077193771.0
S&P 500,US78378X1072,USA,4359526,USD,2023-08-25 12:00:00,4389.19,4405.71,4418.46,4356.29,1976128172.0
S&P 500,US78378X1072,USA,4359526,USD,2023-08-28 12:00:00,4425.89,4433.31,4439.56,4414.98,1669881577.0
S&P 500,US78378X1072,USA,4359526,USD,2023-08-29 12:00:00,4432.21,4497.63,4500.14,4431.68,1936663046.0
S&P 500,US78378X1072,USA,4359526,USD,2023-08-30 12:00:00,4500.72,4514.87,4521.65,4493.59,1827645178.0
S&P 500,US78378X1072,USA,4359526,USD,2023-08-31 12:00:00,4516.61,4507.66,4532.26,4507.39,2352361081.0
S&P 500,US78378X1072,USA,4359526,USD,2023-09-01 12:00:00,4530.85,4515.77,4541.25,4501.35,1958155311.0
S&P 500,US78378X1072,USA,4359526,USD,2023-09-05 12:00:00,4510.24,4496.83,4514.29,4496.01,2128341430.0
S&P 500,US78378X1072,USA,4359526,USD,2023-09-06 12:00:00,4490.0,4465.48,4490.35,4442.38,2138052710.0
S&P 500,US78378X1072,USA,4359526,USD,2023-09-07 12:00:00,4433.6,4451.14,4457.81,4430.46,2441134922.0
S&P 500,US78378X1072,USA,4359526,USD,2023-09-08 12:00:00,4451.14,4457.49,4473.53,4448.38,2076441612.0
S&P 500,US78378X1072,USA,4359526,USD,2023-09-11 12:00:00,4480.95,4487.46,4490.77,4467.89,2165432434.0
S&P 500,US78378X1072,USA,4359526,USD,2023-09-12 12:00:00,4473.39,4461.9,4487.11,4456.83,2184137855.0
S&P 500,US78378X1072,USA,4359526,USD,2023-09-13 12:00:00,4462.49,4467.44,4479.39,4453.52,2268926200.0
S&P 500,US78378X1072,USA,4359526,USD,2023-09-14 12:00:00,4487.34,4505.1,4511.99,4478.69,2275484003.0
S&P 500,US78378X1072,USA,4359526,USD,2023-09-15 12:00:00,4499.08,4450.32,4499.08,4447.21,4244973105.0
S&P 500,US78378X1072,USA,4359526,USD,2023-09-18 12:00:00,4445.19,4453.53,4466.36,4442.11,1932361461.0
S&P 500,US78378X1072,USA,4359526,USD,2023-09-19 12:00:00,4444.22,4443.95,4449.85,4416.61,2018270144.0
S&P 500,US78378X1072,USA,4359526,USD,2023-09-20 12:00:00,4454.4,4402.2,4461.03,4401.38,1976745837.0
S&P 500,US78378X1072,USA,4359526,USD,2023-09-21 12:00:00,4375.19,4330.0,4375.7,4329.17,2298552282.0
S&P 500,US78378X1072,USA,4359526,USD,2023-09-22 12:00:00,4341.08,4320.06,4357.4,4316.49,2135953365.0
S&P 500,US78378X1072,USA,4359526,USD,2023-09-25 12:00:00,4309.74,4337.44,4338.51,4302.7,1858119044.0
S&P 500,US78378X1072,USA,4359526,USD,2023-09-26 12:00:00,4311.79,4273.53,4313.01,4265.98,2129442202.0
S&P 500,US78378X1072,USA,4359526,USD,2023-09-27 12:00:00,4282.97,4274.51,4292.07,4238.63,2299297267.0
S&P 500,US78378X1072,USA,4359526,USD,2023-09-28 12:00:00,4268.91,4299.7,4317.27,4264.38,2235764324.0
S&P 500,US78378X1072,USA,4359526,USD,2023-09-29 12:00:00,4328.75,4288.05,4333.15,4274.86,2411036284.0
S&P 500,US78378X1072,USA,4359526,USD,2023-10-02 12:00:00,4284.41,4288.39,4300.58,4260.21,2419266832.0
S&P 500,US78378X1072,USA,4359526,USD,2023-10-03 12:00:00,4269.21,4229.45,4281.15,4216.45,2430973527.0
S&P 500,US78378X1072,USA,4359526,USD,2023-10-04 12:00:00,4234.29,4263.75,4268.5,4220.48,2329779403.0
S&P 500,US78378X1072,USA,4359526,USD,2023-10-05 12:00:00,4259.31,4258.19,4267.13,4225.91,2230253462.0
S&P 500,US78378X1072,USA,4359526,USD,2023-10-06 12:00:00,4234.79,4308.5,4324.1,4219.55,2493423103.0
S&P 500,US78378X1072,USA,4359526,USD,2023-10-09 12:00:00,4289.02,4335.66,4341.73,4283.79,1991524626.0
S&P 500,US78378X1072,USA,4359526,USD,2023-10-10 12:00:00,4339.75,4358.24,4385.46,4339.64,2160880932.0
S&P 500,US78378X1072,USA,4359526,USD,2023-10-11 12:00:00,4366.59,4376.95,4378.64,4345.34,2115648071.0
S&P 500,US78378X1072,USA,4359526,USD,2023-10-12 12:00:00,4380.94,4349.61,4385.85,4325.43,2344769422.0
S&P 500,US78378X1072,USA,4359526,USD,2023-10-13 12:00:00,4360.49,4327.78,4377.1,4311.97,2302663368.0
S&P 500,US78378X1072,USA,4359526,USD,2023-10-16 12:00:00,4342.37,4373.63,4383.33,4342.37,2124400350.0
S&P 500,US78378X1072,USA,4359526,USD,2023-10-17 12:00:00,4345.23,4373.2,4393.57,4337.54,2355659575.0
S&P 500,US78378X1072,USA,4359526,USD,2023-10-18 12:00:00,4357.35,4314.6,4364.2,4303.84,2390659124.0
S&P 500,US78378X1072,USA,4359526,USD,2023-10-19 12:00:00,4321.36,4278.0,4339.54,4269.69,2635705086.0
S&P 500,US78378X1072,USA,4359526,USD,2023-10-20 12:00:00,4273.85,4224.16,4276.56,4223.03,2734219191.0
S&P 500,US78378X1072,USA,4359526,USD,2023-10-23 12:00:00,4210.4,4217.04,4255.84,4189.22,2454581997.0
S&P 500,US78378X1072,USA,4359526,USD,2023-10-24 12:00:00,4235.79,4247.68,4259.38,4219.43,2472963274.0
S&P 500,US78378X1072,USA,4359526,USD,2023-10-25 12:00:00,4232.42,4186.77,4232.42,4181.42,2665565303.0
S&P 500,US78378X1072,USA,4359526,USD,2023-10-26 12:00:00,4175.99,4137.23,4183.6,4127.9,2959734415.0
S&P 500,US78378X1072,USA,4359526,USD,2023-10-27 12:00:00,4152.93,4117.37,4156.7,4103.78,2784710672.0
S&P 500,US78378X1072,USA,4359526,USD,2023-10-30 12:00:00,4139.39,4166.82,4177.47,4132.94,2600517109.0
S&P 500,US78378X1072,USA,4359526,USD,2023-10-31 12:00:00,4171.33,4193.8,4195.55,4153.12,2701786725.0
S&P 500,US78378X1072,USA,4359526,USD,2023-11-01 12:00:00,4201.27,4237.86,4245.64,4197.74,2804876425.0
S&P 500,US78378X1072,USA,4359526,USD,2023-11-02 12:00:00,4268.26,4317.78,4319.72,4268.26,2808160224.0
S&P 500,US78378X1072,USA,4359526,USD,2023-11-03 12:00:00,4334.23,4358.34,4373.62,4334.23,2683282215.0
S&P 500,US78378X1072,USA,4359526,USD,2023-11-06 12:00:00,4364.27,4365.98,4372.21,4347.53,2177065334.0
S&P 500,US78378X1072,USA,4359526,USD,2023-11-07 12:00:00,4366.21,4378.38,4386.26,4355.41,2273382086.0
S&P 500,US78378X1072,USA,4359526,USD,2023-11-08 12:00:00,4384.37,4382.78,4391.2,4359.76,2285134021.0
S&P 500,US78378X1072,USA,4359526,USD,2023-11-09 12:00:00,4391.41,4347.35,4393.4,4343.94,2361060379.0
S&P 500,US78378X1072,USA,4359526,USD,2023-11-10 12:00:00,4364.15,4415.24,4418.03,4353.34,2231546561.0
S&P 500,US78378X1072,USA,4359526,USD,2023-11-13 12:00:00,4406.66,4411.55,4421.76,4393.82,1991619458.0
S&P 500,US78378X1072,USA,4359526,USD,2023-11-14 12:00:00,4458.97,4495.7,4508.67,4458.97,2672131739.0
S&P 500,US78378X1072,USA,4359526,USD,2023-11-15 12:00:00,4505.3,4502.88,4521.17,4495.31,2555968121.0
S&P 500,US78378X1072,USA,4359526,USD,2023-11-16 12:00:00,4497.08,4508.24,4511.99,4487.83,2502113762.0
S&P 500,US78378X1072,USA,4359526,USD,2023-11-17 12:00:00,4509.55,4514.02,4520.12,4499.66,2273204200.0
S&P 500,US78378X1072,USA,4359526,USD,2023-11-20 12:00:00,4511.7,4547.38,4557.11,4510.36,2183094585.0
S&P 500,US78378X1072,USA,4359526,USD,2023-11-21 12:00:00,4538.77,4538.19,4542.14,4525.51,2059443812.0
S&P 500,US78378X1072,USA,4359526,USD,2023-11-22 12:00:00,4553.04,4556.62,4568.43,4545.05,1886910426.0
S&P 500,US78378X1072,USA,4359526,USD,2023-11-24 12:00:00,4555.84,4559.34,4560.31,4552.8,883871606.0
S&P 500,US78378X1072,USA,4359526,USD,2023-11-27 12:00:00,4554.86,4550.43,4560.52,4546.32,2000833401.0
S&P 500,US78378X1072,USA,4359526,USD,2023-11-28 12:00:00,4545.55,4554.89,4568.14,4540.51,2097872795.0
S&P 500,US78378X1072,USA,4359526,USD,2023-11-29 12:00:00,4571.84,4550.58,4587.64,4547.15,2423616420.0
S&P 500,US78378X1072,USA,4359526,USD,2023-11-30 12:00:00,4554.87,4567.8,4569.89,4537.24,3541778970.0
S&P 500,US78378X1072,USA,4359526,USD,2023-12-01 12:00:00,4559.43,4594.63,4599.39,4554.71,2505721705.0
S&P 500,US78378X1072,USA,4359526,USD,2023-12-04 12:00:00,4564.37,4569.78,4572.37,4546.72,2465568577.0
S&P 500,US78378X1072,USA,4359526,USD,2023-12-05 12:00:00,4557.25,4567.18,4578.56,4551.68,2322321833.0
S&P 500,US78378X1072,USA,4359526,USD,2023-12-06 12:00:00,4586.23,4549.34,4590.74,4546.5,2383220473.0
S&P 500,US78378X1072,USA,4359526,USD,2023-12-07 12:00:00,4568.84,4585.59,4590.92,4565.22,2457048305.0
S&P 500,US78378X1072,USA,4359526,USD,2023-12-08 12:00:00,4576.2,4604.37,4609.23,4574.06,2307905221.0
S&P 500,US78378X1072,USA,4359526,USD,2023-12-11 12:00:00,4593.39,4622.44,4623.71,4593.39,2421573608.0
S&P 500,US78378X1072,USA,4359526,USD,2023-12-12 12:00:00,4618.3,4643.7,4643.93,4608.09,2348740164.0
S&P 500,US78378X1072,USA,4359526,USD,2023-12-13 12:00:00,4646.2,4707.09,4709.69,4643.23,2968692293.0
S&P 500,US78378X1072,USA,4359526,USD,2023-12-14 12:00:00,4721.04,4719.55,4738.57,4694.34,3861364751.0
S&P 500,US78378X1072,USA,4359526,USD,2023-12-15 12:00:00,4714.23,4719.19,4725.53,4704.69,5291443423.0
S&P 500,US78378X1072,USA,4359526,USD,2023-12-18 12:00:00,4725.58,4740.56,4749.52,4725.58,2431569697.0
S&P 500,US78378X1072,USA,4359526,USD,2023-12-19 12:00:00,4743.72,4768.37,4768.69,4743.72,2343967459.0
S&P 500,US78378X1072,USA,4359526,USD,2023-12-20 12:00:00,4764.73,4698.35,4778.01,4697.82,2481584831.0
S&P 500,US78378X1072,USA,4359526,USD,2023-12-21 12:00:00,4724.29,4746.75,4748.71,4708.35,2161613127.0
S&P 500,US78378X1072,USA,4359526,USD,2023-12-22 12:00:00,4753.92,4754.63,4772.94,4736.77,1751108227.0
S&P 500,US78378X1072,USA,4359526,USD,2023-12-26 12:00:00,4758.86,4774.75,4784.72,4758.45,1446123076.0
S&P 500,US78378X1072,USA,4359526,USD,2023-12-27 12:00:00,4773.45,4781.58,4785.39,4768.9,1613387599.0
S&P 500,US78378X1072,USA,4359526,USD,2023-12-28 12:00:00,4786.44,4783.35,4793.3,4780.98,1484576350.0
S&P 500,US78378X1072,USA,4359526,USD,2023-12-29 12:00:00,4782.88,4769.83,4788.43,4751.99,1744617290.0
S&P 500,US78378X1072,USA,4359526,USD,2024-01-02 12:00:00,4745.2,4742.83,4754.33,4722.67,2436433260.0
S&P 500,US78378X1072,USA,4359526,USD,2024-01-03 12:00:00,4725.07,4704.81,4729.29,4699.71,2462780864.0
S&P 500,US78378X1072,USA,4359526,USD,2024-01-04 12:00:00,4697.42,4688.68,4726.78,4687.53,2367124529.0
S&P 500,US78378X1072,USA,4359526,USD,2024-01-05 12:00:00,4690.57,4697.24,4721.49,4682.11,2204799754.0
S&P 500,US78378X1072,USA,4359526,USD,2024-01-08 12:00:00,4703.7,4763.54,4764.54,4699.82,2298967638.0
S&P 500,US78378X1072,USA,4359526,USD,2024-01-09 12:00:00,4741.93,4756.5,4765.47,4730.35,2236452784.0
S&P 500,US78378X1072,USA,4359526,USD,2024-01-10 12:00:00,4759.94,4783.45,4790.8,4756.2,2160956464.0
S&P 500,US78378X1072,USA,4359526,USD,2024-01-11 12:00:00,4792.13,4780.24,4798.5,4739.58,2320939953.0
S&P 500,US78378X1072,USA,4359526,USD,2024-01-12 12:00:00,4791.18,4783.83,4802.4,4768.98,2236217742.0
S&P 500,US78378X1072,USA,4359526,USD,2024-01-16 12:00:00,4772.35,4765.98,4782.34,4747.12,2600196183.0
S&P 500,US78378X1072,USA,4359526,USD,2024-01-17 12:00:00,4739.13,4739.21,4744.23,4714.82,2320340664.0
S&P 500,US78378X1072,USA,4359526,USD,2024-01-18 12:00:00,4760.1,4780.94,4785.79,4740.57,2591426040.0
S&P 500,US78378X1072,USA,4359526,USD,2024-01-19 12:00:00,4796.28,4839.81,4842.07,4785.87,2758405262.0
S&P 500,US78378X1072,USA,4359526,USD,2024-01-22 12:00:00,4853.42,4850.43,4868.41,4844.05,2633780446.0
S&P 500,US78378X1072,USA,4359526,USD,2024-01-23 12:00:00,4856.8,4864.6,4866.48,4844.37,2388786865.0
S&P 500,US78378X1072,USA,4359526,USD,2024-01-24 12:00:00,4888.56,4868.55,4903.68,4865.94,2675171919.0
S&P 500,US78378X1072,USA,4359526,USD,2024-01-25 12:00:00,4886.66,4894.16,4898.15,4869.34,2903392182.0
S&P 500,US78378X1072,USA,4359526,USD,2024-01-26 12:00:00,4888.91,4890.97,4906.69,4881.47,2388032275.0
S&P 500,US78378X1072,USA,4359526,USD,2024-01-29 12:00:00,4892.95,4927.93,4929.31,4887.4,2312494392.0
S&P 500,US78378X1072,USA,4359526,USD,2024-01-30 12:00:00,4925.89,4924.97,4931.09,4916.27,2579106428.0
S&P 500,US78378X1072,USA,4359526,USD,2024-01-31 12:00:00,4899.19,4845.65,4906.75,4845.15,3297263902.0
S&P 500,US78378X1072,USA,4359526,USD,2024-02-01 12:00:00,4861.11,4906.19,4906.97,4853.52,2808069454.0
S&P 500,US78378X1072,USA,4359526,USD,2024-02-02 12:00:00,4916.06,4958.61,4975.29,4907.99,2791773912.0
S&P 500,US78378X1072,USA,4359526,USD,2024-02-05 12:00:00,4957.19,4942.81,4957.19,4918.09,2584805952.0
S&P 500,US78378X1072,USA,4359526,USD,2024-02-06 12:00:00,4950.16,4954.23,4957.77,4934.88,2477503347.0
S&P 500,US78378X1072,USA,4359526,USD,2024-02-07 12:00:00,4973.05,4995.06,4999.89,4969.05,2591206982.0
S&P 500,US78378X1072,USA,4359526,USD,2024-02-08 12:00:00,4995.16,4997.91,5000.4,4987.09,2436611938.0
S&P 500,US78378X1072,USA,4359526,USD,2024-02-09 12:00:00,5004.17,5026.61,5030.06,5000.34,2305688993.0
S&P 500,US78378X1072,USA,4359526,USD,2024-02-12 12:00:00,5026.83,5021.84,5048.39,5016.83,2230537686.0
S&P 500,US78378X1072,USA,4359526,USD,2024-02-13 12:00:00,4967.94,4953.17,4971.3,4920.31,2581714918.0
S&P 500,US78378X1072,USA,4359526,USD,2024-02-14 12:00:00,4976.44,5000.62,5002.52,4956.45,2325126439.0
S&P 500,US78378X1072,USA,4359526,USD,2024-02-15 12:00:00,5003.14,5029.73,5032.72,4999.44,2424880973.0
S&P 500,US78378X1072,USA,4359526,USD,2024-02-16 12:00:00,5031.13,5005.57,5038.7,4999.52,2298707861.0
S&P 500,US78378X1072,USA,4359526,USD,2024-02-20 12:00:00,4989.32,4975.51,4993.71,4955.02,2454586525.0
S&P 500,US78378X1072,USA,4359526,USD,2024-02-21 12:00:00,4963.03,4981.8,4983.21,4946.0,2254957644.0
S&P 500,US78378X1072,USA,4359526,USD,2024-02-22 12:00:00,5038.83,5087.03,5094.39,5038.83,2575496447.0
S&P 500,US78378X1072,USA,4359526,USD,2024-02-23 12:00:00,5100.92,5088.8,5111.06,5081.46,2256863196.0
S&P 500,US78378X1072,USA,4359526,USD,2024-02-26 12:00:00,5093.0,5069.53,5097.66,5068.91,2248390032.0
S&P 500,US78378X1072,USA,4359526,USD,2024-02-27 12:00:00,5074.6,5078.18,5080.69,5057.29,2149213570.0
S&P 500,US78378X1072,USA,4359526,USD,2024-02-28 12:00:00,5067.2,5069.76,5077.37,5058.35,2079030384.0
S&P 500,US78378X1072,USA,4359526,USD,2024-02-29 12:00:00,5085.36,5096.27,5104.99,5061.89,3310290023.0
S&P 500,US78378X1072,USA,4359526,USD,2024-03-01 12:00:00,5098.51,5137.08,5140.33,5094.16,2453221439.0
S&P 500,US78378X1072,USA,4359526,USD,2024-03-04 12:00:00,5130.99,5130.95,5149.67,5127.18,2818870452.0
S&P 500,US78378X1072,USA,4359526,USD,2024-03-05 12:00:00,5110.52,5078.65,5114.54,5056.82,2704129642.0
S&P 500,US78378X1072,USA,4359526,USD,2024-03-06 12:00:00,5108.03,5104.76,5127.97,5092.22,2604927497.0
S&P 500,US78378X1072,USA,4359526,USD,2024-03-07 12:00:00,5132.38,5157.36,5165.62,5128.21,2359269056.0
S&P 500,US78378X1072,USA,4359526,USD,2024-03-08 12:00:00,5164.46,5123.69,5189.26,5117.5,2430070760.0
S&P 500,US78378X1072,USA,4359526,USD,2024-03-11 12:00:00,5111.96,5117.94,5124.66,5091.14,2207490802.0
S&P 500,US78378X1072,USA,4359526,USD,2024-03-12 12:00:00,5134.3,5175.27,5179.87,5114.48,2294319101.0
S&P 500,US78378X1072,USA,4359526,USD,2024-03-13 12:00:00,5173.49,5165.31,5179.14,5151.88,2415913063.0
S&P 500,US78378X1072,USA,4359526,USD,2024-03-14 12:00:00,5175.14,5150.48,5176.85,5123.3,2653395897.0
S&P 500,US78378X1072,USA,4359526,USD,2024-03-15 12:00:00,5123.31,5117.09,5136.86,5104.35,5156067746.0
S&P 500,US78378X1072,USA,4359526,USD,2024-03-18 12:00:00,5154.77,5149.42,5175.6,5145.47,2395481603.0
S&P 500,US78378X1072,USA,4359526,USD,2024-03-19 12:00:00,5139.09,5178.51,5180.31,5131.59,2206625058.0
S&P 500,US78378X1072,USA,4359526,USD,2024-03-20 12:00:00,5181.69,5224.62,5226.19,5171.55,2293911189.0
S&P 500,US78378X1072,USA,4359526,USD,2024-03-21 12:00:00,5253.43,5241.53,5261.1,5240.66,2513703086.0
S&P 500,US78378X1072,USA,4359526,USD,2024-03-22 12:00:00,5242.48,5234.18,5246.09,5229.87,2009116285.0
S&P 500,US78378X1072,USA,4359526,USD,2024-03-25 12:00:00,5219.52,5218.19,5229.09,5216.09,2083558443.0
S&P 500,US78378X1072,USA,4359526,USD,2024-03-26 12:00:00,5228.85,5203.58,5235.16,5203.42,2254197442.0
S&P 500,US78378X1072,USA,4359526,USD,2024-03-27 12:00:00,5226.31,5248.49,5249.26,5213.92,2275362496.0
S&P 500,US78378X1072,USA,4359526,USD,2024-03-28 12:00:00,5248.03,5254.35,5264.85,5245.82,2400060516.0
S&P 500,US78378X1072,USA,4359526,USD,2024-04-01 12:00:00,5257.97,5243.77,5263.95,5229.2,1992072382.0
S&P 500,US78378X1072,USA,4359526,USD,2024-04-02 12:00:00,5204.29,5205.81,5208.34,5184.05,2404999435.0
S&P 500,US78378X1072,USA,4359526,USD,2024-04-03 12:00:00,5194.37,5211.49,5228.75,5194.37,2291919524.0
S&P 500,US78378X1072,USA,4359526,USD,2024-04-04 12:00:00,5244.05,5147.21,5256.59,5146.06,2533977104.0
S&P 500,US78378X1072,USA,4359526,USD,2024-04-05 12:00:00,5158.95,5204.34,5222.18,5157.21,2201731585.0
S&P 500,US78378X1072,USA,4359526,USD,2024-04-08 12:00:00,5211.37,5202.39,5219.57,5197.35,2006989877.0
S&P 500,US78378X1072,USA,4359526,USD,2024-04-09 12:00:00,5217.03,5209.91,5224.81,5160.78,2025386254.0
S&P 500,US78378X1072,USA,4359526,USD,2024-04-10 12:00:00,5167.88,5160.64,5178.43,5138.7,2288234836.0
S&P 500,US78378X1072,USA,4359526,USD,2024-04-11 12:00:00,5172.95,5199.06,5211.78,5138.77,2204862038.0
S&P 500,US78378X1072,USA,4359526,USD,2024-04-12 12:00:00,5171.51,5123.41,5175.03,5107.94,2409339978.0
S&P 500,US78378X1072,USA,4359526,USD,2024-04-15 12:00:00,5149.67,5061.82,5168.43,5052.47,2305701976.0
S&P 500,US78378X1072,USA,4359526,USD,2024-04-16 12:00:00,5064.59,5051.41,5079.84,5039.83,2334071918.0
S&P 500,US78378X1072,USA,4359526,USD,2024-04-17 12:00:00,5068.97,5022.21,5077.96,5007.25,2289242657.0
S&P 500,US78378X1072,USA,4359526,USD,2024-04-18 12:00:00,5031.52,5011.12,5056.66,5001.89,2206949033.0
S&P 500,US78378X1072,USA,4359526,USD,2024-04-19 12:00:00,5005.44,4967.23,5019.02,4953.56,2733302804.0
S&P 500,US78378X1072,USA,4359526,USD,2024-04-22 12:00:00,4987.33,5010.6,5038.84,4969.4,2348891195.0
S&P 500,US78378X1072,USA,4359526,USD,2024-04-23 12:00:00,5028.85,5070.55,5076.12,5027.96,2311653512.0
S&P 500,US78378X1072,USA,4359526,USD,2024-04-24 12:00:00,5084.86,5071.63,5089.48,5047.02,2523336454.0
S&P 500,US78378X1072,USA,4359526,USD,2024-04-25 12:00:00,5019.88,5048.42,5057.75,4990.58,2691433796.0
S&P 500,US78378X1072,USA,4359526,USD,2024-04-26 12:00:00,5084.65,5099.96,5114.62,5073.14,2401044210.0
S&P 500,US78378X1072,USA,4359526,USD,2024-04-29 12:00:00,5114.13,5116.17,5123.49,5088.65,2337162842.0
S&P 500,US78378X1072,USA,4359526,USD,2024-04-30 12:00:00,5103.78,5035.69,5110.83,5035.31,2776658379.0
S&P 500,US78378X1072,USA,4359526,USD,2024-05-01 12:00:00,5029.03,5018.39,5096.12,5013.45,2863485285.0
S&P 500,US78378X1072,USA,4359526,USD,2024-05-02 12:00:00,5049.32,5064.2,5073.21,5011.05,2622597256.0
S&P 500,US78378X1072,USA,4359526,USD,2024-05-03 12:00:00,5122.78,5127.79,5139.12,5101.22,2441285064.0
S&P 500,US78378X1072,USA,4359526,USD,2024-05-06 12:00:00,5142.42,5180.74,5181.0,5142.42,2174332915.0
S&P 500,US78378X1072,USA,4359526,USD,2024-05-07 12:00:00,5187.2,5187.7,5200.23,5178.96,2275796703.0
S&P 500,US78378X1072,USA,4359526,USD,2024-05-08 12:00:00,5168.98,5187.67,5191.95,5165.86,2091022880.0
S&P 500,US78378X1072,USA,4359526,USD,2024-05-09 12:00:00,5189.03,5214.08,5215.3,5180.41,1972154705.0
S&P 500,US78378X1072,USA,4359526,USD,2024-05-10 12:00:00,5225.49,5222.68,5239.66,5209.68,1883332754.0
S&P 500,US78378X1072,USA,4359526,USD,2024-05-13 12:00:00,5233.08,5221.42,5237.26,5211.16,1947454376.0
S&P 500,US78378X1072,USA,4359526,USD,2024-05-14 12:00:00,5221.1,5246.68,5250.37,5217.98,2029372117.0
S&P 500,US78378X1072,USA,4359526,USD,2024-05-15 12:00:00,5263.26,5308.15,5311.76,5263.26,2309693551.0
S&P 500,US78378X1072,USA,4359526,USD,2024-05-16 12:00:00,5310.07,5297.1,5325.49,5296.19,2212538542.0
S&P 500,US78378X1072,USA,4359526,USD,2024-05-17 12:00:00,5303.1,5303.27,5305.45,5283.59,1967120185.0
S&P 500,US78378X1072,USA,4359526,USD,2024-05-20 12:00:00,5305.35,5308.13,5325.32,5302.4,1832281783.0
S&P 500,US78378X1072,USA,4359526,USD,2024-05-21 12:00:00,5298.69,5321.41,5324.32,5297.87,1974321300.0
S&P 500,US78378X1072,USA,4359526,USD,2024-05-22 12:00:00,5319.28,5307.01,5323.18,5286.01,2079437184.0
S&P 500,US78378X1072,USA,4359526,USD,2024-05-23 12:00:00,5340.26,5267.84,5341.88,5256.93,2290682207.0
S&P 500,US78378X1072,USA,4359526,USD,2024-05-24 12:00:00,5281.45,5304.72,5311.65,5278.39,1743354318.0
S&P 500,US78378X1072,USA,4359526,USD,2024-05-28 12:00:00,5315.91,5306.04,5315.91,5280.89,2103027432.0
S&P 500,US78378X1072,USA,4359526,USD,2024-05-29 12:00:00,5278.73,5266.95,5282.27,5262.7,2213572737.0
S&P 500,US78378X1072,USA,4359526,USD,2024-05-30 12:00:00,5259.77,5235.48,5260.21,5222.1,2316855451.0
S&P 500,US78378X1072,USA,4359526,USD,2024-05-31 12:00:00,5243.21,5277.51,5280.33,5191.68,3930922654.0
S&P 500,US78378X1072,USA,4359526,USD,2024-06-03 12:00:00,5297.15,5283.4,5302.11,5234.32,2302964768.0
S&P 500,US78378X1072,USA,4359526,USD,2024-06-04 12:00:00,5278.24,5291.34,5298.8,5257.63,2164149777.0
S&P 500,US78378X1072,USA,4359526,USD,2024-06-05 12:00:00,5314.48,5354.03,5354.16,5297.64,2146262616.0
S&P 500,US78378X1072,USA,4359526,USD,2024-06-06 12:00:00,5357.8,5352.96,5362.35,5335.36,2010878169.0
S&P 500,US78378X1072,USA,4359526,USD,2024-06-07 12:00:00,5343.81,5346.99,5375.08,5331.33,1809041876.0
S&P 500,US78378X1072,USA,4359526,USD,2024-06-10 12:00:00,5341.22,5360.79,5365.79,5331.52,2429865093.0
S&P 500,US78378X1072,USA,4359526,USD,2024-06-11 12:00:00,5353.0,5375.32,5375.95,5327.25,2348465741.0
S&P 500,US78378X1072,USA,4359526,USD,2024-06-12 12:00:00,5409.13,5421.03,5447.25,5409.13,2704467405.0
S&P 500,US78378X1072,USA,4359526,USD,2024-06-13 12:00:00,5441.93,5433.74,5441.93,5402.51,2400335831.0
S&P 500,US78378X1072,USA,4359526,USD,2024-06-14 12:00:00,5424.08,5431.6,5432.39,5403.75,2243055474.0
S&P 500,US78378X1072,USA,4359526,USD,2024-06-17 12:00:00,5431.11,5473.23,5488.5,5420.4,2420148034.0
S&P 500,US78378X1072,USA,4359526,USD,2024-06-18 12:00:00,5476.15,5487.03,5490.38,5471.32,2461866815.0
S&P 500,US78378X1072,USA,4359526,USD,2024-06-20 12:00:00,5499.99,5473.17,5505.53,5455.56,2910277019.0
S&P 500,US78378X1072,USA,4359526,USD,2024-06-21 12:00:00,5466.77,5464.62,5478.31,5452.03,5262188426.0
S&P 500,US78378X1072,USA,4359526,USD,2024-06-24 12:00:00,5459.58,5447.87,5490.66,5447.59,2764542196.0
S&P 500,US78378X1072,USA,4359526,USD,2024-06-25 12:00:00,5460.73,5469.3,5472.88,5446.56,2591287124.0
S&P 500,US78378X1072,USA,4359526,USD,2024-06-26 12:00:00,5460.71,5477.9,5483.14,5451.87,2559078106.0
S&P 500,US78378X1072,USA,4359526,USD,2024-06-27 12:00:00,5473.59,5482.87,5490.81,5467.54,2481421661.0
S&P 500,US78378X1072,USA,4359526,USD,2024-06-28 12:00:00,5488.48,5460.48,5523.64,5451.12,4191113989.0
S&P 500,US78378X1072,USA,4359526,USD,2024-07-01 12:00:00,5471.08,5475.09,5479.55,5446.53,2405261991.0
S&P 500,US78378X1072,USA,4359526,USD,2024-07-02 12:00:00,5461.84,5509.01,5509.69,5458.43,2304047725.0
S&P 500,US78378X1072,USA,4359526,USD,2024-07-03 12:00:00,5507.44,5537.02,5539.27,5507.42,1549367174.0
S&P 500,US78378X1072,USA,4359526,USD,2024-07-05 12:00:00,5537.91,5567.19,5570.33,5531.63,2251076552.0
S&P 500,US78378X1072,USA,4359526,USD,2024-07-08 12:00:00,5572.75,5572.85,5583.11,5562.51,2367962923.0
S&P 500,US78378X1072,USA,4359526,USD,2024-07-09 12:00:00,5584.24,5576.98,5590.75,5574.57,2410304329.0
S&P 500,US78378X1072,USA,4359526,USD,2024-07-10 12:00:00,5591.26,5633.91,5635.39,5586.44,2293787875.0
S&P 500,US78378X1072,USA,4359526,USD,2024-07-11 12:00:00,5635.21,5584.54,5642.45,5576.53,2891782852.0
S&P 500,US78378X1072,USA,4359526,USD,2024-07-12 12:00:00,5590.76,5615.35,5655.56,5590.44,2518289932.0
S&P 500,US78378X1072,USA,4359526,USD,2024-07-15 12:00:00,5638.16,5631.22,5666.94,5614.75,2413952993.0
S&P 500,US78378X1072,USA,4359526,USD,2024-07-16 12:00:00,5644.09,5667.2,5669.67,5639.02,2531434039.0
S&P 500,US78378X1072,USA,4359526,USD,2024-07-17 12:00:00,5610.07,5588.27,5622.49,5584.81,3147941670.0
S&P 500,US78378X1072,USA,4359526,USD,2024-07-18 12:00:00,5608.56,5544.59,5614.05,5522.81,2925863797.0
S&P 500,US78378X1072,USA,4359526,USD,2024-07-19 12:00:00,5543.37,5505.0,5557.5,5497.04,2649395359.0
S&P 500,US78378X1072,USA,4359526,USD,2024-07-22 12:00:00,5544.54,5564.41,5570.36,5529.04,2510186143.0
S&P 500,US78378X1072,USA,4359526,USD,2024-07-23 12:00:00,5565.3,5555.74,5585.34,5550.9,2396798167.0
S&P 500,US78378X1072,USA,4359526,USD,2024-07-24 12:00:00,5505.84,5427.13,5508.04,5419.98,3019958131.0
S&P 500,US78378X1072,USA,4359526,USD,2024-07-25 12:00:00,5428.7,5399.22,5491.59,5390.95,3527915379.0
S&P 500,US78378X1072,USA,4359526,USD,2024-07-26 12:00:00,5433.67,5459.1,5488.32,5430.7,2629669887.0
S&P 500,US78378X1072,USA,4359526,USD,2024-07-29 12:00:00,5476.55,5463.54,5487.74,5444.44,2365507845.0
S&P 500,US78378X1072,USA,4359526,USD,2024-07-30 12:00:00,5478.73,5436.44,5489.46,5401.7,2986625387.0
S&P 500,US78378X1072,USA,4359526,USD,2024-07-31 12:00:00,5505.59,5522.3,5551.51,5493.75,3414671559.0
S&P 500,US78378X1072,USA,4359526,USD,2024-08-01 12:00:00,5537.84,5446.68,5566.16,5410.42,3418904485.0
S&P 500,US78378X1072,USA,4359526,USD,2024-08-02 12:00:00,5376.63,5346.56,5383.89,5302.03,3978703316.0
S&P 500,US78378X1072,USA,4359526,USD,2024-08-05 12:00:00,5151.14,5186.33,5250.89,5119.26,3980390351.0
S&P 500,US78378X1072,USA,4359526,USD,2024-08-06 12:00:00,5206.42,5240.03,5312.34,5193.56,3151389904.0
S&P 500,US78378X1072,USA,4359526,USD,2024-08-07 12:00:00,5293.13,5199.5,5330.64,5195.54,2941853299.0
S&P 500,US78378X1072,USA,4359526,USD,2024-08-08 12:00:00,5252.57,5319.31,5328.03,5233.85,2678076619.0
S&P 500,US78378X1072,USA,4359526,USD,2024-08-09 12:00:00,5314.66,5344.16,5358.67,5300.84,2166862146.0
S&P 500,US78378X1072,USA,4359526,USD,2024-08-12 12:00:00,5351.88,5344.39,5371.2,5324.37,2260298271.0
S&P 500,US78378X1072,USA,4359526,USD,2024-08-13 12:00:00,5376.98,5434.43,5436.5,5376.98,2570811508.0
S&P 500,US78378X1072,USA,4359526,USD,2024-08-14 12:00:00,5442.36,5455.21,5463.22,5415.91,2314941339.0
S&P 500,US78378X1072,USA,4359526,USD,2024-08-15 12:00:00,5501.13,5543.22,5546.23,5501.13,2634228527.0
S&P 500,US78378X1072,USA,4359526,USD,2024-08-16 12:00:00,5530.5,5554.25,5561.98,5525.17,2268720418.0
S&P 500,US78378X1072,USA,4359526,USD,2024-08-19 12:00:00,5557.23,5608.25,5608.3,5550.74,2087595197.0
S&P 500,US78378X1072,USA,4359526,USD,2024-08-20 12:00:00,5602.88,5597.12,5620.51,5585.5,2107090596.0
S&P 500,US78378X1072,USA,4359526,USD,2024-08-21 12:00:00,5603.09,5620.85,5632.68,5591.57,2012469478.0
S&P 500,US78378X1072,USA,4359526,USD,2024-08-22 12:00:00,5637.77,5570.64,5643.22,5560.95,2194647052.0
S&P 500,US78378X1072,USA,4359526,USD,2024-08-23 12:00:00,5602.49,5634.61,5641.82,5585.16,2202182799.0
S&P 500,US78378X1072,USA,4359526,USD,2024-08-26 12:00:00,5639.66,5616.84,5651.62,5602.34,2001282879.0
S&P 500,US78378X1072,USA,4359526,USD,2024-08-27 12:00:00,5602.89,5625.8,5631.18,5593.48,1976075739.0
S&P 500,US78378X1072,USA,4359526,USD,2024-08-28 12:00:00,5624.51,5592.18,5627.03,5560.95,2132471376.0
S&P 500,US78378X1072,USA,4359526,USD,2024-08-29 12:00:00,5607.3,5591.96,5646.95,5583.71,2310418093.0
S&P 500,US78378X1072,USA,4359526,USD,2024-08-30 12:00:00,5612.74,5648.4,5651.37,5581.79,2762259722.0
S&P 500,US78378X1072,USA,4359526,USD,2024-09-03 12:00:00,5623.89,5528.93,5623.89,5504.33,2889025715.0
S&P 500,US78378X1072,USA,4359526,USD,2024-09-04 12:00:00,5506.68,5520.07,5552.99,5503.66,2476388898.0
S&P 500,US78378X1072,USA,4359526,USD,2024-09-05 12:00:00,5520.08,5503.41,5546.3,5480.54,2438758429.0
S&P 500,US78378X1072,USA,4359526,USD,2024-09-06 12:00:00,5507.33,5408.42,5522.47,5402.62,2796173257.0
S&P 500,US78378X1072,USA,4359526,USD,2024-09-09 12:00:00,5442.07,5471.05,5484.2,5434.49,2563088575.0
S&P 500,US78378X1072,USA,4359526,USD,2024-09-10 12:00:00,5490.51,5495.52,5497.91,5441.72,2530774046.0
S&P 500,US78378X1072,USA,4359526,USD,2024-09-11 12:00:00,5496.42,5554.13,5560.41,5406.96,2798708651.0
S&P 500,US78378X1072,USA,4359526,USD,2024-09-12 12:00:00,5557.48,5595.76,5600.71,5535.5,2572650974.0
S&P 500,US78378X1072,USA,4359526,USD,2024-09-13 12:00:00,5603.34,5626.02,5636.27,5601.65,2202686111.0
S&P 500,US78378X1072,USA,4359526,USD,2024-09-16 12:00:00,5615.21,5633.09,5636.05,5604.53,2318065724.0
S&P 500,US78378X1072,USA,4359526,USD,2024-09-17 12:00:00,5655.51,5634.58,5670.81,5614.05,2342473577.0
S&P 500,US78378X1072,USA,4359526,USD,2024-09-18 12:00:00,5641.68,5618.26,5689.75,5615.08,2458455287.0
S&P 500,US78378X1072,USA,4359526,USD,2024-09-19 12:00:00,5702.63,5713.64,5733.57,5686.42,2789941065.0
S&P 500,US78378X1072,USA,4359526,USD,2024-09-20 12:00:00,5709.64,5702.55,5715.14,5674.49,5736379725.0
S&P 500,US78378X1072,USA,4359526,USD,2024-09-23 12:00:00,5711.9,5718.57,5725.36,5704.22,2429303077.0
S&P 500,US78378X1072,USA,4359526,USD,2024-09-24 12:00:00,5727.66,5732.93,5735.32,5698.99,2571337590.0
S&P 500,US78378X1072,USA,4359526,USD,2024-09-25 12:00:00,5733.65,5722.26,5741.03,5712.06,2450340600.0
S&P 500,US78378X1072,USA,4359526,USD,2024-09-26 12:00:00,5762.22,5745.37,5767.37,5721.01,2756431397.0
S&P 500,US78378X1072,USA,4359526,USD,2024-09-27 12:00:00,5755.36,5738.17,5763.78,5727.34,2317410119.0
S&P 500,US78378X1072,USA,4359526,USD,2024-09-30 12:00:00,5726.52,5762.48,5765.14,5703.53,2512100061.0
S&P 500,US78378X1072,USA,4359526,USD,2024-10-01 12:00:00,5757.73,5708.75,5757.73,5681.28,2623242153.0
S&P 500,US78378X1072,USA,4359526,USD,2024-10-02 12:00:00,5698.14,5709.54,5719.63,5674.0,2224344812.0
S&P 500,US78378X1072,USA,4359526,USD,2024-10-03 12:00:00,5698.19,5699.94,5718.78,5677.37,2199794863.0
S&P 500,US78378X1072,USA,4359526,USD,2024-10-04 12:00:00,5737.48,5751.07,5753.21,5702.83,2211353425.0
S&P 500,US78378X1072,USA,4359526,USD,2024-10-07 12:00:00,5737.8,5695.94,5739.34,5686.85,2384804685.0
S&P 500,US78378X1072,USA,4359526,USD,2024-10-08 12:00:00,5719.14,5751.13,5757.6,5714.56,2274877236.0
S&P 500,US78378X1072,USA,4359526,USD,2024-10-09 12:00:00,5751.8,5792.04,5796.8,5745.02,2222040985.0
S&P 500,US78378X1072,USA,4359526,USD,2024-10-10 12:00:00,5778.36,5780.05,5795.03,5764.76,2091866037.0
S&P 500,US78378X1072,USA,4359526,USD,2024-10-11 12:00:00,5775.09,5815.03,5822.13,5775.09,2154169249.0
S&P 500,US78378X1072,USA,4359526,USD,2024-10-14 12:00:00,5829.81,5859.85,5871.41,5829.57,2003295456.0
S&P 500,US78378X1072,USA,4359526,USD,2024-10-15 12:00:00,5866.74,5815.26,5870.36,5804.48,2828509934.0
S&P 500,US78378X1072,USA,4359526,USD,2024-10-16 12:00:00,5816.58,5842.47,5846.52,5808.34,2301294506.0
S&P 500,US78378X1072,USA,4359526,USD,2024-10-17 12:00:00,5875.62,5841.47,5878.46,5840.25,2394376383.0
S&P 500,US78378X1072,USA,4359526,USD,2024-10-18 12:00:00,5859.43,5864.67,5872.17,5846.11,2157845295.0
S&P 500,US78378X1072,USA,4359526,USD,2024-10-21 12:00:00,5857.82,5853.98,5866.92,5824.79,2091355741.0
S&P 500,US78378X1072,USA,4359526,USD,2024-10-22 12:00:00,5832.7,5851.2,5863.04,5821.17,2245293747.0
S&P 500,US78378X1072,USA,4359526,USD,2024-10-23 12:00:00,5834.5,5797.42,5834.85,5762.41,2375100419.0
S&P 500,US78378X1072,USA,4359526,USD,2024-10-24 12:00:00,5817.8,5809.86,5817.8,5784.92,2283227696.0
S&P 500,US78378X1072,USA,4359526,USD,2024-10-25 12:00:00,5826.75,5808.12,5862.82,5799.98,2270596865.0
S&P 500,US78378X1072,USA,4359526,USD,2024-10-28 12:00:00,5833.93,5823.52,5842.92,5823.08,2209334797.0
S&P 500,US78378X1072,USA,4359526,USD,2024-10-29 12:00:00,5819.68,5832.92,5847.19,5802.17,2572018715.0
S&P 500,US78378X1072,USA,4359526,USD,2024-10-30 12:00:00,5832.65,5813.67,5850.94,5811.28,2847422903.0
S&P 500,US78378X1072,USA,4359526,USD,2024-10-31 12:00:00,5775.34,5705.45,5775.34,5702.86,3332360701.0
S&P 500,US78378X1072,USA,4359526,USD,2024-11-01 12:00:00,5723.22,5728.8,5772.52,5723.22,2742173410.0
S&P 500,US78378X1072,USA,4359526,USD,2024-11-04 12:00:00,5725.15,5712.69,5741.43,5696.51,2423396486.0
S&P 500,US78378X1072,USA,4359526,USD,2024-11-05 12:00:00,5722.43,5782.76,5783.44,5722.1,2366842625.0
S&P 500,US78378X1072,USA,4359526,USD,2024-11-06 12:00:00,5864.89,5929.04,5936.14,5864.89,4192067340.0
S&P 500,US78378X1072,USA,4359526,USD,2024-11-07 12:00:00,5947.21,5973.1,5983.84,5947.21,3071243707.0
S&P 500,US78378X1072,USA,4359526,USD,2024-11-08 12:00:00,5976.76,5995.54,6012.45,5976.76,2756536816.0
S&P 500,US78378X1072,USA,4359526,USD,2024-11-11 12:00:00,6008.86,6001.35,6017.31,5986.69,2714209900.0
S&P 500,US78378X1072,USA,4359526,USD,2024-11-12 12:00:00,6003.6,5983.99,6009.92,5960.08,2611467951.0
S&P 500,US78378X1072,USA,4359526,USD,2024-11-13 12:00:00,5985.75,5985.38,6008.19,5965.91,2602203282.0
S&P 500,US78378X1072,USA,4359526,USD,2024-11-14 12:00:00,5989.68,5949.17,5993.88,5942.28,2623461604.0
S&P 500,US78378X1072,USA,4359526,USD,2024-11-15 12:00:00,5912.79,5870.62,5915.32,5853.01,3288789253.0
S&P 500,US78378X1072,USA,4359526,USD,2024-11-18 12:00:00,5874.17,5893.62,5908.12,5865.95,2820487217.0
S&P 500,US78378X1072,USA,4359526,USD,2024-11-19 12:00:00,5870.05,5916.98,5923.51,5855.29,2673922540.0
S&P 500,US78378X1072,USA,4359526,USD,2024-11-20 12:00:00,5914.34,5917.11,5920.67,5860.56,2578080238.0
S&P 500,US78378X1072,USA,4359526,USD,2024-11-21 12:00:00,5940.58,5948.71,5963.32,5887.26,2857014860.0
S&P 500,US78378X1072,USA,4359526,USD,2024-11-22 12:00:00,5944.36,5969.34,5972.9,5944.36,2609740025.0
S&P 500,US78378X1072,USA,4359526,USD,2024-11-25 12:00:00,5992.28,5987.37,6020.75,5963.91,3948304635.0
S&P 500,US78378X1072,USA,4359526,USD,2024-11-26 12:00:00,6000.03,6021.63,6025.42,5992.27,2416828421.0
S&P 500,US78378X1072,USA,4359526,USD,2024-11-27 12:00:00,6014.11,5998.74,6020.16,5984.87,2090790475.0
S&P 500,US78378X1072,USA,4359526,USD,2024-11-29 12:00:00,6003.98,6032.38,6044.17,6003.98,1446140067.0
S&P 500,US78378X1072,USA,4359526,USD,2024-12-02 12:00:00,6040.11,6047.15,6053.58,6035.33,2724890947.0
S&P 500,US78378X1072,USA,4359526,USD,2024-12-03 12:00:00,6042.97,6049.88,6052.07,6033.39,2631959854.0
S&P 500,US78378X1072,USA,4359526,USD,2024-12-04 12:00:00,6069.39,6086.49,6089.84,6061.06,2629946648.0
S&P 500,US78378X1072,USA,4359526,USD,2024-12-05 12:00:00,6089.03,6075.11,6094.55,6072.9,2638048678.0
S&P 500,US78378X1072,USA,4359526,USD,2024-12-06 12:00:00,6081.38,6090.27,6099.97,6079.98,2494915762.0
S&P 500,US78378X1072,USA,4359526,USD,2024-12-09 12:00:00,6083.01,6052.85,6088.51,6048.63,2924094285.0
S&P 500,US78378X1072,USA,4359526,USD,2024-12-10 12:00:00,6057.59,6034.91,6065.4,6029.89,2778369429.0
S&P 500,US78378X1072,USA,4359526,USD,2024-12-11 12:00:00,6060.15,6084.19,6092.59,6060.15,2856984712.0
S&P 500,US78378X1072,USA,4359526,USD,2024-12-12 12:00:00,6074.29,6051.25,6079.68,6051.25,2378727487.0
S&P 500,US78378X1072,USA,4359526,USD,2024-12-13 12:00:00,6068.17,6051.09,6078.58,6035.77,2443474215.0
S&P 500,US78378X1072,USA,4359526,USD,2024-12-16 12:00:00,6063.79,6074.08,6085.19,6059.14,3097239687.0
S&P 500,US78378X1072,USA,4359526,USD,2024-12-17 12:00:00,6052.55,6050.61,6057.68,6035.19,3000899439.0
S&P 500,US78378X1072,USA,4359526,USD,2024-12-18 12:00:00,6047.65,5872.16,6070.67,5867.79,3301322111.0
S&P 500,US78378X1072,USA,4359526,USD,2024-12-19 12:00:00,5912.71,5867.08,5935.52,5866.07,3217378918.0
S&P 500,US78378X1072,USA,4359526,USD,2024-12-20 12:00:00,5842.0,5930.85,5982.06,5832.3,6347727401.0
S&P 500,US78378X1072,USA,4359526,USD,2024-12-23 12:00:00,5940.25,5974.07,5978.25,5902.57,2311068693.0
S&P 500,US78378X1072,USA,4359526,USD,2024-12-24 12:00:00,5984.63,6040.04,6040.1,5981.44,1127118254.0
S&P 500,US78378X1072,USA,4359526,USD,2024-12-26 12:00:00,6024.97,6037.59,6049.75,6007.37,1482485163.0
S&P 500,US78378X1072,USA,4359526,USD,2024-12-27 12:00:00,6006.17,5970.84,6006.17,5932.95,1807640884.0
S&P 500,US78378X1072,USA,4359526,USD,2024-12-30 12:00:00,5920.67,5906.94,5940.79,5869.16,1927545914.0
S&P 500,US78378X1072,USA,4359526,USD,2024-12-31 12:00:00,5919.74,5881.63,5929.74,5868.86,1785851688.0
S&P 500,US78378X1072,USA,4359526,USD,2025-01-02 12:00:00,5903.26,5868.55,5935.09,5829.53,2210071126.0
S&P 500,US78378X1072,USA,4359526,USD,2025-01-03 12:00:00,5891.07,5942.47,5949.34,5888.66,2190353238.0
S&P 500,US78378X1072,USA,4359526,USD,2025-01-06 12:00:00,5982.81,5975.38,6021.04,5960.01,2802829671.0
S&P 500,US78378X1072,USA,4359526,USD,2025-01-07 12:00:00,5993.26,5909.03,6000.68,5890.68,2676437580.0
S&P 500,US78378X1072,USA,4359526,USD,2025-01-08 12:00:00,5910.66,5918.25,5927.89,5874.78,2502210380.0
S&P 500,US78378X1072,USA,4359526,USD,2025-01-10 12:00:00,5890.35,5827.04,5890.35,5807.78,3055778240.0
S&P 500,US78378X1072,USA,4359526,USD,2025-01-13 12:00:00,5782.02,5836.22,5838.61,5773.31,2721450612.0
S&P 500,US78378X1072,USA,4359526,USD,2025-01-14 12:00:00,5859.27,5842.91,5871.92,5805.42,2434957076.0
S&P 500,US78378X1072,USA,4359526,USD,2025-01-15 12:00:00,5905.21,5949.91,5960.61,5905.21,2740994513.0
S&P 500,US78378X1072,USA,4359526,USD,2025-01-16 12:00:00,5963.61,5937.34,5964.69,5930.72,2515871927.0
S&P 500,US78378X1072,USA,4359526,USD,2025-01-17 12:00:00,5995.4,5996.66,6014.96,5978.44,2984861785.0
S&P 500,US78378X1072,USA,4359526,USD,2025-01-21 12:00:00,6014.12,6049.24,6051.51,6006.88,3041263308.0
S&P 500,US78378X1072,USA,4359526,USD,2025-01-22 12:00:00,6081.39,6086.37,6100.81,6076.13,2857124946.0
S&P 500,US78378X1072,USA,4359526,USD,2025-01-23 12:00:00,6076.32,6118.71,6118.73,6074.67,2474451164.0
S&P 500,US78378X1072,USA,4359526,USD,2025-01-24 12:00:00,6121.43,6101.24,6128.18,6088.74,2507791504.0
S&P 500,US78378X1072,USA,4359526,USD,2025-01-27 12:00:00,5969.04,6012.28,6017.17,5962.92,4076897334.0
S&P 500,US78378X1072,USA,4359526,USD,2025-01-28 12:00:00,6026.97,6067.7,6074.54,5994.63,3319837438.0
S&P 500,US78378X1072,USA,4359526,USD,2025-01-29 12:00:00,6057.7,6039.31,6062.83,6012.96,2830742115.0
S&P 500,US78378X1072,USA,4359526,USD,2025-01-30 12:00:00,6050.75,6071.17,6086.64,6027.46,3068265894.0
S&P 500,US78378X1072,USA,4359526,USD,2025-01-31 12:00:00,6096.79,6040.53,6120.91,6030.93,3517384478.0
S&P 500,US78378X1072,USA,4359526,USD,2025-02-03 12:00:00,5969.65,5994.57,6022.13,5923.93,3289467890.0
S&P 500,US78378X1072,USA,4359526,USD,2025-02-04 12:00:00,5998.14,6037.88,6042.48,5990.87,3054209134.0
S&P 500,US78378X1072,USA,4359526,USD,2025-02-05 12:00:00,6020.45,6061.48,6062.86,6007.06,3147722642.0
S&P 500,US78378X1072,USA,4359526,USD,2025-02-06 12:00:00,6072.22,6083.57,6084.03,6046.83,3084795461.0
S&P 500,US78378X1072,USA,4359526,USD,2025-02-07 12:00:00,6083.13,6025.99,6101.28,6019.96,2940570238.0
S&P 500,US78378X1072,USA,4359526,USD,2025-02-10 12:00:00,6046.4,6066.44,6073.38,6044.84,2743606149.0
S&P 500,US78378X1072,USA,4359526,USD,2025-02-11 12:00:00,6049.32,6068.5,6076.28,6042.34,2748396013.0
S&P 500,US78378X1072,USA,4359526,USD,2025-02-12 12:00:00,6025.08,6051.97,6063.0,6003.0,2878167149.0
S&P 500,US78378X1072,USA,4359526,USD,2025-02-13 12:00:00,6060.59,6115.07,6116.91,6050.95,2949594434.0
S&P 500,US78378X1072,USA,4359526,USD,2025-02-14 12:00:00,6115.52,6114.63,6127.47,6107.62,2801121274.0
S&P 500,US78378X1072,USA,4359526,USD,2025-02-18 12:00:00,6121.6,6129.58,6129.63,6099.51,3260380206.0
S&P 500,US78378X1072,USA,4359526,USD,2025-02-19 12:00:00,6117.76,6144.15,6147.43,6111.15,3043365332.0
S&P 500,US78378X1072,USA,4359526,USD,2025-02-20 12:00:00,6134.5,6117.52,6134.5,6084.59,2957558735.0
S&P 500,US78378X1072,USA,4359526,USD,2025-02-21 12:00:00,6114.1,6013.13,6114.82,6008.56,3386529313.0
S&P 500,US78378X1072,USA,4359526,USD,2025-02-24 12:00:00,6026.69,5983.25,6043.65,5977.83,3282444303.0
S&P 500,US78378X1072,USA,4359526,USD,2025-02-25 12:00:00,5982.73,5955.25,5992.65,5908.49,3485186582.0
S&P 500,US78378X1072,USA,4359526,USD,2025-02-26 12:00:00,5970.87,5956.06,6009.82,5932.69,2964610227.0
S&P 500,US78378X1072,USA,4359526,USD,2025-02-27 12:00:00,5981.88,5861.57,5993.69,5858.78,3331941837.0
S&P 500,US78378X1072,USA,4359526,USD,2025-02-28 12:00:00,5856.74,5954.5,5959.4,5837.66,4316692726.0
S&P 500,US78378X1072,USA,4359526,USD,2025-03-03 12:00:00,5968.33,5849.72,5986.09,5810.91,3603000420.0
S&P 500,US78378X1072,USA,4359526,USD,2025-03-04 12:00:00,5811.98,5778.15,5865.08,5732.59,4246585884.0
S&P 500,US78378X1072,USA,4359526,USD,2025-03-05 12:00:00,5781.36,5842.63,5860.59,5742.35,3325531511.0
S&P 500,US78378X1072,USA,4359526,USD,2025-03-06 12:00:00,5785.87,5738.52,5812.08,5711.64,3339780761.0
S&P 500,US78378X1072,USA,4359526,USD,2025-03-07 12:00:00,5726.01,5770.2,5783.01,5666.29,3959743165.0
S&P 500,US78378X1072,USA,4359526,USD,2025-03-10 12:00:00,5705.37,5614.56,5705.37,5564.02,4333777137.0
S&P 500,US78378X1072,USA,4359526,USD,2025-03-11 12:00:00,5603.65,5572.07,5636.3,5528.41,4112822451.0
S&P 500,US78378X1072,USA,4359526,USD,2025-03-12 12:00:00,5624.84,5599.3,5642.19,5546.09,3450861763.0
S&P 500,US78378X1072,USA,4359526,USD,2025-03-13 12:00:00,5594.45,5521.52,5597.78,5504.65,3323485209.0
S&P 500,US78378X1072,USA,4359526,USD,2025-03-14 12:00:00,5563.85,5638.94,5645.27,5563.85,3011969007.0
S&P 500,US78378X1072,USA,4359526,USD,2025-03-17 12:00:00,5635.6,5675.12,5703.52,5631.12,2983957601.0
S&P 500,US78378X1072,USA,4359526,USD,2025-03-18 12:00:00,5654.53,5614.66,5654.53,5597.76,2895840659.0
S&P 500,US78378X1072,USA,4359526,USD,2025-03-19 12:00:00,5632.37,5675.29,5715.33,5622.2,3021919411.0
S&P 500,US78378X1072,USA,4359526,USD,2025-03-20 12:00:00,5646.92,5662.89,5711.15,5632.33,2841249219.0
S&P 500,US78378X1072,USA,4359526,USD,2025-03-21 12:00:00,5630.73,5667.56,5670.84,5603.1,6468495934.0
S&P 500,US78378X1072,USA,4359526,USD,2025-03-24 12:00:00,5718.08,5767.57,5775.14,5718.08,3039851911.0
S&P 500,US78378X1072,USA,4359526,USD,2025-03-25 12:00:00,5775.96,5776.65,5786.95,5760.42,2675650367.0
S&P 500,US78378X1072,USA,4359526,USD,2025-03-26 12:00:00,5771.66,5712.2,5783.62,5694.41,2865457257.0
S&P 500,US78378X1072,USA,4359526,USD,2025-03-27 12:00:00,5695.64,5693.31,5732.28,5670.94,2824605380.0
S&P 500,US78378X1072,USA,4359526,USD,2025-03-28 12:00:00,5679.2,5580.94,5685.89,5572.42,2837703209.0
S&P 500,US78378X1072,USA,4359526,USD,2025-03-31 12:00:00,5527.91,5611.85,5627.56,5488.73,3675243524.0
S&P 500,US78378X1072,USA,4359526,USD,2025-04-01 12:00:00,5597.53,5633.07,5650.57,5558.52,2781333289.0
S&P 500,US78378X1072,USA,4359526,USD,2025-04-02 12:00:00,5580.76,5670.97,5695.31,5571.48,2742941301.0
S&P 500,US78378X1072,USA,4359526,USD,2025-04-03 12:00:00,5492.74,5396.52,5499.53,5390.83,4996896429.0
S&P 500,US78378X1072,USA,4359526,USD,2025-04-04 12:00:00,5292.14,5074.08,5292.14,5069.9,6052894256.0
S&P 500,US78378X1072,USA,4359526,USD,2025-04-07 12:00:00,4953.79,5062.25,5246.57,4835.04,6239428293.0
S&P 500,US78378X1072,USA,4359526,USD,2025-04-08 12:00:00,5193.57,4982.77,5267.47,4910.42,5074219157.0
S&P 500,US78378X1072,USA,4359526,USD,2025-04-09 12:00:00,4965.28,5456.9,5481.34,4948.43,6666213104.0
S&P 500,US78378X1072,USA,4359526,USD,2025-04-10 12:00:00,5353.15,5268.05,5353.15,5115.27,4796067908.0
S&P 500,US78378X1072,USA,4359526,USD,2025-04-11 12:00:00,5255.56,5363.36,5381.46,5220.77,3746060666.0
S&P 500,US78378X1072,USA,4359526,USD,2025-04-14 12:00:00,5441.96,5405.97,5459.46,5358.02,3281232715.0
S&P 500,US78378X1072,USA,4359526,USD,2025-04-15 12:00:00,5411.99,5396.63,5450.41,5386.44,2806100917.0
S&P 500,US78378X1072,USA,4359526,USD,2025-04-16 12:00:00,5335.75,5275.7,5367.24,5220.79,3336999562.0
S&P 500,US78378X1072,USA,4359526,USD,2025-04-17 12:00:00,5305.45,5282.7,5328.31,5255.58,3140856780.0
S&P 500,US78378X1072,USA,4359526,USD,2025-04-21 12:00:00,5232.94,5158.2,5232.94,5101.63,2953934584.0
S&P 500,US78378X1072,USA,4359526,USD,2025-04-22 12:00:00,5207.67,5287.76,5309.61,5207.67,3049425683.0
S&P 500,US78378X1072,USA,4359526,USD,2025-04-23 12:00:00,5395.92,5375.86,5469.69,5356.17,3535896370.0
S&P 500,US78378X1072,USA,4359526,USD,2025-04-24 12:00:00,5381.38,5484.77,5489.4,5371.96,3138911463.0
S&P 500,US78378X1072,USA,4359526,USD,2025-04-25 12:00:00,5489.73,5525.21,5528.11,5455.86,2943164032.0
S&P 500,US78378X1072,USA,4359526,USD,2025-04-28 12:00:00,5529.22,5528.75,5553.66,5468.64,2767087321.0
S&P 500,US78378X1072,USA,4359526,USD,2025-04-29 12:00:00,5508.87,5560.83,5571.95,5505.7,2812450680.0
S&P 500,US78378X1072,USA,4359526,USD,2025-04-30 12:00:00,5499.44,5569.06,5581.84,5433.24,3742261213.0
S&P 500,US78378X1072,USA,4359526,USD,2025-05-01 12:00:00,5625.14,5604.14,5658.91,5597.35,3224921079.0
S&P 500,US78378X1072,USA,4359526,USD,2025-05-02 12:00:00,5645.88,5686.67,5700.7,5642.28,3010089578.0
S&P 500,US78378X1072,USA,4359526,USD,2025-05-05 12:00:00,5655.32,5650.38,5683.38,5634.48,2693789287.0
S&P 500,US78378X1072,USA,4359526,USD,2025-05-06 12:00:00,5605.87,5606.91,5649.58,5586.04,2767164782.0
S&P 500,US78378X1072,USA,4359526,USD,2025-05-07 12:00:00,5614.18,5631.28,5654.73,5578.64,3197894396.0
S&P 500,US78378X1072,USA,4359526,USD,2025-05-08 12:00:00,5663.6,5663.94,5720.1,5635.38,3208687019.0
S&P 500,US78378X1072,USA,4359526,USD,2025-05-09 12:00:00,5679.65,5659.91,5691.69,5644.15,2429494619.0
S&P 500,US78378X1072,USA,4359526,USD,2025-05-12 12:00:00,5807.2,5844.19,5845.37,5786.08,3756162007.0
S&P 500,US78378X1072,USA,4359526,USD,2025-05-13 12:00:00,5854.15,5886.55,5906.64,5845.02,3512934287.0
S&P 500,US78378X1072,USA,4359526,USD,2025-05-14 12:00:00,5896.74,5892.58,5906.55,5872.11,3445232926.0
S&P 500,US78378X1072,USA,4359526,USD,2025-05-15 12:00:00,5869.82,5916.93,5924.21,5865.16,3138351580.0
S&P 500,US78378X1072,USA,4359526,USD,2025-05-16 12:00:00,5929.09,5958.38,5958.62,5907.36,2931804148.0
S&P 500,US78378X1072,USA,4359526,USD,2025-05-19 12:00:00,5902.88,5963.6,5968.61,5895.69,2576639838.0
S&P 500,US78378X1072,USA,4359526,USD,2025-05-20 12:00:00,5944.66,5940.46,5953.06,5909.26,2543562609.0
S&P 500,US78378X1072,USA,4359526,USD,2025-05-21 12:00:00,5910.18,5844.61,5938.37,5830.91,3112417919.0
S&P 500,US78378X1072,USA,4359526,USD,2025-05-22 12:00:00,5841.26,5842.01,5878.08,5825.82,2780782105.0
S&P 500,US78378X1072,USA,4359526,USD,2025-05-23 12:00:00,5781.89,5802.82,5829.51,5767.41,2550252052.0
S&P 500,US78378X1072,USA,4359526,USD,2025-05-27 12:00:00,5854.07,5921.54,5924.33,5854.07,2882838064.0
S&P 500,US78378X1072,USA,4359526,USD,2025-05-28 12:00:00,5925.54,5888.55,5939.92,5881.88,2613506833.0
S&P 500,US78378X1072,USA,4359526,USD,2025-05-29 12:00:00,5939.96,5912.17,5943.13,5873.8,2851903524.0
S&P 500,US78378X1072,USA,4359526,USD,2025-05-30 12:00:00,5903.67,5911.69,5922.14,5843.66,4812538509.0
S&P 500,US78378X1072,USA,4359526,USD,2025-06-02 12:00:00,5896.68,5935.94,5937.4,5861.43,2747394993.0
S&P 500,US78378X1072,USA,4359526,USD,2025-06-03 12:00:00,5938.56,5970.37,5981.35,5929.0,2959610307.0
S&P 500,US78378X1072,USA,4359526,USD,2025-06-04 12:00:00,5978.94,5970.81,5990.48,5966.11,2680331774.0
S&P 500,US78378X1072,USA,4359526,USD,2025-06-05 12:00:00,5985.67,5939.3,5999.7,5921.2,3128216678.0
S&P 500,US78378X1072,USA,4359526,USD,2025-06-06 12:00:00,5987.06,6000.36,6016.87,5978.63,2557851418.0
S&P 500,US78378X1072,USA,4359526,USD,2025-06-09 12:00:00,6004.63,6005.88,6021.31,5994.18,2882903740.0
S&P 500,US78378X1072,USA,4359526,USD,2025-06-10 12:00:00,6009.91,6038.81,6043.01,6000.28,2976909395.0
S&P 500,US78378X1072,USA,4359526,USD,2025-06-11 12:00:00,6049.38,6022.24,6059.4,6002.32,2978585361.0
S&P 500,US78378X1072,USA,4359526,USD,2025-06-12 12:00:00,6009.9,6045.26,6045.43,6003.88,2614508550.0
S&P 500,US78378X1072,USA,4359526,USD,2025-06-13 12:00:00,6000.56,5976.97,6026.16,5963.21,3001801788.0
S&P 500,US78378X1072,USA,4359526,USD,2025-06-16 12:00:00,6004.0,6033.11,6050.83,6004.0,2870307250.0
S&P 500,US78378X1072,USA,4359526,USD,2025-06-17 12:00:00,6012.15,5982.72,6023.25,5974.8,2830518423.0
S&P 500,US78378X1072,USA,4359526,USD,2025-06-18 12:00:00,5987.93,5980.87,6018.25,5971.89,2941500424.0
S&P 500,US78378X1072,USA,4359526,USD,2025-06-20 12:00:00,5999.67,5967.84,6018.2,5952.56,5166023140.0
S&P 500,US78378X1072,USA,4359526,USD,2025-06-23 12:00:00,5969.67,6025.17,6028.77,5943.23,3240747265.0
S&P 500,US78378X1072,USA,4359526,USD,2025-06-24 12:00:00,6061.21,6092.18,6101.76,6059.25,3266927469.0
S&P 500,US78378X1072,USA,4359526,USD,2025-06-25 12:00:00,6104.23,6092.16,6108.51,6080.09,2877946880.0
S&P 500,US78378X1072,USA,4359526,USD,2025-06-26 12:00:00,6112.09,6141.02,6146.52,6107.27,3030187464.0
S&P 500,US78378X1072,USA,4359526,USD,2025-06-27 12:00:00,6150.7,6173.07,6187.68,6132.35,4593035679.0
S&P 500,US78378X1072,USA,4359526,USD,2025-06-30 12:00:00,6193.36,6204.95,6215.08,6174.97,3341748573.0
S&P 500,US78378X1072,USA,4359526,USD,2025-07-01 12:00:00,6187.25,6198.01,6210.78,6177.97,3552404111.0
S&P 500,US78378X1072,USA,4359526,USD,2025-07-02 12:00:00,6193.88,6227.42,6227.6,6188.29,3137017015.0
S&P 500,US78378X1072,USA,4359526,USD,2025-07-03 12:00:00,6246.46,6279.35,6284.65,6246.46,1822312475.0
S&P 500,US78378X1072,USA,4359526,USD,2025-07-07 12:00:00,6259.04,6229.98,6262.07,6201.0,2745690910.0
S&P 500,US78378X1072,USA,4359526,USD,2025-07-08 12:00:00,6234.03,6225.52,6242.7,6217.75,3004891870.0
S&P 500,US78378X1072,USA,4359526,USD,2025-07-09 12:00:00,6243.33,6263.26,6269.16,6231.43,2811985741.0
S&P 500,US78378X1072,USA,4359526,USD,2025-07-10 12:00:00,6266.8,6280.46,6290.22,6251.44,2828822051.0
S&P 500,US78378X1072,USA,4359526,USD,2025-07-11 12:00:00,6255.68,6259.75,6269.44,6237.6,2619070458.0
S&P 500,US78378X1072,USA,4359526,USD,2025-07-14 12:00:00,6255.15,6268.56,6273.31,6239.22,2714541025.0
S&P 500,US78378X1072,USA,4359526,USD,2025-07-15 12:00:00,6295.29,6243.76,6302.04,6241.68,3107475666.0
S&P 500,US78378X1072,USA,4359526,USD,2025-07-16 12:00:00,6254.5,6263.7,6268.12,6201.59,2965044588.0
S&P 500,US78378X1072,USA,4359526,USD,2025-07-17 12:00:00,6263.4,6297.36,6304.69,6262.27,3032165934.0
S&P 500,US78378X1072,USA,4359526,USD,2025-07-18 12:00:00,6312.95,6296.79,6315.61,6285.27,3045580686.0
S&P 500,US78378X1072,USA,4359526,USD,2025-07-21 12:00:00,6304.74,6305.6,6336.08,6303.79,2664791496.0
S&P 500,US78378X1072,USA,4359526,USD,2025-07-22 12:00:00,6306.6,6309.62,6316.12,6281.71,2984046932.0
S&P 500,US78378X1072,USA,4359526,USD,2025-07-23 12:00:00,6326.9,6358.91,6360.64,6317.49,3236476715.0
S&P 500,US78378X1072,USA,4359526,USD,2025-07-24 12:00:00,6368.6,6363.35,6381.31,6360.57,3364122614.0
S&P 500,US78378X1072,USA,4359526,USD,2025-07-25 12:00:00,6370.01,6388.64,6395.82,6368.53,2992173391.0
S&P 500,US78378X1072,USA,4359526,USD,2025-07-28 12:00:00,6397.69,6389.77,6401.07,6375.79,2850714198.0
S&P 500,US78378X1072,USA,4359526,USD,2025-07-29 12:00:00,6405.62,6370.86,6409.26,6363.92,3249723768.0
S&P 500,US78378X1072,USA,4359526,USD,2025-07-30 12:00:00,6381.23,6362.9,6396.54,6336.38,3318616891.0
S&P 500,US78378X1072,USA,4359526,USD,2025-07-31 12:00:00,6427.02,6339.39,6427.02,6327.64,4064512298.0
S&P 500,US78378X1072,USA,4359526,USD,2025-08-01 12:00:00,6287.28,6238.01,6287.28,6212.69,3612531795.0
S&P 500,US78378X1072,USA,4359526,USD,2025-08-04 12:00:00,6271.71,6329.94,6330.69,6271.71,3001426566.0
S&P 500,US78378X1072,USA,4359526,USD,2025-08-05 12:00:00,6336.63,6299.19,6346.0,6289.37,3161668228.0
S&P 500,US78378X1072,USA,4359526,USD,2025-08-06 12:00:00,6309.3,6345.06,6352.83,6301.11,3273682928.0
S&P 500,US78378X1072,USA,4359526,USD,2025-08-07 12:00:00,6374.32,6340.0,6389.71,6310.32,3147667079.0
S&P 500,US78378X1072,USA,4359526,USD,2025-08-08 12:00:00,6355.22,6389.45,6395.16,6355.22,2816498530.0
S&P 500,US78378X1072,USA,4359526,USD,2025-08-11 12:00:00,6389.67,6373.45,6407.25,6364.06,2882117019.0
S&P 500,US78378X1072,USA,4359526,USD,2025-08-12 12:00:00,6395.17,6445.76,6446.55,6385.76,2870584140.0
S&P 500,US78378X1072,USA,4359526,USD,2025-08-13 12:00:00,6462.67,6466.58,6480.28,6445.02,3088354173.0
S&P 500,US78378X1072,USA,4359526,USD,2025-08-14 12:00:00,6453.46,6468.54,6473.92,6441.07,2766449273.0
S&P 500,US78378X1072,USA,4359526,USD,2025-08-15 12:00:00,6477.38,6449.8,6481.34,6441.85,3147834712.0
S&P 500,US78378X1072,USA,4359526,USD,2025-08-18 12:00:00,6445.02,6449.15,6455.35,6437.7,2572650774.0
S&P 500,US78378X1072,USA,4359526,USD,2025-08-19 12:00:00,6446.24,6411.37,6456.48,6400.22,2900381286.0
S&P 500,US78378X1072,USA,4359526,USD,2025-08-20 12:00:00,6406.62,6395.78,6408.4,6343.86,3031684438.0
S&P 500,US78378X1072,USA,4359526,USD,2025-08-21 12:00:00,6380.83,6370.17,6393.65,6352.71,2422545066.0
S&P 500,US78378X1072,USA,4359526,USD,2025-08-22 12:00:00,6384.59,6466.91,6478.89,6384.59,3043140065.0
S&P 500,US78378X1072,USA,4359526,USD,2025-08-25 12:00:00,6457.67,6439.32,6466.89,6438.06,2483635965.0
S&P 500,US78378X1072,USA,4359526,USD,2025-08-26 12:00:00,6435.49,6465.94,6468.37,6429.21,3237985819.0
S&P 500,US78378X1072,USA,4359526,USD,2025-08-27 12:00:00,6462.26,6481.4,6487.06,6457.84,2910864343.0
S&P 500,US78378X1072,USA,4359526,USD,2025-08-28 12:00:00,6483.84,6501.86,6508.23,6466.96,2615361149.0
S&P 500,US78378X1072,USA,4359526,USD,2025-08-29 12:00:00,6489.28,6460.26,6491.76,6444.57,2546179778.0
S&P 500,US78378X1072,USA,4359526,USD,2025-09-02 12:00:00,6401.51,6415.54,6416.54,6360.58,2867489542.0
S&P 500,US78378X1072,USA,4359526,USD,2025-09-03 12:00:00,6445.82,6448.26,6453.67,6416.17,2768763199.0
S&P 500,US78378X1072,USA,4359526,USD,2025-09-04 12:00:00,6456.6,6502.08,6502.54,6445.98,2722880446.0
S&P 500,US78378X1072,USA,4359526,USD,2025-09-05 12:00:00,6529.08,6481.5,6532.65,6443.98,3160633711.0
S&P 500,US78378X1072,USA,4359526,USD,2025-09-08 12:00:00,6498.09,6495.15,6508.67,6483.29,2993595979.0
S&P 500,US78378X1072,USA,4359526,USD,2025-09-09 12:00:00,6503.33,6512.61,6518.23,6483.08,2652338286.0
S&P 500,US78378X1072,USA,4359526,USD,2025-09-10 12:00:00,6550.29,6532.04,6555.97,6516.34,3160981102.0
S&P 500,US78378X1072,USA,4359526,USD,2025-09-11 12:00:00,6554.41,6587.47,6592.89,6545.8,3242830560.0
S&P 500,US78378X1072,USA,4359526,USD,2025-09-12 12:00:00,6590.66,6584.29,6600.21,6579.49,2978174116.0
S&P 500,US78378X1072,USA,4359526,USD,2025-09-15 12:00:00,6603.49,6615.28,6619.62,6602.07,2902053619.0
S&P 500,US78378X1072,USA,4359526,USD,2025-09-16 12:00:00,6624.13,6606.76,6626.99,6600.11,2888764313.0
S&P 500,US78378X1072,USA,4359526,USD,2025-09-17 12:00:00,6604.87,6600.35,6624.39,6551.15,3024891495.0
S&P 500,US78378X1072,USA,4359526,USD,2025-09-18 12:00:00,6626.85,6631.96,6656.8,6611.89,3473903130.0
S&P 500,US78378X1072,USA,4359526,USD,2025-09-19 12:00:00,6647.11,6664.36,6671.82,6630.31,5972430543.0
S&P 500,US78378X1072,USA,4359526,USD,2025-09-22 12:00:00,6654.28,6693.75,6698.88,6648.07,3275038698.0
S&P 500,US78378X1072,USA,4359526,USD,2025-09-23 12:00:00,6692.44,6656.92,6699.52,6645.58,3104178812.0
S&P 500,US78378X1072,USA,4359526,USD,2025-09-24 12:00:00,6669.79,6637.97,6672.66,6621.76,2973054973.0
S&P 500,US78378X1072,USA,4359526,USD,2025-09-25 12:00:00,6608.19,6604.72,6619.0,6569.22,3297853440.0
S&P 500,US78378X1072,USA,4359526,USD,2025-09-26 12:00:00,6615.38,6643.7,6648.97,6604.43,2909115970.0
S&P 500,US78378X1072,USA,4359526,USD,2025-09-29 12:00:00,6661.58,6661.21,6677.31,6644.49,3188290296.0
S&P 500,US78378X1072,USA,4359526,USD,2025-09-30 12:00:00,6656.19,6688.46,6691.25,6641.0,3519970488.0
S&P 500,US78378X1072,USA,4359526,USD,2025-10-01 12:00:00,6664.92,6711.2,6718.48,6656.2,3495588292.0
S&P 500,US78378X1072,USA,4359526,USD,2025-10-02 12:00:00,6731.31,6715.35,6731.94,6693.23,3026789924.0
S&P 500,US78378X1072,USA,4359526,USD,2025-10-03 12:00:00,6722.14,6715.79,6750.87,6705.67,2900595175.0
S&P 500,US78378X1072,USA,4359526,USD,2025-10-06 12:00:00,6733.86,6740.28,6749.52,6717.78,3240662990.0
S&P 500,US78378X1072,USA,4359526,USD,2025-10-07 12:00:00,6746.14,6714.59,6754.49,6699.96,3033658138.0
S&P 500,US78378X1072,USA,4359526,USD,2025-10-08 12:00:00,6723.87,6753.72,6755.64,6718.09,2876408422.0
S&P 500,US78378X1072,USA,4359526,USD,2025-10-09 12:00:00,6760.5,6735.11,6764.58,6716.17,2800767651.0
S&P 500,US78378X1072,USA,4359526,USD,2025-10-10 12:00:00,6740.49,6552.51,6762.4,6550.78,3530624627.0
S&P 500,US78378X1072,USA,4359526,USD,2025-10-13 12:00:00,6622.53,6654.72,6668.68,6620.71,2695690912.0
S&P 500,US78378X1072,USA,4359526,USD,2025-10-14 12:00:00,6602.49,6644.31,6680.7,6555.07,2971654773.0
S&P 500,US78378X1072,USA,4359526,USD,2025-10-15 12:00:00,6688.27,6671.06,6724.12,6612.11,2936923107.0
S&P 500,US78378X1072,USA,4359526,USD,2025-10-16 12:00:00,6689.02,6629.07,6709.34,6593.99,3301839541.0
S&P 500,US78378X1072,USA,4359526,USD,2025-10-17 12:00:00,6613.27,6664.01,6678.88,6603.76,3130834811.0
S&P 500,US78378X1072,USA,4359526,USD,2025-10-20 12:00:00,6690.05,6735.13,6744.35,6690.05,2653125000.0
S&P 500,US78378X1072,USA,4359526,USD,2025-10-21 12:00:00,6736.75,6735.35,6752.16,6722.03,3124255568.0
S&P 500,US78378X1072,USA,4359526,USD,2025-10-22 12:00:00,6741.34,6699.4,6741.75,6655.69,3407489963.0
S&P 500,US78378X1072,USA,4359526,USD,2025-10-23 12:00:00,6703.65,6738.44,6749.53,6700.14,3317281117.0
S&P 500,US78378X1072,USA,4359526,USD,2025-10-24 12:00:00,6772.07,6791.69,6807.11,6772.07,3027308723.0
S&P 500,US78378X1072,USA,4359526,USD,2025-10-27 12:00:00,6845.46,6875.16,6877.28,6843.94,3270474398.0
S&P 500,US78378X1072,USA,4359526,USD,2025-10-28 12:00:00,6897.74,6890.89,6911.3,6870.73,3370215922.0
S&P 500,US78378X1072,USA,4359526,USD,2025-10-29 12:00:00,6910.95,6890.59,6920.34,6851.91,3970463970.0
S&P 500,US78378X1072,USA,4359526,USD,2025-10-30 12:00:00,6860.5,6822.34,6880.75,6820.69,3911030954.0
S&P 500,US78378X1072,USA,4359526,USD,2025-10-31 12:00:00,6879.17,6840.2,6879.17,6814.26,3777566754.0
S&P 500,US78378X1072,USA,4359526,USD,2025-11-03 12:00:00,6882.32,6851.97,6882.32,6820.62,3696845759.0
S&P 500,US78378X1072,USA,4359526,USD,2025-11-04 12:00:00,6788.52,6771.55,6820.21,6766.71,3766080803.0
S&P 500,US78378X1072,USA,4359526,USD,2025-11-05 12:00:00,6769.77,6796.29,6829.78,6763.11,3497780397.0
S&P 500,US78378X1072,USA,4359526,USD,2025-11-06 12:00:00,6787.59,6720.32,6796.68,6707.51,3602126821.0
S&P 500,US78378X1072,USA,4359526,USD,2025-11-07 12:00:00,6696.18,6728.8,6730.11,6631.44,3552268846.0
S&P 500,US78378X1072,USA,4359526,USD,2025-11-10 12:00:00,6785.36,6832.43,6841.32,6770.56,3147459093.0
S&P 500,US78378X1072,USA,4359526,USD,2025-11-11 12:00:00,6815.64,6846.61,6855.13,6806.87,2798112864.0
S&P 500,US78378X1072,USA,4359526,USD,2025-11-12 12:00:00,6867.77,6850.92,6869.91,6829.62,2948317943.0
S&P 500,US78378X1072,USA,4359526,USD,2025-11-13 12:00:00,6826.47,6737.49,6828.05,6724.72,3371885452.0
S&P 500,US78378X1072,USA,4359526,USD,2025-11-14 12:00:00,6672.14,6734.11,6774.31,6646.87,3114116339.0
S&P 500,US78378X1072,USA,4359526,USD,2025-11-17 12:00:00,6713.61,6672.41,6754.5,6638.9,3196879298.0
S&P 500,US78378X1072,USA,4359526,USD,2025-11-18 12:00:00,6641.19,6617.32,6666.63,6574.32,3291906077.0
S&P 500,US78378X1072,USA,4359526,USD,2025-11-19 12:00:00,6625.84,6642.16,6689.75,6603.5,3101765442.0
S&P 500,US78378X1072,USA,4359526,USD,2025-11-20 12:00:00,6737.93,6538.76,6770.35,6534.05,3725506076.0
S&P 500,US78378X1072,USA,4359526,USD,2025-11-21 12:00:00,6555.77,6602.99,6660.05,6521.92,4020556228.0
S&P 500,US78378X1072,USA,4359526,USD,2025-11-24 12:00:00,6636.54,6705.12,6715.75,6630.7,4453666392.0
S&P 500,US78378X1072,USA,4359526,USD,2025-11-25 12:00:00,6697.03,6765.88,6776.4,6659.98,3295356681.0
S&P 500,US78378X1072,USA,4359526,USD,2025-11-26 12:00:00,6793.55,6812.61,6831.44,6783.87,2724579024.0
S&P 500,US78378X1072,USA,4359526,USD,2025-11-28 12:00:00,6822.52,6849.09,6850.86,6819.75,1479261103.0
S&P 500,US78378X1072,USA,4359526,USD,2025-12-01 12:00:00,6812.3,6812.63,6843.65,6799.94,2786724935.0
S&P 500,US78378X1072,USA,4359526,USD,2025-12-02 12:00:00,6830.96,6829.37,6851.55,6806.71,2996900655.0
S&P 500,US78378X1072,USA,4359526,USD,2025-12-03 12:00:00,6815.29,6849.72,6862.42,6810.43,2967644778.0
S&P 500,US78378X1072,USA,4359526,USD,2025-12-04 12:00:00,6866.47,6857.12,6866.47,6827.12,2961946147.0
S&P 500,US78378X1072,USA,4359526,USD,2025-12-05 12:00:00,6866.32,6870.4,6895.78,6858.29,3146162668.0
S&P 500,US78378X1072,USA,4359526,USD,2025-12-08 12:00:00,6875.2,6846.51,6878.27,6827.19,3191290438.0
S&P 500,US78378X1072,USA,4359526,USD,2025-12-09 12:00:00,6840.61,6840.51,6864.92,6837.43,2757882544.0
S&P 500,US78378X1072,USA,4359526,USD,2025-12-10 12:00:00,6833.49,6886.68,6900.67,6824.69,3514933517.0
S&P 500,US78378X1072,USA,4359526,USD,2025-12-11 12:00:00,6861.3,6901.0,6903.46,6833.45,3110588589.0
S&P 500,US78378X1072,USA,4359526,USD,2025-12-12 12:00:00,6886.85,6827.41,6899.85,6801.79,3163284987.0
S&P 500,US78378X1072,USA,4359526,USD,2025-12-15 12:00:00,6807.56,6816.51,6861.59,6801.49,3281026151.0
S&P 500,US78378X1072,USA,4359526,USD,2025-12-16 12:00:00,6800.12,6800.26,6819.27,6759.74,3218286691.0
S&P 500,US78378X1072,USA,4359526,USD,2025-12-17 12:00:00,6802.88,6721.43,6812.26,6720.43,3443631007.0
S&P 500,US78378X1072,USA,4359526,USD,2025-12-18 12:00:00,6778.06,6774.76,6816.13,6758.5,3311865878.0
S&P 500,US78378X1072,USA,4359526,USD,2025-12-19 12:00:00,6792.62,6834.5,6840.02,6792.62,6820161930.0
S&P 500,US78378X1072,USA,4359526,USD,2025-12-22 12:00:00,6865.21,6878.49,6882.03,6855.74,2609671147.0
S&P 500,US78378X1072,USA,4359526,USD,2025-12-23 12:00:00,6872.41,6909.79,6910.88,6868.81,2232658694.0
S&P 500,US78378X1072,USA,4359526,USD,2025-12-24 12:00:00,6904.91,6932.05,6937.32,6904.91,1071393997.0
S&P 500,US78378X1072,USA,4359526,USD,2025-12-26 12:00:00,6936.02,6929.94,6945.77,6921.6,1439287607.0
S&P 500,US78378X1072,USA,4359526,USD,2025-12-29 12:00:00,6903.6,6905.74,6920.21,6888.76,1932051863.0
S&P 500,US78378X1072,USA,4359526,USD,2025-12-30 12:00:00,6900.44,6896.24,6913.25,6893.47,1709094551.0
S&P 500,US78378X1072,USA,4359526,USD,2025-12-31 12:00:00,6898.82,6845.5,6901.42,6844.55,1711313425.0
S&P 500,US78378X1072,USA,4359526,USD,2026-01-02 12:00:00,6878.11,6858.47,6894.87,6824.31,2633650179.0
S&P 500,US78378X1072,USA,4359526,USD,2026-01-05 12:00:00,6892.19,6902.05,6920.38,6891.56,3473387045.0
S&P 500,US78378X1072,USA,4359526,USD,2026-01-06 12:00:00,6908.03,6944.82,6948.69,6904.02,3321270692.0
S&P 500,US78378X1072,USA,4359526,USD,2026-01-07 12:00:00,6945.07,6920.93,6965.69,6919.19,3236959017.0
S&P 500,US78378X1072,USA,4359526,USD,2026-01-08 12:00:00,6914.11,6921.46,6931.28,6899.33,3184872055.0
S&P 500,US78378X1072,USA,4359526,USD,2026-01-09 12:00:00,6927.83,6966.28,6978.36,6917.64,2956095245.0
SDAX,DE0009653386,Deutschland,324724,EUR,2021-01-04 12:00:00,14884.31,14850.83,14957.07,14794.83,3502838.0
SDAX,DE0009653386,Deutschland,324724,EUR,2021-01-05 12:00:00,14825.99,14907.65,14944.61,14825.99,2760441.0
SDAX,DE0009653386,Deutschland,324724,EUR,2021-01-06 12:00:00,14957.58,15116.7,15121.4,14902.49,3050808.0
SDAX,DE0009653386,Deutschland,324724,EUR,2021-01-07 12:00:00,15166.21,15278.37,15286.07,15130.81,2756250.0
SDAX,DE0009653386,Deutschland,324724,EUR,2021-01-08 12:00:00,15359.9,15241.87,15447.49,15198.8,2749005.0
SDAX,DE0009653386,Deutschland,324724,EUR,2021-01-11 12:00:00,15225.71,15091.4,15232.59,15029.04,2440847.0
SDAX,DE0009653386,Deutschland,324724,EUR,2021-01-12 12:00:00,15152.0,15240.72,15258.24,15151.94,3368463.0
SDAX,DE0009653386,Deutschland,324724,EUR,2021-01-13 12:00:00,15274.64,15261.86,15274.64,15199.07,3334606.0
SDAX,DE0009653386,Deutschland,324724,EUR,2021-01-14 12:00:00,15312.08,15385.97,15401.62,15274.75,2941809.0
SDAX,DE0009653386,Deutschland,324724,EUR,2021-01-15 12:00:00,15336.78,15048.8,15336.78,14963.73,2820423.0
SDAX,DE0009653386,Deutschland,324724,EUR,2021-01-18 12:00:00,14997.8,15153.26,15153.26,14974.51,1557103.0
SDAX,DE0009653386,Deutschland,324724,EUR,2021-01-19 12:00:00,15227.81,15342.07,15342.07,15215.51,3488041.0
SDAX,DE0009653386,Deutschland,324724,EUR,2021-01-20 12:00:00,15390.91,15578.81,15578.81,15390.91,8847921.0
SDAX,DE0009653386,Deutschland,324724,EUR,2021-01-21 12:00:00,15660.83,15655.73,15714.02,15608.44,9065240.0
SDAX,DE0009653386,Deutschland,324724,EUR,2021-01-22 12:00:00,15626.28,15595.24,15626.28,15498.14,5713441.0
SDAX,DE0009653386,Deutschland,324724,EUR,2021-01-25 12:00:00,15675.14,15346.57,15739.53,15334.66,5743381.0
SDAX,DE0009653386,Deutschland,324724,EUR,2021-01-26 12:00:00,15314.53,15374.61,15493.18,15249.6,4192114.0
SDAX,DE0009653386,Deutschland,324724,EUR,2021-01-27 12:00:00,15384.02,15186.28,15413.65,14970.75,3864769.0
SDAX,DE0009653386,Deutschland,324724,EUR,2021-01-28 12:00:00,14974.7,15240.19,15260.18,14726.63,4976282.0
SDAX,DE0009653386,Deutschland,324724,EUR,2021-01-29 12:00:00,15171.16,15210.34,15304.52,14997.73,3858097.0
SDAX,DE0009653386,Deutschland,324724,EUR,2021-02-01 12:00:00,15286.64,15323.61,15422.43,15252.49,6115511.0
SDAX,DE0009653386,Deutschland,324724,EUR,2021-02-02 12:00:00,15386.22,15569.92,15569.92,15383.79,3543591.0
SDAX,DE0009653386,Deutschland,324724,EUR,2021-02-03 12:00:00,15639.51,15676.57,15709.28,15612.16,3050249.0
SDAX,DE0009653386,Deutschland,324724,EUR,2021-02-04 12:00:00,15674.32,15705.87,15740.99,15643.63,2167874.0
SDAX,DE0009653386,Deutschland,324724,EUR,2021-02-05 12:00:00,15717.42,15672.85,15752.76,15629.52,2079856.0
SDAX,DE0009653386,Deutschland,324724,EUR,2021-02-08 12:00:00,15707.56,15679.38,15832.89,15679.38,2282927.0
SDAX,DE0009653386,Deutschland,324724,EUR,2021-02-09 12:00:00,15716.96,15494.92,15716.96,15474.22,2034779.0
SDAX,DE0009653386,Deutschland,324724,EUR,2021-02-10 12:00:00,15543.98,15435.35,15574.23,15368.12,14287740.0
SDAX,DE0009653386,Deutschland,324724,EUR,2021-02-11 12:00:00,15458.66,15671.32,15671.32,15457.42,4924664.0
SDAX,DE0009653386,Deutschland,324724,EUR,2021-02-12 12:00:00,15665.59,15597.93,15665.59,15534.61,2348792.0
SDAX,DE0009653386,Deutschland,324724,EUR,2021-02-15 12:00:00,15652.02,15798.17,15798.72,15652.02,4368187.0
SDAX,DE0009653386,Deutschland,324724,EUR,2021-02-16 12:00:00,15827.78,15799.98,15872.83,15790.43,3666256.0
SDAX,DE0009653386,Deutschland,324724,EUR,2021-02-17 12:00:00,15787.32,15628.04,15787.32,15607.5,4503357.0
SDAX,DE0009653386,Deutschland,324724,EUR,2021-02-18 12:00:00,15630.3,15332.93,15681.5,15332.93,4355541.0
SDAX,DE0009653386,Deutschland,324724,EUR,2021-02-19 12:00:00,15357.93,15500.54,15506.97,15272.93,3338125.0
SDAX,DE0009653386,Deutschland,324724,EUR,2021-02-22 12:00:00,15490.17,15321.99,15490.17,15262.72,3068755.0
SDAX,DE0009653386,Deutschland,324724,EUR,2021-02-23 12:00:00,15340.56,15076.98,15373.21,14702.13,3609547.0
SDAX,DE0009653386,Deutschland,324724,EUR,2021-02-24 12:00:00,15121.57,15283.16,15353.55,15121.57,3154622.0
SDAX,DE0009653386,Deutschland,324724,EUR,2021-02-25 12:00:00,15421.87,15267.0,15488.64,15267.0,3476735.0
SDAX,DE0009653386,Deutschland,324724,EUR,2021-02-26 12:00:00,15017.08,15109.96,15185.06,14953.4,3076325.0
SDAX,DE0009653386,Deutschland,324724,EUR,2021-03-01 12:00:00,15320.82,15445.91,15460.58,15263.46,3030823.0
SDAX,DE0009653386,Deutschland,324724,EUR,2021-03-02 12:00:00,15438.38,15314.38,15519.73,15313.37,2116303.0
SDAX,DE0009653386,Deutschland,324724,EUR,2021-03-03 12:00:00,15376.1,15301.82,15494.3,15184.19,2800814.0
SDAX,DE0009653386,Deutschland,324724,EUR,2021-03-04 12:00:00,15263.91,14996.34,15263.91,14932.95,3681971.0
SDAX,DE0009653386,Deutschland,324724,EUR,2021-03-05 12:00:00,14921.09,14708.13,14946.35,14683.48,2949333.0
SDAX,DE0009653386,Deutschland,324724,EUR,2021-03-08 12:00:00,14766.21,14950.0,14950.0,14730.46,2721244.0
SDAX,DE0009653386,Deutschland,324724,EUR,2021-03-09 12:00:00,14943.77,15200.41,15200.65,14889.01,2745912.0
SDAX,DE0009653386,Deutschland,324724,EUR,2021-03-10 12:00:00,15195.23,15201.1,15216.24,15119.88,2404426.0
SDAX,DE0009653386,Deutschland,324724,EUR,2021-03-11 12:00:00,15240.09,15402.56,15403.65,15240.09,2435047.0
SDAX,DE0009653386,Deutschland,324724,EUR,2021-03-12 12:00:00,15365.69,15397.84,15417.75,15321.9,2304906.0
SDAX,DE0009653386,Deutschland,324724,EUR,2021-03-15 12:00:00,15418.43,15311.45,15444.19,15295.89,2230573.0
SDAX,DE0009653386,Deutschland,324724,EUR,2021-03-16 12:00:00,15404.89,15430.25,15494.33,15390.09,2249915.0
SDAX,DE0009653386,Deutschland,324724,EUR,2021-03-17 12:00:00,15418.64,15327.47,15478.66,15312.11,3041574.0
SDAX,DE0009653386,Deutschland,324724,EUR,2021-03-18 12:00:00,15396.43,15442.92,15487.53,15396.43,3920089.0
SDAX,DE0009653386,Deutschland,324724,EUR,2021-03-19 12:00:00,15370.95,15295.3,15383.36,15197.08,5746796.0
SDAX,DE0009653386,Deutschland,324724,EUR,2021-03-22 12:00:00,15262.7,15336.04,15341.37,15234.29,3347316.0
SDAX,DE0009653386,Deutschland,324724,EUR,2021-03-23 12:00:00,15295.82,15185.33,15295.82,15138.48,2466447.0
SDAX,DE0009653386,Deutschland,324724,EUR,2021-03-24 12:00:00,15125.12,15137.97,15148.48,15052.73,2508004.0
SDAX,DE0009653386,Deutschland,324724,EUR,2021-03-25 12:00:00,15105.4,15048.73,15151.73,14894.32,3164278.0
SDAX,DE0009653386,Deutschland,324724,EUR,2021-03-26 12:00:00,15129.4,15343.28,15366.98,15129.4,2743732.0
SDAX,DE0009653386,Deutschland,324724,EUR,2021-03-29 12:00:00,15378.61,15292.33,15412.57,15282.73,2192537.0
SDAX,DE0009653386,Deutschland,324724,EUR,2021-03-30 12:00:00,15324.76,15502.82,15506.27,15324.76,2403517.0
SDAX,DE0009653386,Deutschland,324724,EUR,2021-03-31 12:00:00,15476.01,15447.68,15567.07,15446.78,2487657.0
SDAX,DE0009653386,Deutschland,324724,EUR,2021-04-01 12:00:00,15508.16,15735.9,15738.5,15506.59,4694912.0
SDAX,DE0009653386,Deutschland,324724,EUR,2021-04-06 12:00:00,15910.47,15836.49,15938.09,15830.45,3087374.0
SDAX,DE0009653386,Deutschland,324724,EUR,2021-04-07 12:00:00,15847.51,15701.26,15874.37,15690.99,2353298.0
SDAX,DE0009653386,Deutschland,324724,EUR,2021-04-08 12:00:00,15746.51,15719.53,15783.73,15662.84,2535799.0
SDAX,DE0009653386,Deutschland,324724,EUR,2021-04-09 12:00:00,15737.91,15707.53,15759.31,15689.8,2104212.0
SDAX,DE0009653386,Deutschland,324724,EUR,2021-04-12 12:00:00,15736.73,15597.85,15741.05,15576.28,2526357.0
SDAX,DE0009653386,Deutschland,324724,EUR,2021-04-13 12:00:00,15616.02,15729.74,15765.97,15602.69,1959513.0
SDAX,DE0009653386,Deutschland,324724,EUR,2021-04-14 12:00:00,15746.56,15838.44,15840.35,15720.87,2313841.0
SDAX,DE0009653386,Deutschland,324724,EUR,2021-04-15 12:00:00,15904.56,15960.68,16004.04,15895.61,2072139.0
SDAX,DE0009653386,Deutschland,324724,EUR,2021-04-16 12:00:00,16000.1,16105.82,16115.78,16000.1,2350551.0
SDAX,DE0009653386,Deutschland,324724,EUR,2021-04-19 12:00:00,16135.87,15927.37,16211.32,15927.37,2400017.0
SDAX,DE0009653386,Deutschland,324724,EUR,2021-04-20 12:00:00,15932.66,15699.37,16054.77,15674.04,3655903.0
SDAX,DE0009653386,Deutschland,324724,EUR,2021-04-21 12:00:00,15766.21,15731.1,15793.79,15599.69,2533931.0
SDAX,DE0009653386,Deutschland,324724,EUR,2021-04-22 12:00:00,15821.32,16044.3,16046.45,15821.32,2658644.0
SDAX,DE0009653386,Deutschland,324724,EUR,2021-04-23 12:00:00,15991.71,16124.73,16126.58,15982.84,2088505.0
SDAX,DE0009653386,Deutschland,324724,EUR,2021-04-26 12:00:00,16172.1,16382.21,16397.67,16172.1,2553436.0
SDAX,DE0009653386,Deutschland,324724,EUR,2021-04-27 12:00:00,16386.99,16415.38,16433.39,16329.98,2008775.0
SDAX,DE0009653386,Deutschland,324724,EUR,2021-04-28 12:00:00,16457.61,16372.54,16484.07,16350.3,6359389.0
SDAX,DE0009653386,Deutschland,324724,EUR,2021-04-29 12:00:00,16385.79,16238.24,16396.67,16179.23,2734971.0
SDAX,DE0009653386,Deutschland,324724,EUR,2021-04-30 12:00:00,16249.79,16161.06,16282.93,16161.06,2820709.0
SDAX,DE0009653386,Deutschland,324724,EUR,2021-05-03 12:00:00,16190.21,16255.4,16263.01,16108.7,1944605.0
SDAX,DE0009653386,Deutschland,324724,EUR,2021-05-04 12:00:00,16278.34,15797.06,16337.04,15797.06,3238268.0
SDAX,DE0009653386,Deutschland,324724,EUR,2021-05-05 12:00:00,15885.75,16068.84,16082.26,15885.75,2719978.0
SDAX,DE0009653386,Deutschland,324724,EUR,2021-05-06 12:00:00,16090.04,15870.31,16112.05,15817.38,2909801.0
SDAX,DE0009653386,Deutschland,324724,EUR,2021-05-07 12:00:00,15948.67,16042.0,16042.0,15882.44,2450814.0
SDAX,DE0009653386,Deutschland,324724,EUR,2021-05-10 12:00:00,16122.26,16010.34,16138.58,15992.75,2310350.0
SDAX,DE0009653386,Deutschland,324724,EUR,2021-05-11 12:00:00,15883.05,15593.91,15883.05,15465.52,3135862.0
SDAX,DE0009653386,Deutschland,324724,EUR,2021-05-12 12:00:00,15667.57,15486.9,15681.06,15469.55,3156426.0
SDAX,DE0009653386,Deutschland,324724,EUR,2021-05-13 12:00:00,15415.45,15453.09,15534.93,15160.46,1928033.0
SDAX,DE0009653386,Deutschland,324724,EUR,2021-05-14 12:00:00,15534.49,15642.43,15642.53,15398.02,1761265.0
SDAX,DE0009653386,Deutschland,324724,EUR,2021-05-17 12:00:00,15702.91,15730.77,15782.43,15681.23,3763101.0
SDAX,DE0009653386,Deutschland,324724,EUR,2021-05-18 12:00:00,15802.73,15842.76,15855.44,15749.84,3191133.0
SDAX,DE0009653386,Deutschland,324724,EUR,2021-05-19 12:00:00,15751.17,15685.79,15751.17,15508.08,3155927.0
SDAX,DE0009653386,Deutschland,324724,EUR,2021-05-20 12:00:00,15760.85,15861.68,15877.37,15679.13,5611968.0
SDAX,DE0009653386,Deutschland,324724,EUR,2021-05-21 12:00:00,15888.32,15959.2,15974.07,15888.32,4781486.0
SDAX,DE0009653386,Deutschland,324724,EUR,2021-05-25 12:00:00,16029.72,16182.06,16291.25,16025.39,4953144.0
SDAX,DE0009653386,Deutschland,324724,EUR,2021-05-26 12:00:00,16215.13,16200.84,16246.35,16151.28,2725023.0
SDAX,DE0009653386,Deutschland,324724,EUR,2021-05-27 12:00:00,16190.58,16229.72,16274.89,16160.85,3130013.0
SDAX,DE0009653386,Deutschland,324724,EUR,2021-05-28 12:00:00,16274.93,16312.35,16358.92,16271.47,3541839.0
SDAX,DE0009653386,Deutschland,324724,EUR,2021-05-31 12:00:00,16319.8,16310.03,16381.67,16310.03,2947517.0
SDAX,DE0009653386,Deutschland,324724,EUR,2021-06-01 12:00:00,16372.93,16436.9,16463.77,16371.23,2712624.0
SDAX,DE0009653386,Deutschland,324724,EUR,2021-06-02 12:00:00,16458.48,16288.78,16471.44,16265.46,3103409.0
SDAX,DE0009653386,Deutschland,324724,EUR,2021-06-03 12:00:00,16303.81,16221.08,16308.25,16170.16,2060092.0
SDAX,DE0009653386,Deutschland,324724,EUR,2021-06-04 12:00:00,16228.7,16350.47,16355.22,16224.07,2056870.0
SDAX,DE0009653386,Deutschland,324724,EUR,2021-06-07 12:00:00,16335.22,16342.48,16363.68,16286.85,1991020.0
SDAX,DE0009653386,Deutschland,324724,EUR,2021-06-08 12:00:00,16345.26,16310.82,16366.31,16284.24,2893744.0
SDAX,DE0009653386,Deutschland,324724,EUR,2021-06-09 12:00:00,16334.25,16263.83,16374.61,16237.92,11828032.0
SDAX,DE0009653386,Deutschland,324724,EUR,2021-06-10 12:00:00,16280.78,16256.15,16287.95,16203.23,4249269.0
SDAX,DE0009653386,Deutschland,324724,EUR,2021-06-11 12:00:00,16274.72,16401.63,16411.19,16265.46,4237608.0
SDAX,DE0009653386,Deutschland,324724,EUR,2021-06-14 12:00:00,16457.98,16393.76,16530.88,16393.65,3131673.0
SDAX,DE0009653386,Deutschland,324724,EUR,2021-06-15 12:00:00,16439.18,16344.82,16439.18,16342.53,2811393.0
SDAX,DE0009653386,Deutschland,324724,EUR,2021-06-16 12:00:00,16346.51,16209.46,16355.79,16135.02,2514408.0
SDAX,DE0009653386,Deutschland,324724,EUR,2021-06-17 12:00:00,16174.14,16170.35,16201.94,16109.9,2454135.0
SDAX,DE0009653386,Deutschland,324724,EUR,2021-06-18 12:00:00,16192.19,16004.92,16265.1,15969.33,4339227.0
SDAX,DE0009653386,Deutschland,324724,EUR,2021-06-21 12:00:00,15922.6,16095.46,16098.42,15824.3,2975046.0
SDAX,DE0009653386,Deutschland,324724,EUR,2021-06-22 12:00:00,16094.59,16073.2,16126.65,15997.71,1739046.0
SDAX,DE0009653386,Deutschland,324724,EUR,2021-06-23 12:00:00,16092.66,15918.24,16094.85,15914.9,2034686.0
SDAX,DE0009653386,Deutschland,324724,EUR,2021-06-24 12:00:00,15945.4,15922.73,15970.99,15861.24,2539831.0
SDAX,DE0009653386,Deutschland,324724,EUR,2021-06-25 12:00:00,15930.6,16090.23,16091.01,15928.01,3042002.0
SDAX,DE0009653386,Deutschland,324724,EUR,2021-06-28 12:00:00,16062.07,16004.73,16090.97,16004.73,3646428.0
SDAX,DE0009653386,Deutschland,324724,EUR,2021-06-29 12:00:00,15997.86,16125.75,16126.86,15997.86,3387891.0
SDAX,DE0009653386,Deutschland,324724,EUR,2021-06-30 12:00:00,16129.57,16021.03,16152.53,15912.4,3701546.0
SDAX,DE0009653386,Deutschland,324724,EUR,2021-07-01 12:00:00,16092.93,16140.14,16140.35,16040.95,3313351.0
SDAX,DE0009653386,Deutschland,324724,EUR,2021-07-02 12:00:00,16170.85,16269.22,16336.63,16156.31,2305020.0
SDAX,DE0009653386,Deutschland,324724,EUR,2021-07-05 12:00:00,16274.41,16365.31,16376.03,16245.09,2413045.0
SDAX,DE0009653386,Deutschland,324724,EUR,2021-07-06 12:00:00,16354.8,16244.65,16372.5,16227.73,3099571.0
SDAX,DE0009653386,Deutschland,324724,EUR,2021-07-07 12:00:00,16282.74,16262.79,16333.74,16204.77,2573656.0
SDAX,DE0009653386,Deutschland,324724,EUR,2021-07-08 12:00:00,16214.57,15939.22,16214.57,15839.87,3624667.0
SDAX,DE0009653386,Deutschland,324724,EUR,2021-07-09 12:00:00,15959.8,16155.53,16155.74,15943.9,2301449.0
SDAX,DE0009653386,Deutschland,324724,EUR,2021-07-12 12:00:00,16171.12,16215.55,16223.41,16117.37,1903943.0
SDAX,DE0009653386,Deutschland,324724,EUR,2021-07-13 12:00:00,16220.28,16291.95,16304.83,16200.18,2229817.0
SDAX,DE0009653386,Deutschland,324724,EUR,2021-07-14 12:00:00,16279.41,16224.34,16284.77,16220.11,1823717.0
SDAX,DE0009653386,Deutschland,324724,EUR,2021-07-15 12:00:00,16190.6,16071.94,16190.6,16049.96,2263486.0
SDAX,DE0009653386,Deutschland,324724,EUR,2021-07-16 12:00:00,16081.62,16066.62,16168.52,16017.95,2792653.0
SDAX,DE0009653386,Deutschland,324724,EUR,2021-07-19 12:00:00,15991.61,15625.7,15991.61,15563.15,5528351.0
SDAX,DE0009653386,Deutschland,324724,EUR,2021-07-20 12:00:00,15661.38,15658.19,15741.61,15540.61,3508665.0
SDAX,DE0009653386,Deutschland,324724,EUR,2021-07-21 12:00:00,15703.17,16076.53,16076.84,15703.17,4058073.0
SDAX,DE0009653386,Deutschland,324724,EUR,2021-07-22 12:00:00,16153.43,16209.39,16310.58,16153.43,4130964.0
SDAX,DE0009653386,Deutschland,324724,EUR,2021-07-23 12:00:00,16265.72,16349.95,16406.19,16240.27,2419492.0
SDAX,DE0009653386,Deutschland,324724,EUR,2021-07-26 12:00:00,16314.94,16419.7,16431.82,16268.98,1775931.0
SDAX,DE0009653386,Deutschland,324724,EUR,2021-07-27 12:00:00,16371.45,16294.57,16371.48,16250.95,1756102.0
SDAX,DE0009653386,Deutschland,324724,EUR,2021-07-28 12:00:00,16304.59,16442.06,16455.92,16288.0,1632760.0
SDAX,DE0009653386,Deutschland,324724,EUR,2021-07-29 12:00:00,16496.42,16565.73,16566.87,16495.11,2151916.0
SDAX,DE0009653386,Deutschland,324724,EUR,2021-07-30 12:00:00,16508.16,16531.16,16564.07,16404.23,2406727.0
SDAX,DE0009653386,Deutschland,324724,EUR,2021-08-02 12:00:00,16602.23,16549.92,16651.74,16513.2,1665836.0
SDAX,DE0009653386,Deutschland,324724,EUR,2021-08-03 12:00:00,16511.39,16509.19,16578.67,16462.22,1675254.0
SDAX,DE0009653386,Deutschland,324724,EUR,2021-08-04 12:00:00,16559.71,16608.59,16617.24,16545.02,7237185.0
SDAX,DE0009653386,Deutschland,324724,EUR,2021-08-05 12:00:00,16626.43,16673.21,16674.42,16532.44,4999003.0
SDAX,DE0009653386,Deutschland,324724,EUR,2021-08-06 12:00:00,16694.44,16684.27,16729.92,16640.26,3384854.0
SDAX,DE0009653386,Deutschland,324724,EUR,2021-08-09 12:00:00,16681.2,16731.81,16739.53,16622.76,3624013.0
SDAX,DE0009653386,Deutschland,324724,EUR,2021-08-10 12:00:00,16764.39,16888.42,16892.36,16749.92,2985582.0
SDAX,DE0009653386,Deutschland,324724,EUR,2021-08-11 12:00:00,16921.4,16920.52,16927.21,16801.16,2640002.0
SDAX,DE0009653386,Deutschland,324724,EUR,2021-08-12 12:00:00,16918.82,16875.65,16934.34,16839.7,2524100.0
SDAX,DE0009653386,Deutschland,324724,EUR,2021-08-13 12:00:00,16863.74,17115.37,17136.54,16848.6,3567026.0
SDAX,DE0009653386,Deutschland,324724,EUR,2021-08-16 12:00:00,17049.49,16966.89,17079.24,16910.49,4769966.0
SDAX,DE0009653386,Deutschland,324724,EUR,2021-08-17 12:00:00,16932.96,16888.72,16971.33,16860.86,4269840.0
SDAX,DE0009653386,Deutschland,324724,EUR,2021-08-18 12:00:00,16911.9,17047.01,17050.72,16886.95,3315766.0
SDAX,DE0009653386,Deutschland,324724,EUR,2021-08-19 12:00:00,16887.62,16820.66,16898.83,16773.0,3460242.0
SDAX,DE0009653386,Deutschland,324724,EUR,2021-08-20 12:00:00,16810.51,16817.65,16821.08,16669.97,2490192.0
SDAX,DE0009653386,Deutschland,324724,EUR,2021-08-23 12:00:00,16872.87,16904.0,16918.04,16796.11,2113708.0
SDAX,DE0009653386,Deutschland,324724,EUR,2021-08-24 12:00:00,16960.77,16979.99,17032.96,16953.32,2115355.0
SDAX,DE0009653386,Deutschland,324724,EUR,2021-08-25 12:00:00,16985.0,17003.18,17083.02,16981.43,2358296.0
SDAX,DE0009653386,Deutschland,324724,EUR,2021-08-26 12:00:00,16958.6,16994.21,17016.54,16891.14,2702727.0
SDAX,DE0009653386,Deutschland,324724,EUR,2021-08-27 12:00:00,16987.19,17104.88,17109.76,16982.49,2292786.0
SDAX,DE0009653386,Deutschland,324724,EUR,2021-08-30 12:00:00,17112.18,17168.72,17187.4,17108.33,3227284.0
SDAX,DE0009653386,Deutschland,324724,EUR,2021-08-31 12:00:00,17180.26,17076.14,17272.3,17042.89,3714548.0
SDAX,DE0009653386,Deutschland,324724,EUR,2021-09-01 12:00:00,17161.33,17122.57,17223.12,17111.75,3743105.0
SDAX,DE0009653386,Deutschland,324724,EUR,2021-09-02 12:00:00,17143.01,17285.84,17285.84,17114.83,2564126.0
SDAX,DE0009653386,Deutschland,324724,EUR,2021-09-03 12:00:00,17312.09,17200.8,17312.09,17147.41,2505217.0
SDAX,DE0009653386,Deutschland,324724,EUR,2021-09-06 12:00:00,17245.25,17214.13,17279.75,17184.86,2090548.0
SDAX,DE0009653386,Deutschland,324724,EUR,2021-09-07 12:00:00,17195.54,17208.78,17266.31,17190.15,1787641.0
SDAX,DE0009653386,Deutschland,324724,EUR,2021-09-08 12:00:00,17133.08,16950.56,17133.08,16950.56,2454096.0
SDAX,DE0009653386,Deutschland,324724,EUR,2021-09-09 12:00:00,16854.57,17064.68,17077.12,16810.61,2466636.0
SDAX,DE0009653386,Deutschland,324724,EUR,2021-09-10 12:00:00,17090.32,17040.17,17140.79,17039.2,1317456.0
SDAX,DE0009653386,Deutschland,324724,EUR,2021-09-13 12:00:00,17081.79,17108.68,17155.49,17065.47,1578704.0
SDAX,DE0009653386,Deutschland,324724,EUR,2021-09-14 12:00:00,17130.21,17046.63,17151.82,17015.44,3288736.0
SDAX,DE0009653386,Deutschland,324724,EUR,2021-09-15 12:00:00,17063.15,16899.23,17065.08,16895.08,2301623.0
SDAX,DE0009653386,Deutschland,324724,EUR,2021-09-16 12:00:00,16941.0,16870.35,16973.02,16852.61,1991814.0
SDAX,DE0009653386,Deutschland,324724,EUR,2021-09-17 12:00:00,16931.25,16869.53,17023.29,16835.54,6623375.0
SDAX,DE0009653386,Deutschland,324724,EUR,2021-09-20 12:00:00,16630.31,16537.92,16630.31,16357.12,4816371.0
SDAX,DE0009653386,Deutschland,324724,EUR,2021-09-21 12:00:00,16574.11,16631.8,16738.12,16554.38,2878351.0
SDAX,DE0009653386,Deutschland,324724,EUR,2021-09-22 12:00:00,16732.98,16798.07,16812.48,16672.04,2247377.0
SDAX,DE0009653386,Deutschland,324724,EUR,2021-09-23 12:00:00,16878.1,17007.71,17071.12,16874.08,2318373.0
SDAX,DE0009653386,Deutschland,324724,EUR,2021-09-24 12:00:00,16983.52,16836.46,16983.52,16810.65,2369761.0
SDAX,DE0009653386,Deutschland,324724,EUR,2021-09-27 12:00:00,16889.7,16919.64,16958.33,16844.07,1841965.0
SDAX,DE0009653386,Deutschland,324724,EUR,2021-09-28 12:00:00,16898.56,16514.56,16910.29,16489.74,2423796.0
SDAX,DE0009653386,Deutschland,324724,EUR,2021-09-29 12:00:00,16581.76,16496.85,16673.22,16481.23,3604843.0
SDAX,DE0009653386,Deutschland,324724,EUR,2021-09-30 12:00:00,16557.36,16509.33,16689.08,16461.87,2497669.0
SDAX,DE0009653386,Deutschland,324724,EUR,2021-10-01 12:00:00,16302.15,16359.87,16494.43,16220.25,2572000.0
SDAX,DE0009653386,Deutschland,324724,EUR,2021-10-04 12:00:00,16324.85,16108.81,16367.33,16105.79,3841460.0
SDAX,DE0009653386,Deutschland,324724,EUR,2021-10-05 12:00:00,16112.62,16228.49,16228.49,16057.39,2766465.0
SDAX,DE0009653386,Deutschland,324724,EUR,2021-10-06 12:00:00,16072.61,15882.46,16072.61,15765.82,2676715.0
SDAX,DE0009653386,Deutschland,324724,EUR,2021-10-07 12:00:00,15928.08,16192.11,16192.11,15878.66,2396626.0
SDAX,DE0009653386,Deutschland,324724,EUR,2021-10-08 12:00:00,16190.58,16129.94,16238.57,16121.63,1675269.0
SDAX,DE0009653386,Deutschland,324724,EUR,2021-10-11 12:00:00,16124.12,16118.81,16144.81,16006.77,1650608.0
SDAX,DE0009653386,Deutschland,324724,EUR,2021-10-12 12:00:00,15976.31,16187.82,16196.0,15953.9,2851892.0
SDAX,DE0009653386,Deutschland,324724,EUR,2021-10-13 12:00:00,16163.28,16324.36,16372.52,16128.25,2065703.0
SDAX,DE0009653386,Deutschland,324724,EUR,2021-10-14 12:00:00,16403.32,16462.63,16484.57,16403.32,2285488.0
SDAX,DE0009653386,Deutschland,324724,EUR,2021-10-15 12:00:00,16524.33,16622.93,16623.94,16484.54,2399176.0
SDAX,DE0009653386,Deutschland,324724,EUR,2021-10-18 12:00:00,16596.55,16660.64,16665.0,16583.86,2193012.0
SDAX,DE0009653386,Deutschland,324724,EUR,2021-10-19 12:00:00,16730.23,16754.08,16765.09,16675.81,1742485.0
SDAX,DE0009653386,Deutschland,324724,EUR,2021-10-20 12:00:00,16711.19,16756.84,16770.64,16678.77,2192681.0
SDAX,DE0009653386,Deutschland,324724,EUR,2021-10-21 12:00:00,16666.01,16874.76,16898.62,16654.38,2050077.0
SDAX,DE0009653386,Deutschland,324724,EUR,2021-10-22 12:00:00,16901.53,16909.11,16966.4,16855.15,1775315.0
SDAX,DE0009653386,Deutschland,324724,EUR,2021-10-25 12:00:00,16941.22,16890.35,16941.22,16840.07,2317699.0
SDAX,DE0009653386,Deutschland,324724,EUR,2021-10-26 12:00:00,16933.38,17057.45,17112.69,16933.38,2664144.0
SDAX,DE0009653386,Deutschland,324724,EUR,2021-10-27 12:00:00,17021.02,17021.34,17103.06,17008.64,2282959.0
SDAX,DE0009653386,Deutschland,324724,EUR,2021-10-28 12:00:00,17003.55,17166.7,17166.7,16987.36,2249845.0
SDAX,DE0009653386,Deutschland,324724,EUR,2021-10-29 12:00:00,17092.88,17034.46,17164.05,16982.48,5852533.0
SDAX,DE0009653386,Deutschland,324724,EUR,2021-11-01 12:00:00,17141.11,17213.03,17273.85,17139.92,5240080.0
SDAX,DE0009653386,Deutschland,324724,EUR,2021-11-02 12:00:00,17201.51,17191.3,17219.58,17097.57,3332383.0
SDAX,DE0009653386,Deutschland,324724,EUR,2021-11-03 12:00:00,17178.64,17244.14,17269.36,17173.37,4318214.0
SDAX,DE0009653386,Deutschland,324724,EUR,2021-11-04 12:00:00,17309.76,17407.6,17418.3,17309.76,7249844.0
SDAX,DE0009653386,Deutschland,324724,EUR,2021-11-05 12:00:00,17385.37,17289.54,17446.34,17266.52,4519629.0
SDAX,DE0009653386,Deutschland,324724,EUR,2021-11-08 12:00:00,17282.07,17412.57,17412.57,17282.07,3443116.0
SDAX,DE0009653386,Deutschland,324724,EUR,2021-11-09 12:00:00,17383.97,17350.04,17450.14,17303.59,2699919.0
SDAX,DE0009653386,Deutschland,324724,EUR,2021-11-10 12:00:00,17351.95,17290.28,17397.53,17190.34,5339446.0
SDAX,DE0009653386,Deutschland,324724,EUR,2021-11-11 12:00:00,17272.87,17234.51,17272.87,17063.37,8360684.0
SDAX,DE0009653386,Deutschland,324724,EUR,2021-11-12 12:00:00,17260.0,17258.78,17299.57,17170.03,6687675.0
SDAX,DE0009653386,Deutschland,324724,EUR,2021-11-15 12:00:00,17293.69,17305.02,17343.67,17192.87,5793141.0
SDAX,DE0009653386,Deutschland,324724,EUR,2021-11-16 12:00:00,17314.22,17299.2,17327.7,17246.17,3119280.0
SDAX,DE0009653386,Deutschland,324724,EUR,2021-11-17 12:00:00,17305.07,17206.67,17339.41,17205.74,3505317.0
SDAX,DE0009653386,Deutschland,324724,EUR,2021-11-18 12:00:00,17188.65,17071.64,17221.35,17025.11,3822329.0
SDAX,DE0009653386,Deutschland,324724,EUR,2021-11-19 12:00:00,17064.98,17112.94,17146.57,17000.69,2988964.0
SDAX,DE0009653386,Deutschland,324724,EUR,2021-11-22 12:00:00,17131.93,16932.91,17148.91,16932.91,2896225.0
SDAX,DE0009653386,Deutschland,324724,EUR,2021-11-23 12:00:00,16717.81,16641.79,16836.71,16590.58,4293872.0
SDAX,DE0009653386,Deutschland,324724,EUR,2021-11-24 12:00:00,16615.0,16564.82,16627.5,16392.01,4047134.0
SDAX,DE0009653386,Deutschland,324724,EUR,2021-11-25 12:00:00,16588.02,16752.15,16757.33,16588.02,2548413.0
SDAX,DE0009653386,Deutschland,324724,EUR,2021-11-26 12:00:00,16450.63,16307.7,16555.36,16245.31,5676739.0
SDAX,DE0009653386,Deutschland,324724,EUR,2021-11-29 12:00:00,16443.83,16388.38,16532.14,16362.95,5122785.0
SDAX,DE0009653386,Deutschland,324724,EUR,2021-11-30 12:00:00,16242.48,16227.87,16422.64,16148.76,13441837.0
SDAX,DE0009653386,Deutschland,324724,EUR,2021-12-01 12:00:00,16270.81,16556.42,16575.9,16260.09,3569245.0
SDAX,DE0009653386,Deutschland,324724,EUR,2021-12-02 12:00:00,16415.37,16230.63,16434.4,16110.45,3157442.0
SDAX,DE0009653386,Deutschland,324724,EUR,2021-12-03 12:00:00,16317.79,16054.71,16362.51,16006.98,2540980.0
SDAX,DE0009653386,Deutschland,324724,EUR,2021-12-06 12:00:00,16118.65,16113.44,16181.72,15947.29,2287598.0
SDAX,DE0009653386,Deutschland,324724,EUR,2021-12-07 12:00:00,16197.27,16674.57,16675.59,16197.27,3922845.0
SDAX,DE0009653386,Deutschland,324724,EUR,2021-12-08 12:00:00,16655.43,16574.03,16731.57,16549.84,4396605.0
SDAX,DE0009653386,Deutschland,324724,EUR,2021-12-09 12:00:00,16593.61,16527.11,16642.56,16474.92,1935034.0
SDAX,DE0009653386,Deutschland,324724,EUR,2021-12-10 12:00:00,16434.93,16337.27,16434.93,16311.77,1526119.0
SDAX,DE0009653386,Deutschland,324724,EUR,2021-12-13 12:00:00,16360.36,16251.87,16444.72,16240.2,2488907.0
SDAX,DE0009653386,Deutschland,324724,EUR,2021-12-14 12:00:00,16259.97,15953.14,16320.09,15953.14,2692088.0
SDAX,DE0009653386,Deutschland,324724,EUR,2021-12-15 12:00:00,15951.72,15979.11,16022.15,15939.15,1788698.0
SDAX,DE0009653386,Deutschland,324724,EUR,2021-12-16 12:00:00,16170.4,16017.6,16301.38,15996.63,2358462.0
SDAX,DE0009653386,Deutschland,324724,EUR,2021-12-17 12:00:00,15960.36,16010.77,16040.95,15846.86,5182819.0
SDAX,DE0009653386,Deutschland,324724,EUR,2021-12-20 12:00:00,15758.72,15806.24,15854.46,15632.65,2714312.0
SDAX,DE0009653386,Deutschland,324724,EUR,2021-12-21 12:00:00,15879.98,15949.64,15960.29,15832.48,1400324.0
SDAX,DE0009653386,Deutschland,324724,EUR,2021-12-22 12:00:00,15971.81,16162.93,16162.93,15971.81,1671143.0
SDAX,DE0009653386,Deutschland,324724,EUR,2021-12-23 12:00:00,16215.65,16293.63,16301.81,16184.07,1575990.0
SDAX,DE0009653386,Deutschland,324724,EUR,2021-12-27 12:00:00,16291.86,16462.27,16462.27,16282.59,1298760.0
SDAX,DE0009653386,Deutschland,324724,EUR,2021-12-28 12:00:00,16470.92,16465.62,16542.67,16450.9,2420063.0
SDAX,DE0009653386,Deutschland,324724,EUR,2021-12-29 12:00:00,16444.55,16388.25,16492.67,16290.53,1797634.0
SDAX,DE0009653386,Deutschland,324724,EUR,2021-12-30 12:00:00,16373.79,16414.67,16424.73,16347.75,1318990.0
SDAX,DE0009653386,Deutschland,324724,EUR,2022-01-03 12:00:00,16484.41,16746.7,16783.5,16484.41,3688173.0
SDAX,DE0009653386,Deutschland,324724,EUR,2022-01-04 12:00:00,16829.89,16558.48,16829.89,16540.29,3828422.0
SDAX,DE0009653386,Deutschland,324724,EUR,2022-01-05 12:00:00,16567.94,16569.93,16604.58,16529.7,3125450.0
SDAX,DE0009653386,Deutschland,324724,EUR,2022-01-06 12:00:00,16357.77,16243.67,16361.66,16160.29,2409441.0
SDAX,DE0009653386,Deutschland,324724,EUR,2022-01-07 12:00:00,16216.07,16092.98,16218.85,16021.5,2223599.0
SDAX,DE0009653386,Deutschland,324724,EUR,2022-01-10 12:00:00,16133.51,15705.33,16144.23,15661.46,3869638.0
SDAX,DE0009653386,Deutschland,324724,EUR,2022-01-11 12:00:00,15797.78,15893.82,15913.65,15781.48,3231492.0
SDAX,DE0009653386,Deutschland,324724,EUR,2022-01-12 12:00:00,16018.5,16051.44,16123.82,15946.8,2594215.0
SDAX,DE0009653386,Deutschland,324724,EUR,2022-01-13 12:00:00,16005.69,16030.63,16160.05,15972.24,1868594.0
SDAX,DE0009653386,Deutschland,324724,EUR,2022-01-14 12:00:00,15937.58,15821.06,15946.29,15811.22,1883312.0
SDAX,DE0009653386,Deutschland,324724,EUR,2022-01-17 12:00:00,15867.4,15873.75,15897.64,15750.63,2016250.0
SDAX,DE0009653386,Deutschland,324724,EUR,2022-01-18 12:00:00,15835.65,15623.98,15835.65,15586.05,1804919.0
SDAX,DE0009653386,Deutschland,324724,EUR,2022-01-19 12:00:00,15511.42,15579.3,15674.99,15402.0,3050545.0
SDAX,DE0009653386,Deutschland,324724,EUR,2022-01-20 12:00:00,15623.11,15763.03,15770.37,15569.95,2246549.0
SDAX,DE0009653386,Deutschland,324724,EUR,2022-01-21 12:00:00,15547.15,15363.55,15547.15,15214.01,3466904.0
SDAX,DE0009653386,Deutschland,324724,EUR,2022-01-24 12:00:00,15258.07,14463.86,15258.07,14398.64,11831909.0
SDAX,DE0009653386,Deutschland,324724,EUR,2022-01-25 12:00:00,14584.78,14571.35,14698.7,14404.5,4497727.0
SDAX,DE0009653386,Deutschland,324724,EUR,2022-01-26 12:00:00,14680.49,14939.65,15010.86,14677.71,2781058.0
SDAX,DE0009653386,Deutschland,324724,EUR,2022-01-27 12:00:00,14683.37,15011.13,15087.95,14682.12,2446199.0
SDAX,DE0009653386,Deutschland,324724,EUR,2022-01-28 12:00:00,14943.69,14785.6,14943.69,14678.04,2088376.0
SDAX,DE0009653386,Deutschland,324724,EUR,2022-01-31 12:00:00,14970.23,15111.43,15151.91,14945.41,2784622.0
SDAX,DE0009653386,Deutschland,324724,EUR,2022-02-01 12:00:00,15235.95,15339.94,15357.08,15230.7,2352702.0
SDAX,DE0009653386,Deutschland,324724,EUR,2022-02-02 12:00:00,15438.02,15346.25,15534.29,15342.21,2751067.0
SDAX,DE0009653386,Deutschland,324724,EUR,2022-02-03 12:00:00,15307.93,15014.26,15307.93,14993.45,2553884.0
SDAX,DE0009653386,Deutschland,324724,EUR,2022-02-04 12:00:00,15065.7,14883.07,15094.69,14821.05,1894684.0
SDAX,DE0009653386,Deutschland,324724,EUR,2022-02-07 12:00:00,14920.85,14884.8,14932.99,14784.73,2322128.0
SDAX,DE0009653386,Deutschland,324724,EUR,2022-02-08 12:00:00,14863.71,14798.7,14902.08,14702.21,2753112.0
SDAX,DE0009653386,Deutschland,324724,EUR,2022-02-09 12:00:00,14896.1,15175.24,15207.32,14896.1,7460039.0
SDAX,DE0009653386,Deutschland,324724,EUR,2022-02-10 12:00:00,15236.77,15166.92,15283.49,15008.03,12671177.0
SDAX,DE0009653386,Deutschland,324724,EUR,2022-02-11 12:00:00,15055.57,15015.68,15088.75,14889.83,8828985.0
SDAX,DE0009653386,Deutschland,324724,EUR,2022-02-14 12:00:00,14708.57,14600.21,14708.57,14311.82,7129317.0
SDAX,DE0009653386,Deutschland,324724,EUR,2022-02-15 12:00:00,14574.02,15047.1,15056.14,14574.02,4067913.0
SDAX,DE0009653386,Deutschland,324724,EUR,2022-02-16 12:00:00,15117.89,15012.64,15222.34,14976.61,4010080.0
SDAX,DE0009653386,Deutschland,324724,EUR,2022-02-17 12:00:00,15038.45,14855.51,15100.26,14823.94,5645927.0
SDAX,DE0009653386,Deutschland,324724,EUR,2022-02-18 12:00:00,14821.15,14545.38,14896.93,14543.2,2487407.0
SDAX,DE0009653386,Deutschland,324724,EUR,2022-02-21 12:00:00,14623.14,14237.04,14656.57,14115.91,4046834.0
SDAX,DE0009653386,Deutschland,324724,EUR,2022-02-22 12:00:00,13866.72,14143.71,14315.59,13819.76,5184107.0
SDAX,DE0009653386,Deutschland,324724,EUR,2022-02-23 12:00:00,14170.57,14159.1,14444.87,14138.03,2971387.0
SDAX,DE0009653386,Deutschland,324724,EUR,2022-02-24 12:00:00,13777.93,13863.51,13904.3,13414.33,5746792.0
SDAX,DE0009653386,Deutschland,324724,EUR,2022-02-25 12:00:00,14054.89,14350.82,14351.13,13881.4,3614941.0
SDAX,DE0009653386,Deutschland,324724,EUR,2022-02-28 12:00:00,14202.86,14474.53,14474.88,14143.27,3150100.0
SDAX,DE0009653386,Deutschland,324724,EUR,2022-03-01 12:00:00,14478.65,13951.16,14494.01,13951.16,3058143.0
SDAX,DE0009653386,Deutschland,324724,EUR,2022-03-02 12:00:00,13914.62,14032.9,14106.08,13688.73,4372534.0
SDAX,DE0009653386,Deutschland,324724,EUR,2022-03-03 12:00:00,14063.08,13666.55,14200.2,13666.55,3274501.0
SDAX,DE0009653386,Deutschland,324724,EUR,2022-03-04 12:00:00,13460.25,13088.56,13576.34,13088.56,4125238.0
SDAX,DE0009653386,Deutschland,324724,EUR,2022-03-07 12:00:00,12765.77,12895.09,13196.17,12403.95,7203685.0
SDAX,DE0009653386,Deutschland,324724,EUR,2022-03-08 12:00:00,12833.13,13084.8,13329.64,12833.13,3977688.0
SDAX,DE0009653386,Deutschland,324724,EUR,2022-03-09 12:00:00,13390.46,13821.06,13821.06,13360.79,3575399.0
SDAX,DE0009653386,Deutschland,324724,EUR,2022-03-10 12:00:00,13865.61,13628.82,13887.11,13583.58,3179292.0
SDAX,DE0009653386,Deutschland,324724,EUR,2022-03-11 12:00:00,13702.82,13883.75,14095.23,13691.41,3339822.0
SDAX,DE0009653386,Deutschland,324724,EUR,2022-03-14 12:00:00,14074.15,14102.7,14207.89,14002.05,2721149.0
SDAX,DE0009653386,Deutschland,324724,EUR,2022-03-15 12:00:00,14023.11,14031.65,14083.64,13768.52,2880563.0
SDAX,DE0009653386,Deutschland,324724,EUR,2022-03-16 12:00:00,14267.97,14570.83,14578.79,14267.97,3456429.0
SDAX,DE0009653386,Deutschland,324724,EUR,2022-03-17 12:00:00,14675.7,14572.59,14733.37,14493.44,2341054.0
SDAX,DE0009653386,Deutschland,324724,EUR,2022-03-18 12:00:00,14592.48,14616.78,14616.78,14328.15,2625120.0
SDAX,DE0009653386,Deutschland,324724,EUR,2022-03-21 12:00:00,14643.07,14639.67,14660.96,14494.02,2382679.0
SDAX,DE0009653386,Deutschland,324724,EUR,2022-03-22 12:00:00,14694.36,14860.03,14866.93,14690.78,1972049.0
SDAX,DE0009653386,Deutschland,324724,EUR,2022-03-23 12:00:00,14931.78,14611.28,14948.33,14493.79,2212157.0
SDAX,DE0009653386,Deutschland,324724,EUR,2022-03-24 12:00:00,14603.67,14473.4,14656.49,14425.03,4473832.0
SDAX,DE0009653386,Deutschland,324724,EUR,2022-03-25 12:00:00,14490.92,14397.58,14662.61,14396.76,3373180.0
SDAX,DE0009653386,Deutschland,324724,EUR,2022-03-28 12:00:00,14455.3,14364.93,14570.32,14364.72,2791459.0
SDAX,DE0009653386,Deutschland,324724,EUR,2022-03-29 12:00:00,14479.44,14701.25,14701.66,14468.95,2829635.0
SDAX,DE0009653386,Deutschland,324724,EUR,2022-03-30 12:00:00,14658.88,14572.3,14658.88,14448.35,3387027.0
SDAX,DE0009653386,Deutschland,324724,EUR,2022-03-31 12:00:00,14607.34,14248.0,14620.23,14248.0,2511825.0
SDAX,DE0009653386,Deutschland,324724,EUR,2022-04-01 12:00:00,14279.67,14402.44,14469.27,14230.67,2218019.0
SDAX,DE0009653386,Deutschland,324724,EUR,2022-04-04 12:00:00,14486.05,14599.74,14608.9,14327.49,2253676.0
SDAX,DE0009653386,Deutschland,324724,EUR,2022-04-05 12:00:00,14618.91,14570.79,14809.87,14529.96,2798296.0
SDAX,DE0009653386,Deutschland,324724,EUR,2022-04-06 12:00:00,14565.41,14221.1,14565.41,14113.58,3169341.0
SDAX,DE0009653386,Deutschland,324724,EUR,2022-04-07 12:00:00,14260.09,14222.49,14460.17,14206.09,3061235.0
SDAX,DE0009653386,Deutschland,324724,EUR,2022-04-08 12:00:00,14358.53,14360.91,14412.83,14278.31,1968633.0
SDAX,DE0009653386,Deutschland,324724,EUR,2022-04-11 12:00:00,14324.12,14191.36,14336.65,14130.37,2396721.0
SDAX,DE0009653386,Deutschland,324724,EUR,2022-04-12 12:00:00,14007.3,14112.26,14141.22,13956.23,2585268.0
SDAX,DE0009653386,Deutschland,324724,EUR,2022-04-13 12:00:00,14084.0,14078.1,14118.84,13952.49,1743124.0
SDAX,DE0009653386,Deutschland,324724,EUR,2022-04-14 12:00:00,14126.33,14225.53,14266.66,14070.54,1815304.0
SDAX,DE0009653386,Deutschland,324724,EUR,2022-04-19 12:00:00,14175.12,14213.33,14249.47,14047.2,2622345.0
SDAX,DE0009653386,Deutschland,324724,EUR,2022-04-20 12:00:00,14227.98,14392.26,14442.13,14168.26,2631140.0
SDAX,DE0009653386,Deutschland,324724,EUR,2022-04-21 12:00:00,14398.58,14492.48,14637.91,14398.58,1948219.0
SDAX,DE0009653386,Deutschland,324724,EUR,2022-04-22 12:00:00,14349.22,14225.23,14445.54,14225.23,1478492.0
SDAX,DE0009653386,Deutschland,324724,EUR,2022-04-25 12:00:00,14034.02,13882.57,14144.56,13850.49,2097534.0
SDAX,DE0009653386,Deutschland,324724,EUR,2022-04-26 12:00:00,13954.07,13706.51,13970.35,13699.8,1943252.0
SDAX,DE0009653386,Deutschland,324724,EUR,2022-04-27 12:00:00,13657.27,13684.57,13794.71,13527.32,2268371.0
SDAX,DE0009653386,Deutschland,324724,EUR,2022-04-28 12:00:00,13788.61,13812.68,13922.43,13699.45,2798212.0
SDAX,DE0009653386,Deutschland,324724,EUR,2022-04-29 12:00:00,13920.7,13826.69,13965.85,13815.85,2084656.0
SDAX,DE0009653386,Deutschland,324724,EUR,2022-05-02 12:00:00,13744.25,13604.04,13744.25,13416.11,2028951.0
SDAX,DE0009653386,Deutschland,324724,EUR,2022-05-03 12:00:00,13647.55,13737.51,13799.89,13629.98,1782675.0
SDAX,DE0009653386,Deutschland,324724,EUR,2022-05-04 12:00:00,13751.26,13670.86,13758.16,13646.27,2185126.0
SDAX,DE0009653386,Deutschland,324724,EUR,2022-05-05 12:00:00,13928.62,13435.83,13976.31,13435.83,3628093.0
SDAX,DE0009653386,Deutschland,324724,EUR,2022-05-06 12:00:00,13398.06,13311.14,13410.97,13170.55,4037044.0
SDAX,DE0009653386,Deutschland,324724,EUR,2022-05-09 12:00:00,13234.45,12785.5,13275.07,12785.5,3716918.0
SDAX,DE0009653386,Deutschland,324724,EUR,2022-05-10 12:00:00,12867.59,12735.57,12985.22,12735.45,2490263.0
SDAX,DE0009653386,Deutschland,324724,EUR,2022-05-11 12:00:00,12793.0,12948.18,12955.32,12687.35,2665093.0
SDAX,DE0009653386,Deutschland,324724,EUR,2022-05-12 12:00:00,12717.69,12734.09,12792.72,12463.97,4522803.0
SDAX,DE0009653386,Deutschland,324724,EUR,2022-05-13 12:00:00,12787.21,13206.34,13211.96,12787.21,2049284.0
SDAX,DE0009653386,Deutschland,324724,EUR,2022-05-16 12:00:00,13180.52,13186.44,13220.68,13075.24,1854431.0
SDAX,DE0009653386,Deutschland,324724,EUR,2022-05-17 12:00:00,13296.29,13379.95,13428.45,13273.46,2099048.0
SDAX,DE0009653386,Deutschland,324724,EUR,2022-05-18 12:00:00,13401.08,13191.64,13437.1,13188.83,1772230.0
SDAX,DE0009653386,Deutschland,324724,EUR,2022-05-19 12:00:00,13064.89,13145.44,13145.44,12911.72,2391144.0
SDAX,DE0009653386,Deutschland,324724,EUR,2022-05-20 12:00:00,13216.03,13197.31,13390.8,13153.65,2557019.0
SDAX,DE0009653386,Deutschland,324724,EUR,2022-05-23 12:00:00,13340.34,13430.07,13473.7,13294.49,2509915.0
SDAX,DE0009653386,Deutschland,324724,EUR,2022-05-24 12:00:00,13353.13,13245.27,13386.77,13227.46,2261822.0
SDAX,DE0009653386,Deutschland,324724,EUR,2022-05-25 12:00:00,13302.24,13279.43,13331.17,13099.07,1864596.0
SDAX,DE0009653386,Deutschland,324724,EUR,2022-05-26 12:00:00,13285.62,13549.59,13549.59,13266.01,1512450.0
SDAX,DE0009653386,Deutschland,324724,EUR,2022-05-27 12:00:00,13585.88,13695.42,13707.01,13531.19,1896306.0
SDAX,DE0009653386,Deutschland,324724,EUR,2022-05-30 12:00:00,13815.08,13960.34,13966.1,13815.08,1587959.0
SDAX,DE0009653386,Deutschland,324724,EUR,2022-05-31 12:00:00,13951.83,13787.91,13951.83,13769.23,3320662.0
SDAX,DE0009653386,Deutschland,324724,EUR,2022-06-01 12:00:00,13858.45,13710.6,13865.14,13667.15,1655049.0
SDAX,DE0009653386,Deutschland,324724,EUR,2022-06-02 12:00:00,13734.0,13873.24,13874.0,13730.99,1258682.0
SDAX,DE0009653386,Deutschland,324724,EUR,2022-06-03 12:00:00,13975.49,13814.14,13992.34,13794.19,1791436.0
SDAX,DE0009653386,Deutschland,324724,EUR,2022-06-06 12:00:00,13866.88,13987.22,14027.86,13866.06,1097771.0
SDAX,DE0009653386,Deutschland,324724,EUR,2022-06-07 12:00:00,13914.45,13894.84,13918.49,13751.59,2007441.0
SDAX,DE0009653386,Deutschland,324724,EUR,2022-06-08 12:00:00,13930.81,13889.24,13955.18,13835.74,1917567.0
SDAX,DE0009653386,Deutschland,324724,EUR,2022-06-09 12:00:00,13834.15,13565.11,13834.15,13564.69,3639545.0
SDAX,DE0009653386,Deutschland,324724,EUR,2022-06-10 12:00:00,13491.06,13081.66,13491.06,13081.66,4600265.0
SDAX,DE0009653386,Deutschland,324724,EUR,2022-06-13 12:00:00,12859.97,12558.03,12913.41,12508.87,3761454.0
SDAX,DE0009653386,Deutschland,324724,EUR,2022-06-14 12:00:00,12611.44,12322.05,12673.15,12321.78,3487909.0
SDAX,DE0009653386,Deutschland,324724,EUR,2022-06-15 12:00:00,12401.68,12501.71,12524.8,12365.54,2597848.0
SDAX,DE0009653386,Deutschland,324724,EUR,2022-06-16 12:00:00,12481.85,12048.97,12511.82,12008.21,2319421.0
SDAX,DE0009653386,Deutschland,324724,EUR,2022-06-17 12:00:00,12051.52,12254.39,12313.9,12051.52,3081886.0
SDAX,DE0009653386,Deutschland,324724,EUR,2022-06-20 12:00:00,12284.76,12403.97,12403.97,12194.51,1870406.0
SDAX,DE0009653386,Deutschland,324724,EUR,2022-06-21 12:00:00,12452.01,12465.13,12582.17,12445.47,1479780.0
SDAX,DE0009653386,Deutschland,324724,EUR,2022-06-22 12:00:00,12260.89,12281.11,12351.43,12042.14,2525925.0
SDAX,DE0009653386,Deutschland,324724,EUR,2022-06-23 12:00:00,12257.21,12015.48,12257.21,11942.26,2210183.0
SDAX,DE0009653386,Deutschland,324724,EUR,2022-06-24 12:00:00,12044.31,12175.86,12220.38,11993.05,2616903.0
SDAX,DE0009653386,Deutschland,324724,EUR,2022-06-27 12:00:00,12246.04,12343.28,12459.04,12246.04,1753783.0
SDAX,DE0009653386,Deutschland,324724,EUR,2022-06-28 12:00:00,12390.09,12375.7,12496.64,12362.76,1808885.0
SDAX,DE0009653386,Deutschland,324724,EUR,2022-06-29 12:00:00,12244.84,12075.58,12263.41,12036.67,3055128.0
SDAX,DE0009653386,Deutschland,324724,EUR,2022-06-30 12:00:00,11954.72,11881.19,11957.46,11688.84,3527152.0
SDAX,DE0009653386,Deutschland,324724,EUR,2022-07-01 12:00:00,11797.65,11930.6,11995.34,11733.71,2322772.0
SDAX,DE0009653386,Deutschland,324724,EUR,2022-07-04 12:00:00,11988.25,11854.13,11995.06,11845.57,1540375.0
SDAX,DE0009653386,Deutschland,324724,EUR,2022-07-05 12:00:00,11914.4,11577.0,11996.54,11525.9,2359683.0
SDAX,DE0009653386,Deutschland,324724,EUR,2022-07-06 12:00:00,11645.37,11882.84,11911.33,11645.37,1807194.0
SDAX,DE0009653386,Deutschland,324724,EUR,2022-07-07 12:00:00,11970.99,12208.28,12215.52,11953.93,1871702.0
SDAX,DE0009653386,Deutschland,324724,EUR,2022-07-08 12:00:00,12190.6,12362.63,12362.63,12154.69,1841136.0
SDAX,DE0009653386,Deutschland,324724,EUR,2022-07-11 12:00:00,12144.63,12177.51,12351.78,12131.25,2013647.0
SDAX,DE0009653386,Deutschland,324724,EUR,2022-07-12 12:00:00,12090.16,12141.69,12160.97,11945.98,1794310.0
SDAX,DE0009653386,Deutschland,324724,EUR,2022-07-13 12:00:00,12092.03,12005.55,12101.47,11842.9,1815669.0
SDAX,DE0009653386,Deutschland,324724,EUR,2022-07-14 12:00:00,11990.85,11778.34,12058.65,11703.99,1828402.0
SDAX,DE0009653386,Deutschland,324724,EUR,2022-07-15 12:00:00,11839.39,11998.78,11998.78,11772.09,2359942.0
SDAX,DE0009653386,Deutschland,324724,EUR,2022-07-18 12:00:00,12049.58,12219.06,12227.04,12049.58,1956127.0
SDAX,DE0009653386,Deutschland,324724,EUR,2022-07-19 12:00:00,12149.94,12426.27,12426.95,12033.56,2401504.0
SDAX,DE0009653386,Deutschland,324724,EUR,2022-07-20 12:00:00,12457.56,12526.6,12563.36,12380.13,2051477.0
SDAX,DE0009653386,Deutschland,324724,EUR,2022-07-21 12:00:00,12518.9,12550.24,12609.66,12425.31,1544187.0
SDAX,DE0009653386,Deutschland,324724,EUR,2022-07-22 12:00:00,12557.39,12570.31,12651.06,12446.37,1097686.0
SDAX,DE0009653386,Deutschland,324724,EUR,2022-07-25 12:00:00,12523.14,12508.34,12627.99,12471.59,1114925.0
SDAX,DE0009653386,Deutschland,324724,EUR,2022-07-26 12:00:00,12467.55,12272.12,12467.55,12267.36,1279067.0
SDAX,DE0009653386,Deutschland,324724,EUR,2022-07-27 12:00:00,12293.31,12437.11,12437.78,12258.53,1414707.0
SDAX,DE0009653386,Deutschland,324724,EUR,2022-07-28 12:00:00,12501.5,12592.02,12619.63,12491.81,1224399.0
SDAX,DE0009653386,Deutschland,324724,EUR,2022-07-29 12:00:00,12677.05,12811.49,12848.53,12677.05,2582263.0
SDAX,DE0009653386,Deutschland,324724,EUR,2022-08-01 12:00:00,12860.37,12884.88,12939.98,12808.12,1547654.0
SDAX,DE0009653386,Deutschland,324724,EUR,2022-08-02 12:00:00,12858.16,12783.64,12858.16,12648.47,2100385.0
SDAX,DE0009653386,Deutschland,324724,EUR,2022-08-03 12:00:00,12778.86,13052.71,13058.74,12773.9,1891908.0
SDAX,DE0009653386,Deutschland,324724,EUR,2022-08-04 12:00:00,13077.57,13164.98,13246.16,13047.87,2567822.0
SDAX,DE0009653386,Deutschland,324724,EUR,2022-08-05 12:00:00,13168.84,12966.92,13174.76,12928.9,1902131.0
SDAX,DE0009653386,Deutschland,324724,EUR,2022-08-08 12:00:00,13041.97,13050.39,13108.02,12958.61,2549142.0
SDAX,DE0009653386,Deutschland,324724,EUR,2022-08-09 12:00:00,13043.59,12809.0,13043.59,12766.38,3120500.0
SDAX,DE0009653386,Deutschland,324724,EUR,2022-08-10 12:00:00,12752.8,13114.34,13114.34,12687.13,5843585.0
SDAX,DE0009653386,Deutschland,324724,EUR,2022-08-11 12:00:00,13191.06,13196.66,13270.08,13151.03,3492856.0
SDAX,DE0009653386,Deutschland,324724,EUR,2022-08-12 12:00:00,13217.25,13229.37,13232.03,13159.9,2334829.0
SDAX,DE0009653386,Deutschland,324724,EUR,2022-08-15 12:00:00,13270.54,13178.11,13288.37,13139.24,2269916.0
SDAX,DE0009653386,Deutschland,324724,EUR,2022-08-16 12:00:00,13206.49,13207.33,13260.45,13121.83,2596311.0
SDAX,DE0009653386,Deutschland,324724,EUR,2022-08-17 12:00:00,13222.16,12907.01,13239.45,12905.87,1795388.0
SDAX,DE0009653386,Deutschland,324724,EUR,2022-08-18 12:00:00,12914.07,12951.31,13010.7,12899.42,1186409.0
SDAX,DE0009653386,Deutschland,324724,EUR,2022-08-19 12:00:00,12887.48,12653.93,12887.48,12652.24,1527473.0
SDAX,DE0009653386,Deutschland,324724,EUR,2022-08-22 12:00:00,12575.93,12268.42,12602.42,12253.71,1953679.0
SDAX,DE0009653386,Deutschland,324724,EUR,2022-08-23 12:00:00,12196.68,12235.07,12333.15,12183.6,1874715.0
SDAX,DE0009653386,Deutschland,324724,EUR,2022-08-24 12:00:00,12190.43,12275.87,12282.64,12081.35,1565925.0
SDAX,DE0009653386,Deutschland,324724,EUR,2022-08-25 12:00:00,12368.34,12266.73,12397.05,12234.11,1530951.0
SDAX,DE0009653386,Deutschland,324724,EUR,2022-08-26 12:00:00,12302.05,11978.22,12323.95,11960.9,1393312.0
SDAX,DE0009653386,Deutschland,324724,EUR,2022-08-29 12:00:00,11879.49,11940.47,12010.45,11818.17,1731947.0
SDAX,DE0009653386,Deutschland,324724,EUR,2022-08-30 12:00:00,11947.08,11944.98,12107.43,11870.94,1290700.0
SDAX,DE0009653386,Deutschland,324724,EUR,2022-08-31 12:00:00,11980.51,11864.53,11980.51,11860.68,1379880.0
SDAX,DE0009653386,Deutschland,324724,EUR,2022-09-01 12:00:00,11783.04,11586.43,11783.04,11561.56,1964409.0
SDAX,DE0009653386,Deutschland,324724,EUR,2022-09-02 12:00:00,11694.41,11876.11,11878.6,11645.15,1464140.0
SDAX,DE0009653386,Deutschland,324724,EUR,2022-09-05 12:00:00,11668.46,11618.12,11677.95,11546.81,2410008.0
SDAX,DE0009653386,Deutschland,324724,EUR,2022-09-06 12:00:00,11630.69,11655.4,11779.24,11584.6,1603082.0
SDAX,DE0009653386,Deutschland,324724,EUR,2022-09-07 12:00:00,11590.43,11684.61,11710.73,11553.7,1945456.0
SDAX,DE0009653386,Deutschland,324724,EUR,2022-09-08 12:00:00,11750.91,11750.37,11803.53,11576.45,1300094.0
SDAX,DE0009653386,Deutschland,324724,EUR,2022-09-09 12:00:00,11799.95,11961.19,11973.45,11799.95,1222801.0
SDAX,DE0009653386,Deutschland,324724,EUR,2022-09-12 12:00:00,12030.37,12145.11,12178.39,12030.37,1381450.0
SDAX,DE0009653386,Deutschland,324724,EUR,2022-09-13 12:00:00,12167.48,11767.83,12177.06,11767.83,2034209.0
SDAX,DE0009653386,Deutschland,324724,EUR,2022-09-14 12:00:00,11713.4,11656.37,11827.85,11600.15,2595924.0
SDAX,DE0009653386,Deutschland,324724,EUR,2022-09-15 12:00:00,11676.69,11549.02,11702.82,11529.08,1711787.0
SDAX,DE0009653386,Deutschland,324724,EUR,2022-09-16 12:00:00,11433.24,11421.82,11467.4,11304.13,5745314.0
SDAX,DE0009653386,Deutschland,324724,EUR,2022-09-19 12:00:00,11396.25,11375.01,11399.44,11233.98,2211789.0
SDAX,DE0009653386,Deutschland,324724,EUR,2022-09-20 12:00:00,11420.67,11231.27,11465.66,11157.06,1611930.0
SDAX,DE0009653386,Deutschland,324724,EUR,2022-09-21 12:00:00,11116.53,11280.21,11281.7,11110.47,1846726.0
SDAX,DE0009653386,Deutschland,324724,EUR,2022-09-22 12:00:00,11072.41,10910.42,11125.44,10910.42,2099949.0
SDAX,DE0009653386,Deutschland,324724,EUR,2022-09-23 12:00:00,10889.12,10507.96,10889.12,10454.82,3273960.0
SDAX,DE0009653386,Deutschland,324724,EUR,2022-09-26 12:00:00,10434.1,10507.91,10648.51,10387.58,2216205.0
SDAX,DE0009653386,Deutschland,324724,EUR,2022-09-27 12:00:00,10570.56,10523.22,10747.27,10523.22,2223784.0
SDAX,DE0009653386,Deutschland,324724,EUR,2022-09-28 12:00:00,10425.97,10531.52,10531.52,10200.21,2613396.0
SDAX,DE0009653386,Deutschland,324724,EUR,2022-09-29 12:00:00,10510.91,10261.4,10513.73,10188.18,2565326.0
SDAX,DE0009653386,Deutschland,324724,EUR,2022-09-30 12:00:00,10296.38,10522.69,10542.58,10294.69,1856377.0
SDAX,DE0009653386,Deutschland,324724,EUR,2022-10-03 12:00:00,10449.29,10648.82,10656.21,10297.7,1487997.0
SDAX,DE0009653386,Deutschland,324724,EUR,2022-10-04 12:00:00,10835.64,11047.31,11047.31,10808.72,1751521.0
SDAX,DE0009653386,Deutschland,324724,EUR,2022-10-05 12:00:00,11034.85,10808.25,11086.6,10751.06,1220258.0
SDAX,DE0009653386,Deutschland,324724,EUR,2022-10-06 12:00:00,10879.95,10750.83,10934.5,10722.68,1304514.0
SDAX,DE0009653386,Deutschland,324724,EUR,2022-10-07 12:00:00,10706.91,10527.57,10721.78,10515.48,1244370.0
SDAX,DE0009653386,Deutschland,324724,EUR,2022-10-10 12:00:00,10412.14,10439.0,10634.99,10408.26,1227274.0
SDAX,DE0009653386,Deutschland,324724,EUR,2022-10-11 12:00:00,10372.36,10419.97,10432.35,10299.92,1578863.0
SDAX,DE0009653386,Deutschland,324724,EUR,2022-10-12 12:00:00,10394.48,10280.33,10430.42,10274.03,2024672.0
SDAX,DE0009653386,Deutschland,324724,EUR,2022-10-13 12:00:00,10238.57,10482.2,10492.28,10102.75,1670635.0
SDAX,DE0009653386,Deutschland,324724,EUR,2022-10-14 12:00:00,10664.02,10551.78,10729.83,10513.38,1414458.0
SDAX,DE0009653386,Deutschland,324724,EUR,2022-10-17 12:00:00,10561.3,10760.68,10778.97,10501.73,1109193.0
SDAX,DE0009653386,Deutschland,324724,EUR,2022-10-18 12:00:00,10838.43,10874.56,10983.0,10838.43,2180357.0
SDAX,DE0009653386,Deutschland,324724,EUR,2022-10-19 12:00:00,10905.65,10800.53,10905.65,10764.89,1516751.0
SDAX,DE0009653386,Deutschland,324724,EUR,2022-10-20 12:00:00,10746.95,10867.25,10900.29,10667.99,2291169.0
SDAX,DE0009653386,Deutschland,324724,EUR,2022-10-21 12:00:00,10772.09,10803.52,10870.26,10665.36,1433216.0
SDAX,DE0009653386,Deutschland,324724,EUR,2022-10-24 12:00:00,10867.75,10944.26,10979.65,10770.52,1966508.0
SDAX,DE0009653386,Deutschland,324724,EUR,2022-10-25 12:00:00,10983.47,11186.17,11186.17,10920.73,1481099.0
SDAX,DE0009653386,Deutschland,324724,EUR,2022-10-26 12:00:00,11181.6,11411.83,11411.83,11131.49,1951143.0
SDAX,DE0009653386,Deutschland,324724,EUR,2022-10-27 12:00:00,11373.24,11423.71,11460.75,11248.3,1733288.0
SDAX,DE0009653386,Deutschland,324724,EUR,2022-10-28 12:00:00,11338.41,11309.84,11346.99,11233.96,1207358.0
SDAX,DE0009653386,Deutschland,324724,EUR,2022-10-31 12:00:00,11350.74,11283.67,11354.41,11267.02,1633371.0
SDAX,DE0009653386,Deutschland,324724,EUR,2022-11-01 12:00:00,11385.51,11402.33,11544.67,11357.68,1498304.0
SDAX,DE0009653386,Deutschland,324724,EUR,2022-11-02 12:00:00,11416.35,11304.6,11421.46,11304.6,2323278.0
SDAX,DE0009653386,Deutschland,324724,EUR,2022-11-03 12:00:00,11161.26,11193.01,11231.36,11088.67,1705824.0
SDAX,DE0009653386,Deutschland,324724,EUR,2022-11-04 12:00:00,11230.84,11415.45,11467.8,11230.84,2033566.0
SDAX,DE0009653386,Deutschland,324724,EUR,2022-11-07 12:00:00,11383.49,11690.6,11690.6,11380.89,2882326.0
SDAX,DE0009653386,Deutschland,324724,EUR,2022-11-08 12:00:00,11686.32,11935.74,11935.74,11669.6,1865029.0
SDAX,DE0009653386,Deutschland,324724,EUR,2022-11-09 12:00:00,11896.18,11896.58,11923.6,11811.87,8657482.0
SDAX,DE0009653386,Deutschland,324724,EUR,2022-11-10 12:00:00,11769.82,12265.15,12265.15,11728.42,4967202.0
SDAX,DE0009653386,Deutschland,324724,EUR,2022-11-11 12:00:00,12383.92,12576.7,12622.32,12348.95,3833862.0
SDAX,DE0009653386,Deutschland,324724,EUR,2022-11-14 12:00:00,12649.32,12569.33,12649.32,12440.0,2304190.0
SDAX,DE0009653386,Deutschland,324724,EUR,2022-11-15 12:00:00,12614.36,12535.57,12614.36,12435.26,1745835.0
SDAX,DE0009653386,Deutschland,324724,EUR,2022-11-16 12:00:00,12513.98,12248.2,12513.98,12222.29,1628365.0
SDAX,DE0009653386,Deutschland,324724,EUR,2022-11-17 12:00:00,12272.36,12303.7,12336.49,12146.45,1701970.0
SDAX,DE0009653386,Deutschland,324724,EUR,2022-11-18 12:00:00,12330.87,12471.83,12487.04,12227.67,1794509.0
SDAX,DE0009653386,Deutschland,324724,EUR,2022-11-21 12:00:00,12436.58,12360.68,12444.02,12327.38,1370507.0
SDAX,DE0009653386,Deutschland,324724,EUR,2022-11-22 12:00:00,12336.42,12412.02,12479.58,12290.56,1533798.0
SDAX,DE0009653386,Deutschland,324724,EUR,2022-11-23 12:00:00,12444.43,12477.62,12486.39,12349.56,1321566.0
SDAX,DE0009653386,Deutschland,324724,EUR,2022-11-24 12:00:00,12483.42,12582.67,12637.55,12467.67,1190463.0
SDAX,DE0009653386,Deutschland,324724,EUR,2022-11-25 12:00:00,12567.04,12511.05,12567.04,12429.09,1074596.0
SDAX,DE0009653386,Deutschland,324724,EUR,2022-11-28 12:00:00,12443.06,12331.15,12466.42,12296.1,1112068.0
SDAX,DE0009653386,Deutschland,324724,EUR,2022-11-29 12:00:00,12325.61,12220.07,12337.18,12208.99,1080778.0
SDAX,DE0009653386,Deutschland,324724,EUR,2022-11-30 12:00:00,12233.4,12382.96,12382.96,12224.92,1916941.0
SDAX,DE0009653386,Deutschland,324724,EUR,2022-12-01 12:00:00,12574.9,12555.01,12640.71,12500.95,1498658.0
SDAX,DE0009653386,Deutschland,324724,EUR,2022-12-02 12:00:00,12552.32,12670.76,12703.49,12516.64,1604097.0
SDAX,DE0009653386,Deutschland,324724,EUR,2022-12-05 12:00:00,12664.49,12530.48,12674.61,12530.48,1399117.0
SDAX,DE0009653386,Deutschland,324724,EUR,2022-12-06 12:00:00,12484.74,12325.5,12484.74,12301.22,1189481.0
SDAX,DE0009653386,Deutschland,324724,EUR,2022-12-07 12:00:00,12253.14,12206.82,12313.56,12206.82,1112697.0
SDAX,DE0009653386,Deutschland,324724,EUR,2022-12-08 12:00:00,12214.85,12291.38,12336.44,12212.63,888744.0
SDAX,DE0009653386,Deutschland,324724,EUR,2022-12-09 12:00:00,12330.17,12326.4,12382.67,12256.92,1202154.0
SDAX,DE0009653386,Deutschland,324724,EUR,2022-12-12 12:00:00,12265.37,12192.85,12270.48,12134.83,948738.0
SDAX,DE0009653386,Deutschland,324724,EUR,2022-12-13 12:00:00,12210.82,12316.78,12484.33,12123.46,1494204.0
SDAX,DE0009653386,Deutschland,324724,EUR,2022-12-14 12:00:00,12271.62,12186.32,12271.62,12106.02,1319146.0
SDAX,DE0009653386,Deutschland,324724,EUR,2022-12-15 12:00:00,12099.97,11884.55,12101.5,11884.27,1358555.0
SDAX,DE0009653386,Deutschland,324724,EUR,2022-12-16 12:00:00,11851.11,11761.13,11866.17,11671.37,2047971.0
SDAX,DE0009653386,Deutschland,324724,EUR,2022-12-19 12:00:00,11764.78,11830.76,11887.9,11764.78,1268869.0
SDAX,DE0009653386,Deutschland,324724,EUR,2022-12-20 12:00:00,11718.46,11764.77,11800.36,11676.96,1106502.0
SDAX,DE0009653386,Deutschland,324724,EUR,2022-12-21 12:00:00,11798.8,12003.09,12003.09,11798.8,1053504.0
SDAX,DE0009653386,Deutschland,324724,EUR,2022-12-22 12:00:00,12023.15,11832.7,12059.39,11812.18,854772.0
SDAX,DE0009653386,Deutschland,324724,EUR,2022-12-23 12:00:00,11835.0,11879.65,11936.77,11801.34,891950.0
SDAX,DE0009653386,Deutschland,324724,EUR,2022-12-27 12:00:00,11947.96,11896.21,11994.1,11864.91,853462.0
SDAX,DE0009653386,Deutschland,324724,EUR,2022-12-28 12:00:00,11839.87,11796.13,11885.81,11781.19,1175670.0
SDAX,DE0009653386,Deutschland,324724,EUR,2022-12-29 12:00:00,11752.18,12015.22,12015.22,11725.04,1201419.0
SDAX,DE0009653386,Deutschland,324724,EUR,2022-12-30 12:00:00,11993.93,11925.7,12021.35,11925.7,944222.0
SDAX,DE0009653386,Deutschland,324724,EUR,2023-01-02 12:00:00,11980.54,12084.56,12116.1,11980.54,1187679.0
SDAX,DE0009653386,Deutschland,324724,EUR,2023-01-03 12:00:00,12090.95,12218.83,12320.58,12090.95,1481591.0
SDAX,DE0009653386,Deutschland,324724,EUR,2023-01-04 12:00:00,12268.46,12408.0,12408.0,12252.5,1456986.0
SDAX,DE0009653386,Deutschland,324724,EUR,2023-01-05 12:00:00,12399.66,12345.04,12453.15,12341.77,1277694.0
SDAX,DE0009653386,Deutschland,324724,EUR,2023-01-06 12:00:00,12358.66,12498.45,12502.97,12244.38,955656.0
SDAX,DE0009653386,Deutschland,324724,EUR,2023-01-09 12:00:00,12543.86,12738.39,12738.39,12543.86,1817015.0
SDAX,DE0009653386,Deutschland,324724,EUR,2023-01-10 12:00:00,12693.19,12649.37,12693.19,12610.51,1403793.0
SDAX,DE0009653386,Deutschland,324724,EUR,2023-01-11 12:00:00,12684.19,12852.34,12890.27,12684.19,1265494.0
SDAX,DE0009653386,Deutschland,324724,EUR,2023-01-12 12:00:00,12861.35,12982.85,13003.28,12822.97,1599823.0
SDAX,DE0009653386,Deutschland,324724,EUR,2023-01-13 12:00:00,13009.89,13077.0,13125.9,12985.86,1468430.0
SDAX,DE0009653386,Deutschland,324724,EUR,2023-01-16 12:00:00,13136.09,13257.12,13271.38,13082.46,1364470.0
SDAX,DE0009653386,Deutschland,324724,EUR,2023-01-17 12:00:00,13256.33,13323.78,13334.89,13193.3,1384546.0
SDAX,DE0009653386,Deutschland,324724,EUR,2023-01-18 12:00:00,13341.34,13382.76,13501.43,13276.67,2000619.0
SDAX,DE0009653386,Deutschland,324724,EUR,2023-01-19 12:00:00,13302.6,13004.56,13303.74,13004.56,2107934.0
SDAX,DE0009653386,Deutschland,324724,EUR,2023-01-20 12:00:00,13048.7,13158.16,13164.6,13007.86,1094023.0
SDAX,DE0009653386,Deutschland,324724,EUR,2023-01-23 12:00:00,13238.96,13292.31,13322.27,13210.9,1150305.0
SDAX,DE0009653386,Deutschland,324724,EUR,2023-01-24 12:00:00,13325.78,13222.21,13341.1,13210.68,1255249.0
SDAX,DE0009653386,Deutschland,324724,EUR,2023-01-25 12:00:00,13196.33,13115.92,13202.03,13064.97,1315399.0
SDAX,DE0009653386,Deutschland,324724,EUR,2023-01-26 12:00:00,13165.08,13233.4,13292.69,13165.08,1483810.0
SDAX,DE0009653386,Deutschland,324724,EUR,2023-01-27 12:00:00,13252.59,13303.15,13337.02,13197.72,4649909.0
SDAX,DE0009653386,Deutschland,324724,EUR,2023-01-30 12:00:00,13247.99,13102.27,13249.1,13043.06,2853242.0
SDAX,DE0009653386,Deutschland,324724,EUR,2023-01-31 12:00:00,13044.44,13063.63,13082.98,12944.99,2148042.0
SDAX,DE0009653386,Deutschland,324724,EUR,2023-02-01 12:00:00,13113.48,13163.14,13235.39,13100.82,2370357.0
SDAX,DE0009653386,Deutschland,324724,EUR,2023-02-02 12:00:00,13264.31,13500.45,13527.5,13264.31,2730809.0
SDAX,DE0009653386,Deutschland,324724,EUR,2023-02-03 12:00:00,13433.78,13494.83,13503.66,13324.35,1990982.0
SDAX,DE0009653386,Deutschland,324724,EUR,2023-02-06 12:00:00,13417.09,13392.05,13430.14,13301.86,2201814.0
SDAX,DE0009653386,Deutschland,324724,EUR,2023-02-07 12:00:00,13378.79,13229.76,13379.97,13182.4,1679315.0
SDAX,DE0009653386,Deutschland,324724,EUR,2023-02-08 12:00:00,13295.06,13393.29,13488.1,13295.06,3785872.0
SDAX,DE0009653386,Deutschland,324724,EUR,2023-02-09 12:00:00,13454.23,13481.6,13573.88,13454.23,2028300.0
SDAX,DE0009653386,Deutschland,324724,EUR,2023-02-10 12:00:00,13408.79,13260.06,13422.1,13196.45,2727376.0
SDAX,DE0009653386,Deutschland,324724,EUR,2023-02-13 12:00:00,13264.7,13307.78,13331.62,13236.41,1797982.0
SDAX,DE0009653386,Deutschland,324724,EUR,2023-02-14 12:00:00,13345.78,13354.28,13484.18,13339.5,2009282.0
SDAX,DE0009653386,Deutschland,324724,EUR,2023-02-15 12:00:00,13373.81,13520.31,13524.64,13372.02,1316881.0
SDAX,DE0009653386,Deutschland,324724,EUR,2023-02-16 12:00:00,13591.98,13536.59,13613.83,13443.48,1290945.0
SDAX,DE0009653386,Deutschland,324724,EUR,2023-02-17 12:00:00,13455.6,13532.2,13563.93,13365.1,1497707.0
SDAX,DE0009653386,Deutschland,324724,EUR,2023-02-20 12:00:00,13576.66,13510.78,13583.21,13461.35,1556073.0
SDAX,DE0009653386,Deutschland,324724,EUR,2023-02-21 12:00:00,13494.95,13402.41,13519.03,13393.12,1192246.0
SDAX,DE0009653386,Deutschland,324724,EUR,2023-02-22 12:00:00,13320.39,13283.74,13326.68,13210.04,1924061.0
SDAX,DE0009653386,Deutschland,324724,EUR,2023-02-23 12:00:00,13327.22,13452.44,13520.96,13319.68,1908878.0
SDAX,DE0009653386,Deutschland,324724,EUR,2023-02-24 12:00:00,13479.55,13231.06,13483.9,13218.96,3134264.0
SDAX,DE0009653386,Deutschland,324724,EUR,2023-02-27 12:00:00,13267.57,13393.33,13430.18,13267.57,1276532.0
SDAX,DE0009653386,Deutschland,324724,EUR,2023-02-28 12:00:00,13332.3,13382.67,13425.28,13323.01,3687376.0
SDAX,DE0009653386,Deutschland,324724,EUR,2023-03-01 12:00:00,13437.98,13416.79,13535.01,13394.46,1536152.0
SDAX,DE0009653386,Deutschland,324724,EUR,2023-03-02 12:00:00,13347.96,13431.59,13433.64,13336.74,2078431.0
SDAX,DE0009653386,Deutschland,324724,EUR,2023-03-03 12:00:00,13484.58,13579.11,13579.11,13457.65,1706240.0
SDAX,DE0009653386,Deutschland,324724,EUR,2023-03-06 12:00:00,13637.96,13675.52,13680.32,13580.1,1547943.0
SDAX,DE0009653386,Deutschland,324724,EUR,2023-03-07 12:00:00,13663.42,13544.85,13724.45,13517.29,2449062.0
SDAX,DE0009653386,Deutschland,324724,EUR,2023-03-08 12:00:00,13469.91,13537.66,13557.24,13452.56,1186684.0
SDAX,DE0009653386,Deutschland,324724,EUR,2023-03-09 12:00:00,13494.05,13474.98,13528.9,13389.57,1198358.0
SDAX,DE0009653386,Deutschland,324724,EUR,2023-03-10 12:00:00,13259.3,13278.53,13319.95,13163.9,1464782.0
SDAX,DE0009653386,Deutschland,324724,EUR,2023-03-13 12:00:00,13277.66,12971.79,13285.12,12758.67,2875833.0
SDAX,DE0009653386,Deutschland,324724,EUR,2023-03-14 12:00:00,13006.17,13280.61,13322.9,12973.15,1378909.0
SDAX,DE0009653386,Deutschland,324724,EUR,2023-03-15 12:00:00,13292.01,12847.48,13292.01,12834.11,1791051.0
SDAX,DE0009653386,Deutschland,324724,EUR,2023-03-16 12:00:00,13031.5,13041.15,13065.91,12770.33,2063922.0
SDAX,DE0009653386,Deutschland,324724,EUR,2023-03-17 12:00:00,13120.99,12773.39,13174.34,12715.63,2174213.0
SDAX,DE0009653386,Deutschland,324724,EUR,2023-03-20 12:00:00,12575.33,12786.51,12845.1,12370.17,1752275.0
SDAX,DE0009653386,Deutschland,324724,EUR,2023-03-21 12:00:00,12833.35,12985.61,13065.34,12833.35,1605090.0
SDAX,DE0009653386,Deutschland,324724,EUR,2023-03-22 12:00:00,12990.37,12858.53,12990.37,12854.42,1038823.0
SDAX,DE0009653386,Deutschland,324724,EUR,2023-03-23 12:00:00,12821.41,12929.74,12952.6,12748.28,1415737.0
SDAX,DE0009653386,Deutschland,324724,EUR,2023-03-24 12:00:00,12886.08,12641.54,12886.08,12572.61,1371260.0
SDAX,DE0009653386,Deutschland,324724,EUR,2023-03-27 12:00:00,12794.6,12781.49,12855.65,12701.78,1436562.0
SDAX,DE0009653386,Deutschland,324724,EUR,2023-03-28 12:00:00,12851.3,12658.57,12863.25,12626.04,1311369.0
SDAX,DE0009653386,Deutschland,324724,EUR,2023-03-29 12:00:00,12706.95,12836.33,12839.7,12662.85,2272609.0
SDAX,DE0009653386,Deutschland,324724,EUR,2023-03-30 12:00:00,12947.29,13118.59,13121.86,12947.29,1868537.0
SDAX,DE0009653386,Deutschland,324724,EUR,2023-03-31 12:00:00,13126.21,13155.25,13180.06,13019.65,1711596.0
SDAX,DE0009653386,Deutschland,324724,EUR,2023-04-03 12:00:00,13171.1,13125.99,13199.67,13093.94,1712226.0
SDAX,DE0009653386,Deutschland,324724,EUR,2023-04-04 12:00:00,13157.95,13118.14,13264.83,13118.14,1910329.0
SDAX,DE0009653386,Deutschland,324724,EUR,2023-04-05 12:00:00,13092.82,12920.03,13129.49,12897.94,2075659.0
SDAX,DE0009653386,Deutschland,324724,EUR,2023-04-06 12:00:00,12925.56,13056.11,13057.33,12925.56,2043856.0
SDAX,DE0009653386,Deutschland,324724,EUR,2023-04-11 12:00:00,13137.74,13168.15,13189.41,13089.59,2081431.0
SDAX,DE0009653386,Deutschland,324724,EUR,2023-04-12 12:00:00,13166.72,13161.16,13280.61,13128.24,1530517.0
SDAX,DE0009653386,Deutschland,324724,EUR,2023-04-13 12:00:00,13174.92,13357.91,13359.62,13174.92,1700388.0
SDAX,DE0009653386,Deutschland,324724,EUR,2023-04-14 12:00:00,13407.14,13492.73,13546.36,13407.14,2333791.0
SDAX,DE0009653386,Deutschland,324724,EUR,2023-04-17 12:00:00,13552.21,13571.42,13688.48,13552.21,1520298.0
SDAX,DE0009653386,Deutschland,324724,EUR,2023-04-18 12:00:00,13599.7,13662.63,13712.79,13599.7,1828176.0
SDAX,DE0009653386,Deutschland,324724,EUR,2023-04-19 12:00:00,13624.02,13586.98,13624.02,13542.74,1567902.0
SDAX,DE0009653386,Deutschland,324724,EUR,2023-04-20 12:00:00,13519.29,13510.0,13546.82,13477.07,1517274.0
SDAX,DE0009653386,Deutschland,324724,EUR,2023-04-21 12:00:00,13491.35,13518.34,13523.75,13403.66,1559554.0
SDAX,DE0009653386,Deutschland,324724,EUR,2023-04-24 12:00:00,13510.31,13636.57,13731.9,13510.31,1270816.0
SDAX,DE0009653386,Deutschland,324724,EUR,2023-04-25 12:00:00,13596.75,13607.84,13627.86,13508.87,1355902.0
SDAX,DE0009653386,Deutschland,324724,EUR,2023-04-26 12:00:00,13552.85,13608.91,13621.43,13445.98,1512231.0
SDAX,DE0009653386,Deutschland,324724,EUR,2023-04-27 12:00:00,13604.77,13676.24,13695.8,13576.1,4500418.0
SDAX,DE0009653386,Deutschland,324724,EUR,2023-04-28 12:00:00,13735.04,13807.75,13828.17,13645.19,2537924.0
SDAX,DE0009653386,Deutschland,324724,EUR,2023-05-02 12:00:00,13830.38,13673.77,13880.68,13673.77,1384884.0
SDAX,DE0009653386,Deutschland,324724,EUR,2023-05-03 12:00:00,13714.19,13669.24,13730.46,13623.36,1023162.0
SDAX,DE0009653386,Deutschland,324724,EUR,2023-05-04 12:00:00,13642.55,13668.36,13693.2,13576.01,1415727.0
SDAX,DE0009653386,Deutschland,324724,EUR,2023-05-05 12:00:00,13729.65,13806.33,13806.33,13666.88,1637003.0
SDAX,DE0009653386,Deutschland,324724,EUR,2023-05-08 12:00:00,13814.65,13825.87,13828.97,13758.16,955279.0
SDAX,DE0009653386,Deutschland,324724,EUR,2023-05-09 12:00:00,13804.24,13696.66,13804.24,13655.06,1498572.0
SDAX,DE0009653386,Deutschland,324724,EUR,2023-05-10 12:00:00,13706.34,13732.82,13738.16,13649.34,1180951.0
SDAX,DE0009653386,Deutschland,324724,EUR,2023-05-11 12:00:00,13749.05,13570.8,13756.08,13554.45,1234805.0
SDAX,DE0009653386,Deutschland,324724,EUR,2023-05-12 12:00:00,13607.62,13592.23,13607.98,13517.47,982291.0
SDAX,DE0009653386,Deutschland,324724,EUR,2023-05-15 12:00:00,13638.27,13603.53,13641.6,13531.39,1081550.0
SDAX,DE0009653386,Deutschland,324724,EUR,2023-05-16 12:00:00,13580.69,13514.09,13612.91,13470.58,1262050.0
SDAX,DE0009653386,Deutschland,324724,EUR,2023-05-17 12:00:00,13479.81,13489.1,13501.88,13450.51,1039245.0
SDAX,DE0009653386,Deutschland,324724,EUR,2023-05-18 12:00:00,13576.17,13594.15,13620.65,13538.25,947323.0
SDAX,DE0009653386,Deutschland,324724,EUR,2023-05-19 12:00:00,13636.49,13653.86,13693.75,13622.54,1498530.0
SDAX,DE0009653386,Deutschland,324724,EUR,2023-05-22 12:00:00,13603.83,13620.63,13628.07,13551.92,1163982.0
SDAX,DE0009653386,Deutschland,324724,EUR,2023-05-23 12:00:00,13585.57,13596.43,13661.14,13575.6,1316181.0
SDAX,DE0009653386,Deutschland,324724,EUR,2023-05-24 12:00:00,13498.9,13281.12,13498.9,13272.67,2266196.0
SDAX,DE0009653386,Deutschland,324724,EUR,2023-05-25 12:00:00,13309.25,13210.97,13309.25,13183.11,1384095.0
SDAX,DE0009653386,Deutschland,324724,EUR,2023-05-26 12:00:00,13222.75,13345.54,13358.29,13183.95,1246142.0
SDAX,DE0009653386,Deutschland,324724,EUR,2023-05-29 12:00:00,13406.79,13327.85,13426.02,13307.95,496207.0
SDAX,DE0009653386,Deutschland,324724,EUR,2023-05-30 12:00:00,13341.05,13270.6,13399.84,13267.77,1088168.0
SDAX,DE0009653386,Deutschland,324724,EUR,2023-05-31 12:00:00,13178.37,13113.72,13224.72,13098.71,2345430.0
SDAX,DE0009653386,Deutschland,324724,EUR,2023-06-01 12:00:00,13178.63,13188.33,13204.56,13095.39,1138576.0
SDAX,DE0009653386,Deutschland,324724,EUR,2023-06-02 12:00:00,13263.97,13483.16,13488.6,13263.97,1004076.0
SDAX,DE0009653386,Deutschland,324724,EUR,2023-06-05 12:00:00,13521.25,13444.64,13549.74,13397.94,1064678.0
SDAX,DE0009653386,Deutschland,324724,EUR,2023-06-06 12:00:00,13402.77,13440.92,13449.78,13334.83,898735.0
SDAX,DE0009653386,Deutschland,324724,EUR,2023-06-07 12:00:00,13451.36,13409.99,13484.86,13409.99,1122341.0
SDAX,DE0009653386,Deutschland,324724,EUR,2023-06-08 12:00:00,13388.41,13430.28,13436.5,13363.25,1083564.0
SDAX,DE0009653386,Deutschland,324724,EUR,2023-06-09 12:00:00,13411.45,13430.79,13454.89,13375.67,992337.0
SDAX,DE0009653386,Deutschland,324724,EUR,2023-06-12 12:00:00,13451.56,13520.58,13520.58,13440.71,1650407.0
SDAX,DE0009653386,Deutschland,324724,EUR,2023-06-13 12:00:00,13587.88,13657.41,13664.91,13563.1,2072469.0
SDAX,DE0009653386,Deutschland,324724,EUR,2023-06-14 12:00:00,13676.26,13723.13,13737.15,13642.99,4027464.0
SDAX,DE0009653386,Deutschland,324724,EUR,2023-06-15 12:00:00,13709.07,13649.2,13711.68,13538.51,2835142.0
SDAX,DE0009653386,Deutschland,324724,EUR,2023-06-16 12:00:00,13659.36,13707.13,13739.9,13652.31,2983946.0
SDAX,DE0009653386,Deutschland,324724,EUR,2023-06-19 12:00:00,13667.48,13582.78,13667.48,13578.42,1424201.0
SDAX,DE0009653386,Deutschland,324724,EUR,2023-06-20 12:00:00,13517.28,13404.06,13517.28,13404.06,2016169.0
SDAX,DE0009653386,Deutschland,324724,EUR,2023-06-21 12:00:00,13377.02,13331.5,13401.13,13323.76,2121581.0
SDAX,DE0009653386,Deutschland,324724,EUR,2023-06-22 12:00:00,13243.46,13312.86,13312.86,13201.06,1609052.0
SDAX,DE0009653386,Deutschland,324724,EUR,2023-06-23 12:00:00,13258.3,13185.64,13266.2,13173.77,1223328.0
SDAX,DE0009653386,Deutschland,324724,EUR,2023-06-26 12:00:00,13218.49,13152.17,13241.78,13106.11,1356922.0
SDAX,DE0009653386,Deutschland,324724,EUR,2023-06-27 12:00:00,13180.0,13160.24,13200.78,13093.27,1149410.0
SDAX,DE0009653386,Deutschland,324724,EUR,2023-06-28 12:00:00,13201.98,13294.42,13302.72,13201.98,1313589.0
SDAX,DE0009653386,Deutschland,324724,EUR,2023-06-29 12:00:00,13299.64,13272.85,13337.7,13251.81,1451203.0
SDAX,DE0009653386,Deutschland,324724,EUR,2023-06-30 12:00:00,13292.7,13401.24,13419.43,13292.7,1859921.0
SDAX,DE0009653386,Deutschland,324724,EUR,2023-07-03 12:00:00,13462.34,13410.01,13490.63,13358.46,1132406.0
SDAX,DE0009653386,Deutschland,324724,EUR,2023-07-04 12:00:00,13432.3,13487.09,13507.09,13431.78,1127903.0
SDAX,DE0009653386,Deutschland,324724,EUR,2023-07-05 12:00:00,13389.25,13358.1,13411.49,13344.09,1254868.0
SDAX,DE0009653386,Deutschland,324724,EUR,2023-07-06 12:00:00,13296.91,13087.77,13297.05,13087.77,1669337.0
SDAX,DE0009653386,Deutschland,324724,EUR,2023-07-07 12:00:00,13092.5,13225.6,13231.88,13031.81,1104177.0
SDAX,DE0009653386,Deutschland,324724,EUR,2023-07-10 12:00:00,13183.06,13216.92,13233.49,13138.03,1167635.0
SDAX,DE0009653386,Deutschland,324724,EUR,2023-07-11 12:00:00,13251.47,13256.57,13308.85,13238.68,1023318.0
SDAX,DE0009653386,Deutschland,324724,EUR,2023-07-12 12:00:00,13292.01,13549.25,13552.58,13286.25,1066228.0
SDAX,DE0009653386,Deutschland,324724,EUR,2023-07-13 12:00:00,13556.64,13629.83,13677.97,13556.64,1178106.0
SDAX,DE0009653386,Deutschland,324724,EUR,2023-07-14 12:00:00,13613.75,13610.81,13688.27,13610.81,955515.0
SDAX,DE0009653386,Deutschland,324724,EUR,2023-07-17 12:00:00,13545.1,13499.59,13564.27,13482.06,912808.0
SDAX,DE0009653386,Deutschland,324724,EUR,2023-07-18 12:00:00,13521.8,13631.17,13641.7,13502.87,819261.0
SDAX,DE0009653386,Deutschland,324724,EUR,2023-07-19 12:00:00,13675.44,13781.41,13791.4,13675.44,841523.0
SDAX,DE0009653386,Deutschland,324724,EUR,2023-07-20 12:00:00,13747.97,13686.61,13771.64,13661.1,784487.0
SDAX,DE0009653386,Deutschland,324724,EUR,2023-07-21 12:00:00,13629.35,13682.85,13687.94,13602.82,1056833.0
SDAX,DE0009653386,Deutschland,324724,EUR,2023-07-24 12:00:00,13645.99,13695.95,13733.67,13645.99,1427846.0
SDAX,DE0009653386,Deutschland,324724,EUR,2023-07-25 12:00:00,13718.24,13718.15,13718.24,13643.99,792809.0
SDAX,DE0009653386,Deutschland,324724,EUR,2023-07-26 12:00:00,13707.52,13669.01,13722.01,13584.82,1068743.0
SDAX,DE0009653386,Deutschland,324724,EUR,2023-07-27 12:00:00,13688.62,13737.45,13815.79,13679.96,1118811.0
SDAX,DE0009653386,Deutschland,324724,EUR,2023-07-28 12:00:00,13708.64,13700.25,13716.69,13634.72,1097592.0
SDAX,DE0009653386,Deutschland,324724,EUR,2023-07-31 12:00:00,13690.88,13745.12,13773.23,13670.0,1176485.0
SDAX,DE0009653386,Deutschland,324724,EUR,2023-08-01 12:00:00,13725.29,13624.01,13725.29,13624.01,1103773.0
SDAX,DE0009653386,Deutschland,324724,EUR,2023-08-02 12:00:00,13515.93,13568.35,13636.43,13399.01,1091127.0
SDAX,DE0009653386,Deutschland,324724,EUR,2023-08-03 12:00:00,13507.83,13571.39,13600.0,13468.95,1249275.0
SDAX,DE0009653386,Deutschland,324724,EUR,2023-08-04 12:00:00,13570.78,13626.74,13631.83,13515.91,1417135.0
SDAX,DE0009653386,Deutschland,324724,EUR,2023-08-07 12:00:00,13580.29,13481.39,13647.48,13461.83,1018825.0
SDAX,DE0009653386,Deutschland,324724,EUR,2023-08-08 12:00:00,13437.66,13345.85,13483.55,13334.53,948901.0
SDAX,DE0009653386,Deutschland,324724,EUR,2023-08-09 12:00:00,13417.75,13364.98,13473.43,13357.27,859119.0
SDAX,DE0009653386,Deutschland,324724,EUR,2023-08-10 12:00:00,13396.04,13414.12,13493.17,13393.33,1523263.0
SDAX,DE0009653386,Deutschland,324724,EUR,2023-08-11 12:00:00,13383.22,13237.82,13401.78,13237.82,1288522.0
SDAX,DE0009653386,Deutschland,324724,EUR,2023-08-14 12:00:00,13203.93,13237.22,13272.96,13179.32,1915760.0
SDAX,DE0009653386,Deutschland,324724,EUR,2023-08-15 12:00:00,13267.25,13124.81,13267.25,13101.23,1218442.0
SDAX,DE0009653386,Deutschland,324724,EUR,2023-08-16 12:00:00,13076.03,13156.64,13171.94,13060.17,899114.0
SDAX,DE0009653386,Deutschland,324724,EUR,2023-08-17 12:00:00,13108.96,13010.88,13108.96,13002.0,1183787.0
SDAX,DE0009653386,Deutschland,324724,EUR,2023-08-18 12:00:00,12964.17,12975.54,13036.93,12889.43,1255055.0
SDAX,DE0009653386,Deutschland,324724,EUR,2023-08-21 12:00:00,12982.9,12928.94,13045.27,12928.94,1279585.0
SDAX,DE0009653386,Deutschland,324724,EUR,2023-08-22 12:00:00,12984.66,13049.64,13084.92,12984.66,1131119.0
SDAX,DE0009653386,Deutschland,324724,EUR,2023-08-23 12:00:00,13081.49,13101.98,13109.39,13043.74,840952.0
SDAX,DE0009653386,Deutschland,324724,EUR,2023-08-24 12:00:00,13195.93,12999.82,13261.66,12999.82,1271140.0
SDAX,DE0009653386,Deutschland,324724,EUR,2023-08-25 12:00:00,12978.83,12999.78,13077.59,12978.83,1043632.0
SDAX,DE0009653386,Deutschland,324724,EUR,2023-08-28 12:00:00,13069.94,13130.36,13141.61,13069.94,794818.0
SDAX,DE0009653386,Deutschland,324724,EUR,2023-08-29 12:00:00,13186.98,13258.52,13270.58,13167.84,1112628.0
SDAX,DE0009653386,Deutschland,324724,EUR,2023-08-30 12:00:00,13260.15,13278.44,13318.78,13227.66,891259.0
SDAX,DE0009653386,Deutschland,324724,EUR,2023-08-31 12:00:00,13287.87,13398.8,13453.88,13287.87,979711.0
SDAX,DE0009653386,Deutschland,324724,EUR,2023-09-01 12:00:00,13395.19,13324.21,13395.19,13306.02,881400.0
SDAX,DE0009653386,Deutschland,324724,EUR,2023-09-04 12:00:00,13347.4,13322.84,13410.4,13319.62,607831.0
SDAX,DE0009653386,Deutschland,324724,EUR,2023-09-05 12:00:00,13271.55,13231.82,13316.99,13231.4,780217.0
SDAX,DE0009653386,Deutschland,324724,EUR,2023-09-06 12:00:00,13207.31,13211.05,13258.5,13181.96,761450.0
SDAX,DE0009653386,Deutschland,324724,EUR,2023-09-07 12:00:00,13159.66,13083.63,13180.63,13044.31,1459826.0
SDAX,DE0009653386,Deutschland,324724,EUR,2023-09-08 12:00:00,13090.52,13080.12,13115.33,12989.54,1145233.0
SDAX,DE0009653386,Deutschland,324724,EUR,2023-09-11 12:00:00,13097.71,13153.38,13169.89,13097.71,700039.0
SDAX,DE0009653386,Deutschland,324724,EUR,2023-09-12 12:00:00,13125.02,13034.57,13142.45,13017.63,778132.0
SDAX,DE0009653386,Deutschland,324724,EUR,2023-09-13 12:00:00,12999.4,13048.43,13087.29,12994.53,893315.0
SDAX,DE0009653386,Deutschland,324724,EUR,2023-09-14 12:00:00,13067.26,13209.62,13220.76,13033.86,777998.0
SDAX,DE0009653386,Deutschland,324724,EUR,2023-09-15 12:00:00,13274.15,13106.79,13320.39,13104.25,1612722.0
SDAX,DE0009653386,Deutschland,324724,EUR,2023-09-18 12:00:00,13111.53,12968.34,13122.12,12966.59,1122174.0
SDAX,DE0009653386,Deutschland,324724,EUR,2023-09-19 12:00:00,12931.13,12998.63,13056.17,12916.41,1028223.0
SDAX,DE0009653386,Deutschland,324724,EUR,2023-09-20 12:00:00,13018.33,13178.83,13192.42,13018.33,730774.0
SDAX,DE0009653386,Deutschland,324724,EUR,2023-09-21 12:00:00,13114.16,12956.58,13114.16,12956.58,958403.0
SDAX,DE0009653386,Deutschland,324724,EUR,2023-09-22 12:00:00,12910.63,12953.28,12976.3,12894.59,793316.0
SDAX,DE0009653386,Deutschland,324724,EUR,2023-09-25 12:00:00,12913.94,12787.01,12956.11,12720.83,999827.0
SDAX,DE0009653386,Deutschland,324724,EUR,2023-09-26 12:00:00,12767.7,12569.22,12767.7,12569.22,937683.0
SDAX,DE0009653386,Deutschland,324724,EUR,2023-09-27 12:00:00,12542.13,12541.62,12622.26,12535.36,729925.0
SDAX,DE0009653386,Deutschland,324724,EUR,2023-09-28 12:00:00,12544.91,12621.93,12621.93,12511.54,757588.0
SDAX,DE0009653386,Deutschland,324724,EUR,2023-09-29 12:00:00,12738.73,12875.77,12982.25,12735.6,983491.0
SDAX,DE0009653386,Deutschland,324724,EUR,2023-10-02 12:00:00,12918.45,12780.83,12994.03,12739.52,913917.0
SDAX,DE0009653386,Deutschland,324724,EUR,2023-10-03 12:00:00,12707.11,12549.38,12721.13,12545.45,986087.0
SDAX,DE0009653386,Deutschland,324724,EUR,2023-10-04 12:00:00,12465.53,12564.25,12584.77,12400.61,1003913.0
SDAX,DE0009653386,Deutschland,324724,EUR,2023-10-05 12:00:00,12591.64,12559.0,12693.01,12551.59,978310.0
SDAX,DE0009653386,Deutschland,324724,EUR,2023-10-06 12:00:00,12579.33,12678.5,12687.42,12521.83,984789.0
SDAX,DE0009653386,Deutschland,324724,EUR,2023-10-09 12:00:00,12620.87,12588.77,12663.44,12548.73,896613.0
SDAX,DE0009653386,Deutschland,324724,EUR,2023-10-10 12:00:00,12674.66,12822.39,12832.68,12674.66,946531.0
SDAX,DE0009653386,Deutschland,324724,EUR,2023-10-11 12:00:00,12809.78,12844.0,12889.88,12805.98,1194552.0
SDAX,DE0009653386,Deutschland,324724,EUR,2023-10-12 12:00:00,12908.52,12786.34,12979.95,12782.93,910140.0
SDAX,DE0009653386,Deutschland,324724,EUR,2023-10-13 12:00:00,12771.61,12599.07,12780.65,12592.63,1216065.0
SDAX,DE0009653386,Deutschland,324724,EUR,2023-10-16 12:00:00,12622.34,12666.19,12701.63,12558.36,788994.0
SDAX,DE0009653386,Deutschland,324724,EUR,2023-10-17 12:00:00,12655.49,12728.7,12760.63,12609.45,1109665.0
SDAX,DE0009653386,Deutschland,324724,EUR,2023-10-18 12:00:00,12739.18,12635.19,12739.18,12626.06,970376.0
SDAX,DE0009653386,Deutschland,324724,EUR,2023-10-19 12:00:00,12553.01,12391.92,12587.12,12388.06,1258032.0
SDAX,DE0009653386,Deutschland,324724,EUR,2023-10-20 12:00:00,12288.92,12273.84,12367.58,12253.14,1288272.0
SDAX,DE0009653386,Deutschland,324724,EUR,2023-10-23 12:00:00,12277.27,12213.88,12306.54,12061.32,1160637.0
SDAX,DE0009653386,Deutschland,324724,EUR,2023-10-24 12:00:00,12247.03,12331.69,12389.52,12247.03,952354.0
SDAX,DE0009653386,Deutschland,324724,EUR,2023-10-25 12:00:00,12363.31,12084.52,12363.31,12062.41,933101.0
SDAX,DE0009653386,Deutschland,324724,EUR,2023-10-26 12:00:00,11989.06,12130.28,12197.64,11973.73,996225.0
SDAX,DE0009653386,Deutschland,324724,EUR,2023-10-27 12:00:00,12170.71,12131.51,12218.51,12112.93,1026088.0
SDAX,DE0009653386,Deutschland,324724,EUR,2023-10-30 12:00:00,12154.4,12075.68,12208.98,12066.43,814322.0
SDAX,DE0009653386,Deutschland,324724,EUR,2023-10-31 12:00:00,12126.43,12277.17,12290.81,12126.43,972292.0
SDAX,DE0009653386,Deutschland,324724,EUR,2023-11-01 12:00:00,12345.05,12319.31,12350.86,12204.26,799917.0
SDAX,DE0009653386,Deutschland,324724,EUR,2023-11-02 12:00:00,12422.47,12666.39,12753.85,12422.47,1423315.0
SDAX,DE0009653386,Deutschland,324724,EUR,2023-11-03 12:00:00,12748.47,12949.71,12999.56,12748.47,1047925.0
SDAX,DE0009653386,Deutschland,324724,EUR,2023-11-06 12:00:00,12994.08,12773.67,13014.1,12760.74,910603.0
SDAX,DE0009653386,Deutschland,324724,EUR,2023-11-07 12:00:00,12732.24,12731.38,12766.1,12673.68,1291362.0
SDAX,DE0009653386,Deutschland,324724,EUR,2023-11-08 12:00:00,12684.32,12728.5,12807.57,12665.18,1694836.0
SDAX,DE0009653386,Deutschland,324724,EUR,2023-11-09 12:00:00,12764.76,12948.41,12984.45,12764.76,1973192.0
SDAX,DE0009653386,Deutschland,324724,EUR,2023-11-10 12:00:00,12854.59,12767.8,12854.59,12695.54,1760983.0
SDAX,DE0009653386,Deutschland,324724,EUR,2023-11-13 12:00:00,12824.03,12824.2,12861.05,12784.84,826749.0
SDAX,DE0009653386,Deutschland,324724,EUR,2023-11-14 12:00:00,12848.04,13253.54,13253.54,12827.94,1570083.0
SDAX,DE0009653386,Deutschland,324724,EUR,2023-11-15 12:00:00,13264.22,13268.43,13402.43,13235.68,1801807.0
SDAX,DE0009653386,Deutschland,324724,EUR,2023-11-16 12:00:00,13271.54,13051.33,13273.84,13049.43,1574964.0
SDAX,DE0009653386,Deutschland,324724,EUR,2023-11-17 12:00:00,13097.77,13209.91,13272.69,13095.14,1581094.0
SDAX,DE0009653386,Deutschland,324724,EUR,2023-11-20 12:00:00,13251.33,13251.56,13267.31,13188.76,1086648.0
SDAX,DE0009653386,Deutschland,324724,EUR,2023-11-21 12:00:00,13243.7,12950.72,13257.16,12950.72,1180896.0
SDAX,DE0009653386,Deutschland,324724,EUR,2023-11-22 12:00:00,12953.49,13016.26,13041.22,12953.49,845809.0
SDAX,DE0009653386,Deutschland,324724,EUR,2023-11-23 12:00:00,13014.32,13019.54,13030.68,12962.4,586865.0
SDAX,DE0009653386,Deutschland,324724,EUR,2023-11-24 12:00:00,13036.62,13054.04,13065.07,12988.36,596827.0
SDAX,DE0009653386,Deutschland,324724,EUR,2023-11-27 12:00:00,13044.82,13028.81,13088.06,13005.64,888588.0
SDAX,DE0009653386,Deutschland,324724,EUR,2023-11-28 12:00:00,13007.28,13032.8,13032.8,12902.71,894829.0
SDAX,DE0009653386,Deutschland,324724,EUR,2023-11-29 12:00:00,13038.34,13229.26,13252.64,13038.34,1148249.0
SDAX,DE0009653386,Deutschland,324724,EUR,2023-11-30 12:00:00,13220.97,13084.74,13240.52,13061.71,2414264.0
SDAX,DE0009653386,Deutschland,324724,EUR,2023-12-01 12:00:00,13128.7,13189.87,13189.87,13042.12,1063036.0
SDAX,DE0009653386,Deutschland,324724,EUR,2023-12-04 12:00:00,13220.64,13071.43,13296.69,13050.52,1624650.0
SDAX,DE0009653386,Deutschland,324724,EUR,2023-12-05 12:00:00,13062.41,13210.85,13233.52,13052.75,966823.0
SDAX,DE0009653386,Deutschland,324724,EUR,2023-12-06 12:00:00,13225.1,13254.58,13281.11,13161.11,1173945.0
SDAX,DE0009653386,Deutschland,324724,EUR,2023-12-07 12:00:00,13182.45,13106.36,13182.45,13048.34,1081313.0
SDAX,DE0009653386,Deutschland,324724,EUR,2023-12-08 12:00:00,13094.04,13167.41,13198.69,13094.04,1328286.0
SDAX,DE0009653386,Deutschland,324724,EUR,2023-12-11 12:00:00,13175.46,13249.79,13255.87,13138.0,978752.0
SDAX,DE0009653386,Deutschland,324724,EUR,2023-12-12 12:00:00,13259.35,13145.34,13259.35,13103.63,1070580.0
SDAX,DE0009653386,Deutschland,324724,EUR,2023-12-13 12:00:00,13140.79,13074.39,13194.99,13074.39,1124337.0
SDAX,DE0009653386,Deutschland,324724,EUR,2023-12-14 12:00:00,13300.77,13534.53,13578.95,13300.77,2187043.0
SDAX,DE0009653386,Deutschland,324724,EUR,2023-12-15 12:00:00,13599.05,13617.48,13728.41,13568.36,2556722.0
SDAX,DE0009653386,Deutschland,324724,EUR,2023-12-18 12:00:00,13541.31,13576.47,13583.42,13513.75,1376828.0
SDAX,DE0009653386,Deutschland,324724,EUR,2023-12-19 12:00:00,13563.95,13732.09,13742.4,13563.95,1272628.0
SDAX,DE0009653386,Deutschland,324724,EUR,2023-12-20 12:00:00,13769.33,13855.3,13855.3,13728.53,1419328.0
SDAX,DE0009653386,Deutschland,324724,EUR,2023-12-21 12:00:00,13748.79,13761.87,13779.57,13662.22,1332080.0
SDAX,DE0009653386,Deutschland,324724,EUR,2023-12-22 12:00:00,13755.93,13799.64,13805.83,13708.08,1128923.0
SDAX,DE0009653386,Deutschland,324724,EUR,2023-12-27 12:00:00,13842.38,13934.58,13934.58,13842.25,1849696.0
SDAX,DE0009653386,Deutschland,324724,EUR,2023-12-28 12:00:00,13972.0,13927.88,13983.52,13885.01,1691855.0
SDAX,DE0009653386,Deutschland,324724,EUR,2023-12-29 12:00:00,13931.14,13960.36,13972.27,13915.04,850715.0
SDAX,DE0009653386,Deutschland,324724,EUR,2024-01-02 12:00:00,14025.2,13821.19,14067.87,13781.91,1864912.0
SDAX,DE0009653386,Deutschland,324724,EUR,2024-01-03 12:00:00,13814.47,13440.68,13814.47,13431.42,1734305.0
SDAX,DE0009653386,Deutschland,324724,EUR,2024-01-04 12:00:00,13435.47,13573.38,13573.38,13432.31,1364068.0
SDAX,DE0009653386,Deutschland,324724,EUR,2024-01-05 12:00:00,13529.13,13534.06,13568.67,13380.57,1243255.0
SDAX,DE0009653386,Deutschland,324724,EUR,2024-01-08 12:00:00,13540.34,13697.12,13697.12,13411.0,933931.0
SDAX,DE0009653386,Deutschland,324724,EUR,2024-01-09 12:00:00,13737.89,13678.94,13740.38,13638.74,800983.0
SDAX,DE0009653386,Deutschland,324724,EUR,2024-01-10 12:00:00,13682.16,13596.33,13685.7,13583.06,742254.0
SDAX,DE0009653386,Deutschland,324724,EUR,2024-01-11 12:00:00,13612.3,13395.48,13654.29,13395.48,1019500.0
SDAX,DE0009653386,Deutschland,324724,EUR,2024-01-12 12:00:00,13471.06,13558.57,13623.41,13471.06,891804.0
SDAX,DE0009653386,Deutschland,324724,EUR,2024-01-15 12:00:00,13567.16,13484.49,13592.08,13466.38,920965.0
SDAX,DE0009653386,Deutschland,324724,EUR,2024-01-16 12:00:00,13435.6,13446.16,13472.56,13366.11,856036.0
SDAX,DE0009653386,Deutschland,324724,EUR,2024-01-17 12:00:00,13285.08,13345.53,13354.15,13230.25,1207739.0
SDAX,DE0009653386,Deutschland,324724,EUR,2024-01-18 12:00:00,13377.31,13405.08,13445.58,13330.89,1074060.0
SDAX,DE0009653386,Deutschland,324724,EUR,2024-01-19 12:00:00,13447.88,13345.59,13476.38,13305.52,1422890.0
SDAX,DE0009653386,Deutschland,324724,EUR,2024-01-22 12:00:00,13384.63,13518.34,13544.14,13384.63,2484144.0
SDAX,DE0009653386,Deutschland,324724,EUR,2024-01-23 12:00:00,13566.9,13590.26,13653.32,13520.21,1377868.0
SDAX,DE0009653386,Deutschland,324724,EUR,2024-01-24 12:00:00,13705.36,13750.74,13781.34,13680.42,1456617.0
SDAX,DE0009653386,Deutschland,324724,EUR,2024-01-25 12:00:00,13734.13,13711.51,13740.26,13621.92,988991.0
SDAX,DE0009653386,Deutschland,324724,EUR,2024-01-26 12:00:00,13704.4,13782.56,13792.2,13638.96,1374585.0
SDAX,DE0009653386,Deutschland,324724,EUR,2024-01-29 12:00:00,13759.72,13761.1,13778.21,13649.89,1241938.0
SDAX,DE0009653386,Deutschland,324724,EUR,2024-01-30 12:00:00,13799.92,13797.35,13822.58,13755.29,1061384.0
SDAX,DE0009653386,Deutschland,324724,EUR,2024-01-31 12:00:00,13790.45,13836.06,13881.18,13780.59,1464437.0
SDAX,DE0009653386,Deutschland,324724,EUR,2024-02-01 12:00:00,13805.09,13754.1,13863.19,13750.65,1290659.0
SDAX,DE0009653386,Deutschland,324724,EUR,2024-02-02 12:00:00,13831.35,13707.69,13909.86,13703.09,1275609.0
SDAX,DE0009653386,Deutschland,324724,EUR,2024-02-05 12:00:00,13728.43,13796.32,13822.05,13636.33,1789116.0
SDAX,DE0009653386,Deutschland,324724,EUR,2024-02-06 12:00:00,13801.39,13948.47,13966.37,13799.11,1361347.0
SDAX,DE0009653386,Deutschland,324724,EUR,2024-02-07 12:00:00,13985.46,13697.83,13990.46,13697.83,3143916.0
SDAX,DE0009653386,Deutschland,324724,EUR,2024-02-08 12:00:00,13741.13,13825.47,13848.46,13741.13,2509379.0
SDAX,DE0009653386,Deutschland,324724,EUR,2024-02-09 12:00:00,13852.92,13701.98,13852.92,13701.78,1341495.0
SDAX,DE0009653386,Deutschland,324724,EUR,2024-02-12 12:00:00,13733.86,13884.11,13884.11,13729.56,1272187.0
SDAX,DE0009653386,Deutschland,324724,EUR,2024-02-13 12:00:00,13863.21,13707.95,13863.35,13631.83,2236920.0
SDAX,DE0009653386,Deutschland,324724,EUR,2024-02-14 12:00:00,13669.76,13836.16,13859.16,13669.76,1468385.0
SDAX,DE0009653386,Deutschland,324724,EUR,2024-02-15 12:00:00,13917.34,13827.66,13931.03,13809.14,1273874.0
SDAX,DE0009653386,Deutschland,324724,EUR,2024-02-16 12:00:00,13868.71,13882.84,13969.59,13849.43,890746.0
SDAX,DE0009653386,Deutschland,324724,EUR,2024-02-19 12:00:00,13852.75,13813.37,13852.75,13766.55,800044.0
SDAX,DE0009653386,Deutschland,324724,EUR,2024-02-20 12:00:00,13760.84,13720.17,13778.02,13697.15,992027.0
SDAX,DE0009653386,Deutschland,324724,EUR,2024-02-21 12:00:00,13714.19,13725.51,13758.21,13689.68,942468.0
SDAX,DE0009653386,Deutschland,324724,EUR,2024-02-22 12:00:00,13808.47,13824.76,13892.18,13782.6,1606726.0
SDAX,DE0009653386,Deutschland,324724,EUR,2024-02-23 12:00:00,13837.45,13765.66,13843.97,13722.12,813007.0
SDAX,DE0009653386,Deutschland,324724,EUR,2024-02-26 12:00:00,13752.12,13740.61,13760.7,13702.49,1096929.0
SDAX,DE0009653386,Deutschland,324724,EUR,2024-02-27 12:00:00,13757.14,13884.12,13892.82,13730.78,1203347.0
SDAX,DE0009653386,Deutschland,324724,EUR,2024-02-28 12:00:00,13901.9,13768.71,13901.9,13713.38,1158789.0
SDAX,DE0009653386,Deutschland,324724,EUR,2024-02-29 12:00:00,13768.45,13772.39,13841.21,13759.83,2413014.0
SDAX,DE0009653386,Deutschland,324724,EUR,2024-03-01 12:00:00,13832.59,13857.04,13865.27,13754.94,1277554.0
SDAX,DE0009653386,Deutschland,324724,EUR,2024-03-04 12:00:00,13877.86,13785.13,13919.26,13754.98,1057854.0
SDAX,DE0009653386,Deutschland,324724,EUR,2024-03-05 12:00:00,13726.41,13713.39,13773.64,13692.99,981044.0
SDAX,DE0009653386,Deutschland,324724,EUR,2024-03-06 12:00:00,13711.61,13866.81,13880.44,13711.61,1952273.0
SDAX,DE0009653386,Deutschland,324724,EUR,2024-03-07 12:00:00,13842.76,13957.68,13985.22,13769.55,1729260.0
SDAX,DE0009653386,Deutschland,324724,EUR,2024-03-08 12:00:00,13954.25,13873.11,13954.25,13873.11,1769081.0
SDAX,DE0009653386,Deutschland,324724,EUR,2024-03-11 12:00:00,13809.72,13824.97,13827.66,13757.33,1511671.0
SDAX,DE0009653386,Deutschland,324724,EUR,2024-03-12 12:00:00,13856.66,13999.95,14017.98,13856.43,1184158.0
SDAX,DE0009653386,Deutschland,324724,EUR,2024-03-13 12:00:00,14032.7,14002.95,14053.92,13999.76,890061.0
SDAX,DE0009653386,Deutschland,324724,EUR,2024-03-14 12:00:00,13998.9,13914.07,14045.2,13914.07,1331848.0
SDAX,DE0009653386,Deutschland,324724,EUR,2024-03-15 12:00:00,13918.41,13906.54,13975.3,13906.54,2180034.0
SDAX,DE0009653386,Deutschland,324724,EUR,2024-03-18 12:00:00,13960.9,13881.21,13988.31,13878.29,1588516.0
SDAX,DE0009653386,Deutschland,324724,EUR,2024-03-19 12:00:00,13851.79,13856.77,13905.82,13804.8,4880197.0
SDAX,DE0009653386,Deutschland,324724,EUR,2024-03-20 12:00:00,13824.06,13858.59,13892.53,13770.43,2789300.0
SDAX,DE0009653386,Deutschland,324724,EUR,2024-03-21 12:00:00,13932.89,13987.48,14002.79,13911.59,1537660.0
SDAX,DE0009653386,Deutschland,324724,EUR,2024-03-22 12:00:00,13968.67,13984.98,14054.41,13959.5,1224678.0
SDAX,DE0009653386,Deutschland,324724,EUR,2024-03-25 12:00:00,13986.85,14092.59,14104.69,13986.63,1454605.0
SDAX,DE0009653386,Deutschland,324724,EUR,2024-03-26 12:00:00,14129.76,14250.02,14251.62,14129.76,1744383.0
SDAX,DE0009653386,Deutschland,324724,EUR,2024-03-27 12:00:00,14243.23,14410.13,14411.22,14243.23,1582873.0
SDAX,DE0009653386,Deutschland,324724,EUR,2024-03-28 12:00:00,14431.94,14294.62,14441.67,14243.99,2010993.0
SDAX,DE0009653386,Deutschland,324724,EUR,2024-04-02 12:00:00,14307.03,14154.96,14416.09,14154.95,2016514.0
SDAX,DE0009653386,Deutschland,324724,EUR,2024-04-03 12:00:00,14168.62,14284.66,14284.66,14061.69,1387574.0
SDAX,DE0009653386,Deutschland,324724,EUR,2024-04-04 12:00:00,14284.3,14431.8,14436.9,14284.3,1388896.0
SDAX,DE0009653386,Deutschland,324724,EUR,2024-04-05 12:00:00,14331.73,14305.69,14332.0,14216.86,1623735.0
SDAX,DE0009653386,Deutschland,324724,EUR,2024-04-08 12:00:00,14327.96,14499.23,14507.83,14305.0,1437051.0
SDAX,DE0009653386,Deutschland,324724,EUR,2024-04-09 12:00:00,14475.28,14459.58,14551.54,14434.47,1389635.0
SDAX,DE0009653386,Deutschland,324724,EUR,2024-04-10 12:00:00,14496.19,14517.99,14633.85,14433.4,1724372.0
SDAX,DE0009653386,Deutschland,324724,EUR,2024-04-11 12:00:00,14516.34,14501.48,14575.8,14436.13,1379930.0
SDAX,DE0009653386,Deutschland,324724,EUR,2024-04-12 12:00:00,14567.89,14348.47,14638.48,14338.51,1360678.0
SDAX,DE0009653386,Deutschland,324724,EUR,2024-04-15 12:00:00,14314.66,14258.08,14404.83,14239.97,1562708.0
SDAX,DE0009653386,Deutschland,324724,EUR,2024-04-16 12:00:00,14146.42,14009.29,14149.69,13971.54,3037604.0
SDAX,DE0009653386,Deutschland,324724,EUR,2024-04-17 12:00:00,13960.23,13998.35,14093.01,13960.23,1134373.0
SDAX,DE0009653386,Deutschland,324724,EUR,2024-04-18 12:00:00,14015.55,14032.37,14042.6,13908.24,1260777.0
SDAX,DE0009653386,Deutschland,324724,EUR,2024-04-19 12:00:00,13963.51,13932.74,13963.51,13856.66,1379338.0
SDAX,DE0009653386,Deutschland,324724,EUR,2024-04-22 12:00:00,13981.87,14053.25,14103.98,13981.87,1311889.0
SDAX,DE0009653386,Deutschland,324724,EUR,2024-04-23 12:00:00,14126.38,14259.71,14261.01,14119.4,914684.0
SDAX,DE0009653386,Deutschland,324724,EUR,2024-04-24 12:00:00,14287.97,14207.63,14311.64,14204.57,1175702.0
SDAX,DE0009653386,Deutschland,324724,EUR,2024-04-25 12:00:00,14188.53,13995.77,14188.53,13984.95,2491370.0
SDAX,DE0009653386,Deutschland,324724,EUR,2024-04-26 12:00:00,14063.42,14256.34,14304.03,14063.42,1955137.0
SDAX,DE0009653386,Deutschland,324724,EUR,2024-04-29 12:00:00,14305.01,14464.08,14464.08,14287.68,2162665.0
SDAX,DE0009653386,Deutschland,324724,EUR,2024-04-30 12:00:00,14474.37,14297.43,14487.24,14297.43,1640218.0
SDAX,DE0009653386,Deutschland,324724,EUR,2024-05-02 12:00:00,14311.59,14368.12,14377.22,14297.55,1259475.0
SDAX,DE0009653386,Deutschland,324724,EUR,2024-05-03 12:00:00,14393.74,14431.24,14530.94,14368.86,1595378.0
SDAX,DE0009653386,Deutschland,324724,EUR,2024-05-06 12:00:00,14450.75,14522.58,14537.12,14435.56,1235018.0
SDAX,DE0009653386,Deutschland,324724,EUR,2024-05-07 12:00:00,14596.3,14772.72,14773.3,14591.07,1352411.0
SDAX,DE0009653386,Deutschland,324724,EUR,2024-05-08 12:00:00,14759.17,14744.34,14785.29,14647.68,1634062.0
SDAX,DE0009653386,Deutschland,324724,EUR,2024-05-09 12:00:00,14745.01,14781.83,14808.29,14745.01,1184145.0
SDAX,DE0009653386,Deutschland,324724,EUR,2024-05-10 12:00:00,14805.74,14837.44,14900.9,14805.74,1677561.0
SDAX,DE0009653386,Deutschland,324724,EUR,2024-05-13 12:00:00,14865.78,14895.83,14900.19,14826.21,1067823.0
SDAX,DE0009653386,Deutschland,324724,EUR,2024-05-14 12:00:00,14894.54,15084.72,15093.1,14879.62,1308625.0
SDAX,DE0009653386,Deutschland,324724,EUR,2024-05-15 12:00:00,15121.46,15132.59,15204.5,15053.06,2587246.0
SDAX,DE0009653386,Deutschland,324724,EUR,2024-05-16 12:00:00,15150.8,15167.3,15227.87,15150.8,3461743.0
SDAX,DE0009653386,Deutschland,324724,EUR,2024-05-17 12:00:00,15133.36,15162.82,15174.98,15070.09,3731536.0
SDAX,DE0009653386,Deutschland,324724,EUR,2024-05-20 12:00:00,15170.98,15197.37,15232.95,15170.98,1635339.0
SDAX,DE0009653386,Deutschland,324724,EUR,2024-05-21 12:00:00,15190.54,15134.41,15196.83,15082.09,1905300.0
SDAX,DE0009653386,Deutschland,324724,EUR,2024-05-22 12:00:00,15111.55,15131.79,15150.75,15089.15,1136994.0
SDAX,DE0009653386,Deutschland,324724,EUR,2024-05-23 12:00:00,15146.1,15102.29,15205.99,15086.75,1701961.0
SDAX,DE0009653386,Deutschland,324724,EUR,2024-05-24 12:00:00,15000.5,15168.44,15185.69,14993.36,1222980.0
SDAX,DE0009653386,Deutschland,324724,EUR,2024-05-27 12:00:00,15181.98,15237.55,15238.48,15168.9,1601778.0
SDAX,DE0009653386,Deutschland,324724,EUR,2024-05-28 12:00:00,15273.67,15149.5,15337.24,15149.5,5903307.0
SDAX,DE0009653386,Deutschland,324724,EUR,2024-05-29 12:00:00,15128.46,14885.92,15161.64,14885.92,6232439.0
SDAX,DE0009653386,Deutschland,324724,EUR,2024-05-30 12:00:00,14839.0,15088.63,15088.63,14839.0,5995103.0
SDAX,DE0009653386,Deutschland,324724,EUR,2024-05-31 12:00:00,15080.31,15123.12,15127.95,14997.51,19585236.0
SDAX,DE0009653386,Deutschland,324724,EUR,2024-06-03 12:00:00,15190.71,15189.54,15259.54,15138.47,8129850.0
SDAX,DE0009653386,Deutschland,324724,EUR,2024-06-04 12:00:00,15182.77,15153.5,15204.37,15077.1,9375452.0
SDAX,DE0009653386,Deutschland,324724,EUR,2024-06-05 12:00:00,15171.19,15243.14,15246.4,15171.19,6714558.0
SDAX,DE0009653386,Deutschland,324724,EUR,2024-06-06 12:00:00,15274.19,15155.88,15333.13,15151.47,7268724.0
SDAX,DE0009653386,Deutschland,324724,EUR,2024-06-07 12:00:00,15168.83,15038.61,15168.83,14994.07,7343832.0
SDAX,DE0009653386,Deutschland,324724,EUR,2024-06-10 12:00:00,14987.67,15029.25,15029.25,14935.74,6018597.0
SDAX,DE0009653386,Deutschland,324724,EUR,2024-06-11 12:00:00,15054.36,14839.12,15068.62,14839.12,7493143.0
SDAX,DE0009653386,Deutschland,324724,EUR,2024-06-12 12:00:00,14869.29,15049.17,15055.37,14830.84,7300405.0
SDAX,DE0009653386,Deutschland,324724,EUR,2024-06-13 12:00:00,15031.77,14623.29,15031.77,14623.29,9122742.0
SDAX,DE0009653386,Deutschland,324724,EUR,2024-06-14 12:00:00,14623.0,14367.06,14634.07,14306.69,9276123.0
SDAX,DE0009653386,Deutschland,324724,EUR,2024-06-17 12:00:00,14406.89,14472.36,14525.86,14346.27,5910951.0
SDAX,DE0009653386,Deutschland,324724,EUR,2024-06-18 12:00:00,14521.34,14538.77,14585.95,14499.62,5383185.0
SDAX,DE0009653386,Deutschland,324724,EUR,2024-06-19 12:00:00,14555.48,14399.34,14557.31,14399.34,5978253.0
SDAX,DE0009653386,Deutschland,324724,EUR,2024-06-20 12:00:00,14428.51,14599.56,14618.8,14428.51,5578627.0
SDAX,DE0009653386,Deutschland,324724,EUR,2024-06-21 12:00:00,14590.12,14473.71,14612.82,14438.32,11637405.0
SDAX,DE0009653386,Deutschland,324724,EUR,2024-06-24 12:00:00,14505.14,14550.31,14587.4,14459.01,7682043.0
SDAX,DE0009653386,Deutschland,324724,EUR,2024-06-25 12:00:00,14512.74,14414.06,14512.74,14351.49,6795123.0
SDAX,DE0009653386,Deutschland,324724,EUR,2024-06-26 12:00:00,14453.36,14297.39,14525.33,14274.65,5323277.0
SDAX,DE0009653386,Deutschland,324724,EUR,2024-06-27 12:00:00,14294.12,14351.42,14404.25,14290.09,5418856.0
SDAX,DE0009653386,Deutschland,324724,EUR,2024-06-28 12:00:00,14377.02,14317.55,14419.12,14305.63,5557407.0
SDAX,DE0009653386,Deutschland,324724,EUR,2024-07-01 12:00:00,14409.24,14421.45,14542.32,14409.24,4943205.0
SDAX,DE0009653386,Deutschland,324724,EUR,2024-07-02 12:00:00,14415.0,14353.68,14429.52,14300.02,6259749.0
SDAX,DE0009653386,Deutschland,324724,EUR,2024-07-03 12:00:00,14396.51,14484.83,14500.06,14388.36,8801534.0
SDAX,DE0009653386,Deutschland,324724,EUR,2024-07-04 12:00:00,14534.95,14574.35,14574.35,14520.74,4981744.0
SDAX,DE0009653386,Deutschland,324724,EUR,2024-07-05 12:00:00,14608.26,14632.77,14688.47,14564.54,6543770.0
SDAX,DE0009653386,Deutschland,324724,EUR,2024-07-08 12:00:00,14629.52,14622.79,14729.15,14598.98,5713409.0
SDAX,DE0009653386,Deutschland,324724,EUR,2024-07-09 12:00:00,14606.65,14323.64,14616.68,14323.64,8596614.0
SDAX,DE0009653386,Deutschland,324724,EUR,2024-07-10 12:00:00,14369.95,14437.87,14443.95,14352.43,6871125.0
SDAX,DE0009653386,Deutschland,324724,EUR,2024-07-11 12:00:00,14478.54,14667.82,14676.91,14470.1,8795171.0
SDAX,DE0009653386,Deutschland,324724,EUR,2024-07-12 12:00:00,14686.62,14684.96,14714.05,14594.59,6244181.0
SDAX,DE0009653386,Deutschland,324724,EUR,2024-07-15 12:00:00,14673.61,14570.66,14685.72,14535.25,5097205.0
SDAX,DE0009653386,Deutschland,324724,EUR,2024-07-16 12:00:00,14533.86,14624.38,14634.21,14502.39,5905807.0
SDAX,DE0009653386,Deutschland,324724,EUR,2024-07-17 12:00:00,14587.59,14506.73,14627.87,14497.13,5953000.0
SDAX,DE0009653386,Deutschland,324724,EUR,2024-07-18 12:00:00,14526.96,14505.0,14607.84,14462.14,5186884.0
SDAX,DE0009653386,Deutschland,324724,EUR,2024-07-19 12:00:00,14491.94,14357.57,14500.11,14357.57,5311683.0
SDAX,DE0009653386,Deutschland,324724,EUR,2024-07-22 12:00:00,14031.72,14510.58,14577.27,14031.72,7399247.0
SDAX,DE0009653386,Deutschland,324724,EUR,2024-07-23 12:00:00,14544.81,14290.7,14549.95,14245.87,7829499.0
SDAX,DE0009653386,Deutschland,324724,EUR,2024-07-24 12:00:00,14253.73,14163.36,14319.38,14162.16,6846051.0
SDAX,DE0009653386,Deutschland,324724,EUR,2024-07-25 12:00:00,14057.69,14032.26,14057.69,13839.09,10359891.0
SDAX,DE0009653386,Deutschland,324724,EUR,2024-07-26 12:00:00,14040.14,14134.04,14171.92,14003.31,6647733.0
SDAX,DE0009653386,Deutschland,324724,EUR,2024-07-29 12:00:00,14182.59,14122.11,14214.96,14107.16,6247840.0
SDAX,DE0009653386,Deutschland,324724,EUR,2024-07-30 12:00:00,14130.13,14247.14,14281.38,14130.13,4050544.0
SDAX,DE0009653386,Deutschland,324724,EUR,2024-07-31 12:00:00,14288.54,14286.47,14392.65,14282.59,5711183.0
SDAX,DE0009653386,Deutschland,324724,EUR,2024-08-01 12:00:00,14292.42,14055.48,14335.48,14045.66,6932662.0
SDAX,DE0009653386,Deutschland,324724,EUR,2024-08-02 12:00:00,13897.67,13707.32,13897.67,13673.69,8237553.0
SDAX,DE0009653386,Deutschland,324724,EUR,2024-08-05 12:00:00,13580.13,13348.21,13580.13,12940.72,13362552.0
SDAX,DE0009653386,Deutschland,324724,EUR,2024-08-06 12:00:00,13383.45,13415.63,13526.33,13267.04,6802201.0
SDAX,DE0009653386,Deutschland,324724,EUR,2024-08-07 12:00:00,13470.36,13615.09,13655.74,13470.36,6708195.0
SDAX,DE0009653386,Deutschland,324724,EUR,2024-08-08 12:00:00,13577.76,13550.98,13586.74,13397.18,5580777.0
SDAX,DE0009653386,Deutschland,324724,EUR,2024-08-09 12:00:00,13549.23,13624.65,13750.94,13549.19,6013036.0
SDAX,DE0009653386,Deutschland,324724,EUR,2024-08-12 12:00:00,13647.21,13627.88,13719.37,13619.47,5938316.0
SDAX,DE0009653386,Deutschland,324724,EUR,2024-08-13 12:00:00,13648.74,13647.64,13657.51,13509.97,8156157.0
SDAX,DE0009653386,Deutschland,324724,EUR,2024-08-14 12:00:00,13694.45,13616.75,13723.05,13589.86,6968708.0
SDAX,DE0009653386,Deutschland,324724,EUR,2024-08-15 12:00:00,13669.96,13845.77,13855.57,13644.68,6332939.0
SDAX,DE0009653386,Deutschland,324724,EUR,2024-08-16 12:00:00,13894.82,13869.54,13941.43,13801.74,5933737.0
SDAX,DE0009653386,Deutschland,324724,EUR,2024-08-19 12:00:00,13863.91,13941.39,13961.93,13860.78,11025993.0
SDAX,DE0009653386,Deutschland,324724,EUR,2024-08-20 12:00:00,13979.02,13796.57,13988.94,13796.57,7000308.0
SDAX,DE0009653386,Deutschland,324724,EUR,2024-08-21 12:00:00,13787.59,13924.92,13937.72,13777.42,4373479.0
SDAX,DE0009653386,Deutschland,324724,EUR,2024-08-22 12:00:00,13920.42,13855.75,13973.71,13855.75,4063796.0
SDAX,DE0009653386,Deutschland,324724,EUR,2024-08-23 12:00:00,13894.98,13947.57,13960.38,13840.21,3917408.0
SDAX,DE0009653386,Deutschland,324724,EUR,2024-08-26 12:00:00,13917.91,13948.94,13998.49,13891.98,3636417.0
SDAX,DE0009653386,Deutschland,324724,EUR,2024-08-27 12:00:00,13953.0,13916.64,13988.56,13902.24,4407729.0
SDAX,DE0009653386,Deutschland,324724,EUR,2024-08-28 12:00:00,13934.38,13894.84,13955.07,13884.23,4437750.0
SDAX,DE0009653386,Deutschland,324724,EUR,2024-08-29 12:00:00,13876.77,14014.98,14043.97,13876.62,4615862.0
SDAX,DE0009653386,Deutschland,324724,EUR,2024-08-30 12:00:00,14011.24,14058.7,14114.24,13999.12,7219459.0
SDAX,DE0009653386,Deutschland,324724,EUR,2024-09-02 12:00:00,14083.65,13964.66,14083.65,13887.97,3727803.0
SDAX,DE0009653386,Deutschland,324724,EUR,2024-09-03 12:00:00,13959.93,13681.02,13986.49,13660.73,4875326.0
SDAX,DE0009653386,Deutschland,324724,EUR,2024-09-04 12:00:00,13505.69,13619.33,13656.18,13505.52,4852242.0
SDAX,DE0009653386,Deutschland,324724,EUR,2024-09-05 12:00:00,13590.81,13640.42,13751.17,13590.81,5678109.0
SDAX,DE0009653386,Deutschland,324724,EUR,2024-09-06 12:00:00,13637.77,13341.04,13640.82,13341.04,6866616.0
SDAX,DE0009653386,Deutschland,324724,EUR,2024-09-09 12:00:00,13372.98,13371.94,13426.61,13351.53,4828775.0
SDAX,DE0009653386,Deutschland,324724,EUR,2024-09-10 12:00:00,13397.5,13328.89,13450.19,13283.45,5463103.0
SDAX,DE0009653386,Deutschland,324724,EUR,2024-09-11 12:00:00,13369.67,13248.47,13445.39,13227.88,4524724.0
SDAX,DE0009653386,Deutschland,324724,EUR,2024-09-12 12:00:00,13420.44,13317.13,13446.63,13273.54,4839199.0
SDAX,DE0009653386,Deutschland,324724,EUR,2024-09-13 12:00:00,13347.23,13540.43,13565.61,13347.23,4213129.0
SDAX,DE0009653386,Deutschland,324724,EUR,2024-09-16 12:00:00,13531.45,13462.97,13556.81,13454.49,4707377.0
SDAX,DE0009653386,Deutschland,324724,EUR,2024-09-17 12:00:00,13517.27,13579.16,13651.25,13509.66,5542573.0
SDAX,DE0009653386,Deutschland,324724,EUR,2024-09-18 12:00:00,13596.13,13601.98,13619.72,13548.9,4959887.0
SDAX,DE0009653386,Deutschland,324724,EUR,2024-09-19 12:00:00,13803.98,13930.12,13961.94,13803.98,6727963.0
SDAX,DE0009653386,Deutschland,324724,EUR,2024-09-20 12:00:00,13918.19,13671.02,13918.19,13671.02,13872470.0
SDAX,DE0009653386,Deutschland,324724,EUR,2024-09-23 12:00:00,13690.69,13666.78,13723.09,13597.4,4484344.0
SDAX,DE0009653386,Deutschland,324724,EUR,2024-09-24 12:00:00,13720.46,13714.87,13781.63,13681.31,5480342.0
SDAX,DE0009653386,Deutschland,324724,EUR,2024-09-25 12:00:00,13694.69,13683.27,13768.66,13681.36,4034964.0
SDAX,DE0009653386,Deutschland,324724,EUR,2024-09-26 12:00:00,13858.05,14058.31,14097.28,13858.05,9691935.0
SDAX,DE0009653386,Deutschland,324724,EUR,2024-09-27 12:00:00,14074.07,14210.36,14214.01,14071.48,7055998.0
SDAX,DE0009653386,Deutschland,324724,EUR,2024-09-30 12:00:00,14218.33,14161.67,14238.23,14075.15,7046512.0
SDAX,DE0009653386,Deutschland,324724,EUR,2024-10-01 12:00:00,14226.95,14111.98,14284.34,14087.29,6077518.0
SDAX,DE0009653386,Deutschland,324724,EUR,2024-10-02 12:00:00,14098.9,14098.54,14135.42,14030.19,4589082.0
SDAX,DE0009653386,Deutschland,324724,EUR,2024-10-03 12:00:00,14076.98,13981.4,14100.86,13939.54,6762746.0
SDAX,DE0009653386,Deutschland,324724,EUR,2024-10-04 12:00:00,13980.04,14134.82,14161.07,13976.02,5190245.0
SDAX,DE0009653386,Deutschland,324724,EUR,2024-10-07 12:00:00,14182.54,14128.88,14192.89,14029.35,5162514.0
SDAX,DE0009653386,Deutschland,324724,EUR,2024-10-08 12:00:00,14074.77,14010.34,14084.05,14000.45,6058154.0
SDAX,DE0009653386,Deutschland,324724,EUR,2024-10-09 12:00:00,14002.29,14084.48,14088.69,14002.29,8881063.0
SDAX,DE0009653386,Deutschland,324724,EUR,2024-10-10 12:00:00,14084.33,13966.02,14107.11,13946.22,12632879.0
SDAX,DE0009653386,Deutschland,324724,EUR,2024-10-11 12:00:00,13964.81,13988.32,14005.32,13953.41,12268365.0
SDAX,DE0009653386,Deutschland,324724,EUR,2024-10-14 12:00:00,13988.95,13921.9,14024.14,13912.56,8825873.0
SDAX,DE0009653386,Deutschland,324724,EUR,2024-10-15 12:00:00,13944.46,13838.9,13948.49,13763.53,8971596.0
SDAX,DE0009653386,Deutschland,324724,EUR,2024-10-16 12:00:00,13804.07,13914.32,13932.43,13756.43,5663862.0
SDAX,DE0009653386,Deutschland,324724,EUR,2024-10-17 12:00:00,13942.04,13952.97,14018.14,13932.79,5121621.0
SDAX,DE0009653386,Deutschland,324724,EUR,2024-10-18 12:00:00,13968.89,14013.35,14060.92,13940.56,6506029.0
SDAX,DE0009653386,Deutschland,324724,EUR,2024-10-21 12:00:00,14004.41,13882.08,14098.53,13882.08,4966737.0
SDAX,DE0009653386,Deutschland,324724,EUR,2024-10-22 12:00:00,13890.86,13894.21,13907.12,13780.94,5285464.0
SDAX,DE0009653386,Deutschland,324724,EUR,2024-10-23 12:00:00,13901.29,13789.73,13950.31,13789.73,4670921.0
SDAX,DE0009653386,Deutschland,324724,EUR,2024-10-24 12:00:00,13803.86,13802.19,13925.62,13794.67,4237476.0
SDAX,DE0009653386,Deutschland,324724,EUR,2024-10-25 12:00:00,13808.56,13834.31,13862.51,13764.16,4342118.0
SDAX,DE0009653386,Deutschland,324724,EUR,2024-10-28 12:00:00,13869.69,13884.94,13917.15,13814.73,6159471.0
SDAX,DE0009653386,Deutschland,324724,EUR,2024-10-29 12:00:00,13924.4,13780.96,13946.51,13772.93,6275311.0
SDAX,DE0009653386,Deutschland,324724,EUR,2024-10-30 12:00:00,13744.79,13498.3,13746.56,13498.3,9023985.0
SDAX,DE0009653386,Deutschland,324724,EUR,2024-10-31 12:00:00,13444.92,13362.7,13460.51,13301.63,6349720.0
SDAX,DE0009653386,Deutschland,324724,EUR,2024-11-01 12:00:00,13406.52,13314.44,13406.52,13302.53,3997819.0
SDAX,DE0009653386,Deutschland,324724,EUR,2024-11-04 12:00:00,13322.95,13291.42,13392.77,13285.27,4262135.0
SDAX,DE0009653386,Deutschland,324724,EUR,2024-11-05 12:00:00,13286.65,13388.43,13414.46,13286.65,5795519.0
SDAX,DE0009653386,Deutschland,324724,EUR,2024-11-06 12:00:00,13390.93,13155.5,13459.82,13140.67,6371128.0
SDAX,DE0009653386,Deutschland,324724,EUR,2024-11-07 12:00:00,13157.52,13427.02,13465.74,13157.52,7104100.0
SDAX,DE0009653386,Deutschland,324724,EUR,2024-11-08 12:00:00,13456.82,13383.25,13479.74,13344.18,5439211.0
SDAX,DE0009653386,Deutschland,324724,EUR,2024-11-11 12:00:00,13434.9,13575.59,13651.65,13434.9,5643053.0
SDAX,DE0009653386,Deutschland,324724,EUR,2024-11-12 12:00:00,13523.91,13248.48,13523.91,13248.48,8409919.0
SDAX,DE0009653386,Deutschland,324724,EUR,2024-11-13 12:00:00,13262.19,13231.95,13392.36,13189.78,11537599.0
SDAX,DE0009653386,Deutschland,324724,EUR,2024-11-14 12:00:00,13269.28,13376.49,13380.55,13181.14,8431318.0
SDAX,DE0009653386,Deutschland,324724,EUR,2024-11-15 12:00:00,13328.28,13405.8,13500.6,13328.28,6328650.0
SDAX,DE0009653386,Deutschland,324724,EUR,2024-11-18 12:00:00,13447.24,13408.79,13492.81,13365.63,5796904.0
SDAX,DE0009653386,Deutschland,324724,EUR,2024-11-19 12:00:00,13432.94,13271.62,13474.52,13118.08,6822094.0
SDAX,DE0009653386,Deutschland,324724,EUR,2024-11-20 12:00:00,13335.14,13221.0,13355.62,13202.33,5904905.0
SDAX,DE0009653386,Deutschland,324724,EUR,2024-11-21 12:00:00,13223.54,13246.88,13251.35,13128.11,5182197.0
SDAX,DE0009653386,Deutschland,324724,EUR,2024-11-22 12:00:00,13257.0,13301.73,13353.49,13220.09,6205023.0
SDAX,DE0009653386,Deutschland,324724,EUR,2024-11-25 12:00:00,13381.2,13510.41,13513.16,13350.67,12292740.0
SDAX,DE0009653386,Deutschland,324724,EUR,2024-11-26 12:00:00,13441.2,13342.07,13441.2,13330.64,5079869.0
SDAX,DE0009653386,Deutschland,324724,EUR,2024-11-27 12:00:00,13372.53,13391.01,13402.4,13334.91,5064917.0
SDAX,DE0009653386,Deutschland,324724,EUR,2024-11-28 12:00:00,13447.82,13449.89,13505.96,13428.67,4652297.0
SDAX,DE0009653386,Deutschland,324724,EUR,2024-11-29 12:00:00,13454.81,13557.8,13558.06,13454.81,5195997.0
SDAX,DE0009653386,Deutschland,324724,EUR,2024-12-02 12:00:00,13560.8,13511.24,13565.76,13472.15,5928767.0
SDAX,DE0009653386,Deutschland,324724,EUR,2024-12-03 12:00:00,13522.34,13524.12,13561.68,13488.7,5945041.0
SDAX,DE0009653386,Deutschland,324724,EUR,2024-12-04 12:00:00,13551.72,13775.62,13775.62,13551.72,8704375.0
SDAX,DE0009653386,Deutschland,324724,EUR,2024-12-05 12:00:00,13786.42,13934.14,13964.82,13786.42,8661076.0
SDAX,DE0009653386,Deutschland,324724,EUR,2024-12-06 12:00:00,13922.55,13998.85,14011.99,13922.55,6638702.0
SDAX,DE0009653386,Deutschland,324724,EUR,2024-12-09 12:00:00,14044.64,14079.55,14140.09,14044.64,14126440.0
SDAX,DE0009653386,Deutschland,324724,EUR,2024-12-10 12:00:00,14039.68,14120.17,14162.05,14038.56,6641542.0
SDAX,DE0009653386,Deutschland,324724,EUR,2024-12-11 12:00:00,14117.2,14184.03,14200.95,14100.4,7929219.0
SDAX,DE0009653386,Deutschland,324724,EUR,2024-12-12 12:00:00,14189.19,14174.91,14227.71,14153.65,6580915.0
SDAX,DE0009653386,Deutschland,324724,EUR,2024-12-13 12:00:00,14191.92,14069.63,14242.02,14069.63,5994737.0
SDAX,DE0009653386,Deutschland,324724,EUR,2024-12-16 12:00:00,14060.19,13910.24,14060.19,13872.87,7675880.0
SDAX,DE0009653386,Deutschland,324724,EUR,2024-12-17 12:00:00,13879.57,13808.24,13927.35,13808.24,8055959.0
SDAX,DE0009653386,Deutschland,324724,EUR,2024-12-18 12:00:00,13833.24,13841.26,13910.26,13829.14,10430685.0
SDAX,DE0009653386,Deutschland,324724,EUR,2024-12-19 12:00:00,13686.19,13591.62,13686.19,13587.69,9872772.0
SDAX,DE0009653386,Deutschland,324724,EUR,2024-12-20 12:00:00,13500.4,13528.84,13548.72,13343.92,18094885.0
SDAX,DE0009653386,Deutschland,324724,EUR,2024-12-23 12:00:00,13519.8,13565.88,13565.88,13463.27,7098712.0
SDAX,DE0009653386,Deutschland,324724,EUR,2024-12-27 12:00:00,13574.29,13722.06,13722.06,13574.29,5833922.0
SDAX,DE0009653386,Deutschland,324724,EUR,2024-12-30 12:00:00,13666.16,13711.33,13726.91,13653.47,4020920.0
SDAX,DE0009653386,Deutschland,324724,EUR,2025-01-02 12:00:00,13767.16,13887.09,13887.09,13751.38,6335023.0
SDAX,DE0009653386,Deutschland,324724,EUR,2025-01-03 12:00:00,13906.92,13815.52,13907.37,13811.15,6199450.0
SDAX,DE0009653386,Deutschland,324724,EUR,2025-01-06 12:00:00,13888.29,14024.05,14102.64,13885.99,7295214.0
SDAX,DE0009653386,Deutschland,324724,EUR,2025-01-07 12:00:00,14021.53,14008.36,14076.46,13980.3,7947571.0
SDAX,DE0009653386,Deutschland,324724,EUR,2025-01-08 12:00:00,14005.37,13883.84,14031.95,13855.99,7495534.0
SDAX,DE0009653386,Deutschland,324724,EUR,2025-01-09 12:00:00,13871.49,13905.41,13912.58,13827.15,5892725.0
SDAX,DE0009653386,Deutschland,324724,EUR,2025-01-10 12:00:00,13901.71,13788.43,13957.42,13788.43,6255401.0
SDAX,DE0009653386,Deutschland,324724,EUR,2025-01-13 12:00:00,13757.18,13612.56,13771.65,13605.53,7652223.0
SDAX,DE0009653386,Deutschland,324724,EUR,2025-01-14 12:00:00,13667.22,13602.06,13743.01,13599.16,6708652.0
SDAX,DE0009653386,Deutschland,324724,EUR,2025-01-15 12:00:00,13667.47,13840.98,13841.65,13644.22,8749957.0
SDAX,DE0009653386,Deutschland,324724,EUR,2025-01-16 12:00:00,13888.15,13826.24,13917.24,13755.38,7355555.0
SDAX,DE0009653386,Deutschland,324724,EUR,2025-01-17 12:00:00,13860.41,14013.14,14037.61,13854.87,6798433.0
SDAX,DE0009653386,Deutschland,324724,EUR,2025-01-20 12:00:00,14031.98,14091.24,14136.57,14023.33,7214459.0
SDAX,DE0009653386,Deutschland,324724,EUR,2025-01-21 12:00:00,14058.7,14145.76,14162.09,14050.1,6545050.0
SDAX,DE0009653386,Deutschland,324724,EUR,2025-01-22 12:00:00,14206.98,14120.49,14217.13,14096.24,6537390.0
SDAX,DE0009653386,Deutschland,324724,EUR,2025-01-23 12:00:00,14122.59,14206.78,14208.31,14088.03,8665639.0
SDAX,DE0009653386,Deutschland,324724,EUR,2025-01-24 12:00:00,14246.7,14333.04,14354.64,14246.7,8073268.0
SDAX,DE0009653386,Deutschland,324724,EUR,2025-01-27 12:00:00,14195.02,14267.92,14321.22,14146.13,7268634.0
SDAX,DE0009653386,Deutschland,324724,EUR,2025-01-28 12:00:00,14282.3,14367.67,14410.67,14274.39,6735049.0
SDAX,DE0009653386,Deutschland,324724,EUR,2025-01-29 12:00:00,14427.87,14323.32,14471.33,14323.32,5698855.0
SDAX,DE0009653386,Deutschland,324724,EUR,2025-01-30 12:00:00,14391.41,14602.55,14606.94,14385.84,6818247.0
SDAX,DE0009653386,Deutschland,324724,EUR,2025-01-31 12:00:00,14618.92,14618.4,14646.91,14598.2,6374856.0
SDAX,DE0009653386,Deutschland,324724,EUR,2025-02-03 12:00:00,14277.08,14435.33,14454.41,14272.76,8101876.0
SDAX,DE0009653386,Deutschland,324724,EUR,2025-02-04 12:00:00,14457.11,14485.34,14493.14,14331.84,6461255.0
SDAX,DE0009653386,Deutschland,324724,EUR,2025-02-05 12:00:00,14465.42,14566.29,14566.29,14419.19,7684286.0
SDAX,DE0009653386,Deutschland,324724,EUR,2025-02-06 12:00:00,14604.88,14716.91,14732.47,14602.48,12553080.0
SDAX,DE0009653386,Deutschland,324724,EUR,2025-02-07 12:00:00,14711.3,14611.88,14768.04,14611.88,7780334.0
SDAX,DE0009653386,Deutschland,324724,EUR,2025-02-10 12:00:00,14641.0,14684.16,14711.96,14640.13,7810512.0
SDAX,DE0009653386,Deutschland,324724,EUR,2025-02-11 12:00:00,14680.21,14754.55,14754.55,14680.21,6534877.0
SDAX,DE0009653386,Deutschland,324724,EUR,2025-02-12 12:00:00,14748.08,14735.47,14807.31,14708.36,9350959.0
SDAX,DE0009653386,Deutschland,324724,EUR,2025-02-13 12:00:00,14804.79,14794.69,14827.04,14709.1,8374262.0
SDAX,DE0009653386,Deutschland,324724,EUR,2025-02-14 12:00:00,14769.95,14823.31,14913.6,14763.42,7312884.0
SDAX,DE0009653386,Deutschland,324724,EUR,2025-02-17 12:00:00,14832.2,14975.11,14995.09,14823.84,6892334.0
SDAX,DE0009653386,Deutschland,324724,EUR,2025-02-18 12:00:00,14998.69,15059.33,15103.69,14972.22,10287605.0
SDAX,DE0009653386,Deutschland,324724,EUR,2025-02-19 12:00:00,15080.09,14892.66,15132.04,14892.66,9594682.0
SDAX,DE0009653386,Deutschland,324724,EUR,2025-02-20 12:00:00,14935.4,14826.64,15035.4,14825.01,11498857.0
SDAX,DE0009653386,Deutschland,324724,EUR,2025-02-21 12:00:00,14874.75,14888.59,14998.85,14865.01,9220410.0
SDAX,DE0009653386,Deutschland,324724,EUR,2025-02-24 12:00:00,14962.08,15018.36,15093.76,14935.03,7516069.0
SDAX,DE0009653386,Deutschland,324724,EUR,2025-02-25 12:00:00,14978.74,14930.62,15074.39,14930.06,7841668.0
SDAX,DE0009653386,Deutschland,324724,EUR,2025-02-26 12:00:00,14987.01,15126.23,15155.13,14987.01,8543990.0
SDAX,DE0009653386,Deutschland,324724,EUR,2025-02-27 12:00:00,15064.13,15007.65,15098.9,14936.32,9093178.0
SDAX,DE0009653386,Deutschland,324724,EUR,2025-02-28 12:00:00,14951.33,14847.45,14951.33,14807.37,11920375.0
SDAX,DE0009653386,Deutschland,324724,EUR,2025-03-03 12:00:00,14914.7,15223.99,15339.06,14914.7,9268513.0
SDAX,DE0009653386,Deutschland,324724,EUR,2025-03-04 12:00:00,15166.22,14740.12,15212.01,14740.12,8369249.0
SDAX,DE0009653386,Deutschland,324724,EUR,2025-03-05 12:00:00,15072.53,15517.54,15587.27,15072.53,18011029.0
SDAX,DE0009653386,Deutschland,324724,EUR,2025-03-06 12:00:00,15647.65,15754.06,15847.54,15525.27,18458468.0
SDAX,DE0009653386,Deutschland,324724,EUR,2025-03-07 12:00:00,15695.28,15607.33,15698.18,15527.65,9330069.0
SDAX,DE0009653386,Deutschland,324724,EUR,2025-03-10 12:00:00,15665.68,15297.28,15763.79,15259.75,8991833.0
SDAX,DE0009653386,Deutschland,324724,EUR,2025-03-11 12:00:00,15326.4,15118.98,15391.22,15092.94,8910186.0
SDAX,DE0009653386,Deutschland,324724,EUR,2025-03-12 12:00:00,15196.34,15301.21,15350.38,15185.59,6841770.0
SDAX,DE0009653386,Deutschland,324724,EUR,2025-03-13 12:00:00,15266.39,15222.24,15312.75,15158.13,8770172.0
SDAX,DE0009653386,Deutschland,324724,EUR,2025-03-14 12:00:00,15248.21,15716.58,15756.52,15236.25,10613745.0
SDAX,DE0009653386,Deutschland,324724,EUR,2025-03-17 12:00:00,15765.27,16155.63,16155.63,15765.27,12103915.0
SDAX,DE0009653386,Deutschland,324724,EUR,2025-03-18 12:00:00,16336.83,16638.78,16683.03,16336.76,20652269.0
SDAX,DE0009653386,Deutschland,324724,EUR,2025-03-19 12:00:00,16662.35,16525.39,16693.16,16454.14,18450138.0
SDAX,DE0009653386,Deutschland,324724,EUR,2025-03-20 12:00:00,16542.99,16217.16,16567.0,16009.12,16089059.0
SDAX,DE0009653386,Deutschland,324724,EUR,2025-03-21 12:00:00,16161.08,16160.44,16171.18,15967.79,28276729.0
SDAX,DE0009653386,Deutschland,324724,EUR,2025-03-24 12:00:00,16273.52,16090.79,16381.59,16076.93,12339196.0
SDAX,DE0009653386,Deutschland,324724,EUR,2025-03-25 12:00:00,16106.19,16149.27,16253.21,16029.81,8419940.0
SDAX,DE0009653386,Deutschland,324724,EUR,2025-03-26 12:00:00,16201.08,16089.5,16239.22,16074.22,12055423.0
SDAX,DE0009653386,Deutschland,324724,EUR,2025-03-27 12:00:00,16022.32,15909.35,16022.32,15798.4,11199168.0
SDAX,DE0009653386,Deutschland,324724,EUR,2025-03-28 12:00:00,15861.67,15624.22,15862.12,15588.17,9879147.0
SDAX,DE0009653386,Deutschland,324724,EUR,2025-03-31 12:00:00,15387.95,15233.14,15399.79,15200.61,11417758.0
SDAX,DE0009653386,Deutschland,324724,EUR,2025-04-01 12:00:00,15312.05,15421.64,15492.11,15297.35,8290069.0
SDAX,DE0009653386,Deutschland,324724,EUR,2025-04-02 12:00:00,15359.74,15313.44,15373.49,15176.17,7510158.0
SDAX,DE0009653386,Deutschland,324724,EUR,2025-04-03 12:00:00,14912.83,14927.42,15234.1,14912.83,11776181.0
SDAX,DE0009653386,Deutschland,324724,EUR,2025-04-04 12:00:00,14854.06,14205.57,14862.19,13982.55,23033879.0
SDAX,DE0009653386,Deutschland,324724,EUR,2025-04-07 12:00:00,13416.75,13935.97,14467.28,13183.63,27148330.0
SDAX,DE0009653386,Deutschland,324724,EUR,2025-04-08 12:00:00,14193.8,14351.63,14453.38,14113.05,11599004.0
SDAX,DE0009653386,Deutschland,324724,EUR,2025-04-09 12:00:00,14038.56,13843.63,14077.32,13716.8,14605770.0
SDAX,DE0009653386,Deutschland,324724,EUR,2025-04-10 12:00:00,14817.85,14304.62,14851.83,14304.62,13021269.0
SDAX,DE0009653386,Deutschland,324724,EUR,2025-04-11 12:00:00,14526.0,14440.94,14526.0,14213.25,7636825.0
SDAX,DE0009653386,Deutschland,324724,EUR,2025-04-14 12:00:00,14682.16,14874.42,14881.46,14644.26,8643160.0
SDAX,DE0009653386,Deutschland,324724,EUR,2025-04-15 12:00:00,14942.94,15201.94,15201.94,14931.2,9293168.0
SDAX,DE0009653386,Deutschland,324724,EUR,2025-04-16 12:00:00,15093.18,15139.67,15139.67,14929.95,9159634.0
SDAX,DE0009653386,Deutschland,324724,EUR,2025-04-17 12:00:00,15142.9,15107.91,15219.49,15008.6,6382437.0
SDAX,DE0009653386,Deutschland,324724,EUR,2025-04-22 12:00:00,15130.4,15104.28,15130.4,14985.65,6307665.0
SDAX,DE0009653386,Deutschland,324724,EUR,2025-04-23 12:00:00,15220.57,15371.19,15493.45,15220.57,7953518.0
SDAX,DE0009653386,Deutschland,324724,EUR,2025-04-24 12:00:00,15305.59,15491.7,15500.98,15224.82,5797787.0
SDAX,DE0009653386,Deutschland,324724,EUR,2025-04-25 12:00:00,15575.38,15633.42,15636.05,15539.5,6889043.0
SDAX,DE0009653386,Deutschland,324724,EUR,2025-04-28 12:00:00,15680.08,15606.24,15737.53,15582.7,7265739.0
SDAX,DE0009653386,Deutschland,324724,EUR,2025-04-29 12:00:00,15639.82,15631.14,15699.46,15603.21,7266891.0
SDAX,DE0009653386,Deutschland,324724,EUR,2025-04-30 12:00:00,15649.45,15756.27,15766.34,15562.29,7918280.0
SDAX,DE0009653386,Deutschland,324724,EUR,2025-05-02 12:00:00,15892.13,16124.86,16124.86,15892.13,8302996.0
SDAX,DE0009653386,Deutschland,324724,EUR,2025-05-05 12:00:00,16154.05,16198.16,16213.71,16140.68,7590137.0
SDAX,DE0009653386,Deutschland,324724,EUR,2025-05-06 12:00:00,16242.21,16210.32,16268.15,15865.32,11881371.0
SDAX,DE0009653386,Deutschland,324724,EUR,2025-05-07 12:00:00,16261.81,16133.69,16261.81,16067.36,10049621.0
SDAX,DE0009653386,Deutschland,324724,EUR,2025-05-08 12:00:00,16168.07,16216.27,16242.01,16093.21,9024178.0
SDAX,DE0009653386,Deutschland,324724,EUR,2025-05-09 12:00:00,16268.48,16363.32,16421.04,16268.33,7950648.0
SDAX,DE0009653386,Deutschland,324724,EUR,2025-05-12 12:00:00,16496.47,16648.65,16735.92,16496.47,17314326.0
SDAX,DE0009653386,Deutschland,324724,EUR,2025-05-13 12:00:00,16682.85,16687.52,16690.58,16595.77,11805822.0
SDAX,DE0009653386,Deutschland,324724,EUR,2025-05-14 12:00:00,16709.11,16627.64,16741.45,16594.7,9713146.0
SDAX,DE0009653386,Deutschland,324724,EUR,2025-05-15 12:00:00,16593.04,16545.58,16600.8,16489.99,10487101.0
SDAX,DE0009653386,Deutschland,324724,EUR,2025-05-16 12:00:00,16577.02,16568.94,16649.07,16483.68,11904679.0
SDAX,DE0009653386,Deutschland,324724,EUR,2025-05-19 12:00:00,16591.12,16628.29,16638.03,16500.6,7793351.0
SDAX,DE0009653386,Deutschland,324724,EUR,2025-05-20 12:00:00,16685.48,16753.14,16787.95,16581.24,8758860.0
SDAX,DE0009653386,Deutschland,324724,EUR,2025-05-21 12:00:00,16692.49,16655.0,16692.49,16552.98,7375624.0
SDAX,DE0009653386,Deutschland,324724,EUR,2025-05-22 12:00:00,16574.1,16423.28,16585.03,16369.02,7664317.0
SDAX,DE0009653386,Deutschland,324724,EUR,2025-05-23 12:00:00,16449.91,16284.25,16565.4,16073.32,11048701.0
SDAX,DE0009653386,Deutschland,324724,EUR,2025-05-26 12:00:00,16463.45,16640.49,16640.49,16463.45,6079949.0
SDAX,DE0009653386,Deutschland,324724,EUR,2025-05-27 12:00:00,16608.93,16689.99,16725.67,16574.83,7134918.0
SDAX,DE0009653386,Deutschland,324724,EUR,2025-05-28 12:00:00,16699.77,16674.33,16752.73,16663.22,6306908.0
SDAX,DE0009653386,Deutschland,324724,EUR,2025-05-29 12:00:00,16815.07,16713.3,16886.07,16699.15,5516124.0
SDAX,DE0009653386,Deutschland,324724,EUR,2025-05-30 12:00:00,16714.76,16657.58,16824.96,16655.86,9177381.0
SDAX,DE0009653386,Deutschland,324724,EUR,2025-06-02 12:00:00,16573.95,16648.77,16679.74,16518.33,7809341.0
SDAX,DE0009653386,Deutschland,324724,EUR,2025-06-03 12:00:00,16702.53,16697.5,16723.85,16593.71,6457872.0
SDAX,DE0009653386,Deutschland,324724,EUR,2025-06-04 12:00:00,16786.37,16897.55,16914.78,16786.37,8508274.0
SDAX,DE0009653386,Deutschland,324724,EUR,2025-06-05 12:00:00,16929.27,17030.3,17092.62,16929.27,8282748.0
SDAX,DE0009653386,Deutschland,324724,EUR,2025-06-06 12:00:00,17028.04,16989.77,17045.95,16982.31,5776108.0
SDAX,DE0009653386,Deutschland,324724,EUR,2025-06-09 12:00:00,17007.97,17030.94,17076.0,16957.22,4899288.0
SDAX,DE0009653386,Deutschland,324724,EUR,2025-06-10 12:00:00,17026.4,17071.83,17096.69,16922.08,7762847.0
SDAX,DE0009653386,Deutschland,324724,EUR,2025-06-11 12:00:00,17057.57,17141.42,17214.82,17057.57,7703595.0
SDAX,DE0009653386,Deutschland,324724,EUR,2025-06-12 12:00:00,17073.19,16907.02,17076.18,16892.8,6492411.0
SDAX,DE0009653386,Deutschland,324724,EUR,2025-06-13 12:00:00,16643.47,16737.85,16738.7,16628.08,8597629.0
SDAX,DE0009653386,Deutschland,324724,EUR,2025-06-16 12:00:00,16780.39,16904.98,16911.69,16780.39,6251412.0
SDAX,DE0009653386,Deutschland,324724,EUR,2025-06-17 12:00:00,16808.07,16741.01,16843.9,16673.56,6734214.0
SDAX,DE0009653386,Deutschland,324724,EUR,2025-06-18 12:00:00,16719.46,16685.74,16727.31,16568.38,8232221.0
SDAX,DE0009653386,Deutschland,324724,EUR,2025-06-19 12:00:00,16579.84,16461.52,16606.83,16461.52,4791798.0
SDAX,DE0009653386,Deutschland,324724,EUR,2025-06-20 12:00:00,16500.92,16524.22,16681.41,16500.92,17115572.0
SDAX,DE0009653386,Deutschland,324724,EUR,2025-06-23 12:00:00,16408.86,16523.43,16565.7,16372.87,6018990.0
SDAX,DE0009653386,Deutschland,324724,EUR,2025-06-24 12:00:00,16784.48,16913.69,16935.41,16784.48,7126439.0
SDAX,DE0009653386,Deutschland,324724,EUR,2025-06-25 12:00:00,16974.06,16964.48,17056.55,16952.97,5150763.0
SDAX,DE0009653386,Deutschland,324724,EUR,2025-06-26 12:00:00,17039.13,17147.55,17155.55,17039.13,5675847.0
SDAX,DE0009653386,Deutschland,324724,EUR,2025-06-27 12:00:00,17250.51,17429.27,17429.27,17239.23,6085449.0
SDAX,DE0009653386,Deutschland,324724,EUR,2025-06-30 12:00:00,17522.9,17563.21,17598.83,17493.22,7647173.0
SDAX,DE0009653386,Deutschland,324724,EUR,2025-07-01 12:00:00,17594.79,17430.4,17594.79,17414.15,5992319.0
SDAX,DE0009653386,Deutschland,324724,EUR,2025-07-02 12:00:00,17459.92,17534.64,17548.02,17408.07,6674282.0
SDAX,DE0009653386,Deutschland,324724,EUR,2025-07-03 12:00:00,17606.8,17599.59,17668.39,17575.27,6260487.0
SDAX,DE0009653386,Deutschland,324724,EUR,2025-07-04 12:00:00,17521.27,17480.28,17525.85,17463.36,3810347.0
SDAX,DE0009653386,Deutschland,324724,EUR,2025-07-07 12:00:00,17500.89,17610.95,17610.95,17484.6,4898534.0
SDAX,DE0009653386,Deutschland,324724,EUR,2025-07-08 12:00:00,17621.53,17824.55,17860.96,17602.81,7903907.0
SDAX,DE0009653386,Deutschland,324724,EUR,2025-07-09 12:00:00,17854.61,18018.89,18071.49,17801.68,9701663.0
SDAX,DE0009653386,Deutschland,324724,EUR,2025-07-10 12:00:00,18051.35,18206.72,18206.72,18024.07,8147385.0
SDAX,DE0009653386,Deutschland,324724,EUR,2025-07-11 12:00:00,18128.18,18003.28,18128.18,17986.81,5922452.0
SDAX,DE0009653386,Deutschland,324724,EUR,2025-07-14 12:00:00,17866.42,17803.23,17869.73,17754.63,7273767.0
SDAX,DE0009653386,Deutschland,324724,EUR,2025-07-15 12:00:00,17869.44,17955.8,18058.43,17869.44,6612685.0
SDAX,DE0009653386,Deutschland,324724,EUR,2025-07-16 12:00:00,17891.2,17872.29,18020.11,17869.02,5854285.0
SDAX,DE0009653386,Deutschland,324724,EUR,2025-07-17 12:00:00,17965.31,18140.91,18140.91,17965.31,8809836.0
SDAX,DE0009653386,Deutschland,324724,EUR,2025-07-18 12:00:00,18189.47,18030.81,18189.47,18027.53,9335123.0
SDAX,DE0009653386,Deutschland,324724,EUR,2025-07-21 12:00:00,18039.1,17931.39,18161.54,17931.39,6636470.0
SDAX,DE0009653386,Deutschland,324724,EUR,2025-07-22 12:00:00,17885.01,17716.0,17885.01,17637.57,6017186.0
SDAX,DE0009653386,Deutschland,324724,EUR,2025-07-23 12:00:00,17819.29,17919.44,17945.77,17813.16,7322559.0
SDAX,DE0009653386,Deutschland,324724,EUR,2025-07-24 12:00:00,17967.78,17898.97,17967.78,17828.58,14722467.0
SDAX,DE0009653386,Deutschland,324724,EUR,2025-07-25 12:00:00,17843.37,17829.48,17848.93,17770.88,7015324.0
SDAX,DE0009653386,Deutschland,324724,EUR,2025-07-28 12:00:00,17932.46,17829.1,18144.49,17829.1,9048828.0
SDAX,DE0009653386,Deutschland,324724,EUR,2025-07-29 12:00:00,17893.4,17777.87,17968.73,17767.26,20231213.0
SDAX,DE0009653386,Deutschland,324724,EUR,2025-07-30 12:00:00,17730.42,17719.82,17768.91,17687.87,21696187.0
SDAX,DE0009653386,Deutschland,324724,EUR,2025-07-31 12:00:00,17725.07,17541.95,17797.53,17539.57,17108177.0
SDAX,DE0009653386,Deutschland,324724,EUR,2025-08-01 12:00:00,17429.94,17051.12,17443.45,17010.95,17616818.0
SDAX,DE0009653386,Deutschland,324724,EUR,2025-08-04 12:00:00,17111.07,17083.71,17187.56,17044.06,11175994.0
SDAX,DE0009653386,Deutschland,324724,EUR,2025-08-05 12:00:00,17120.92,17186.06,17274.81,17120.92,7573636.0
SDAX,DE0009653386,Deutschland,324724,EUR,2025-08-06 12:00:00,17200.39,17020.72,17235.85,16996.47,7445739.0
SDAX,DE0009653386,Deutschland,324724,EUR,2025-08-07 12:00:00,17043.2,17293.38,17360.54,17040.57,16451920.0
SDAX,DE0009653386,Deutschland,324724,EUR,2025-08-08 12:00:00,17255.52,17394.92,17396.79,17253.99,9022142.0
SDAX,DE0009653386,Deutschland,324724,EUR,2025-08-11 12:00:00,17397.98,17194.55,17418.47,17178.19,7572132.0
SDAX,DE0009653386,Deutschland,324724,EUR,2025-08-12 12:00:00,17214.23,17149.49,17265.58,17074.98,8615913.0
SDAX,DE0009653386,Deutschland,324724,EUR,2025-08-13 12:00:00,17191.9,17073.11,17224.55,17055.14,9685491.0
SDAX,DE0009653386,Deutschland,324724,EUR,2025-08-14 12:00:00,17068.98,17198.19,17301.8,17065.93,9020650.0
SDAX,DE0009653386,Deutschland,324724,EUR,2025-08-15 12:00:00,17260.08,17022.94,17272.08,17021.03,5835658.0
SDAX,DE0009653386,Deutschland,324724,EUR,2025-08-18 12:00:00,17058.85,17031.47,17114.09,16983.21,6318057.0
SDAX,DE0009653386,Deutschland,324724,EUR,2025-08-19 12:00:00,17040.4,17150.95,17179.93,17040.4,7896995.0
SDAX,DE0009653386,Deutschland,324724,EUR,2025-08-20 12:00:00,17042.91,17015.45,17095.5,16982.94,8384050.0
SDAX,DE0009653386,Deutschland,324724,EUR,2025-08-21 12:00:00,17012.52,17018.09,17047.17,16965.93,5019393.0
SDAX,DE0009653386,Deutschland,324724,EUR,2025-08-22 12:00:00,17000.39,17220.43,17220.43,17000.39,6970946.0
SDAX,DE0009653386,Deutschland,324724,EUR,2025-08-25 12:00:00,17192.56,17177.16,17230.92,17155.46,5965004.0
SDAX,DE0009653386,Deutschland,324724,EUR,2025-08-26 12:00:00,17101.78,17057.26,17101.78,16923.71,9444365.0
SDAX,DE0009653386,Deutschland,324724,EUR,2025-08-27 12:00:00,17047.15,16948.97,17078.48,16931.06,5965982.0
SDAX,DE0009653386,Deutschland,324724,EUR,2025-08-28 12:00:00,17058.81,16964.16,17095.63,16950.88,14286542.0
SDAX,DE0009653386,Deutschland,324724,EUR,2025-08-29 12:00:00,16968.76,16843.67,17059.99,16843.67,7374578.0
SDAX,DE0009653386,Deutschland,324724,EUR,2025-09-01 12:00:00,16888.85,16892.61,16946.39,16824.02,6720507.0
SDAX,DE0009653386,Deutschland,324724,EUR,2025-09-02 12:00:00,16877.48,16444.88,16910.08,16439.98,10962425.0
SDAX,DE0009653386,Deutschland,324724,EUR,2025-09-03 12:00:00,16537.82,16466.86,16658.68,16465.24,8189567.0
SDAX,DE0009653386,Deutschland,324724,EUR,2025-09-04 12:00:00,16463.83,16461.95,16526.11,16437.48,7296027.0
SDAX,DE0009653386,Deutschland,324724,EUR,2025-09-05 12:00:00,16521.7,16528.3,16626.12,16474.43,6932879.0
SDAX,DE0009653386,Deutschland,324724,EUR,2025-09-08 12:00:00,16591.2,16742.45,16745.38,16591.2,7585383.0
SDAX,DE0009653386,Deutschland,324724,EUR,2025-09-09 12:00:00,16750.85,16595.52,16757.59,16573.92,8261741.0
SDAX,DE0009653386,Deutschland,324724,EUR,2025-09-10 12:00:00,16639.83,16535.5,16705.75,16517.34,6659159.0
SDAX,DE0009653386,Deutschland,324724,EUR,2025-09-11 12:00:00,16547.72,16536.09,16643.7,16510.45,6658241.0
SDAX,DE0009653386,Deutschland,324724,EUR,2025-09-12 12:00:00,16580.24,16561.83,16667.14,16476.89,5511744.0
SDAX,DE0009653386,Deutschland,324724,EUR,2025-09-15 12:00:00,16643.59,16714.19,16792.24,16615.78,5684498.0
SDAX,DE0009653386,Deutschland,324724,EUR,2025-09-16 12:00:00,16718.42,16630.94,16802.63,16630.94,6151337.0
SDAX,DE0009653386,Deutschland,324724,EUR,2025-09-17 12:00:00,16665.17,16702.01,16729.88,16606.62,6617762.0
SDAX,DE0009653386,Deutschland,324724,EUR,2025-09-18 12:00:00,16787.19,16931.84,17032.23,16787.19,7253185.0
SDAX,DE0009653386,Deutschland,324724,EUR,2025-09-19 12:00:00,16975.05,16942.67,17018.3,16878.65,15608354.0
SDAX,DE0009653386,Deutschland,324724,EUR,2025-09-22 12:00:00,16911.86,16944.87,16948.87,16781.93,6689520.0
SDAX,DE0009653386,Deutschland,324724,EUR,2025-09-23 12:00:00,16989.7,17008.73,17135.58,16989.7,7638919.0
SDAX,DE0009653386,Deutschland,324724,EUR,2025-09-24 12:00:00,16988.46,17024.23,17035.5,16902.68,6025701.0
SDAX,DE0009653386,Deutschland,324724,EUR,2025-09-25 12:00:00,17001.92,16802.15,17019.93,16786.1,6143650.0
SDAX,DE0009653386,Deutschland,324724,EUR,2025-09-26 12:00:00,16834.51,16775.08,16879.83,16722.89,6435905.0
SDAX,DE0009653386,Deutschland,324724,EUR,2025-09-29 12:00:00,16866.98,16872.76,16897.68,16788.34,6299096.0
SDAX,DE0009653386,Deutschland,324724,EUR,2025-09-30 12:00:00,16859.48,16933.11,16938.12,16774.58,6733341.0
SDAX,DE0009653386,Deutschland,324724,EUR,2025-10-01 12:00:00,16922.25,17023.31,17052.35,16859.06,7950377.0
SDAX,DE0009653386,Deutschland,324724,EUR,2025-10-02 12:00:00,17096.4,17270.16,17290.7,17096.4,7844975.0
SDAX,DE0009653386,Deutschland,324724,EUR,2025-10-03 12:00:00,17320.44,17365.82,17423.09,17237.45,6370045.0
SDAX,DE0009653386,Deutschland,324724,EUR,2025-10-06 12:00:00,17397.62,17476.51,17517.45,17282.72,7538396.0
SDAX,DE0009653386,Deutschland,324724,EUR,2025-10-07 12:00:00,17467.37,17354.72,17501.07,17352.49,7149525.0
SDAX,DE0009653386,Deutschland,324724,EUR,2025-10-08 12:00:00,17354.32,17399.21,17412.76,17337.2,6652847.0
SDAX,DE0009653386,Deutschland,324724,EUR,2025-10-09 12:00:00,17437.15,17561.34,17593.12,17429.42,8344073.0
SDAX,DE0009653386,Deutschland,324724,EUR,2025-10-10 12:00:00,17539.15,17124.72,17545.28,17124.47,7464724.0
SDAX,DE0009653386,Deutschland,324724,EUR,2025-10-13 12:00:00,17166.84,17269.42,17385.25,17166.84,6118242.0
SDAX,DE0009653386,Deutschland,324724,EUR,2025-10-14 12:00:00,17202.25,16998.9,17205.55,16923.73,7275559.0
SDAX,DE0009653386,Deutschland,324724,EUR,2025-10-15 12:00:00,17080.3,16874.35,17112.43,16874.35,7001725.0
SDAX,DE0009653386,Deutschland,324724,EUR,2025-10-16 12:00:00,16897.93,17017.88,17032.36,16863.38,7767758.0
SDAX,DE0009653386,Deutschland,324724,EUR,2025-10-17 12:00:00,16822.83,16719.64,16857.82,16639.73,8194782.0
SDAX,DE0009653386,Deutschland,324724,EUR,2025-10-20 12:00:00,16804.55,17100.59,17105.51,16797.74,6312844.0
SDAX,DE0009653386,Deutschland,324724,EUR,2025-10-21 12:00:00,17126.74,17155.74,17179.67,17082.12,5567587.0
SDAX,DE0009653386,Deutschland,324724,EUR,2025-10-22 12:00:00,17110.62,17115.71,17197.82,17043.1,9285897.0
SDAX,DE0009653386,Deutschland,324724,EUR,2025-10-23 12:00:00,17133.96,17278.22,17285.86,17133.96,6236416.0
SDAX,DE0009653386,Deutschland,324724,EUR,2025-10-24 12:00:00,17317.22,17371.36,17373.68,17238.26,5624603.0
SDAX,DE0009653386,Deutschland,324724,EUR,2025-10-27 12:00:00,17425.43,17310.95,17483.45,17304.46,6359497.0
SDAX,DE0009653386,Deutschland,324724,EUR,2025-10-28 12:00:00,17252.07,17024.59,17252.07,17016.82,8419791.0
SDAX,DE0009653386,Deutschland,324724,EUR,2025-10-29 12:00:00,17005.69,16871.15,17069.82,16867.03,7154888.0
SDAX,DE0009653386,Deutschland,324724,EUR,2025-10-30 12:00:00,16894.37,16855.85,16962.6,16855.85,6740537.0
SDAX,DE0009653386,Deutschland,324724,EUR,2025-10-31 12:00:00,16866.04,16731.99,16871.92,16721.73,6322961.0
SDAX,DE0009653386,Deutschland,324724,EUR,2025-11-03 12:00:00,16740.41,16543.43,16834.85,16535.72,8530456.0
SDAX,DE0009653386,Deutschland,324724,EUR,2025-11-04 12:00:00,16368.58,16280.97,16368.58,16227.56,9558604.0
SDAX,DE0009653386,Deutschland,324724,EUR,2025-11-05 12:00:00,16217.37,16092.48,16217.37,16039.13,9455014.0
SDAX,DE0009653386,Deutschland,324724,EUR,2025-11-06 12:00:00,16099.04,15932.76,16166.51,15932.76,10355086.0
SDAX,DE0009653386,Deutschland,324724,EUR,2025-11-07 12:00:00,15980.56,15779.45,16063.84,15759.26,7998823.0
SDAX,DE0009653386,Deutschland,324724,EUR,2025-11-10 12:00:00,15961.13,15982.12,16188.01,15961.13,6907516.0
SDAX,DE0009653386,Deutschland,324724,EUR,2025-11-11 12:00:00,15965.29,15946.82,16019.03,15897.75,7241724.0
SDAX,DE0009653386,Deutschland,324724,EUR,2025-11-12 12:00:00,15994.32,16172.08,16239.33,15993.41,9037363.0
SDAX,DE0009653386,Deutschland,324724,EUR,2025-11-13 12:00:00,16204.5,16209.14,16365.62,16184.84,10962444.0
SDAX,DE0009653386,Deutschland,324724,EUR,2025-11-14 12:00:00,16087.82,16148.75,16148.75,15876.87,11727503.0
SDAX,DE0009653386,Deutschland,324724,EUR,2025-11-17 12:00:00,16144.94,16069.28,16270.72,16040.74,6723393.0
SDAX,DE0009653386,Deutschland,324724,EUR,2025-11-18 12:00:00,15834.01,15807.72,15898.69,15735.96,7756583.0
SDAX,DE0009653386,Deutschland,324724,EUR,2025-11-19 12:00:00,15794.65,15955.6,16060.25,15794.65,5797069.0
SDAX,DE0009653386,Deutschland,324724,EUR,2025-11-20 12:00:00,16111.18,15914.45,16124.41,15902.59,6581654.0
SDAX,DE0009653386,Deutschland,324724,EUR,2025-11-21 12:00:00,15729.11,15750.71,15816.2,15592.82,7259372.0
SDAX,DE0009653386,Deutschland,324724,EUR,2025-11-24 12:00:00,15848.37,16053.96,16053.96,15848.37,15374983.0
SDAX,DE0009653386,Deutschland,324724,EUR,2025-11-25 12:00:00,16070.93,16159.14,16159.14,15978.41,7277389.0
SDAX,DE0009653386,Deutschland,324724,EUR,2025-11-26 12:00:00,16220.15,16325.95,16331.48,16166.29,7159196.0
SDAX,DE0009653386,Deutschland,324724,EUR,2025-11-27 12:00:00,16327.75,16540.29,16540.29,16312.69,5652377.0
SDAX,DE0009653386,Deutschland,324724,EUR,2025-11-28 12:00:00,16557.36,16657.64,16660.97,16513.27,5231473.0
SDAX,DE0009653386,Deutschland,324724,EUR,2025-12-01 12:00:00,16592.33,16476.82,16596.51,16342.52,5901491.0
SDAX,DE0009653386,Deutschland,324724,EUR,2025-12-02 12:00:00,16477.64,16517.44,16557.93,16388.41,6348441.0
SDAX,DE0009653386,Deutschland,324724,EUR,2025-12-03 12:00:00,16561.61,16581.23,16677.38,16495.72,5465860.0
SDAX,DE0009653386,Deutschland,324724,EUR,2025-12-04 12:00:00,16680.89,16816.54,16840.32,16672.86,6436166.0
SDAX,DE0009653386,Deutschland,324724,EUR,2025-12-05 12:00:00,16845.09,16905.7,17007.15,16836.68,6542252.0
SDAX,DE0009653386,Deutschland,324724,EUR,2025-12-08 12:00:00,16960.31,16879.0,17023.64,16853.56,9748822.0
SDAX,DE0009653386,Deutschland,324724,EUR,2025-12-09 12:00:00,16882.62,16857.79,16921.84,16791.51,7984544.0
SDAX,DE0009653386,Deutschland,324724,EUR,2025-12-10 12:00:00,16847.13,16819.19,16870.59,16775.91,6786294.0
SDAX,DE0009653386,Deutschland,324724,EUR,2025-12-11 12:00:00,16780.07,16867.24,16869.45,16765.55,6795756.0
SDAX,DE0009653386,Deutschland,324724,EUR,2025-12-12 12:00:00,16904.09,16863.34,17012.92,16853.82,7209843.0
SDAX,DE0009653386,Deutschland,324724,EUR,2025-12-15 12:00:00,16909.44,16867.71,16909.44,16759.78,6104152.0
SDAX,DE0009653386,Deutschland,324724,EUR,2025-12-16 12:00:00,16774.51,16720.3,16847.11,16701.56,6435379.0
SDAX,DE0009653386,Deutschland,324724,EUR,2025-12-17 12:00:00,16744.49,16629.97,16753.09,16584.77,10648119.0
SDAX,DE0009653386,Deutschland,324724,EUR,2025-12-18 12:00:00,16597.58,16775.15,16775.15,16562.26,7299336.0
SDAX,DE0009653386,Deutschland,324724,EUR,2025-12-19 12:00:00,16748.52,16732.54,16807.15,16663.8,10753343.0
SDAX,DE0009653386,Deutschland,324724,EUR,2025-12-22 12:00:00,16767.32,16818.42,16819.79,16679.89,5727894.0
SDAX,DE0009653386,Deutschland,324724,EUR,2025-12-23 12:00:00,16781.59,16806.75,16837.74,16721.4,4522157.0
SDAX,DE0009653386,Deutschland,324724,EUR,2025-12-29 12:00:00,16844.25,17016.55,17016.55,16803.75,5875983.0
SDAX,DE0009653386,Deutschland,324724,EUR,2025-12-30 12:00:00,16986.0,17174.73,17176.1,16975.89,3830006.0
SDAX,DE0009653386,Deutschland,324724,EUR,2026-01-02 12:00:00,17202.3,17355.68,17355.68,17174.39,6574685.0
SDAX,DE0009653386,Deutschland,324724,EUR,2026-01-05 12:00:00,17437.81,17551.47,17551.47,17305.07,7248981.0
SDAX,DE0009653386,Deutschland,324724,EUR,2026-01-06 12:00:00,17568.64,17722.72,17726.83,17529.13,6486287.0
SDAX,DE0009653386,Deutschland,324724,EUR,2026-01-07 12:00:00,17765.86,18002.3,18002.3,17760.3,7322655.0
SDAX,DE0009653386,Deutschland,324724,EUR,2026-01-08 12:00:00,18008.53,17910.24,18039.54,17844.05,6323898.0
SDAX,DE0009653386,Deutschland,324724,EUR,2026-01-09 12:00:00,17952.26,18118.57,18121.71,17952.26,7461488.0
